2026-07-30 00:11:33,003 [INFO] Activator:176 - 


2026-07-30 00:11:33,008 [INFO] Activator:177 - !SESSION log4j initialized
2026-07-30 00:11:36,897 [INFO] LogOutputStream:77 - [STDOUT_REDIRECT] 
2026-07-30 00:11:37,725 [INFO] ApplicationProperties:184 - Using Application install path: C:\ST\STM32CubeIDE_1.13.1\STM32CubeIDE\plugins\com.st.stm32cube.common.mx_6.9.1.202307191849
2026-07-30 00:11:37,740 [INFO] DbMcusXml:78 - Set database path to: C:\ST\STM32CubeIDE_1.13.1\STM32CubeIDE\plugins\com.st.stm32cube.common.mx_6.9.1.202307191849\\db\/mcu/
2026-07-30 00:11:37,740 [INFO] ApiDb:274 - Set plugin database path to: C:\ST\STM32CubeIDE_1.13.1\STM32CubeIDE\plugins\com.st.stm32cube.common.mx_6.9.1.202307191849\\db\/plugins/boardmanager/
2026-07-30 00:11:37,741 [WARN] ApiDb:259 - Overriding images path with different value:  => C:\ST\STM32CubeIDE_1.13.1\STM32CubeIDE\plugins\com.st.stm32cube.common.mx_6.9.1.202307191849\\db\/plugins/mcufinder/images/
2026-07-30 00:11:37,751 [INFO] ApiDb:250 - Set database path to: C:\Users\Admin\.stmcufinder\plugins\mcufinder//mcu/
2026-07-30 00:11:37,752 [INFO] DbMcusAds:125 - Set database path to: C:\Users\Admin\.stmcufinder\plugins\mcufinder//mcu/
2026-07-30 00:11:37,753 [INFO] CrossReferenceDbSqlite:203 - Set database path to: C:\Users\Admin\.stmcufinder\plugins\mcufinder//mcu/cs/
2026-07-30 00:11:37,833 [INFO] RulesReader:64 - Compatibility file has been processed (293 Rules)
2026-07-30 00:11:37,899 [INFO] DbMcusXml:78 - Set database path to: C:\ST\STM32CubeIDE_1.13.1\STM32CubeIDE\plugins\com.st.stm32cube.common.mx_6.9.1.202307191849\\db\/mcu/
2026-07-30 00:11:37,899 [INFO] ApiDb:274 - Set plugin database path to: C:\ST\STM32CubeIDE_1.13.1\STM32CubeIDE\plugins\com.st.stm32cube.common.mx_6.9.1.202307191849\\db\/plugins/boardmanager/
2026-07-30 00:11:37,899 [INFO] ApiDb:261 - Set plugin images path to: C:\ST\STM32CubeIDE_1.13.1\STM32CubeIDE\plugins\com.st.stm32cube.common.mx_6.9.1.202307191849\\db\/plugins/mcufinder/images/
2026-07-30 00:11:37,900 [WARN] DbFile:41 - Overriding database path with different value: C:\Users\Admin\.stmcufinder\plugins\mcufinder/ => C:\Users\Admin\.stmcufinder\plugins\mcufinder
2026-07-30 00:11:37,900 [INFO] ApiDb:250 - Set database path to: C:\Users\Admin\.stmcufinder\plugins\mcufinder//mcu/
2026-07-30 00:11:37,900 [WARN] DbFile:41 - Overriding database path with different value: C:\Users\Admin\.stmcufinder\plugins\mcufinder/ => C:\Users\Admin\.stmcufinder\plugins\mcufinder
2026-07-30 00:11:37,900 [INFO] DbMcusAds:125 - Set database path to: C:\Users\Admin\.stmcufinder\plugins\mcufinder//mcu/
2026-07-30 00:11:37,900 [WARN] DbFile:41 - Overriding database path with different value: C:\Users\Admin\.stmcufinder\plugins\mcufinder/ => C:\Users\Admin\.stmcufinder\plugins\mcufinder
2026-07-30 00:11:37,900 [WARN] DbFile:41 - Overriding database path with different value: C:\Users\Admin\.stmcufinder\plugins\mcufinder/ => C:\Users\Admin\.stmcufinder\plugins\mcufinder
2026-07-30 00:11:37,900 [INFO] CrossReferenceDbSqlite:203 - Set database path to: C:\Users\Admin\.stmcufinder\plugins\mcufinder//mcu/cs/
2026-07-30 00:11:37,962 [INFO] MainPanel:262 - HeapMemory: 268435456
2026-07-30 00:11:38,034 [INFO] DbMcusXml:78 - Set database path to: C:\ST\STM32CubeIDE_1.13.1\STM32CubeIDE\plugins\com.st.stm32cube.common.mx_6.9.1.202307191849\\db\/mcu/
2026-07-30 00:11:38,034 [INFO] ApiDb:274 - Set plugin database path to: C:\ST\STM32CubeIDE_1.13.1\STM32CubeIDE\plugins\com.st.stm32cube.common.mx_6.9.1.202307191849\\db\/plugins/boardmanager/
2026-07-30 00:11:38,034 [INFO] ApiDb:261 - Set plugin images path to: C:\ST\STM32CubeIDE_1.13.1\STM32CubeIDE\plugins\com.st.stm32cube.common.mx_6.9.1.202307191849\\db\/plugins/mcufinder/images/
2026-07-30 00:11:38,035 [WARN] DbFile:41 - Overriding database path with different value: C:\Users\Admin\.stmcufinder\plugins\mcufinder/ => C:\Users\Admin\.stmcufinder\plugins\mcufinder
2026-07-30 00:11:38,035 [INFO] ApiDb:250 - Set database path to: C:\Users\Admin\.stmcufinder\plugins\mcufinder//mcu/
2026-07-30 00:11:38,035 [WARN] DbFile:41 - Overriding database path with different value: C:\Users\Admin\.stmcufinder\plugins\mcufinder/ => C:\Users\Admin\.stmcufinder\plugins\mcufinder
2026-07-30 00:11:38,035 [INFO] DbMcusAds:125 - Set database path to: C:\Users\Admin\.stmcufinder\plugins\mcufinder//mcu/
2026-07-30 00:11:38,035 [WARN] DbFile:41 - Overriding database path with different value: C:\Users\Admin\.stmcufinder\plugins\mcufinder/ => C:\Users\Admin\.stmcufinder\plugins\mcufinder
2026-07-30 00:11:38,035 [WARN] DbFile:41 - Overriding database path with different value: C:\Users\Admin\.stmcufinder\plugins\mcufinder/ => C:\Users\Admin\.stmcufinder\plugins\mcufinder
2026-07-30 00:11:38,035 [INFO] CrossReferenceDbSqlite:203 - Set database path to: C:\Users\Admin\.stmcufinder\plugins\mcufinder//mcu/cs/
2026-07-30 00:11:38,050 [INFO] ApplicationProperties:184 - Using Application install path: C:\ST\STM32CubeIDE_1.13.1\STM32CubeIDE\plugins\com.st.stm32cube.common.mx_6.9.1.202307191849
2026-07-30 00:11:38,051 [INFO] PluginManage:196 - Search for loadable plugins [exclusion list=, ]
2026-07-30 00:11:38,053 [INFO] PluginManage:310 - Check plugin analytics
2026-07-30 00:11:38,161 [INFO] AnalyticsPlugin:253 - Accepted Software Licenses: STM32CubeMX.6.18.0
2026-07-30 00:11:38,161 [INFO] AnalyticsPlugin:255 - Accepted CMSIS Pack Licenses: 
2026-07-30 00:11:38,161 [INFO] AnalyticsPlugin:257 - Accepted Firmware Licenses: FW.F4.1.27.0,FW.F4.1.28.0,FW.F4.1.28.3
2026-07-30 00:11:38,163 [INFO] PluginManage:359 - Loaded plugin analytics (category:tool,tabindex:-1)
2026-07-30 00:11:38,164 [INFO] PluginManage:310 - Check plugin cadmodel
2026-07-30 00:11:38,169 [INFO] CADModel:105 - Init CAD model plugin
2026-07-30 00:11:38,169 [INFO] PluginManage:359 - Loaded plugin cadmodel (category:power,tabindex:5)
2026-07-30 00:11:38,169 [INFO] PluginManage:310 - Check plugin clock
2026-07-30 00:11:38,177 [INFO] PluginManage:359 - Loaded plugin clock (category:base,tabindex:2)
2026-07-30 00:11:38,177 [INFO] PluginManage:310 - Check plugin ddr
2026-07-30 00:11:38,179 [INFO] PluginManage:359 - Loaded plugin ddr (category:tool,tabindex:6)
2026-07-30 00:11:38,179 [INFO] PluginManage:310 - Check plugin filemanager
2026-07-30 00:11:38,279 [INFO] PluginManage:359 - Loaded plugin filemanager (category:base,tabindex:10)
2026-07-30 00:11:38,279 [INFO] PluginManage:310 - Check plugin ipmanager
2026-07-30 00:11:38,284 [INFO] PluginManage:359 - Loaded plugin ipmanager (category:base,tabindex:5)
2026-07-30 00:11:38,284 [INFO] PluginManage:310 - Check plugin lpbam
2026-07-30 00:11:38,293 [INFO] PluginManage:359 - Loaded plugin lpbam (category:base,tabindex:0)
2026-07-30 00:11:38,293 [INFO] PluginManage:310 - Check plugin memorymap
2026-07-30 00:11:38,304 [INFO] PluginManage:359 - Loaded plugin memorymap (category:base,tabindex:4)
2026-07-30 00:11:38,304 [INFO] PluginManage:310 - Check plugin pinoutandconfiguration
2026-07-30 00:11:38,310 [INFO] PluginManage:359 - Loaded plugin pinoutandconfiguration (category:base,tabindex:1)
2026-07-30 00:11:38,311 [INFO] PluginManage:310 - Check plugin pinoutconfig
2026-07-30 00:11:38,376 [WARN] SupportedApi:132 - Cannot load RTOS API schema: s4s-elt-must-match.1: The content of 'definitions' must match (annotation?, (simpleType | complexType)?, (unique | key | keyref)*)). A problem was found starting at: attribute.
2026-07-30 00:11:38,476 [INFO] PluginManage:359 - Loaded plugin pinoutconfig (category:base,tabindex:0)
2026-07-30 00:11:38,476 [INFO] PluginManage:310 - Check plugin power
2026-07-30 00:11:38,486 [INFO] PluginManage:359 - Loaded plugin power (category:power,tabindex:4)
2026-07-30 00:11:38,486 [INFO] PluginManage:310 - Check plugin projectmanager
2026-07-30 00:11:38,496 [INFO] PluginManage:359 - Loaded plugin projectmanager (category:projectmanager,tabindex:3)
2026-07-30 00:11:38,496 [INFO] PluginManage:310 - Check plugin thirdparty
2026-07-30 00:11:38,597 [INFO] PluginManage:359 - Loaded plugin thirdparty (category:base,tabindex:-1)
2026-07-30 00:11:38,597 [WARN] IntegrityCheckThread:84 - waiting for thirdparty lock release [integrity check]
2026-07-30 00:11:38,597 [INFO] PluginManage:310 - Check plugin tools
2026-07-30 00:11:38,598 [INFO] IntegrityCheckThread:86 - entering critical section [integrity check]
2026-07-30 00:11:38,598 [INFO] ThirdPartyUpdaterWithRetryManager:70 - Updater plugin not ready yet. [1/15]
2026-07-30 00:11:38,600 [INFO] PluginManage:359 - Loaded plugin tools (category:base,tabindex:7)
2026-07-30 00:11:38,600 [INFO] PluginManage:310 - Check plugin tutovideos
2026-07-30 00:11:38,736 [INFO] PluginManage:359 - Loaded plugin tutovideos (category:base,tabindex:-1)
2026-07-30 00:11:38,736 [INFO] PluginManage:310 - Check plugin updater
2026-07-30 00:11:38,745 [INFO] PluginManage:359 - Loaded plugin updater (category:base,tabindex:12)
2026-07-30 00:11:38,745 [INFO] PluginManage:310 - Check plugin userauth
2026-07-30 00:11:38,750 [INFO] UserAuth:113 - Init User Auth plugin
2026-07-30 00:11:38,750 [INFO] PluginManage:359 - Loaded plugin userauth (category:base,tabindex:14)
2026-07-30 00:11:38,750 [INFO] PluginManage:283 - PluginManage : Loaded plugins [17]
2026-07-30 00:11:38,909 [INFO] PinOutPanel:1499 - setPackage(No Configuration,No Configuration)
2026-07-30 00:11:38,984 [INFO] CADModel:165 - CPN selected for project level
2026-07-30 00:11:38,984 [INFO] CADModel:114 - Register for checkConnection events
2026-07-30 00:11:38,997 [INFO] IPUIPlugin:80 - create IPUIPlugin
2026-07-30 00:11:38,997 [INFO] PluginManager:220 - loadIPPluginJar : add adc
2026-07-30 00:11:38,999 [INFO] IPUIPlugin:80 - create IPUIPlugin
2026-07-30 00:11:38,999 [INFO] PluginManager:220 - loadIPPluginJar : add aes
2026-07-30 00:11:39,001 [INFO] IPUIPlugin:80 - create IPUIPlugin
2026-07-30 00:11:39,001 [INFO] PluginManager:220 - loadIPPluginJar : add can
2026-07-30 00:11:39,002 [INFO] IPUIPlugin:80 - create IPUIPlugin
2026-07-30 00:11:39,002 [INFO] PluginManager:220 - loadIPPluginJar : add comp
2026-07-30 00:11:39,004 [INFO] IPUIPlugin:80 - create IPUIPlugin
2026-07-30 00:11:39,004 [INFO] PluginManager:220 - loadIPPluginJar : add cryp
2026-07-30 00:11:39,006 [INFO] IPUIPlugin:80 - create IPUIPlugin
2026-07-30 00:11:39,006 [INFO] PluginManager:220 - loadIPPluginJar : add dfsdm
2026-07-30 00:11:39,010 [INFO] IPUIPlugin:80 - create IPUIPlugin
2026-07-30 00:11:39,011 [INFO] PluginManager:220 - loadIPPluginJar : add dma
2026-07-30 00:11:39,013 [INFO] IPUIPlugin:80 - create IPUIPlugin
2026-07-30 00:11:39,013 [INFO] PluginManager:220 - loadIPPluginJar : add dma3
2026-07-30 00:11:39,013 [INFO] IPUIPlugin:80 - create IPUIPlugin
2026-07-30 00:11:39,013 [INFO] PluginManager:220 - loadIPPluginJar : add fatfs
2026-07-30 00:11:39,016 [INFO] IPUIPlugin:80 - create IPUIPlugin
2026-07-30 00:11:39,016 [INFO] PluginManager:220 - loadIPPluginJar : add fmc
2026-07-30 00:11:39,021 [INFO] IPUIPlugin:80 - create IPUIPlugin
2026-07-30 00:11:39,021 [INFO] PluginManager:220 - loadIPPluginJar : add freertos
2026-07-30 00:11:39,022 [INFO] IPUIPlugin:80 - create IPUIPlugin
2026-07-30 00:11:39,022 [INFO] PluginManager:220 - loadIPPluginJar : add genericplugin
2026-07-30 00:11:39,024 [INFO] IPUIPlugin:80 - create IPUIPlugin
2026-07-30 00:11:39,024 [INFO] PluginManager:220 - loadIPPluginJar : add gfxmmu
2026-07-30 00:11:39,027 [INFO] IPUIPlugin:80 - create IPUIPlugin
2026-07-30 00:11:39,027 [INFO] PluginManager:220 - loadIPPluginJar : add gic
2026-07-30 00:11:39,030 [INFO] IPUIPlugin:80 - create IPUIPlugin
2026-07-30 00:11:39,030 [INFO] PluginManager:220 - loadIPPluginJar : add gpio
2026-07-30 00:11:39,033 [INFO] IPUIPlugin:80 - create IPUIPlugin
2026-07-30 00:11:39,033 [INFO] PluginManager:220 - loadIPPluginJar : add gtzc
2026-07-30 00:11:39,034 [INFO] IPUIPlugin:80 - create IPUIPlugin
2026-07-30 00:11:39,034 [INFO] PluginManager:220 - loadIPPluginJar : add hash
2026-07-30 00:11:39,036 [INFO] IPUIPlugin:80 - create IPUIPlugin
2026-07-30 00:11:39,036 [INFO] PluginManager:220 - loadIPPluginJar : add i2c
2026-07-30 00:11:39,038 [INFO] IPUIPlugin:80 - create IPUIPlugin
2026-07-30 00:11:39,038 [INFO] PluginManager:220 - loadIPPluginJar : add i2s
2026-07-30 00:11:39,040 [INFO] IPUIPlugin:80 - create IPUIPlugin
2026-07-30 00:11:39,040 [INFO] PluginManager:220 - loadIPPluginJar : add i3c
2026-07-30 00:11:39,042 [INFO] IPUIPlugin:80 - create IPUIPlugin
2026-07-30 00:11:39,042 [INFO] PluginManager:220 - loadIPPluginJar : add ipddr
2026-07-30 00:11:39,047 [INFO] IPUIPlugin:80 - create IPUIPlugin
2026-07-30 00:11:39,048 [INFO] PluginManager:220 - loadIPPluginJar : add linkedlist
2026-07-30 00:11:39,049 [INFO] IPUIPlugin:80 - create IPUIPlugin
2026-07-30 00:11:39,050 [INFO] PluginManager:220 - loadIPPluginJar : add lorawan
2026-07-30 00:11:39,051 [INFO] IPUIPlugin:80 - create IPUIPlugin
2026-07-30 00:11:39,051 [INFO] PluginManager:220 - loadIPPluginJar : add ltdc
2026-07-30 00:11:39,055 [INFO] IPUIPlugin:80 - create IPUIPlugin
2026-07-30 00:11:39,055 [INFO] PluginManager:220 - loadIPPluginJar : add mdma
2026-07-30 00:11:39,058 [INFO] IPUIPlugin:80 - create IPUIPlugin
2026-07-30 00:11:39,058 [INFO] PluginManager:220 - loadIPPluginJar : add nvic
2026-07-30 00:11:39,060 [INFO] IPUIPlugin:80 - create IPUIPlugin
2026-07-30 00:11:39,060 [INFO] PluginManager:220 - loadIPPluginJar : add opamp
2026-07-30 00:11:39,062 [INFO] IPUIPlugin:80 - create IPUIPlugin
2026-07-30 00:11:39,062 [INFO] PluginManager:220 - loadIPPluginJar : add openamp
2026-07-30 00:11:39,065 [INFO] IPUIPlugin:80 - create IPUIPlugin
2026-07-30 00:11:39,065 [INFO] PluginManager:220 - loadIPPluginJar : add pdm2pcm
2026-07-30 00:11:39,070 [INFO] IPUIPlugin:80 - create IPUIPlugin
2026-07-30 00:11:39,072 [INFO] PluginManager:220 - loadIPPluginJar : add plateformsettings
2026-07-30 00:11:39,073 [INFO] IPUIPlugin:80 - create IPUIPlugin
2026-07-30 00:11:39,073 [INFO] PluginManager:220 - loadIPPluginJar : add quadspi
2026-07-30 00:11:39,077 [INFO] IPUIPlugin:80 - create IPUIPlugin
2026-07-30 00:11:39,077 [INFO] PluginManager:220 - loadIPPluginJar : add resmgrutility
2026-07-30 00:11:39,079 [INFO] IPUIPlugin:80 - create IPUIPlugin
2026-07-30 00:11:39,079 [INFO] PluginManager:220 - loadIPPluginJar : add sai
2026-07-30 00:11:39,081 [INFO] IPUIPlugin:80 - create IPUIPlugin
2026-07-30 00:11:39,081 [INFO] PluginManager:220 - loadIPPluginJar : add spi
2026-07-30 00:11:39,084 [INFO] IPUIPlugin:80 - create IPUIPlugin
2026-07-30 00:11:39,084 [INFO] PluginManager:220 - loadIPPluginJar : add stm32_wpan
2026-07-30 00:11:39,085 [INFO] IPUIPlugin:80 - create IPUIPlugin
2026-07-30 00:11:39,085 [INFO] PluginManager:220 - loadIPPluginJar : add tim
2026-07-30 00:11:39,087 [INFO] IPUIPlugin:80 - create IPUIPlugin
2026-07-30 00:11:39,087 [INFO] PluginManager:220 - loadIPPluginJar : add touchsensing
2026-07-30 00:11:39,089 [INFO] IPUIPlugin:80 - create IPUIPlugin
2026-07-30 00:11:39,089 [INFO] PluginManager:220 - loadIPPluginJar : add tracer_emb
2026-07-30 00:11:39,090 [INFO] IPUIPlugin:80 - create IPUIPlugin
2026-07-30 00:11:39,090 [INFO] PluginManager:220 - loadIPPluginJar : add ts
2026-07-30 00:11:39,091 [INFO] IPUIPlugin:80 - create IPUIPlugin
2026-07-30 00:11:39,091 [INFO] PluginManager:220 - loadIPPluginJar : add tsc
2026-07-30 00:11:39,092 [INFO] IPUIPlugin:80 - create IPUIPlugin
2026-07-30 00:11:39,093 [INFO] PluginManager:220 - loadIPPluginJar : add ucpd
2026-07-30 00:11:39,094 [INFO] IPUIPlugin:80 - create IPUIPlugin
2026-07-30 00:11:39,094 [INFO] PluginManager:220 - loadIPPluginJar : add usart
2026-07-30 00:11:39,096 [INFO] IPUIPlugin:80 - create IPUIPlugin
2026-07-30 00:11:39,096 [INFO] PluginManager:220 - loadIPPluginJar : add usbx
2026-07-30 00:11:39,209 [INFO] CADModel:165 - CPN selected for project level
2026-07-30 00:11:39,209 [INFO] CADModel:114 - Register for checkConnection events
2026-07-30 00:11:39,209 [FATAL] Updater:308 - Updater called before beeing initialized
2026-07-30 00:11:39,209 [ERROR] CADModel:125 - Updater not yet initialized, retry later 
2026-07-30 00:11:39,326 [INFO] CADModel:165 - CPN selected for project level
2026-07-30 00:11:39,326 [INFO] CADModel:114 - Register for checkConnection events
2026-07-30 00:11:39,326 [FATAL] Updater:308 - Updater called before beeing initialized
2026-07-30 00:11:39,326 [ERROR] CADModel:125 - Updater not yet initialized, retry later 
2026-07-30 00:11:39,329 [FATAL] Updater:308 - Updater called before beeing initialized
2026-07-30 00:11:39,412 [FATAL] Updater:308 - Updater called before beeing initialized
2026-07-30 00:11:39,416 [INFO] DbMcusAds:53 - JSON generation date=Wed Jul 15 16:46:00 GMT+07:00 2026 (1784108760991)
2026-07-30 00:11:39,416 [FATAL] Updater:308 - Updater called before beeing initialized
2026-07-30 00:11:39,452 [WARN] DetailPanel:346 - Failed to get advertising image, set to default
2026-07-30 00:11:39,528 [FATAL] Updater:308 - Updater called before beeing initialized
2026-07-30 00:11:39,531 [FATAL] Updater:308 - Updater called before beeing initialized
2026-07-30 00:11:39,531 [FATAL] Updater:308 - Updater called before beeing initialized
2026-07-30 00:11:39,531 [WARN] DetailPanel:346 - Failed to get advertising image, set to default
2026-07-30 00:11:39,532 [FATAL] Updater:308 - Updater called before beeing initialized
2026-07-30 00:11:39,565 [ERROR] Updater:1120 - MainUpdater not yet initialized. External WinMGr cannot be set.
2026-07-30 00:11:39,567 [INFO] Updater:1056 - Updater Version found : 6.9.1
2026-07-30 00:11:39,581 [INFO] ApplicationProperties:184 - Using Application install path: C:\ST\STM32CubeIDE_1.13.1\STM32CubeIDE\plugins\com.st.stm32cube.common.mx_6.9.1.202307191849
2026-07-30 00:11:39,714 [INFO] MainUpdater:2868 - connection check result : 10
2026-07-30 00:11:39,715 [INFO] MainUpdater:285 - Updater Check For Update Now.
2026-07-30 00:11:39,715 [INFO] MicroXplorer:498 - Change Database Version : DB.6.0.91
2026-07-30 00:11:39,722 [INFO] McuFinderGlobals:63 - Set McuFinder mode to 2 (CubeIDE integrated)
2026-07-30 00:11:39,723 [INFO] UserAuth:179 - activating auth plugin
2026-07-30 00:11:39,726 [INFO] UserAuth:393 - Internet connection configuration mode: 1
2026-07-30 00:11:39,751 [INFO] JxBrowserEngine:151 - Initiate JxBrowser Engine with user profile folder
2026-07-30 00:11:39,893 [INFO] CheckServerUpdateThread:120 - End of CheckServer Thread
2026-07-30 00:11:40,327 [INFO] WebApp:157 - Instantiating new browser for Auth
2026-07-30 00:11:40,720 [INFO] WebApp:753 - Register for checkConnection events
2026-07-30 00:11:40,720 [INFO] WebApp:390 - Apply proxy settings
2026-07-30 00:11:40,720 [INFO] WebApp:475 - Chromium requires no authentication
2026-07-30 00:11:40,726 [INFO] WebApp:418 - Direct internet connection detected
2026-07-30 00:11:40,854 [INFO] WebApp:188 - Starting web application
2026-07-30 00:11:40,854 [INFO] WebApp:520 - Web application path used C:\ST\STM32CubeIDE_1.13.1\STM32CubeIDE\plugins\com.st.stm32cube.common.mx_6.9.1.202307191849\db\plugins\mcufinder\reactClient1\index.html
2026-07-30 00:11:41,744 [WARN] PackLoader:240 - Cannot read IP mode file for STMicroelectronics.FP-ATR-ASTRA1.2.0.3
2026-07-30 00:11:41,748 [WARN] PackLoader:240 - Cannot read IP mode file for STMicroelectronics.FP-ATR-ASTRA1.2.0.2
2026-07-30 00:11:41,753 [ERROR] Engine:466 - C:\Users\Admin\.stm32cubemx\thirdparties\pdsc\STMicroelectronics.X-CUBE-SMBUS.2.1.1.pdsc: PDSC version is not supported
2026-07-30 00:11:41,756 [WARN] PackLoader:240 - Cannot read IP mode file for STMicroelectronics.X-CUBE-SMBUS.2.1.0
2026-07-30 00:11:41,777 [WARN] PackLoader:240 - Cannot read IP mode file for STMicroelectronics.X-CUBE-AZRTOS-F7.1.1.0
2026-07-30 00:11:41,784 [ERROR] Engine:466 - C:\Users\Admin\.stm32cubemx\thirdparties\pdsc\STMicroelectronics.X-CUBE-FREERTOS.1.6.0.pdsc: PDSC version is not supported
2026-07-30 00:11:41,809 [WARN] PackLoader:240 - Cannot read IP mode file for STMicroelectronics.X-CUBE-AZRTOS-H7RS.1.3.0
2026-07-30 00:11:41,817 [ERROR] Engine:466 - C:\Users\Admin\.stm32cubemx\thirdparties\pdsc\WES.I-CUBE-Cesium.1.4.0.pdsc: PDSC version is not supported
2026-07-30 00:11:41,826 [WARN] PackLoader:240 - Cannot read IP mode file for STMicroelectronics.X-CUBE-DISPLAY.3.0.0
2026-07-30 00:11:41,836 [WARN] PackLoader:240 - Cannot read IP mode file for wolfSSL.I-CUBE-wolfSSL.5.9.1
2026-07-30 00:11:41,840 [WARN] PackLoader:240 - Cannot read IP mode file for emotas.I-CUBE-CANOPEN.1.3.0
2026-07-30 00:11:41,843 [ERROR] Engine:466 - C:\Users\Admin\.stm32cubemx\thirdparties\pdsc\STMicroelectronics.X-CUBE-WBA.1.1.0.pdsc: PDSC version is not supported
2026-07-30 00:11:41,849 [INFO] LogOutputStream:77 - [STDOUT_REDIRECT] 1 : Invalid condition id : UX_CORESTACK_Condition cause : null
2026-07-30 00:11:41,850 [INFO] LogOutputStream:77 - [STDOUT_REDIRECT] 1 : Invalid condition id : UX_CORESTACK_Condition cause : null
2026-07-30 00:11:41,850 [INFO] LogOutputStream:77 - [STDOUT_REDIRECT] 1 : Invalid condition id : UX_CORESTACK_Condition cause : null
2026-07-30 00:11:41,852 [INFO] LogOutputStream:77 - [STDOUT_REDIRECT] 1 : Invalid condition id : UX_CORESTACK_Condition cause : null
2026-07-30 00:11:41,852 [INFO] LogOutputStream:77 - [STDOUT_REDIRECT] 1 : Invalid condition id : UX_CORESTACK_Condition cause : null
2026-07-30 00:11:41,855 [WARN] PackLoader:240 - Cannot read IP mode file for STMicroelectronics.X-CUBE-AZRTOS-WL.2.0.0
2026-07-30 00:11:41,872 [WARN] PackLoader:240 - Cannot read IP mode file for STMicroelectronics.X-CUBE-AZRTOS-H7RS.1.2.0
2026-07-30 00:11:41,883 [WARN] PackLoader:240 - Cannot read IP mode file for STMicroelectronics.X-CUBE-BLE2.3.3.0
2026-07-30 00:11:41,885 [ERROR] Engine:466 - C:\Users\Admin\.stm32cubemx\thirdparties\pdsc\Avnet-IOTCONNECT.X-CUBE-iotc-st67-sdk.1.0.0.pdsc: PDSC version is not supported
2026-07-30 00:11:41,889 [ERROR] Engine:466 - C:\Users\Admin\.stm32cubemx\thirdparties\pdsc\Infineon.AIROC-Wi-Fi-Bluetooth-STM32.1.8.0.pdsc: PDSC version is not supported
2026-07-30 00:11:41,892 [WARN] PackLoader:240 - Cannot read IP mode file for wolfSSL.I-CUBE-wolfMQTT.1.19.2
2026-07-30 00:11:41,901 [WARN] PackLoader:240 - Cannot read IP mode file for STMicroelectronics.X-CUBE-AZRTOS-G0.1.1.0
2026-07-30 00:11:41,929 [WARN] PackLoader:240 - Cannot read IP mode file for STMicroelectronics.X-CUBE-NFC4.3.0.0
2026-07-30 00:11:41,932 [ERROR] Engine:466 - C:\Users\Admin\.stm32cubemx\thirdparties\pdsc\EmbeddedOffice.I-CUBE-FS-RTOS.1.0.1.pdsc: PDSC version is not supported
2026-07-30 00:11:41,935 [WARN] PackLoader:240 - Cannot read IP mode file for wolfSSL.I-CUBE-wolfTPM.3.8.0
2026-07-30 00:11:41,937 [ERROR] Engine:466 - C:\Users\Admin\.stm32cubemx\thirdparties\pdsc\RealThread.X-CUBE-RT-Thread_Nano.4.1.1.pdsc: PDSC version is not supported
2026-07-30 00:11:41,939 [WARN] PackLoader:240 - Cannot read IP mode file for STMicroelectronics.FP-ATR-SIGFOX1.3.2.0
2026-07-30 00:11:41,940 [ERROR] Engine:466 - C:\Users\Admin\.stm32cubemx\thirdparties\pdsc\STMicroelectronics.X-CUBE-FREERTOS.1.5.0.pdsc: PDSC version is not supported
2026-07-30 00:11:41,944 [WARN] PackLoader:240 - Cannot read IP mode file for ITTIA_DB.I-CUBE-ITTIADB.8.9.0
2026-07-30 00:11:41,945 [ERROR] Engine:466 - C:\Users\Admin\.stm32cubemx\thirdparties\pdsc\Cesanta.I-CUBE-Mongoose.7.21.7.pdsc: PDSC version is not supported
2026-07-30 00:11:41,948 [WARN] PackLoader:240 - Cannot read IP mode file for STMicroelectronics.X-CUBE-AI.10.2.1
2026-07-30 00:11:41,979 [WARN] PackLoader:240 - Cannot read IP mode file for STMicroelectronics.X-CUBE-MEMS1.12.1.0
2026-07-30 00:11:42,069 [WARN] PackLoader:240 - Cannot read IP mode file for SEGGER.I-CUBE-embOS.1.3.1
2026-07-30 00:11:42,096 [WARN] PackLoader:240 - Cannot read IP mode file for STMicroelectronics.X-CUBE-ALGOBUILD.1.4.0
2026-07-30 00:11:42,101 [WARN] PackLoader:240 - Cannot read IP mode file for STMicroelectronics.X-CUBE-NFC13.1.0.0
2026-07-30 00:11:42,111 [WARN] PackLoader:240 - Cannot read IP mode file for STMicroelectronics.X-CUBE-AZRTOS-F4.1.1.0
2026-07-30 00:11:42,115 [ERROR] Engine:466 - C:\Users\Admin\.stm32cubemx\thirdparties\pdsc\STMicroelectronics.eDS-WB_DPC_TT-BIDIR.2.1.1.pdsc: PDSC version is not supported
2026-07-30 00:11:42,124 [WARN] PackLoader:240 - Cannot read IP mode file for STMicroelectronics.X-CUBE-ALGOBUILD.1.5.0
2026-07-30 00:11:42,167 [WARN] PackLoader:240 - Cannot read IP mode file for STMicroelectronics.X-CUBE-MEMS1.13.0.0
2026-07-30 00:11:42,290 [ERROR] Engine:466 - C:\Users\Admin\.stm32cubemx\thirdparties\pdsc\STMicroelectronics.eDS-WB_DPC_3PH2L-BIDIR.1.1.1.pdsc: PDSC version is not supported
2026-07-30 00:11:42,296 [WARN] PackLoader:240 - Cannot read IP mode file for STMicroelectronics.X-CUBE-TOUCHGFX.4.26.1
2026-07-30 00:11:42,313 [WARN] ConditionMgr:438 - getConditionDescription Invalid condition id : LAN8742 Phy interface Condition cause : null
2026-07-30 00:11:42,314 [WARN] PackLoader:240 - Cannot read IP mode file for STMicroelectronics.X-CUBE-AZRTOS-L4.2.0.0
2026-07-30 00:11:42,315 [WARN] ConditionMgr:1039 - genDependencies : Invalid condition id : LAN8742 Phy interface Condition cause : null
2026-07-30 00:11:42,315 [WARN] ConditionMgr:1039 - genDependencies : Invalid condition id : LAN8742 Phy interface Condition cause : null
2026-07-30 00:11:42,315 [WARN] ConditionMgr:1039 - genDependencies : Invalid condition id : LAN8742 Phy interface Condition cause : null
2026-07-30 00:11:42,322 [WARN] PackLoader:240 - Cannot read IP mode file for STMicroelectronics.X-CUBE-SFXS2LP1.4.0.0
2026-07-30 00:11:42,326 [ERROR] Engine:466 - C:\Users\Admin\.stm32cubemx\thirdparties\pdsc\quantropi.X-CUBE-qispace-sdk-base.2.1.0.pdsc: PDSC version is not supported
2026-07-30 00:11:42,333 [WARN] PackLoader:240 - Cannot read IP mode file for STMicroelectronics.X-CUBE-SUBG2.5.0.0
2026-07-30 00:11:42,358 [WARN] PackLoader:240 - Cannot read IP mode file for STMicroelectronics.X-CUBE-AZRTOS-G4.2.0.0
2026-07-30 00:11:42,364 [WARN] PackLoader:240 - Cannot read IP mode file for wolfSSL.I-CUBE-wolfSSH.1.4.20
2026-07-30 00:11:42,365 [INFO] ThirdParty:978 - Integrity check success = true
2026-07-30 00:11:42,365 [INFO] IntegrityCheckThread:100 - exiting critical section [integrity check]
2026-07-30 00:11:42,365 [INFO] IntegrityCheckThread:103 - End integrity checks thread
2026-07-30 00:12:01,408 [ERROR] LogOutputStream:75 - [STDERR_REDIRECT] SLF4J: Failed to load class "org.slf4j.impl.StaticLoggerBinder".
2026-07-30 00:12:01,408 [ERROR] LogOutputStream:75 - [STDERR_REDIRECT] SLF4J: Defaulting to no-operation (NOP) logger implementation
2026-07-30 00:12:01,409 [ERROR] LogOutputStream:75 - [STDERR_REDIRECT] SLF4J: See http://www.slf4j.org/codes.html#StaticLoggerBinder for further details.
2026-07-30 00:12:18,363 [ERROR] LogOutputStream:75 - [STDERR_REDIRECT] 
2026-07-30 08:29:46,201 [INFO] Activator:176 - 


2026-07-30 08:29:46,203 [INFO] Activator:177 - !SESSION log4j initialized
2026-07-30 08:29:51,074 [INFO] LogOutputStream:77 - [STDOUT_REDIRECT] 
2026-07-30 08:29:51,917 [INFO] ApplicationProperties:184 - Using Application install path: C:\ST\STM32CubeIDE_1.13.1\STM32CubeIDE\plugins\com.st.stm32cube.common.mx_6.9.1.202307191849
2026-07-30 08:29:51,933 [INFO] DbMcusXml:78 - Set database path to: C:\ST\STM32CubeIDE_1.13.1\STM32CubeIDE\plugins\com.st.stm32cube.common.mx_6.9.1.202307191849\\db\/mcu/
2026-07-30 08:29:51,933 [INFO] ApiDb:274 - Set plugin database path to: C:\ST\STM32CubeIDE_1.13.1\STM32CubeIDE\plugins\com.st.stm32cube.common.mx_6.9.1.202307191849\\db\/plugins/boardmanager/
2026-07-30 08:29:51,933 [WARN] ApiDb:259 - Overriding images path with different value:  => C:\ST\STM32CubeIDE_1.13.1\STM32CubeIDE\plugins\com.st.stm32cube.common.mx_6.9.1.202307191849\\db\/plugins/mcufinder/images/
2026-07-30 08:29:51,945 [INFO] ApiDb:250 - Set database path to: C:\Users\Admin\.stmcufinder\plugins\mcufinder//mcu/
2026-07-30 08:29:51,946 [INFO] DbMcusAds:125 - Set database path to: C:\Users\Admin\.stmcufinder\plugins\mcufinder//mcu/
2026-07-30 08:29:51,948 [INFO] CrossReferenceDbSqlite:203 - Set database path to: C:\Users\Admin\.stmcufinder\plugins\mcufinder//mcu/cs/
2026-07-30 08:29:52,031 [INFO] RulesReader:64 - Compatibility file has been processed (293 Rules)
2026-07-30 08:29:52,101 [INFO] DbMcusXml:78 - Set database path to: C:\ST\STM32CubeIDE_1.13.1\STM32CubeIDE\plugins\com.st.stm32cube.common.mx_6.9.1.202307191849\\db\/mcu/
2026-07-30 08:29:52,101 [INFO] ApiDb:274 - Set plugin database path to: C:\ST\STM32CubeIDE_1.13.1\STM32CubeIDE\plugins\com.st.stm32cube.common.mx_6.9.1.202307191849\\db\/plugins/boardmanager/
2026-07-30 08:29:52,101 [INFO] ApiDb:261 - Set plugin images path to: C:\ST\STM32CubeIDE_1.13.1\STM32CubeIDE\plugins\com.st.stm32cube.common.mx_6.9.1.202307191849\\db\/plugins/mcufinder/images/
2026-07-30 08:29:52,102 [WARN] DbFile:41 - Overriding database path with different value: C:\Users\Admin\.stmcufinder\plugins\mcufinder/ => C:\Users\Admin\.stmcufinder\plugins\mcufinder
2026-07-30 08:29:52,102 [INFO] ApiDb:250 - Set database path to: C:\Users\Admin\.stmcufinder\plugins\mcufinder//mcu/
2026-07-30 08:29:52,102 [WARN] DbFile:41 - Overriding database path with different value: C:\Users\Admin\.stmcufinder\plugins\mcufinder/ => C:\Users\Admin\.stmcufinder\plugins\mcufinder
2026-07-30 08:29:52,102 [INFO] DbMcusAds:125 - Set database path to: C:\Users\Admin\.stmcufinder\plugins\mcufinder//mcu/
2026-07-30 08:29:52,102 [WARN] DbFile:41 - Overriding database path with different value: C:\Users\Admin\.stmcufinder\plugins\mcufinder/ => C:\Users\Admin\.stmcufinder\plugins\mcufinder
2026-07-30 08:29:52,102 [WARN] DbFile:41 - Overriding database path with different value: C:\Users\Admin\.stmcufinder\plugins\mcufinder/ => C:\Users\Admin\.stmcufinder\plugins\mcufinder
2026-07-30 08:29:52,102 [INFO] CrossReferenceDbSqlite:203 - Set database path to: C:\Users\Admin\.stmcufinder\plugins\mcufinder//mcu/cs/
2026-07-30 08:29:52,164 [INFO] MainPanel:262 - HeapMemory: 268435456
2026-07-30 08:29:52,240 [INFO] DbMcusXml:78 - Set database path to: C:\ST\STM32CubeIDE_1.13.1\STM32CubeIDE\plugins\com.st.stm32cube.common.mx_6.9.1.202307191849\\db\/mcu/
2026-07-30 08:29:52,240 [INFO] ApiDb:274 - Set plugin database path to: C:\ST\STM32CubeIDE_1.13.1\STM32CubeIDE\plugins\com.st.stm32cube.common.mx_6.9.1.202307191849\\db\/plugins/boardmanager/
2026-07-30 08:29:52,240 [INFO] ApiDb:261 - Set plugin images path to: C:\ST\STM32CubeIDE_1.13.1\STM32CubeIDE\plugins\com.st.stm32cube.common.mx_6.9.1.202307191849\\db\/plugins/mcufinder/images/
2026-07-30 08:29:52,241 [WARN] DbFile:41 - Overriding database path with different value: C:\Users\Admin\.stmcufinder\plugins\mcufinder/ => C:\Users\Admin\.stmcufinder\plugins\mcufinder
2026-07-30 08:29:52,241 [INFO] ApiDb:250 - Set database path to: C:\Users\Admin\.stmcufinder\plugins\mcufinder//mcu/
2026-07-30 08:29:52,241 [WARN] DbFile:41 - Overriding database path with different value: C:\Users\Admin\.stmcufinder\plugins\mcufinder/ => C:\Users\Admin\.stmcufinder\plugins\mcufinder
2026-07-30 08:29:52,241 [INFO] DbMcusAds:125 - Set database path to: C:\Users\Admin\.stmcufinder\plugins\mcufinder//mcu/
2026-07-30 08:29:52,241 [WARN] DbFile:41 - Overriding database path with different value: C:\Users\Admin\.stmcufinder\plugins\mcufinder/ => C:\Users\Admin\.stmcufinder\plugins\mcufinder
2026-07-30 08:29:52,241 [WARN] DbFile:41 - Overriding database path with different value: C:\Users\Admin\.stmcufinder\plugins\mcufinder/ => C:\Users\Admin\.stmcufinder\plugins\mcufinder
2026-07-30 08:29:52,241 [INFO] CrossReferenceDbSqlite:203 - Set database path to: C:\Users\Admin\.stmcufinder\plugins\mcufinder//mcu/cs/
2026-07-30 08:29:52,256 [INFO] ApplicationProperties:184 - Using Application install path: C:\ST\STM32CubeIDE_1.13.1\STM32CubeIDE\plugins\com.st.stm32cube.common.mx_6.9.1.202307191849
2026-07-30 08:29:52,258 [INFO] PluginManage:196 - Search for loadable plugins [exclusion list=, ]
2026-07-30 08:29:52,259 [INFO] PluginManage:310 - Check plugin analytics
2026-07-30 08:29:52,373 [INFO] AnalyticsPlugin:253 - Accepted Software Licenses: STM32CubeMX.6.18.0
2026-07-30 08:29:52,373 [INFO] AnalyticsPlugin:255 - Accepted CMSIS Pack Licenses: 
2026-07-30 08:29:52,373 [INFO] AnalyticsPlugin:257 - Accepted Firmware Licenses: FW.F4.1.27.0,FW.F4.1.28.0,FW.F4.1.28.3
2026-07-30 08:29:52,376 [INFO] PluginManage:359 - Loaded plugin analytics (category:tool,tabindex:-1)
2026-07-30 08:29:52,377 [INFO] PluginManage:310 - Check plugin cadmodel
2026-07-30 08:29:52,382 [INFO] CADModel:105 - Init CAD model plugin
2026-07-30 08:29:52,382 [INFO] PluginManage:359 - Loaded plugin cadmodel (category:power,tabindex:5)
2026-07-30 08:29:52,382 [INFO] PluginManage:310 - Check plugin clock
2026-07-30 08:29:52,392 [INFO] PluginManage:359 - Loaded plugin clock (category:base,tabindex:2)
2026-07-30 08:29:52,392 [INFO] PluginManage:310 - Check plugin ddr
2026-07-30 08:29:52,394 [INFO] PluginManage:359 - Loaded plugin ddr (category:tool,tabindex:6)
2026-07-30 08:29:52,394 [INFO] PluginManage:310 - Check plugin filemanager
2026-07-30 08:29:52,494 [INFO] PluginManage:359 - Loaded plugin filemanager (category:base,tabindex:10)
2026-07-30 08:29:52,494 [INFO] PluginManage:310 - Check plugin ipmanager
2026-07-30 08:29:52,499 [INFO] PluginManage:359 - Loaded plugin ipmanager (category:base,tabindex:5)
2026-07-30 08:29:52,499 [INFO] PluginManage:310 - Check plugin lpbam
2026-07-30 08:29:52,506 [INFO] PluginManage:359 - Loaded plugin lpbam (category:base,tabindex:0)
2026-07-30 08:29:52,506 [INFO] PluginManage:310 - Check plugin memorymap
2026-07-30 08:29:52,517 [INFO] PluginManage:359 - Loaded plugin memorymap (category:base,tabindex:4)
2026-07-30 08:29:52,517 [INFO] PluginManage:310 - Check plugin pinoutandconfiguration
2026-07-30 08:29:52,523 [INFO] PluginManage:359 - Loaded plugin pinoutandconfiguration (category:base,tabindex:1)
2026-07-30 08:29:52,523 [INFO] PluginManage:310 - Check plugin pinoutconfig
2026-07-30 08:29:52,590 [WARN] SupportedApi:132 - Cannot load RTOS API schema: s4s-elt-must-match.1: The content of 'definitions' must match (annotation?, (simpleType | complexType)?, (unique | key | keyref)*)). A problem was found starting at: attribute.
2026-07-30 08:29:52,699 [INFO] PluginManage:359 - Loaded plugin pinoutconfig (category:base,tabindex:0)
2026-07-30 08:29:52,699 [INFO] PluginManage:310 - Check plugin power
2026-07-30 08:29:52,708 [INFO] PluginManage:359 - Loaded plugin power (category:power,tabindex:4)
2026-07-30 08:29:52,708 [INFO] PluginManage:310 - Check plugin projectmanager
2026-07-30 08:29:52,718 [INFO] PluginManage:359 - Loaded plugin projectmanager (category:projectmanager,tabindex:3)
2026-07-30 08:29:52,718 [INFO] PluginManage:310 - Check plugin thirdparty
2026-07-30 08:29:52,830 [INFO] PluginManage:359 - Loaded plugin thirdparty (category:base,tabindex:-1)
2026-07-30 08:29:52,830 [WARN] IntegrityCheckThread:84 - waiting for thirdparty lock release [integrity check]
2026-07-30 08:29:52,831 [INFO] PluginManage:310 - Check plugin tools
2026-07-30 08:29:52,831 [INFO] IntegrityCheckThread:86 - entering critical section [integrity check]
2026-07-30 08:29:52,831 [INFO] ThirdPartyUpdaterWithRetryManager:70 - Updater plugin not ready yet. [1/15]
2026-07-30 08:29:52,833 [INFO] PluginManage:359 - Loaded plugin tools (category:base,tabindex:7)
2026-07-30 08:29:52,833 [INFO] PluginManage:310 - Check plugin tutovideos
2026-07-30 08:29:52,967 [INFO] PluginManage:359 - Loaded plugin tutovideos (category:base,tabindex:-1)
2026-07-30 08:29:52,967 [INFO] PluginManage:310 - Check plugin updater
2026-07-30 08:29:52,976 [INFO] PluginManage:359 - Loaded plugin updater (category:base,tabindex:12)
2026-07-30 08:29:52,976 [INFO] PluginManage:310 - Check plugin userauth
2026-07-30 08:29:52,981 [INFO] UserAuth:113 - Init User Auth plugin
2026-07-30 08:29:52,981 [INFO] PluginManage:359 - Loaded plugin userauth (category:base,tabindex:14)
2026-07-30 08:29:52,981 [INFO] PluginManage:283 - PluginManage : Loaded plugins [17]
2026-07-30 08:29:53,150 [INFO] PinOutPanel:1499 - setPackage(No Configuration,No Configuration)
2026-07-30 08:29:53,225 [INFO] CADModel:165 - CPN selected for project level
2026-07-30 08:29:53,225 [INFO] CADModel:114 - Register for checkConnection events
2026-07-30 08:29:53,239 [INFO] IPUIPlugin:80 - create IPUIPlugin
2026-07-30 08:29:53,239 [INFO] PluginManager:220 - loadIPPluginJar : add adc
2026-07-30 08:29:53,241 [INFO] IPUIPlugin:80 - create IPUIPlugin
2026-07-30 08:29:53,241 [INFO] PluginManager:220 - loadIPPluginJar : add aes
2026-07-30 08:29:53,243 [INFO] IPUIPlugin:80 - create IPUIPlugin
2026-07-30 08:29:53,243 [INFO] PluginManager:220 - loadIPPluginJar : add can
2026-07-30 08:29:53,245 [INFO] IPUIPlugin:80 - create IPUIPlugin
2026-07-30 08:29:53,245 [INFO] PluginManager:220 - loadIPPluginJar : add comp
2026-07-30 08:29:53,247 [INFO] IPUIPlugin:80 - create IPUIPlugin
2026-07-30 08:29:53,247 [INFO] PluginManager:220 - loadIPPluginJar : add cryp
2026-07-30 08:29:53,249 [INFO] IPUIPlugin:80 - create IPUIPlugin
2026-07-30 08:29:53,249 [INFO] PluginManager:220 - loadIPPluginJar : add dfsdm
2026-07-30 08:29:53,253 [INFO] IPUIPlugin:80 - create IPUIPlugin
2026-07-30 08:29:53,254 [INFO] PluginManager:220 - loadIPPluginJar : add dma
2026-07-30 08:29:53,255 [INFO] IPUIPlugin:80 - create IPUIPlugin
2026-07-30 08:29:53,255 [INFO] PluginManager:220 - loadIPPluginJar : add dma3
2026-07-30 08:29:53,256 [INFO] IPUIPlugin:80 - create IPUIPlugin
2026-07-30 08:29:53,256 [INFO] PluginManager:220 - loadIPPluginJar : add fatfs
2026-07-30 08:29:53,259 [INFO] IPUIPlugin:80 - create IPUIPlugin
2026-07-30 08:29:53,259 [INFO] PluginManager:220 - loadIPPluginJar : add fmc
2026-07-30 08:29:53,263 [INFO] IPUIPlugin:80 - create IPUIPlugin
2026-07-30 08:29:53,263 [INFO] PluginManager:220 - loadIPPluginJar : add freertos
2026-07-30 08:29:53,264 [INFO] IPUIPlugin:80 - create IPUIPlugin
2026-07-30 08:29:53,264 [INFO] PluginManager:220 - loadIPPluginJar : add genericplugin
2026-07-30 08:29:53,266 [INFO] IPUIPlugin:80 - create IPUIPlugin
2026-07-30 08:29:53,267 [INFO] PluginManager:220 - loadIPPluginJar : add gfxmmu
2026-07-30 08:29:53,269 [INFO] IPUIPlugin:80 - create IPUIPlugin
2026-07-30 08:29:53,269 [INFO] PluginManager:220 - loadIPPluginJar : add gic
2026-07-30 08:29:53,272 [INFO] IPUIPlugin:80 - create IPUIPlugin
2026-07-30 08:29:53,272 [INFO] PluginManager:220 - loadIPPluginJar : add gpio
2026-07-30 08:29:53,274 [INFO] IPUIPlugin:80 - create IPUIPlugin
2026-07-30 08:29:53,274 [INFO] PluginManager:220 - loadIPPluginJar : add gtzc
2026-07-30 08:29:53,276 [INFO] IPUIPlugin:80 - create IPUIPlugin
2026-07-30 08:29:53,276 [INFO] PluginManager:220 - loadIPPluginJar : add hash
2026-07-30 08:29:53,278 [INFO] IPUIPlugin:80 - create IPUIPlugin
2026-07-30 08:29:53,278 [INFO] PluginManager:220 - loadIPPluginJar : add i2c
2026-07-30 08:29:53,279 [INFO] IPUIPlugin:80 - create IPUIPlugin
2026-07-30 08:29:53,279 [INFO] PluginManager:220 - loadIPPluginJar : add i2s
2026-07-30 08:29:53,281 [INFO] IPUIPlugin:80 - create IPUIPlugin
2026-07-30 08:29:53,281 [INFO] PluginManager:220 - loadIPPluginJar : add i3c
2026-07-30 08:29:53,283 [INFO] IPUIPlugin:80 - create IPUIPlugin
2026-07-30 08:29:53,283 [INFO] PluginManager:220 - loadIPPluginJar : add ipddr
2026-07-30 08:29:53,289 [INFO] IPUIPlugin:80 - create IPUIPlugin
2026-07-30 08:29:53,289 [INFO] PluginManager:220 - loadIPPluginJar : add linkedlist
2026-07-30 08:29:53,291 [INFO] IPUIPlugin:80 - create IPUIPlugin
2026-07-30 08:29:53,291 [INFO] PluginManager:220 - loadIPPluginJar : add lorawan
2026-07-30 08:29:53,292 [INFO] IPUIPlugin:80 - create IPUIPlugin
2026-07-30 08:29:53,292 [INFO] PluginManager:220 - loadIPPluginJar : add ltdc
2026-07-30 08:29:53,297 [INFO] IPUIPlugin:80 - create IPUIPlugin
2026-07-30 08:29:53,297 [INFO] PluginManager:220 - loadIPPluginJar : add mdma
2026-07-30 08:29:53,300 [INFO] IPUIPlugin:80 - create IPUIPlugin
2026-07-30 08:29:53,300 [INFO] PluginManager:220 - loadIPPluginJar : add nvic
2026-07-30 08:29:53,302 [INFO] IPUIPlugin:80 - create IPUIPlugin
2026-07-30 08:29:53,302 [INFO] PluginManager:220 - loadIPPluginJar : add opamp
2026-07-30 08:29:53,304 [INFO] IPUIPlugin:80 - create IPUIPlugin
2026-07-30 08:29:53,304 [INFO] PluginManager:220 - loadIPPluginJar : add openamp
2026-07-30 08:29:53,306 [INFO] IPUIPlugin:80 - create IPUIPlugin
2026-07-30 08:29:53,307 [INFO] PluginManager:220 - loadIPPluginJar : add pdm2pcm
2026-07-30 08:29:53,311 [INFO] IPUIPlugin:80 - create IPUIPlugin
2026-07-30 08:29:53,313 [INFO] PluginManager:220 - loadIPPluginJar : add plateformsettings
2026-07-30 08:29:53,315 [INFO] IPUIPlugin:80 - create IPUIPlugin
2026-07-30 08:29:53,315 [INFO] PluginManager:220 - loadIPPluginJar : add quadspi
2026-07-30 08:29:53,318 [INFO] IPUIPlugin:80 - create IPUIPlugin
2026-07-30 08:29:53,318 [INFO] PluginManager:220 - loadIPPluginJar : add resmgrutility
2026-07-30 08:29:53,320 [INFO] IPUIPlugin:80 - create IPUIPlugin
2026-07-30 08:29:53,320 [INFO] PluginManager:220 - loadIPPluginJar : add sai
2026-07-30 08:29:53,322 [INFO] IPUIPlugin:80 - create IPUIPlugin
2026-07-30 08:29:53,322 [INFO] PluginManager:220 - loadIPPluginJar : add spi
2026-07-30 08:29:53,325 [INFO] IPUIPlugin:80 - create IPUIPlugin
2026-07-30 08:29:53,325 [INFO] PluginManager:220 - loadIPPluginJar : add stm32_wpan
2026-07-30 08:29:53,326 [INFO] IPUIPlugin:80 - create IPUIPlugin
2026-07-30 08:29:53,326 [INFO] PluginManager:220 - loadIPPluginJar : add tim
2026-07-30 08:29:53,329 [INFO] IPUIPlugin:80 - create IPUIPlugin
2026-07-30 08:29:53,329 [INFO] PluginManager:220 - loadIPPluginJar : add touchsensing
2026-07-30 08:29:53,330 [INFO] IPUIPlugin:80 - create IPUIPlugin
2026-07-30 08:29:53,330 [INFO] PluginManager:220 - loadIPPluginJar : add tracer_emb
2026-07-30 08:29:53,331 [INFO] IPUIPlugin:80 - create IPUIPlugin
2026-07-30 08:29:53,331 [INFO] PluginManager:220 - loadIPPluginJar : add ts
2026-07-30 08:29:53,332 [INFO] IPUIPlugin:80 - create IPUIPlugin
2026-07-30 08:29:53,332 [INFO] PluginManager:220 - loadIPPluginJar : add tsc
2026-07-30 08:29:53,333 [INFO] IPUIPlugin:80 - create IPUIPlugin
2026-07-30 08:29:53,333 [INFO] PluginManager:220 - loadIPPluginJar : add ucpd
2026-07-30 08:29:53,335 [INFO] IPUIPlugin:80 - create IPUIPlugin
2026-07-30 08:29:53,335 [INFO] PluginManager:220 - loadIPPluginJar : add usart
2026-07-30 08:29:53,337 [INFO] IPUIPlugin:80 - create IPUIPlugin
2026-07-30 08:29:53,337 [INFO] PluginManager:220 - loadIPPluginJar : add usbx
2026-07-30 08:29:53,448 [INFO] CADModel:165 - CPN selected for project level
2026-07-30 08:29:53,449 [INFO] CADModel:114 - Register for checkConnection events
2026-07-30 08:29:53,449 [FATAL] Updater:308 - Updater called before beeing initialized
2026-07-30 08:29:53,449 [ERROR] CADModel:125 - Updater not yet initialized, retry later 
2026-07-30 08:29:53,566 [INFO] CADModel:165 - CPN selected for project level
2026-07-30 08:29:53,566 [INFO] CADModel:114 - Register for checkConnection events
2026-07-30 08:29:53,566 [FATAL] Updater:308 - Updater called before beeing initialized
2026-07-30 08:29:53,567 [ERROR] CADModel:125 - Updater not yet initialized, retry later 
2026-07-30 08:29:53,569 [FATAL] Updater:308 - Updater called before beeing initialized
2026-07-30 08:29:53,644 [FATAL] Updater:308 - Updater called before beeing initialized
2026-07-30 08:29:53,648 [INFO] DbMcusAds:53 - JSON generation date=Wed Jul 15 16:46:00 GMT+07:00 2026 (1784108760991)
2026-07-30 08:29:53,648 [FATAL] Updater:308 - Updater called before beeing initialized
2026-07-30 08:29:53,680 [WARN] DetailPanel:346 - Failed to get advertising image, set to default
2026-07-30 08:29:53,774 [FATAL] Updater:308 - Updater called before beeing initialized
2026-07-30 08:29:53,776 [FATAL] Updater:308 - Updater called before beeing initialized
2026-07-30 08:29:53,776 [FATAL] Updater:308 - Updater called before beeing initialized
2026-07-30 08:29:53,776 [WARN] DetailPanel:346 - Failed to get advertising image, set to default
2026-07-30 08:29:53,776 [FATAL] Updater:308 - Updater called before beeing initialized
2026-07-30 08:29:53,811 [ERROR] Updater:1120 - MainUpdater not yet initialized. External WinMGr cannot be set.
2026-07-30 08:29:53,813 [INFO] Updater:1056 - Updater Version found : 6.9.1
2026-07-30 08:29:53,830 [INFO] ApplicationProperties:184 - Using Application install path: C:\ST\STM32CubeIDE_1.13.1\STM32CubeIDE\plugins\com.st.stm32cube.common.mx_6.9.1.202307191849
2026-07-30 08:29:54,270 [INFO] MainUpdater:2868 - connection check result : 10
2026-07-30 08:29:54,271 [INFO] MainUpdater:285 - Updater Check For Update Now.
2026-07-30 08:29:54,271 [INFO] MicroXplorer:498 - Change Database Version : DB.6.0.91
2026-07-30 08:29:54,278 [INFO] McuFinderGlobals:63 - Set McuFinder mode to 2 (CubeIDE integrated)
2026-07-30 08:29:54,278 [INFO] UserAuth:179 - activating auth plugin
2026-07-30 08:29:54,280 [INFO] UserAuth:393 - Internet connection configuration mode: 1
2026-07-30 08:29:54,303 [INFO] JxBrowserEngine:151 - Initiate JxBrowser Engine with user profile folder
2026-07-30 08:29:54,443 [INFO] CheckServerUpdateThread:120 - End of CheckServer Thread
2026-07-30 08:29:54,872 [INFO] WebApp:157 - Instantiating new browser for Auth
2026-07-30 08:29:55,266 [INFO] WebApp:753 - Register for checkConnection events
2026-07-30 08:29:55,266 [INFO] WebApp:390 - Apply proxy settings
2026-07-30 08:29:55,266 [INFO] WebApp:475 - Chromium requires no authentication
2026-07-30 08:29:55,272 [INFO] WebApp:418 - Direct internet connection detected
2026-07-30 08:29:55,407 [INFO] WebApp:188 - Starting web application
2026-07-30 08:29:55,407 [INFO] WebApp:520 - Web application path used C:\ST\STM32CubeIDE_1.13.1\STM32CubeIDE\plugins\com.st.stm32cube.common.mx_6.9.1.202307191849\db\plugins\mcufinder\reactClient1\index.html
2026-07-30 08:29:55,993 [WARN] PackLoader:240 - Cannot read IP mode file for STMicroelectronics.FP-ATR-ASTRA1.2.0.3
2026-07-30 08:29:55,997 [WARN] PackLoader:240 - Cannot read IP mode file for STMicroelectronics.FP-ATR-ASTRA1.2.0.2
2026-07-30 08:29:56,001 [ERROR] Engine:466 - C:\Users\Admin\.stm32cubemx\thirdparties\pdsc\STMicroelectronics.X-CUBE-SMBUS.2.1.1.pdsc: PDSC version is not supported
2026-07-30 08:29:56,005 [WARN] PackLoader:240 - Cannot read IP mode file for STMicroelectronics.X-CUBE-SMBUS.2.1.0
2026-07-30 08:29:56,028 [WARN] PackLoader:240 - Cannot read IP mode file for STMicroelectronics.X-CUBE-AZRTOS-F7.1.1.0
2026-07-30 08:29:56,035 [ERROR] Engine:466 - C:\Users\Admin\.stm32cubemx\thirdparties\pdsc\STMicroelectronics.X-CUBE-FREERTOS.1.6.0.pdsc: PDSC version is not supported
2026-07-30 08:29:56,056 [WARN] PackLoader:240 - Cannot read IP mode file for STMicroelectronics.X-CUBE-AZRTOS-H7RS.1.3.0
2026-07-30 08:29:56,065 [ERROR] Engine:466 - C:\Users\Admin\.stm32cubemx\thirdparties\pdsc\WES.I-CUBE-Cesium.1.4.0.pdsc: PDSC version is not supported
2026-07-30 08:29:56,072 [WARN] PackLoader:240 - Cannot read IP mode file for STMicroelectronics.X-CUBE-DISPLAY.3.0.0
2026-07-30 08:29:56,081 [WARN] PackLoader:240 - Cannot read IP mode file for wolfSSL.I-CUBE-wolfSSL.5.9.1
2026-07-30 08:29:56,086 [WARN] PackLoader:240 - Cannot read IP mode file for emotas.I-CUBE-CANOPEN.1.3.0
2026-07-30 08:29:56,089 [ERROR] Engine:466 - C:\Users\Admin\.stm32cubemx\thirdparties\pdsc\STMicroelectronics.X-CUBE-WBA.1.1.0.pdsc: PDSC version is not supported
2026-07-30 08:29:56,098 [INFO] LogOutputStream:77 - [STDOUT_REDIRECT] 1 : Invalid condition id : UX_CORESTACK_Condition cause : null
2026-07-30 08:29:56,099 [INFO] LogOutputStream:77 - [STDOUT_REDIRECT] 1 : Invalid condition id : UX_CORESTACK_Condition cause : null
2026-07-30 08:29:56,100 [INFO] LogOutputStream:77 - [STDOUT_REDIRECT] 1 : Invalid condition id : UX_CORESTACK_Condition cause : null
2026-07-30 08:29:56,101 [INFO] LogOutputStream:77 - [STDOUT_REDIRECT] 1 : Invalid condition id : UX_CORESTACK_Condition cause : null
2026-07-30 08:29:56,102 [INFO] LogOutputStream:77 - [STDOUT_REDIRECT] 1 : Invalid condition id : UX_CORESTACK_Condition cause : null
2026-07-30 08:29:56,104 [WARN] PackLoader:240 - Cannot read IP mode file for STMicroelectronics.X-CUBE-AZRTOS-WL.2.0.0
2026-07-30 08:29:56,124 [WARN] PackLoader:240 - Cannot read IP mode file for STMicroelectronics.X-CUBE-AZRTOS-H7RS.1.2.0
2026-07-30 08:29:56,135 [WARN] PackLoader:240 - Cannot read IP mode file for STMicroelectronics.X-CUBE-BLE2.3.3.0
2026-07-30 08:29:56,138 [ERROR] Engine:466 - C:\Users\Admin\.stm32cubemx\thirdparties\pdsc\Avnet-IOTCONNECT.X-CUBE-iotc-st67-sdk.1.0.0.pdsc: PDSC version is not supported
2026-07-30 08:29:56,142 [ERROR] Engine:466 - C:\Users\Admin\.stm32cubemx\thirdparties\pdsc\Infineon.AIROC-Wi-Fi-Bluetooth-STM32.1.8.0.pdsc: PDSC version is not supported
2026-07-30 08:29:56,146 [WARN] PackLoader:240 - Cannot read IP mode file for wolfSSL.I-CUBE-wolfMQTT.1.19.2
2026-07-30 08:29:56,158 [WARN] PackLoader:240 - Cannot read IP mode file for STMicroelectronics.X-CUBE-AZRTOS-G0.1.1.0
2026-07-30 08:29:56,165 [WARN] PackLoader:240 - Cannot read IP mode file for STMicroelectronics.X-CUBE-NFC4.3.0.0
2026-07-30 08:29:56,169 [ERROR] Engine:466 - C:\Users\Admin\.stm32cubemx\thirdparties\pdsc\EmbeddedOffice.I-CUBE-FS-RTOS.1.0.1.pdsc: PDSC version is not supported
2026-07-30 08:29:56,172 [WARN] PackLoader:240 - Cannot read IP mode file for wolfSSL.I-CUBE-wolfTPM.3.8.0
2026-07-30 08:29:56,174 [ERROR] Engine:466 - C:\Users\Admin\.stm32cubemx\thirdparties\pdsc\RealThread.X-CUBE-RT-Thread_Nano.4.1.1.pdsc: PDSC version is not supported
2026-07-30 08:29:56,178 [WARN] PackLoader:240 - Cannot read IP mode file for STMicroelectronics.FP-ATR-SIGFOX1.3.2.0
2026-07-30 08:29:56,181 [ERROR] Engine:466 - C:\Users\Admin\.stm32cubemx\thirdparties\pdsc\STMicroelectronics.X-CUBE-FREERTOS.1.5.0.pdsc: PDSC version is not supported
2026-07-30 08:29:56,186 [WARN] PackLoader:240 - Cannot read IP mode file for ITTIA_DB.I-CUBE-ITTIADB.8.9.0
2026-07-30 08:29:56,188 [ERROR] Engine:466 - C:\Users\Admin\.stm32cubemx\thirdparties\pdsc\Cesanta.I-CUBE-Mongoose.7.21.7.pdsc: PDSC version is not supported
2026-07-30 08:29:56,192 [WARN] PackLoader:240 - Cannot read IP mode file for STMicroelectronics.X-CUBE-AI.10.2.1
2026-07-30 08:29:56,233 [WARN] PackLoader:240 - Cannot read IP mode file for STMicroelectronics.X-CUBE-MEMS1.12.1.0
2026-07-30 08:29:56,333 [WARN] PackLoader:240 - Cannot read IP mode file for SEGGER.I-CUBE-embOS.1.3.1
2026-07-30 08:29:56,362 [WARN] PackLoader:240 - Cannot read IP mode file for STMicroelectronics.X-CUBE-ALGOBUILD.1.4.0
2026-07-30 08:29:56,368 [WARN] PackLoader:240 - Cannot read IP mode file for STMicroelectronics.X-CUBE-NFC13.1.0.0
2026-07-30 08:29:56,383 [WARN] PackLoader:240 - Cannot read IP mode file for STMicroelectronics.X-CUBE-AZRTOS-F4.1.1.0
2026-07-30 08:29:56,394 [ERROR] Engine:466 - C:\Users\Admin\.stm32cubemx\thirdparties\pdsc\STMicroelectronics.eDS-WB_DPC_TT-BIDIR.2.1.1.pdsc: PDSC version is not supported
2026-07-30 08:29:56,401 [WARN] PackLoader:240 - Cannot read IP mode file for STMicroelectronics.X-CUBE-ALGOBUILD.1.5.0
2026-07-30 08:29:56,454 [WARN] PackLoader:240 - Cannot read IP mode file for STMicroelectronics.X-CUBE-MEMS1.13.0.0
2026-07-30 08:29:56,547 [ERROR] Engine:466 - C:\Users\Admin\.stm32cubemx\thirdparties\pdsc\STMicroelectronics.eDS-WB_DPC_3PH2L-BIDIR.1.1.1.pdsc: PDSC version is not supported
2026-07-30 08:29:56,553 [WARN] PackLoader:240 - Cannot read IP mode file for STMicroelectronics.X-CUBE-TOUCHGFX.4.26.1
2026-07-30 08:29:56,565 [WARN] ConditionMgr:438 - getConditionDescription Invalid condition id : LAN8742 Phy interface Condition cause : null
2026-07-30 08:29:56,566 [WARN] PackLoader:240 - Cannot read IP mode file for STMicroelectronics.X-CUBE-AZRTOS-L4.2.0.0
2026-07-30 08:29:56,567 [WARN] ConditionMgr:1039 - genDependencies : Invalid condition id : LAN8742 Phy interface Condition cause : null
2026-07-30 08:29:56,568 [WARN] ConditionMgr:1039 - genDependencies : Invalid condition id : LAN8742 Phy interface Condition cause : null
2026-07-30 08:29:56,568 [WARN] ConditionMgr:1039 - genDependencies : Invalid condition id : LAN8742 Phy interface Condition cause : null
2026-07-30 08:29:56,578 [WARN] PackLoader:240 - Cannot read IP mode file for STMicroelectronics.X-CUBE-SFXS2LP1.4.0.0
2026-07-30 08:29:56,581 [ERROR] Engine:466 - C:\Users\Admin\.stm32cubemx\thirdparties\pdsc\quantropi.X-CUBE-qispace-sdk-base.2.1.0.pdsc: PDSC version is not supported
2026-07-30 08:29:56,589 [WARN] PackLoader:240 - Cannot read IP mode file for STMicroelectronics.X-CUBE-SUBG2.5.0.0
2026-07-30 08:29:56,608 [WARN] PackLoader:240 - Cannot read IP mode file for STMicroelectronics.X-CUBE-AZRTOS-G4.2.0.0
2026-07-30 08:29:56,615 [WARN] PackLoader:240 - Cannot read IP mode file for wolfSSL.I-CUBE-wolfSSH.1.4.20
2026-07-30 08:29:56,617 [INFO] ThirdParty:978 - Integrity check success = true
2026-07-30 08:29:56,617 [INFO] IntegrityCheckThread:100 - exiting critical section [integrity check]
2026-07-30 08:29:56,617 [INFO] IntegrityCheckThread:103 - End integrity checks thread
2026-07-30 08:30:16,013 [ERROR] LogOutputStream:75 - [STDERR_REDIRECT] SLF4J: Failed to load class "org.slf4j.impl.StaticLoggerBinder".
2026-07-30 08:30:16,013 [ERROR] LogOutputStream:75 - [STDERR_REDIRECT] SLF4J: Defaulting to no-operation (NOP) logger implementation
2026-07-30 08:30:16,014 [ERROR] LogOutputStream:75 - [STDERR_REDIRECT] SLF4J: See http://www.slf4j.org/codes.html#StaticLoggerBinder for further details.
2026-07-30 08:32:48,291 [INFO] McuFinderGlobals:63 - Set McuFinder mode to 2 (CubeIDE integrated)
2026-07-30 08:32:48,295 [INFO] MainUpdater:2868 - connection check result : 10
2026-07-30 08:32:48,296 [INFO] MainUpdater:2868 - connection check result : 10
2026-07-30 08:32:48,317 [INFO] MicroXplorer:468 - Change Database Path : 
2026-07-30 08:32:48,317 [INFO] MicroXplorer:498 - Change Database Version : DB.6.0.91
2026-07-30 08:32:48,320 [WARN] ThirdParty:871 - waiting for thirdparty lock release [close project]
2026-07-30 08:32:48,320 [INFO] ThirdParty:873 - entering critical section [close project]
2026-07-30 08:32:48,321 [INFO] ThirdParty:883 - exiting critical section [close project]
2026-07-30 08:32:48,322 [INFO] PinOutPanel:1499 - setPackage(No Configuration,No Configuration)
2026-07-30 08:32:48,326 [INFO] UtilMem:75 - Begin LoadConfig() Used Memory: 867842752 Bytes (1073741824)
2026-07-30 08:32:48,326 [INFO] MicroXplorer:468 - Change Database Path : 
2026-07-30 08:32:48,327 [INFO] MicroXplorer:498 - Change Database Version : DB.6.0.91
2026-07-30 08:32:48,327 [INFO] OpenFileManager:308 - Change cursor
2026-07-30 08:32:48,343 [INFO] Mcu:1946 - Initializing MCU STM32F411C(C-E)Ux STM32F411CEUx STM32F411CEU6
2026-07-30 08:32:49,256 [INFO] Context:659 - Trying to add GPIOservice into a context  which must be forbidden
2026-07-30 08:32:49,566 [INFO] RtosManager:555 - Registered RTOS mode: class=CMSIS, group=RTOS, mode=CMSIS_V1, owner=FREERTOS
2026-07-30 08:32:49,567 [INFO] RtosManager:555 - Registered RTOS mode: class=CMSIS, group=RTOS2, mode=CMSIS_V2, owner=FREERTOS
2026-07-30 08:32:49,567 [INFO] RtosManager:555 - Registered RTOS mode: class=RTOS, group=Core, mode=CMSIS_V1, owner=FREERTOS
2026-07-30 08:32:49,567 [INFO] RtosManager:555 - Registered RTOS mode: class=RTOS, group=Core, mode=CMSIS_V2, owner=FREERTOS
2026-07-30 08:32:49,567 [WARN] ModelIntegratedComponent:184 - Missing modes for component STMicroelectronics:FreeRTOS:0.0.1:STMicroelectronics:RTOS:FreeRTOS:Core:::10.2.0:
2026-07-30 08:32:49,612 [WARN] ModelIntegratedComponent:182 - Modes not found for component STMicroelectronics:USB_HOST:1.0.0:STMicroelectronics:USB::USB Host:Audio HS::1.0:USB_HOST_1_0_RESTRICTED_HS
2026-07-30 08:32:49,612 [WARN] ModelIntegratedComponent:188 - Modes not found for component STMicroelectronics:USB_HOST:1.0.0:STMicroelectronics:USB::USB Host:Audio HS::1.0:USB_HOST_1_0_RESTRICTED_HS
2026-07-30 08:32:49,613 [WARN] ModelIntegratedComponent:182 - Modes not found for component STMicroelectronics:USB_HOST:1.0.0:STMicroelectronics:USB::USB Host:CDC HS::1.0:USB_HOST_1_0_RESTRICTED_HS
2026-07-30 08:32:49,613 [WARN] ModelIntegratedComponent:188 - Modes not found for component STMicroelectronics:USB_HOST:1.0.0:STMicroelectronics:USB::USB Host:CDC HS::1.0:USB_HOST_1_0_RESTRICTED_HS
2026-07-30 08:32:49,613 [WARN] ModelIntegratedComponent:182 - Modes not found for component STMicroelectronics:USB_HOST:1.0.0:STMicroelectronics:USB::USB Host:MSC HS::1.0:USB_HOST_1_0_RESTRICTED_HS
2026-07-30 08:32:49,613 [WARN] ModelIntegratedComponent:188 - Modes not found for component STMicroelectronics:USB_HOST:1.0.0:STMicroelectronics:USB::USB Host:MSC HS::1.0:USB_HOST_1_0_RESTRICTED_HS
2026-07-30 08:32:49,613 [WARN] ModelIntegratedComponent:182 - Modes not found for component STMicroelectronics:USB_HOST:1.0.0:STMicroelectronics:USB::USB Host:HID HS::1.0:USB_HOST_1_0_RESTRICTED_HS
2026-07-30 08:32:49,613 [WARN] ModelIntegratedComponent:188 - Modes not found for component STMicroelectronics:USB_HOST:1.0.0:STMicroelectronics:USB::USB Host:HID HS::1.0:USB_HOST_1_0_RESTRICTED_HS
2026-07-30 08:32:49,613 [WARN] ModelIntegratedComponent:182 - Modes not found for component STMicroelectronics:USB_HOST:1.0.0:STMicroelectronics:USB::USB Host:MTP HS::1.0:USB_HOST_1_0_RESTRICTED_HS
2026-07-30 08:32:49,613 [WARN] ModelIntegratedComponent:188 - Modes not found for component STMicroelectronics:USB_HOST:1.0.0:STMicroelectronics:USB::USB Host:MTP HS::1.0:USB_HOST_1_0_RESTRICTED_HS
2026-07-30 08:32:49,617 [WARN] ModelIntegratedComponent:63 - No mode defined for component null
2026-07-30 08:32:49,617 [WARN] ModelIntegratedComponent:63 - No mode defined for component null
2026-07-30 08:32:49,617 [WARN] ModelIntegratedComponent:63 - No mode defined for component null
2026-07-30 08:32:49,617 [WARN] ModelIntegratedComponent:63 - No mode defined for component null
2026-07-30 08:32:49,617 [WARN] ModelIntegratedComponent:63 - No mode defined for component null
2026-07-30 08:32:49,617 [WARN] ModelIntegratedComponent:63 - No mode defined for component null
2026-07-30 08:32:49,617 [WARN] ModelIntegratedComponent:63 - No mode defined for component null
2026-07-30 08:32:49,617 [WARN] ModelIntegratedComponent:63 - No mode defined for component null
2026-07-30 08:32:49,617 [WARN] ModelIntegratedComponent:63 - No mode defined for component null
2026-07-30 08:32:49,617 [WARN] ModelIntegratedComponent:63 - No mode defined for component null
2026-07-30 08:32:49,617 [WARN] ModelIntegratedComponent:63 - No mode defined for component null
2026-07-30 08:32:49,617 [WARN] ModelIntegratedComponent:63 - No mode defined for component null
2026-07-30 08:32:49,617 [WARN] ModelIntegratedComponent:63 - No mode defined for component null
2026-07-30 08:32:49,617 [WARN] ModelIntegratedComponent:63 - No mode defined for component null
2026-07-30 08:32:49,617 [WARN] ModelIntegratedComponent:63 - No mode defined for component null
2026-07-30 08:32:49,617 [WARN] ModelIntegratedComponent:63 - No mode defined for component null
2026-07-30 08:32:49,617 [WARN] ModelIntegratedComponent:63 - No mode defined for component null
2026-07-30 08:32:49,617 [WARN] ModelIntegratedComponent:63 - No mode defined for component null
2026-07-30 08:32:49,617 [WARN] ModelIntegratedComponent:63 - No mode defined for component null
2026-07-30 08:32:49,617 [WARN] ModelIntegratedComponent:63 - No mode defined for component null
2026-07-30 08:32:49,618 [WARN] ModelIntegratedComponent:63 - No mode defined for component null
2026-07-30 08:32:49,618 [WARN] ModelIntegratedComponent:63 - No mode defined for component null
2026-07-30 08:32:49,618 [WARN] ModelIntegratedComponent:63 - No mode defined for component null
2026-07-30 08:32:49,618 [WARN] ModelIntegratedComponent:63 - No mode defined for component null
2026-07-30 08:32:49,618 [WARN] ModelIntegratedComponent:63 - No mode defined for component null
2026-07-30 08:32:49,618 [WARN] ModelIntegratedComponent:63 - No mode defined for component null
2026-07-30 08:32:49,618 [WARN] ModelIntegratedComponent:63 - No mode defined for component null
2026-07-30 08:32:49,618 [WARN] ModelIntegratedComponent:63 - No mode defined for component null
2026-07-30 08:32:49,618 [WARN] ModelIntegratedComponent:63 - No mode defined for component null
2026-07-30 08:32:49,618 [WARN] ModelIntegratedComponent:63 - No mode defined for component null
2026-07-30 08:32:49,618 [WARN] ModelIntegratedComponent:63 - No mode defined for component null
2026-07-30 08:32:49,618 [WARN] ModelIntegratedComponent:63 - No mode defined for component null
2026-07-30 08:32:49,618 [WARN] ModelIntegratedComponent:63 - No mode defined for component null
2026-07-30 08:32:49,667 [WARN] ModelIntegratedComponent:182 - Modes not found for component STMicroelectronics:USB_DEVICE:1.0.0:STMicroelectronics:USB::USB Device:Audio HS::1.0:USB_DEVICE_1_0_RESTRICTED_HS
2026-07-30 08:32:49,667 [WARN] ModelIntegratedComponent:188 - Modes not found for component STMicroelectronics:USB_DEVICE:1.0.0:STMicroelectronics:USB::USB Device:Audio HS::1.0:USB_DEVICE_1_0_RESTRICTED_HS
2026-07-30 08:32:49,667 [WARN] ModelIntegratedComponent:182 - Modes not found for component STMicroelectronics:USB_DEVICE:1.0.0:STMicroelectronics:USB::USB Device:CDC HS::1.0:USB_DEVICE_1_0_RESTRICTED_HS
2026-07-30 08:32:49,667 [WARN] ModelIntegratedComponent:188 - Modes not found for component STMicroelectronics:USB_DEVICE:1.0.0:STMicroelectronics:USB::USB Device:CDC HS::1.0:USB_DEVICE_1_0_RESTRICTED_HS
2026-07-30 08:32:49,667 [WARN] ModelIntegratedComponent:182 - Modes not found for component STMicroelectronics:USB_DEVICE:1.0.0:STMicroelectronics:USB::USB Device:DFU HS::1.0:USB_DEVICE_1_0_RESTRICTED_HS
2026-07-30 08:32:49,667 [WARN] ModelIntegratedComponent:188 - Modes not found for component STMicroelectronics:USB_DEVICE:1.0.0:STMicroelectronics:USB::USB Device:DFU HS::1.0:USB_DEVICE_1_0_RESTRICTED_HS
2026-07-30 08:32:49,667 [WARN] ModelIntegratedComponent:182 - Modes not found for component STMicroelectronics:USB_DEVICE:1.0.0:STMicroelectronics:USB::USB Device:HID HS::1.0:USB_DEVICE_1_0_RESTRICTED_HS
2026-07-30 08:32:49,667 [WARN] ModelIntegratedComponent:188 - Modes not found for component STMicroelectronics:USB_DEVICE:1.0.0:STMicroelectronics:USB::USB Device:HID HS::1.0:USB_DEVICE_1_0_RESTRICTED_HS
2026-07-30 08:32:49,668 [WARN] ModelIntegratedComponent:182 - Modes not found for component STMicroelectronics:USB_DEVICE:1.0.0:STMicroelectronics:USB::USB Device:Custom HID HS::1.0:USB_DEVICE_1_0_RESTRICTED_HS
2026-07-30 08:32:49,668 [WARN] ModelIntegratedComponent:188 - Modes not found for component STMicroelectronics:USB_DEVICE:1.0.0:STMicroelectronics:USB::USB Device:Custom HID HS::1.0:USB_DEVICE_1_0_RESTRICTED_HS
2026-07-30 08:32:49,668 [WARN] ModelIntegratedComponent:182 - Modes not found for component STMicroelectronics:USB_DEVICE:1.0.0:STMicroelectronics:USB::USB Device:MSC HS::1.0:USB_DEVICE_1_0_RESTRICTED_HS
2026-07-30 08:32:49,668 [WARN] ModelIntegratedComponent:188 - Modes not found for component STMicroelectronics:USB_DEVICE:1.0.0:STMicroelectronics:USB::USB Device:MSC HS::1.0:USB_DEVICE_1_0_RESTRICTED_HS
2026-07-30 08:32:49,676 [INFO] ThirdPartyModel:298 - Start build external matchings
2026-07-30 08:32:49,833 [INFO] ThirdPartyModel:316 - End build external matchings
2026-07-30 08:32:50,004 [INFO] UtilMem:75 - End LoadConfig() Used Memory: 779506984 Bytes (1073741824)
2026-07-30 08:32:50,063 [INFO] ApiDb:581 - Connected to CubeFinder SQLite database (C:\Users\Admin\.stmcufinder\plugins\mcufinder\mcu\cube-finder-db.db)
2026-07-30 08:32:50,150 [INFO] ApiDb:668 - CubeFinder database Data Model version=2.1
2026-07-30 08:32:50,150 [INFO] ApiDb:669 - CubeFinder database Configuration version=3.0.42
2026-07-30 08:32:50,151 [INFO] ApiDb:670 - CubeFinder database generation date=2026-06-23 (1782213372)
2026-07-30 08:32:50,151 [INFO] ApiDb:671 - CubeFinder database FW Pack versions=[FP-ATR-ASTRA1_V2.0.0, FP-SNS-FLIGHT1_V5.1.0, FP-SNS-MOTENV1_V5.1.0, FP-SNS-MOTENVWB1_V1.5.0, FP-SNS-SMARTAG2_V1.2.0, FP-SNS-STBOX1_V2.1.0, STM32Cube_FW_C0_V1.4.0, STM32Cube_FW_F4_V1.28.3, STM32Cube_FW_F7_V1.17.4, STM32Cube_FW_G0_V1.6.3, STM32Cube_FW_G4_V1.6.2, STM32Cube_FW_H5_V1.7.0, STM32Cube_FW_H7RS_V1.3.0, STM32Cube_FW_H7_V1.13.0, STM32Cube_FW_L0_V1.12.2, STM32Cube_FW_L4_V1.18.2, STM32Cube_FW_L5_V1.6.0, STM32Cube_FW_N6_V1.4.0, STM32Cube_FW_U0_V1.3.0, STM32Cube_FW_U3_V1.4.0, STM32Cube_FW_U5_V1.9.0, STM32Cube_FW_WB0_V1.5.0, STM32Cube_FW_WBA_V1.10.0, STM32Cube_FW_WB_V1.24.0, STM32Cube_FW_WL3_V1.5.0, STM32Cube_FW_WL_V1.6.0, X-CUBE-ALGOBUILD_V1.5.0, X-CUBE-ALS_V1.0.2, X-CUBE-AZRTOS-F4_V1.1.0, X-CUBE-AZRTOS-F7_V1.1.0, X-CUBE-AZRTOS-G0_V1.1.0, X-CUBE-AZRTOS-G4_V2.0.0, X-CUBE-AZRTOS-H7RS_V1.1.0, X-CUBE-AZRTOS-H7_V3.5.0, X-CUBE-AZRTOS-L4_V2.0.0, X-CUBE-AZRTOS-L5_V2.0.0, X-CUBE-AZRTOS-WB_V2.0.0, X-CUBE-AZRTOS-WL_V2.0.0, X-CUBE-BLE1_V7.1.0, X-CUBE-BLE2_V3.3.0, X-CUBE-BLEMGR_V4.1.0, X-CUBE-EEPRMA1_V5.2.0, X-CUBE-FREERTOS_V1.5.0, X-CUBE-GNSS1_V7.1.1, X-CUBE-MEMS1_V12.1.0, X-CUBE-NFC4_V3.0.0, X-CUBE-NFC7_V2.0.0, X-CUBE-SFXS2LP1_V4.0.0, X-CUBE-ST67W61_V1.3.0, X-CUBE-SUBG2_V5.0.0, X-CUBE-TOF1_V3.4.3]
2026-07-30 08:32:52,652 [INFO] ApiDb:240 - Found 323 in-development CPN: [B-G473E-ZEST1S, B-WB1M-WPAN1, B-WL5M-SUBG1, NUCLEO-C031C6, NUCLEO-H503RB, NUCLEO-H563ZI, NUCLEO-U545RE-Q, NUCLEO-U5A5ZJ-Q, NUCLEO-WBA52CG, STEVAL-PROTEUS1, STEVAL-SMARTAG2, STEVAL-STWINBX1, STM320518-EVAL, STM32C0116-DK, STM32C011D6Y3TR, STM32C011D6Y6TR, STM32C011F4P3, STM32C011F4P6, STM32C011F4U3, STM32C011F4U6TR, STM32C011F6P3, STM32C011F6P6, STM32C011F6U3, STM32C011F6U6TR, STM32C011J4M3, STM32C011J4M6, STM32C011J6M3, STM32C011J6M6, STM32C0316-DK, STM32C031C4T3, STM32C031C4T6, STM32C031C4U3, STM32C031C4U6, STM32C031C6T3, STM32C031C6T6, STM32C031C6U3, STM32C031C6U6, STM32C031F4P3, STM32C031F4P6, STM32C031F6P3, STM32C031F6P6, STM32C031G4U3, STM32C031G4U6, STM32C031G6U3, STM32C031G6U6, STM32C031K4T3, STM32C031K4T6, STM32C031K4U3, STM32C031K4U6, STM32C031K6T3, STM32C031K6T6, STM32C031K6U3, STM32C031K6U6, STM32G071K8TXN, STM32G071K8UXN, STM32G081GBU6N, STM32G081KBT6N, STM32G081KBUXN, STM32G0B1CCT6N, STM32G0B1KCT6, STM32G0B1NEY6TR, STM32G0B1RCT6N, STM32G0C1CCT6, STM32G0C1CCT6N, STM32G0C1CCU6N, STM32G0C1CET6N, STM32G0C1CEU6N, STM32G0C1KCT6, STM32G0C1NEY6TR, STM32G0C1RCI6N, STM32G0C1RCT6N, STM32G0C1REI6N, STM32G0C1RET6N, STM32G0C1VCI6, STM32G0C1VEI6, STM32G471CCT6, STM32G471CCU6, STM32G471CET3, STM32G471CET6, STM32G471CEU3, STM32G471CEU6, STM32G471MCT6, STM32G471MET3, STM32G471MET6, STM32G471MEY6TR, STM32G471QCT6, STM32G471QET3, STM32G471RCT6, STM32G471RET3, STM32G471RET6, STM32G471VCH6, STM32G471VCI6, STM32G471VCT6, STM32G471VEH3, STM32G471VEH6, STM32G471VEI3, STM32G471VEI6, STM32G471VET3, STM32G471VET6, STM32G474CCT6, STM32H503CBT6, STM32H503CBU6, STM32H503EBY6TR, STM32H503KBU6, STM32H503RBT6, STM32H562AGI6, STM32H562AII6, STM32H562IGK6, STM32H562IGT6, STM32H562IIK6, STM32H562IIT6, STM32H562RGT6, STM32H562RGV6, STM32H562RIT6, STM32H562RIV6, STM32H562VGT6, STM32H562VIT6, STM32H562ZGT6, STM32H562ZIT6, STM32H563AGI6, STM32H563AII3Q, STM32H563AII6, STM32H563IGK6, STM32H563IGT6, STM32H563IIK3Q, STM32H563IIK6, STM32H563IIT3Q, STM32H563IIT6, STM32H563MIY3QTR, STM32H563RGT6, STM32H563RGV6, STM32H563RIT6, STM32H563RIV6, STM32H563VGT6, STM32H563VIT3Q, STM32H563VIT6, STM32H563ZGT6, STM32H563ZIT3Q, STM32H563ZIT6, STM32H573AII3Q, STM32H573AII6, STM32H573I-DK, STM32H573IIK3Q, STM32H573IIK6, STM32H573IIT3Q, STM32H573IIT6, STM32H573MIY3QTR, STM32H573RIT6, STM32H573RIV6, STM32H573VIT3Q, STM32H573VIT6, STM32H573ZIT3Q, STM32H573ZIT6, STM32L4R5QGI6STR, STM32MP131AAE3, STM32MP131AAF3, STM32MP131AAG3, STM32MP131CAE3, STM32MP131CAF3, STM32MP131CAG3, STM32MP131DAE7, STM32MP131DAF7, STM32MP131DAG7, STM32MP131FAE7, STM32MP131FAF7, STM32MP131FAG7, STM32MP133AAE3, STM32MP133AAF3, STM32MP133AAG3, STM32MP133CAE3, STM32MP133CAF3, STM32MP133CAG3, STM32MP133DAE7, STM32MP133DAF7, STM32MP133DAG7, STM32MP133FAE7, STM32MP133FAF7, STM32MP133FAG7, STM32MP135AAE3, STM32MP135AAF3, STM32MP135AAG3, STM32MP135CAE3, STM32MP135CAF3, STM32MP135CAG3, STM32MP135DAE7, STM32MP135DAF7, STM32MP135DAG7, STM32MP135F-DK, STM32MP135FAE7, STM32MP135FAF7, STM32MP135FAF7T, STM32MP135FAF7U, STM32MP135FAG7, STM32U535CBT6, STM32U535CBT6Q, STM32U535CBU6, STM32U535CBU6Q, STM32U535CCT6, STM32U535CCT6Q, STM32U535CCU6, STM32U535CCU6Q, STM32U535CET6, STM32U535CET6Q, STM32U535CEU6, STM32U535CEU6Q, STM32U535JEY6QTR, STM32U535NCY6QTR, STM32U535NEY6QTR, STM32U535RBI6, STM32U535RBI6Q, STM32U535RBT6, STM32U535RBT6Q, STM32U535RCI6, STM32U535RCI6Q, STM32U535RCT6, STM32U535RCT6Q, STM32U535REI6, STM32U535REI6Q, STM32U535RET6, STM32U535RET6Q, STM32U535VCI6, STM32U535VCI6Q, STM32U535VCT6, STM32U535VCT6Q, STM32U535VEI6, STM32U535VEI6Q, STM32U535VET6, STM32U535VET6Q, STM32U545CET6, STM32U545CET6Q, STM32U545CEU6, STM32U545CEU6Q, STM32U545JEY6QTR, STM32U545NEY6QTR, STM32U545REI6, STM32U545REI6Q, STM32U545RET6, STM32U545RET6Q, STM32U545VEI6, STM32U545VEI6Q, STM32U545VET6, STM32U545VET6Q, STM32U595AIH6, STM32U595AIH6Q, STM32U595AJH6, STM32U595AJH6Q, STM32U595QII6, STM32U595QII6Q, STM32U595QJI6, STM32U595QJI6Q, STM32U595RIT6, STM32U595RIT6Q, STM32U595RJT6, STM32U595RJT6Q, STM32U595VIT6, STM32U595VIT6Q, STM32U595VJT6, STM32U595VJT6Q, STM32U595ZIT6, STM32U595ZIT6Q, STM32U595ZIY6QTR, STM32U595ZJT6, STM32U595ZJT6Q, STM32U595ZJY6QTR, STM32U599BJY6QTR, STM32U599NIH6Q, STM32U599NJH6Q, STM32U599VIT6Q, STM32U599VJT6, STM32U599VJT6Q, STM32U599ZIT6Q, STM32U599ZIY6QTR, STM32U599ZJT6Q, STM32U599ZJY6QTR, STM32U5A5AJH6, STM32U5A5AJH6Q, STM32U5A5QJI6, STM32U5A5QJI6Q, STM32U5A5RJT6, STM32U5A5RJT6Q, STM32U5A5VJT6, STM32U5A5VJT6Q, STM32U5A5ZJT6, STM32U5A5ZJT6Q, STM32U5A5ZJY6QTR, STM32U5A9BJY6QTR, STM32U5A9J-DK, STM32U5A9NJH6Q, STM32U5A9VJT6Q, STM32U5A9ZJT6Q, STM32U5A9ZJY6QTR, STM32U5F7VIT6, STM32U5F7VIT6Q, STM32U5F7VJT6, STM32U5F7VJT6Q, STM32U5F9BJY6QTR, STM32U5F9NJH6Q, STM32U5F9VIT6Q, STM32U5F9VJT6Q, STM32U5F9ZIJ6QTR, STM32U5F9ZIT6Q, STM32U5F9ZJJ6QTR, STM32U5F9ZJT6Q, STM32U5G7VJT6, STM32U5G7VJT6Q, STM32U5G9BJY6QTR, STM32U5G9J-DK1, STM32U5G9J-DK2, STM32U5G9NJH6Q, STM32U5G9VJT6Q, STM32U5G9ZJJ6QTR, STM32U5G9ZJT6Q, STM32WB1MMCH6, STM32WBA52CEU6, STM32WBA52CEU6T, STM32WBA52CGU6, STM32WBA52CGU6T, STM32WBA52KEU6, STM32WBA52KEU6T, STM32WBA52KGU6, STM32WBA52KGU6T, STM32WL5MOCH6, STM32WL5MOCH6TR]
2026-07-30 08:32:52,656 [INFO] DbMcus:217 - Found 5228 MCUs, 5075 are supported
2026-07-30 08:32:52,657 [INFO] ApiDb:423 - Load user favorites file C:\Users\Admin/.stm32cubeide/favorites.mcus.txt: 4 item(s)
2026-07-30 08:32:52,657 [INFO] ApiDb:427 - User favorites MCUs=[STM32F103C8T6, STM32F405RGT6, STM32F411CEU6, STM32H523CET6]
2026-07-30 08:32:52,657 [INFO] DbMcus:223 - Set 4 / 4 favorites MCUs
2026-07-30 08:32:53,063 [WARN] ThirdParty:833 - waiting for thirdparty lock release [change project]
2026-07-30 08:32:53,063 [INFO] ThirdParty:835 - entering critical section [change project]
2026-07-30 08:32:53,063 [INFO] ThirdParty:1030 - CMSIS Pack Vendor :STMicroelectronics USBPD 4.1
2026-07-30 08:32:53,063 [INFO] ThirdParty:1030 - CMSIS Pack Vendor :STMicroelectronics USB_HOST 2.0.0
2026-07-30 08:32:53,063 [INFO] ThirdParty:1030 - CMSIS Pack Vendor :STMicroelectronics FP-ATR-ASTRA1 2.0.3
2026-07-30 08:32:53,063 [INFO] ThirdParty:1030 - CMSIS Pack Vendor :STMicroelectronics X-CUBE-AZRTOS-F4 1.1.0
2026-07-30 08:32:53,063 [INFO] ThirdParty:1030 - CMSIS Pack Vendor :STMicroelectronics LIBJPEG 8.0.0
2026-07-30 08:32:53,063 [INFO] ThirdParty:1030 - CMSIS Pack Vendor :STMicroelectronics FP-ATR-ASTRA1 2.0.2
2026-07-30 08:32:53,063 [INFO] ThirdParty:1030 - CMSIS Pack Vendor :STMicroelectronics X-CUBE-SMBUS 2.1.0
2026-07-30 08:32:53,063 [INFO] ThirdParty:1030 - CMSIS Pack Vendor :wolfSSL I-CUBE-wolfMQTT 1.19.2
2026-07-30 08:32:53,063 [INFO] ThirdParty:1030 - CMSIS Pack Vendor :STMicroelectronics USB_DEVICE 3.0.0
2026-07-30 08:32:53,063 [INFO] ThirdParty:1030 - CMSIS Pack Vendor :STMicroelectronics X-CUBE-AZRTOS-F7 1.1.0
2026-07-30 08:32:53,063 [INFO] ThirdParty:1030 - CMSIS Pack Vendor :STMicroelectronics USB_DEVICE 2.0.0
2026-07-30 08:32:53,063 [INFO] ThirdParty:1030 - CMSIS Pack Vendor :STMicroelectronics X-CUBE-ALGOBUILD 1.5.0
2026-07-30 08:32:53,063 [INFO] ThirdParty:1030 - CMSIS Pack Vendor :STMicroelectronics FreeRTOS 0.0.1
2026-07-30 08:32:53,063 [INFO] ThirdParty:1030 - CMSIS Pack Vendor :STMicroelectronics X-CUBE-AZRTOS-H7RS 1.3.0
2026-07-30 08:32:53,063 [INFO] ThirdParty:1030 - CMSIS Pack Vendor :STMicroelectronics X-CUBE-AZRTOS-G0 1.1.0
2026-07-30 08:32:53,063 [INFO] ThirdParty:1030 - CMSIS Pack Vendor :STMicroelectronics X-CUBE-NFC4 3.0.0
2026-07-30 08:32:53,063 [INFO] ThirdParty:1030 - CMSIS Pack Vendor :STMicroelectronics X-CUBE-SUBG2 5.0.0
2026-07-30 08:32:53,063 [INFO] ThirdParty:1030 - CMSIS Pack Vendor :STMicroelectronics STM32_WPAN 1.0.0
2026-07-30 08:32:53,063 [INFO] ThirdParty:1030 - CMSIS Pack Vendor :STMicroelectronics lwIP 2.0.3
2026-07-30 08:32:53,063 [INFO] ThirdParty:1030 - CMSIS Pack Vendor :STMicroelectronics X-CUBE-MEMS1 13.0.0
2026-07-30 08:32:53,063 [INFO] ThirdParty:1030 - CMSIS Pack Vendor :STMicroelectronics USB_HOST 1.0.0
2026-07-30 08:32:53,063 [INFO] ThirdParty:1030 - CMSIS Pack Vendor :STMicroelectronics X-CUBE-AZRTOS-G4 2.0.0
2026-07-30 08:32:53,063 [INFO] ThirdParty:1030 - CMSIS Pack Vendor :STMicroelectronics PDM2PCM 3.1.0
2026-07-30 08:32:53,064 [INFO] ThirdParty:1030 - CMSIS Pack Vendor :STMicroelectronics PDM2PCM 3.3.0
2026-07-30 08:32:53,064 [INFO] ThirdParty:1030 - CMSIS Pack Vendor :wolfSSL I-CUBE-wolfTPM 3.8.0
2026-07-30 08:32:53,064 [INFO] ThirdParty:1030 - CMSIS Pack Vendor :STMicroelectronics X-CUBE-DISPLAY 3.0.0
2026-07-30 08:32:53,064 [INFO] ThirdParty:1030 - CMSIS Pack Vendor :wolfSSL I-CUBE-wolfSSH 1.4.20
2026-07-30 08:32:53,064 [INFO] ThirdParty:1030 - CMSIS Pack Vendor :wolfSSL I-CUBE-wolfSSL 5.9.1
2026-07-30 08:32:53,064 [INFO] ThirdParty:1030 - CMSIS Pack Vendor :STMicroelectronics FP-ATR-SIGFOX1 3.2.0
2026-07-30 08:32:53,064 [INFO] ThirdParty:1030 - CMSIS Pack Vendor :STMicroelectronics HAL Drivers 0.0.0
2026-07-30 08:32:53,064 [INFO] ThirdParty:1030 - CMSIS Pack Vendor :STMicroelectronics MBEDTLS 2.16.2
2026-07-30 08:32:53,064 [INFO] ThirdParty:1030 - CMSIS Pack Vendor :emotas I-CUBE-CANOPEN 1.3.0
2026-07-30 08:32:53,064 [INFO] ThirdParty:1030 - CMSIS Pack Vendor :STMicroelectronics MBEDTLS 2.14.1
2026-07-30 08:32:53,064 [INFO] ThirdParty:1030 - CMSIS Pack Vendor :ITTIA_DB I-CUBE-ITTIADB 8.9.0
2026-07-30 08:32:53,064 [INFO] ThirdParty:1030 - CMSIS Pack Vendor :STMicroelectronics X-CUBE-TOUCHGFX 4.26.1
2026-07-30 08:32:53,064 [INFO] ThirdParty:1030 - CMSIS Pack Vendor :STMicroelectronics X-CUBE-AI 10.2.1
2026-07-30 08:32:53,064 [INFO] ThirdParty:1030 - CMSIS Pack Vendor :STMicroelectronics ThreadX 1.0.0
2026-07-30 08:32:53,064 [INFO] ThirdParty:1030 - CMSIS Pack Vendor :STMicroelectronics X-CUBE-MEMS1 12.1.0
2026-07-30 08:32:53,064 [INFO] ThirdParty:1030 - CMSIS Pack Vendor :STMicroelectronics X-CUBE-AZRTOS-WL 2.0.0
2026-07-30 08:32:53,064 [INFO] ThirdParty:1030 - CMSIS Pack Vendor :SEGGER I-CUBE-embOS 1.3.1
2026-07-30 08:32:53,064 [INFO] ThirdParty:1030 - CMSIS Pack Vendor :STMicroelectronics X-CUBE-ALGOBUILD 1.4.0
2026-07-30 08:32:53,064 [INFO] ThirdParty:1030 - CMSIS Pack Vendor :STMicroelectronics USB_DEVICE 1.0.0
2026-07-30 08:32:53,064 [INFO] ThirdParty:1030 - CMSIS Pack Vendor :STMicroelectronics X-CUBE-AZRTOS-H7RS 1.2.0
2026-07-30 08:32:53,064 [INFO] ThirdParty:1030 - CMSIS Pack Vendor :STMicroelectronics X-CUBE-AZRTOS-L4 2.0.0
2026-07-30 08:32:53,064 [INFO] ThirdParty:1030 - CMSIS Pack Vendor :STMicroelectronics ThreadX 0.0.2
2026-07-30 08:32:53,064 [INFO] ThirdParty:1030 - CMSIS Pack Vendor :STMicroelectronics lwIP 2.1.2
2026-07-30 08:32:53,064 [INFO] ThirdParty:1030 - CMSIS Pack Vendor :STMicroelectronics X-CUBE-SFXS2LP1 4.0.0
2026-07-30 08:32:53,064 [INFO] ThirdParty:1030 - CMSIS Pack Vendor :STMicroelectronics X-CUBE-BLE2 3.3.0
2026-07-30 08:32:53,064 [INFO] ThirdParty:1030 - CMSIS Pack Vendor :STMicroelectronics X-CUBE-NFC13 1.0.0
2026-07-30 08:32:53,064 [INFO] ThirdParty:1030 - CMSIS Pack Vendor :STMicroelectronics PDM2PCM 3.2.0
2026-07-30 08:32:53,064 [INFO] ThirdParty:841 - exiting critical section [change project]
2026-07-30 08:32:53,324 [INFO] PinOutPanel:1499 - setPackage(No Configuration,No Configuration)
2026-07-30 08:32:53,326 [INFO] PinOutPanel:1499 - setPackage(STM32F411CEUx,UFQFPN48)
2026-07-30 08:32:53,699 [INFO] UtilMem:75 - Before build in PCC Used Memory: 876272336 Bytes (1073741824)
2026-07-30 08:32:54,442 [INFO] UtilMem:75 - After build in PCC Used Memory: 770098032 Bytes (1073741824)
2026-07-30 08:32:54,466 [INFO] IPUIPlugin:80 - create IPUIPlugin
2026-07-30 08:32:54,466 [INFO] IPUIPlugin:80 - create IPUIPlugin
2026-07-30 08:32:54,466 [INFO] IPUIPlugin:80 - create IPUIPlugin
2026-07-30 08:32:54,466 [INFO] IPUIPlugin:80 - create IPUIPlugin
2026-07-30 08:32:54,466 [INFO] IPUIPlugin:80 - create IPUIPlugin
2026-07-30 08:32:54,466 [INFO] IPUIPlugin:80 - create IPUIPlugin
2026-07-30 08:32:54,466 [INFO] IPUIPlugin:80 - create IPUIPlugin
2026-07-30 08:32:54,466 [INFO] IPUIPlugin:80 - create IPUIPlugin
2026-07-30 08:32:54,467 [INFO] IPUIPlugin:80 - create IPUIPlugin
2026-07-30 08:32:54,467 [INFO] IPUIPlugin:80 - create IPUIPlugin
2026-07-30 08:32:54,467 [INFO] IPUIPlugin:80 - create IPUIPlugin
2026-07-30 08:32:54,467 [INFO] IPUIPlugin:80 - create IPUIPlugin
2026-07-30 08:32:54,467 [INFO] IPUIPlugin:80 - create IPUIPlugin
2026-07-30 08:32:54,467 [INFO] IPUIPlugin:80 - create IPUIPlugin
2026-07-30 08:32:54,467 [INFO] IPUIPlugin:80 - create IPUIPlugin
2026-07-30 08:32:54,467 [INFO] IPUIPlugin:80 - create IPUIPlugin
2026-07-30 08:32:54,468 [INFO] IPUIPlugin:80 - create IPUIPlugin
2026-07-30 08:32:54,468 [INFO] IPUIPlugin:80 - create IPUIPlugin
2026-07-30 08:32:54,468 [INFO] IPUIPlugin:80 - create IPUIPlugin
2026-07-30 08:32:54,468 [INFO] IPUIPlugin:80 - create IPUIPlugin
2026-07-30 08:32:54,468 [INFO] IPUIPlugin:80 - create IPUIPlugin
2026-07-30 08:32:54,469 [INFO] IPUIPlugin:80 - create IPUIPlugin
2026-07-30 08:32:54,469 [INFO] IPUIPlugin:80 - create IPUIPlugin
2026-07-30 08:32:54,469 [INFO] IPUIPlugin:80 - create IPUIPlugin
2026-07-30 08:32:54,469 [INFO] IPUIPlugin:80 - create IPUIPlugin
2026-07-30 08:32:54,469 [INFO] IPUIPlugin:80 - create IPUIPlugin
2026-07-30 08:32:54,469 [INFO] IPUIPlugin:80 - create IPUIPlugin
2026-07-30 08:32:54,469 [INFO] IPUIPlugin:80 - create IPUIPlugin
2026-07-30 08:32:54,470 [INFO] IPUIPlugin:80 - create IPUIPlugin
2026-07-30 08:32:54,470 [INFO] IPUIPlugin:80 - create IPUIPlugin
2026-07-30 08:32:54,470 [INFO] IPUIPlugin:80 - create IPUIPlugin
2026-07-30 08:32:54,470 [INFO] IPUIPlugin:80 - create IPUIPlugin
2026-07-30 08:32:54,470 [INFO] IPUIPlugin:80 - create IPUIPlugin
2026-07-30 08:32:54,470 [INFO] IPUIPlugin:80 - create IPUIPlugin
2026-07-30 08:32:54,470 [INFO] IPUIPlugin:80 - create IPUIPlugin
2026-07-30 08:32:54,470 [INFO] IPUIPlugin:80 - create IPUIPlugin
2026-07-30 08:32:54,471 [INFO] IPUIPlugin:80 - create IPUIPlugin
2026-07-30 08:32:54,471 [INFO] IPUIPlugin:80 - create IPUIPlugin
2026-07-30 08:32:54,471 [INFO] IPUIPlugin:80 - create IPUIPlugin
2026-07-30 08:32:54,471 [INFO] IPUIPlugin:80 - create IPUIPlugin
2026-07-30 08:32:54,471 [INFO] IPUIPlugin:80 - create IPUIPlugin
2026-07-30 08:32:54,472 [INFO] IPUIPlugin:80 - create IPUIPlugin
2026-07-30 08:32:54,472 [INFO] IPUIPlugin:80 - create IPUIPlugin
2026-07-30 08:32:54,539 [INFO] ApiDbMcu:507 - Load IP Config File for PDM2PCM
2026-07-30 08:32:54,730 [INFO] CADModel:165 - CPN selected for project levelSTM32F411CEU6
2026-07-30 08:32:54,730 [INFO] CADModel:114 - Register for checkConnection events
2026-07-30 08:32:54,778 [INFO] OpenFileManager:328 - Restore cursor
2026-07-30 08:35:55,445 [WARN] IP:2114 - I2C_Coeff_DF not found: check if there is a RefParameter without a condition.
2026-07-30 08:35:55,445 [WARN] IP:2114 - Analog_Filter not found: check if there is a RefParameter without a condition.
2026-07-30 08:35:55,460 [WARN] IP:2114 - I2C_Coeff_DF not found: check if there is a RefParameter without a condition.
2026-07-30 08:35:55,460 [WARN] IP:2114 - Analog_Filter not found: check if there is a RefParameter without a condition.
2026-07-30 08:35:55,461 [WARN] IP:2114 - I2C_Coeff_DF not found: check if there is a RefParameter without a condition.
2026-07-30 08:35:55,461 [WARN] IP:2114 - Analog_Filter not found: check if there is a RefParameter without a condition.
2026-07-30 08:35:55,588 [WARN] IP:2114 - I2C_Coeff_DF not found: check if there is a RefParameter without a condition.
2026-07-30 08:35:55,588 [WARN] IP:2114 - Analog_Filter not found: check if there is a RefParameter without a condition.
2026-07-30 08:35:55,590 [WARN] IP:2114 - I2C_Coeff_DF not found: check if there is a RefParameter without a condition.
2026-07-30 08:35:55,590 [WARN] IP:2114 - Analog_Filter not found: check if there is a RefParameter without a condition.
2026-07-30 08:35:59,316 [INFO] NvicIntPanel:101 - NVIC parent = com.st.microxplorer.plugins.ip.nvic.MultiNvicIntPanel[,0,0,450x319,layout=javax.swing.BoxLayout,alignmentX=0.0,alignmentY=0.0,border=,flags=9,maximumSize=,minimumSize=,preferredSize=]
2026-07-30 08:36:49,985 [WARN] IP:2114 - I2C_Coeff_DF not found: check if there is a RefParameter without a condition.
2026-07-30 08:36:49,985 [WARN] IP:2114 - Analog_Filter not found: check if there is a RefParameter without a condition.
2026-07-30 08:36:49,985 [WARN] IP:2114 - I2C_Coeff_DF not found: check if there is a RefParameter without a condition.
2026-07-30 08:36:49,985 [WARN] IP:2114 - Analog_Filter not found: check if there is a RefParameter without a condition.
2026-07-30 08:36:59,055 [INFO] UtilMem:75 - End SaveConfig() Used Memory: 841604048 Bytes (1073741824)
2026-07-30 08:37:04,766 [INFO] UtilMem:75 - End SaveConfig() Used Memory: 902336112 Bytes (1073741824)
2026-07-30 08:37:05,146 [INFO] BlockDiagram:2759 - set Specific Code input for plugin: NVIC
2026-07-30 08:37:05,146 [INFO] BlockDiagram:2759 - set Specific Code input for plugin: SYS
2026-07-30 08:37:05,146 [INFO] BlockDiagram:2759 - set Specific Code input for plugin: GPIO
2026-07-30 08:37:05,146 [INFO] BlockDiagram:2759 - set Specific Code input for plugin: RCC
2026-07-30 08:37:05,146 [INFO] BlockDiagram:2759 - set Specific Code input for plugin: I2C
2026-07-30 08:37:05,147 [INFO] CodeGenerator:799 - code generatio: config db path: C:\ST\STM32CubeIDE_1.13.1\STM32CubeIDE\plugins\com.st.stm32cube.common.mx_6.9.1.202307191849\\db\
2026-07-30 08:37:05,153 [WARN] IP:2114 - I2C_Coeff_DF not found: check if there is a RefParameter without a condition.
2026-07-30 08:37:05,153 [WARN] IP:2114 - Analog_Filter not found: check if there is a RefParameter without a condition.
2026-07-30 08:37:05,318 [INFO] CodeEngine:255 - oldGeneratedFile, C:\Users\Admin\Documents\GitHub\Drone-RTOS\Source\004HMC5883L\MXTmpFiles\license.tmp_save
2026-07-30 08:37:05,623 [INFO] CodeEngine:279 - Generated code: C:\Users\Admin\Documents\GitHub\Drone-RTOS\Source\004HMC5883L\MXTmpFiles\license.tmp
2026-07-30 08:37:05,690 [INFO] CodeEngine:255 - oldGeneratedFile, C:\Users\Admin\Documents\GitHub\Drone-RTOS\Source\004HMC5883L\MXTmpFiles\gpio.tmp_save
2026-07-30 08:37:05,790 [INFO] CodeEngine:279 - Generated code: C:\Users\Admin\Documents\GitHub\Drone-RTOS\Source\004HMC5883L\MXTmpFiles\gpio.tmp
2026-07-30 08:37:05,861 [INFO] CodeEngine:255 - oldGeneratedFile, C:\Users\Admin\Documents\GitHub\Drone-RTOS\Source\004HMC5883L\Core\Src\stm32f4xx_it.c_save
2026-07-30 08:37:05,978 [INFO] CodeEngine:279 - Generated code: C:\Users\Admin\Documents\GitHub\Drone-RTOS\Source\004HMC5883L\Core\Src\stm32f4xx_it.c
2026-07-30 08:37:05,984 [INFO] CodeEngine:255 - oldGeneratedFile, C:\Users\Admin\Documents\GitHub\Drone-RTOS\Source\004HMC5883L\Core\Inc\stm32f4xx_it.h_save
2026-07-30 08:37:06,055 [INFO] CodeEngine:279 - Generated code: C:\Users\Admin\Documents\GitHub\Drone-RTOS\Source\004HMC5883L\Core\Inc\stm32f4xx_it.h
2026-07-30 08:37:06,072 [INFO] CodeEngine:255 - oldGeneratedFile, C:\Users\Admin\Documents\GitHub\Drone-RTOS\Source\004HMC5883L\Core\Src\stm32f4xx_hal_msp.c_save
2026-07-30 08:37:06,203 [INFO] CodeEngine:279 - Generated code: C:\Users\Admin\Documents\GitHub\Drone-RTOS\Source\004HMC5883L\Core\Src\stm32f4xx_hal_msp.c
2026-07-30 08:37:06,208 [INFO] CodeEngine:255 - oldGeneratedFile, C:\Users\Admin\Documents\GitHub\Drone-RTOS\Source\004HMC5883L\MXTmpFiles\system.tmp_save
2026-07-30 08:37:06,268 [INFO] CodeEngine:279 - Generated code: C:\Users\Admin\Documents\GitHub\Drone-RTOS\Source\004HMC5883L\MXTmpFiles\system.tmp
2026-07-30 08:37:06,279 [INFO] CodeEngine:311 - oldGeneratedFile, C:\Users\Admin\Documents\GitHub\Drone-RTOS\Source\004HMC5883L\Core\Inc\stm32f4xx_hal_conf.h_save
2026-07-30 08:37:06,344 [INFO] CodeEngine:335 - Generated code: C:\Users\Admin\Documents\GitHub\Drone-RTOS\Source\004HMC5883L\Core\Inc\stm32f4xx_hal_conf.h
2026-07-30 08:37:06,378 [INFO] CodeEngine:255 - oldGeneratedFile, C:\Users\Admin\Documents\GitHub\Drone-RTOS\Source\004HMC5883L\Core\Inc\main.h_save
2026-07-30 08:37:06,471 [INFO] CodeEngine:279 - Generated code: C:\Users\Admin\Documents\GitHub\Drone-RTOS\Source\004HMC5883L\Core\Inc\main.h
2026-07-30 08:37:06,476 [INFO] CodeEngine:255 - oldGeneratedFile, C:\Users\Admin\Documents\GitHub\Drone-RTOS\Source\004HMC5883L\Core\Src\main.c_save
2026-07-30 08:37:06,569 [INFO] CodeEngine:279 - Generated code: C:\Users\Admin\Documents\GitHub\Drone-RTOS\Source\004HMC5883L\Core\Src\main.c
2026-07-30 08:37:07,025 [INFO] ProjectBuilder:3064 - Time for Copy HAL[1] : 152mS.
2026-07-30 08:37:07,033 [INFO] ProjectBuilder:4404 - Project Generator version: 4.1.0
2026-07-30 08:37:07,221 [INFO] ConfigFileManager:1457 - The Die is : DIE431
2026-07-30 08:37:07,227 [INFO] ApiDbMcu:507 - Load IP Config File for FATFS
2026-07-30 08:37:07,231 [INFO] ApiDbMcu:507 - Load IP Config File for FREERTOS
2026-07-30 08:37:07,233 [INFO] ApiDbMcu:507 - Load IP Config File for LIBJPEG
2026-07-30 08:37:07,237 [INFO] ApiDbMcu:507 - Load IP Config File for MBEDTLS
2026-07-30 08:37:07,243 [INFO] ApiDbMcu:507 - Load IP Config File for USB_DEVICE
2026-07-30 08:37:07,245 [INFO] ApiDbMcu:507 - Load IP Config File for USB_HOST
2026-07-30 08:37:07,991 [INFO] LogOutputStream:77 - [STDOUT_REDIRECT] 
2026-07-30 08:37:08,877 [INFO] ProjectBuilder:4626 - Time for Generating toolchain IDE Files: 1843mS.
2026-07-30 08:37:08,879 [INFO] ProjectBuilder:2935 - Time for Copy CMSIS : 1mS.
2026-07-30 08:37:08,882 [INFO] ProjectBuilder:2935 - Time for Copy CMSIS : 1mS.
2026-07-30 08:51:40,140 [WARN] IP:2114 - I2C_Coeff_DF not found: check if there is a RefParameter without a condition.
2026-07-30 08:51:40,140 [WARN] IP:2114 - Analog_Filter not found: check if there is a RefParameter without a condition.
2026-07-30 08:51:44,815 [WARN] IP:2114 - I2C_Coeff_DF not found: check if there is a RefParameter without a condition.
2026-07-30 08:51:44,815 [WARN] IP:2114 - Analog_Filter not found: check if there is a RefParameter without a condition.
2026-07-30 08:51:49,221 [WARN] IP:2114 - I2C_Coeff_DF not found: check if there is a RefParameter without a condition.
2026-07-30 08:51:49,221 [WARN] IP:2114 - Analog_Filter not found: check if there is a RefParameter without a condition.
2026-07-30 08:51:49,222 [WARN] IP:2114 - I2C_Coeff_DF not found: check if there is a RefParameter without a condition.
2026-07-30 08:51:49,222 [WARN] IP:2114 - Analog_Filter not found: check if there is a RefParameter without a condition.
2026-07-30 08:51:49,240 [INFO] NvicIntPanel:101 - NVIC parent = com.st.microxplorer.plugins.ip.nvic.MultiNvicIntPanel[,0,0,0x0,invalid,layout=javax.swing.BoxLayout,alignmentX=0.0,alignmentY=0.0,border=,flags=9,maximumSize=,minimumSize=,preferredSize=]
2026-07-30 08:51:49,266 [WARN] IP:2114 - I2C_Coeff_DF not found: check if there is a RefParameter without a condition.
2026-07-30 08:51:49,266 [WARN] IP:2114 - Analog_Filter not found: check if there is a RefParameter without a condition.
2026-07-30 08:51:49,272 [WARN] IP:2114 - I2C_Coeff_DF not found: check if there is a RefParameter without a condition.
2026-07-30 08:51:49,272 [WARN] IP:2114 - Analog_Filter not found: check if there is a RefParameter without a condition.
2026-07-30 08:53:02,717 [INFO] UtilMem:75 - End SaveConfig() Used Memory: 820608200 Bytes (1073741824)
2026-07-30 08:53:09,247 [INFO] UtilMem:75 - End SaveConfig() Used Memory: 880501936 Bytes (1073741824)
2026-07-30 08:53:09,396 [INFO] BlockDiagram:2759 - set Specific Code input for plugin: NVIC
2026-07-30 08:53:09,396 [INFO] BlockDiagram:2759 - set Specific Code input for plugin: SYS
2026-07-30 08:53:09,396 [INFO] BlockDiagram:2759 - set Specific Code input for plugin: GPIO
2026-07-30 08:53:09,396 [INFO] BlockDiagram:2759 - set Specific Code input for plugin: RCC
2026-07-30 08:53:09,396 [INFO] BlockDiagram:2759 - set Specific Code input for plugin: I2C
2026-07-30 08:53:09,397 [INFO] CodeGenerator:799 - code generatio: config db path: C:\ST\STM32CubeIDE_1.13.1\STM32CubeIDE\plugins\com.st.stm32cube.common.mx_6.9.1.202307191849\\db\
2026-07-30 08:53:09,398 [WARN] IP:2114 - I2C_Coeff_DF not found: check if there is a RefParameter without a condition.
2026-07-30 08:53:09,398 [WARN] IP:2114 - Analog_Filter not found: check if there is a RefParameter without a condition.
2026-07-30 08:53:09,519 [INFO] CodeEngine:255 - oldGeneratedFile, C:\Users\Admin\Documents\GitHub\Drone-RTOS\Source\004HMC5883L\MXTmpFiles\license.tmp_save
2026-07-30 08:53:09,625 [INFO] CodeEngine:279 - Generated code: C:\Users\Admin\Documents\GitHub\Drone-RTOS\Source\004HMC5883L\MXTmpFiles\license.tmp
2026-07-30 08:53:09,643 [INFO] CodeEngine:255 - oldGeneratedFile, C:\Users\Admin\Documents\GitHub\Drone-RTOS\Source\004HMC5883L\MXTmpFiles\gpio.tmp_save
2026-07-30 08:53:09,728 [INFO] CodeEngine:279 - Generated code: C:\Users\Admin\Documents\GitHub\Drone-RTOS\Source\004HMC5883L\MXTmpFiles\gpio.tmp
2026-07-30 08:53:09,780 [INFO] CodeEngine:255 - oldGeneratedFile, C:\Users\Admin\Documents\GitHub\Drone-RTOS\Source\004HMC5883L\Core\Src\stm32f4xx_it.c_save
2026-07-30 08:53:10,029 [INFO] CodeEngine:279 - Generated code: C:\Users\Admin\Documents\GitHub\Drone-RTOS\Source\004HMC5883L\Core\Src\stm32f4xx_it.c
2026-07-30 08:53:10,035 [INFO] CodeEngine:255 - oldGeneratedFile, C:\Users\Admin\Documents\GitHub\Drone-RTOS\Source\004HMC5883L\Core\Inc\stm32f4xx_it.h_save
2026-07-30 08:53:10,148 [INFO] CodeEngine:279 - Generated code: C:\Users\Admin\Documents\GitHub\Drone-RTOS\Source\004HMC5883L\Core\Inc\stm32f4xx_it.h
2026-07-30 08:53:10,162 [INFO] CodeEngine:255 - oldGeneratedFile, C:\Users\Admin\Documents\GitHub\Drone-RTOS\Source\004HMC5883L\Core\Src\stm32f4xx_hal_msp.c_save
2026-07-30 08:53:10,265 [INFO] CodeEngine:279 - Generated code: C:\Users\Admin\Documents\GitHub\Drone-RTOS\Source\004HMC5883L\Core\Src\stm32f4xx_hal_msp.c
2026-07-30 08:53:10,270 [INFO] CodeEngine:255 - oldGeneratedFile, C:\Users\Admin\Documents\GitHub\Drone-RTOS\Source\004HMC5883L\MXTmpFiles\system.tmp_save
2026-07-30 08:53:10,326 [INFO] CodeEngine:279 - Generated code: C:\Users\Admin\Documents\GitHub\Drone-RTOS\Source\004HMC5883L\MXTmpFiles\system.tmp
2026-07-30 08:53:10,335 [INFO] CodeEngine:311 - oldGeneratedFile, C:\Users\Admin\Documents\GitHub\Drone-RTOS\Source\004HMC5883L\Core\Inc\stm32f4xx_hal_conf.h_save
2026-07-30 08:53:10,393 [INFO] CodeEngine:335 - Generated code: C:\Users\Admin\Documents\GitHub\Drone-RTOS\Source\004HMC5883L\Core\Inc\stm32f4xx_hal_conf.h
2026-07-30 08:53:10,412 [INFO] CodeEngine:255 - oldGeneratedFile, C:\Users\Admin\Documents\GitHub\Drone-RTOS\Source\004HMC5883L\Core\Inc\main.h_save
2026-07-30 08:53:10,472 [INFO] CodeEngine:279 - Generated code: C:\Users\Admin\Documents\GitHub\Drone-RTOS\Source\004HMC5883L\Core\Inc\main.h
2026-07-30 08:53:10,477 [INFO] CodeEngine:255 - oldGeneratedFile, C:\Users\Admin\Documents\GitHub\Drone-RTOS\Source\004HMC5883L\Core\Src\main.c_save
2026-07-30 08:53:10,559 [INFO] CodeEngine:279 - Generated code: C:\Users\Admin\Documents\GitHub\Drone-RTOS\Source\004HMC5883L\Core\Src\main.c
2026-07-30 08:53:10,929 [INFO] ProjectBuilder:3064 - Time for Copy HAL[1] : 98mS.
2026-07-30 08:53:10,932 [INFO] ProjectBuilder:4404 - Project Generator version: 4.1.0
2026-07-30 08:53:11,108 [INFO] ConfigFileManager:1457 - The Die is : DIE431
2026-07-30 08:53:12,217 [INFO] ProjectBuilder:4626 - Time for Generating toolchain IDE Files: 1284mS.
2026-07-30 08:53:12,218 [INFO] ProjectBuilder:2935 - Time for Copy CMSIS : 1mS.
2026-07-30 08:53:12,220 [INFO] ProjectBuilder:2935 - Time for Copy CMSIS : 0mS.
2026-07-30 11:22:39,312 [INFO] MainUpdater:2868 - connection check result : 10
2026-07-30 11:22:39,313 [INFO] McuFinderGlobals:76 - Set McuFinderConnectedMode to true
2026-07-30 11:22:39,794 [INFO] ServerAccessManage:473 - Download File mcusAds.json._tmp_
2026-07-30 11:22:39,933 [INFO] LoadUrlFilesThread:156 - End of LoadUrlFiles Thread
2026-07-30 11:22:40,297 [INFO] ServerAccessManage:473 - Download File cube-finder-db.zip
2026-07-30 11:22:50,320 [INFO] FileExtend:240 - Unzip File : cube-finder-db.zip
2026-07-30 11:22:50,320 [INFO] FileExtend:255 - Standard Zip Deflate
2026-07-30 11:22:51,457 [INFO] LoadUrlFilesThread:156 - End of LoadUrlFiles Thread
2026-07-30 11:23:12,624 [ERROR] ServerAccessManage:1172 - Problem during Server Connection :  IO error Connection timed out: no further information
2026-07-30 11:23:12,625 [ERROR] ServerAccessManage:651 - Problem during Server Connection :  : crdb.zip.
2026-07-30 11:25:16,497 [INFO] LoadUrlFilesThread:156 - End of LoadUrlFiles Thread
2026-07-30 11:25:17,237 [INFO] DbMcusAds:53 - JSON generation date=Wed Jul 15 16:46:00 GMT+07:00 2026 (1784108760991)
2026-07-30 11:25:17,242 [INFO] ApiDb:448 - Save user favorites file C:\Users\Admin/.stm32cubeide/favorites.mcus.txt: 4 item(s)
2026-07-30 11:25:17,242 [INFO] ApiDb:452 - User favorites MCUs=[STM32F103C8T6, STM32F405RGT6, STM32F411CEU6, STM32H523CET6]
2026-07-30 11:25:17,250 [INFO] ApiDb:581 - Connected to CubeFinder SQLite database (C:\Users\Admin\.stmcufinder\plugins\mcufinder\mcu\cube-finder-db.db)
2026-07-30 11:25:17,336 [INFO] ApiDb:668 - CubeFinder database Data Model version=2.1
2026-07-30 11:25:17,336 [INFO] ApiDb:669 - CubeFinder database Configuration version=3.0.42
2026-07-30 11:25:17,336 [INFO] ApiDb:670 - CubeFinder database generation date=2026-06-23 (1782213372)
2026-07-30 11:25:17,336 [INFO] ApiDb:671 - CubeFinder database FW Pack versions=[FP-ATR-ASTRA1_V2.0.0, FP-SNS-FLIGHT1_V5.1.0, FP-SNS-MOTENV1_V5.1.0, FP-SNS-MOTENVWB1_V1.5.0, FP-SNS-SMARTAG2_V1.2.0, FP-SNS-STBOX1_V2.1.0, STM32Cube_FW_C0_V1.4.0, STM32Cube_FW_F4_V1.28.3, STM32Cube_FW_F7_V1.17.4, STM32Cube_FW_G0_V1.6.3, STM32Cube_FW_G4_V1.6.2, STM32Cube_FW_H5_V1.7.0, STM32Cube_FW_H7RS_V1.3.0, STM32Cube_FW_H7_V1.13.0, STM32Cube_FW_L0_V1.12.2, STM32Cube_FW_L4_V1.18.2, STM32Cube_FW_L5_V1.6.0, STM32Cube_FW_N6_V1.4.0, STM32Cube_FW_U0_V1.3.0, STM32Cube_FW_U3_V1.4.0, STM32Cube_FW_U5_V1.9.0, STM32Cube_FW_WB0_V1.5.0, STM32Cube_FW_WBA_V1.10.0, STM32Cube_FW_WB_V1.24.0, STM32Cube_FW_WL3_V1.5.0, STM32Cube_FW_WL_V1.6.0, X-CUBE-ALGOBUILD_V1.5.0, X-CUBE-ALS_V1.0.2, X-CUBE-AZRTOS-F4_V1.1.0, X-CUBE-AZRTOS-F7_V1.1.0, X-CUBE-AZRTOS-G0_V1.1.0, X-CUBE-AZRTOS-G4_V2.0.0, X-CUBE-AZRTOS-H7RS_V1.1.0, X-CUBE-AZRTOS-H7_V3.5.0, X-CUBE-AZRTOS-L4_V2.0.0, X-CUBE-AZRTOS-L5_V2.0.0, X-CUBE-AZRTOS-WB_V2.0.0, X-CUBE-AZRTOS-WL_V2.0.0, X-CUBE-BLE1_V7.1.0, X-CUBE-BLE2_V3.3.0, X-CUBE-BLEMGR_V4.1.0, X-CUBE-EEPRMA1_V5.2.0, X-CUBE-FREERTOS_V1.5.0, X-CUBE-GNSS1_V7.1.1, X-CUBE-MEMS1_V12.1.0, X-CUBE-NFC4_V3.0.0, X-CUBE-NFC7_V2.0.0, X-CUBE-SFXS2LP1_V4.0.0, X-CUBE-ST67W61_V1.3.0, X-CUBE-SUBG2_V5.0.0, X-CUBE-TOF1_V3.4.3]
2026-07-30 11:25:20,125 [INFO] ApiDb:240 - Found 323 in-development CPN: [B-G473E-ZEST1S, B-WB1M-WPAN1, B-WL5M-SUBG1, NUCLEO-C031C6, NUCLEO-H503RB, NUCLEO-H563ZI, NUCLEO-U545RE-Q, NUCLEO-U5A5ZJ-Q, NUCLEO-WBA52CG, STEVAL-PROTEUS1, STEVAL-SMARTAG2, STEVAL-STWINBX1, STM320518-EVAL, STM32C0116-DK, STM32C011D6Y3TR, STM32C011D6Y6TR, STM32C011F4P3, STM32C011F4P6, STM32C011F4U3, STM32C011F4U6TR, STM32C011F6P3, STM32C011F6P6, STM32C011F6U3, STM32C011F6U6TR, STM32C011J4M3, STM32C011J4M6, STM32C011J6M3, STM32C011J6M6, STM32C0316-DK, STM32C031C4T3, STM32C031C4T6, STM32C031C4U3, STM32C031C4U6, STM32C031C6T3, STM32C031C6T6, STM32C031C6U3, STM32C031C6U6, STM32C031F4P3, STM32C031F4P6, STM32C031F6P3, STM32C031F6P6, STM32C031G4U3, STM32C031G4U6, STM32C031G6U3, STM32C031G6U6, STM32C031K4T3, STM32C031K4T6, STM32C031K4U3, STM32C031K4U6, STM32C031K6T3, STM32C031K6T6, STM32C031K6U3, STM32C031K6U6, STM32G071K8TXN, STM32G071K8UXN, STM32G081GBU6N, STM32G081KBT6N, STM32G081KBUXN, STM32G0B1CCT6N, STM32G0B1KCT6, STM32G0B1NEY6TR, STM32G0B1RCT6N, STM32G0C1CCT6, STM32G0C1CCT6N, STM32G0C1CCU6N, STM32G0C1CET6N, STM32G0C1CEU6N, STM32G0C1KCT6, STM32G0C1NEY6TR, STM32G0C1RCI6N, STM32G0C1RCT6N, STM32G0C1REI6N, STM32G0C1RET6N, STM32G0C1VCI6, STM32G0C1VEI6, STM32G471CCT6, STM32G471CCU6, STM32G471CET3, STM32G471CET6, STM32G471CEU3, STM32G471CEU6, STM32G471MCT6, STM32G471MET3, STM32G471MET6, STM32G471MEY6TR, STM32G471QCT6, STM32G471QET3, STM32G471RCT6, STM32G471RET3, STM32G471RET6, STM32G471VCH6, STM32G471VCI6, STM32G471VCT6, STM32G471VEH3, STM32G471VEH6, STM32G471VEI3, STM32G471VEI6, STM32G471VET3, STM32G471VET6, STM32G474CCT6, STM32H503CBT6, STM32H503CBU6, STM32H503EBY6TR, STM32H503KBU6, STM32H503RBT6, STM32H562AGI6, STM32H562AII6, STM32H562IGK6, STM32H562IGT6, STM32H562IIK6, STM32H562IIT6, STM32H562RGT6, STM32H562RGV6, STM32H562RIT6, STM32H562RIV6, STM32H562VGT6, STM32H562VIT6, STM32H562ZGT6, STM32H562ZIT6, STM32H563AGI6, STM32H563AII3Q, STM32H563AII6, STM32H563IGK6, STM32H563IGT6, STM32H563IIK3Q, STM32H563IIK6, STM32H563IIT3Q, STM32H563IIT6, STM32H563MIY3QTR, STM32H563RGT6, STM32H563RGV6, STM32H563RIT6, STM32H563RIV6, STM32H563VGT6, STM32H563VIT3Q, STM32H563VIT6, STM32H563ZGT6, STM32H563ZIT3Q, STM32H563ZIT6, STM32H573AII3Q, STM32H573AII6, STM32H573I-DK, STM32H573IIK3Q, STM32H573IIK6, STM32H573IIT3Q, STM32H573IIT6, STM32H573MIY3QTR, STM32H573RIT6, STM32H573RIV6, STM32H573VIT3Q, STM32H573VIT6, STM32H573ZIT3Q, STM32H573ZIT6, STM32L4R5QGI6STR, STM32MP131AAE3, STM32MP131AAF3, STM32MP131AAG3, STM32MP131CAE3, STM32MP131CAF3, STM32MP131CAG3, STM32MP131DAE7, STM32MP131DAF7, STM32MP131DAG7, STM32MP131FAE7, STM32MP131FAF7, STM32MP131FAG7, STM32MP133AAE3, STM32MP133AAF3, STM32MP133AAG3, STM32MP133CAE3, STM32MP133CAF3, STM32MP133CAG3, STM32MP133DAE7, STM32MP133DAF7, STM32MP133DAG7, STM32MP133FAE7, STM32MP133FAF7, STM32MP133FAG7, STM32MP135AAE3, STM32MP135AAF3, STM32MP135AAG3, STM32MP135CAE3, STM32MP135CAF3, STM32MP135CAG3, STM32MP135DAE7, STM32MP135DAF7, STM32MP135DAG7, STM32MP135F-DK, STM32MP135FAE7, STM32MP135FAF7, STM32MP135FAF7T, STM32MP135FAF7U, STM32MP135FAG7, STM32U535CBT6, STM32U535CBT6Q, STM32U535CBU6, STM32U535CBU6Q, STM32U535CCT6, STM32U535CCT6Q, STM32U535CCU6, STM32U535CCU6Q, STM32U535CET6, STM32U535CET6Q, STM32U535CEU6, STM32U535CEU6Q, STM32U535JEY6QTR, STM32U535NCY6QTR, STM32U535NEY6QTR, STM32U535RBI6, STM32U535RBI6Q, STM32U535RBT6, STM32U535RBT6Q, STM32U535RCI6, STM32U535RCI6Q, STM32U535RCT6, STM32U535RCT6Q, STM32U535REI6, STM32U535REI6Q, STM32U535RET6, STM32U535RET6Q, STM32U535VCI6, STM32U535VCI6Q, STM32U535VCT6, STM32U535VCT6Q, STM32U535VEI6, STM32U535VEI6Q, STM32U535VET6, STM32U535VET6Q, STM32U545CET6, STM32U545CET6Q, STM32U545CEU6, STM32U545CEU6Q, STM32U545JEY6QTR, STM32U545NEY6QTR, STM32U545REI6, STM32U545REI6Q, STM32U545RET6, STM32U545RET6Q, STM32U545VEI6, STM32U545VEI6Q, STM32U545VET6, STM32U545VET6Q, STM32U595AIH6, STM32U595AIH6Q, STM32U595AJH6, STM32U595AJH6Q, STM32U595QII6, STM32U595QII6Q, STM32U595QJI6, STM32U595QJI6Q, STM32U595RIT6, STM32U595RIT6Q, STM32U595RJT6, STM32U595RJT6Q, STM32U595VIT6, STM32U595VIT6Q, STM32U595VJT6, STM32U595VJT6Q, STM32U595ZIT6, STM32U595ZIT6Q, STM32U595ZIY6QTR, STM32U595ZJT6, STM32U595ZJT6Q, STM32U595ZJY6QTR, STM32U599BJY6QTR, STM32U599NIH6Q, STM32U599NJH6Q, STM32U599VIT6Q, STM32U599VJT6, STM32U599VJT6Q, STM32U599ZIT6Q, STM32U599ZIY6QTR, STM32U599ZJT6Q, STM32U599ZJY6QTR, STM32U5A5AJH6, STM32U5A5AJH6Q, STM32U5A5QJI6, STM32U5A5QJI6Q, STM32U5A5RJT6, STM32U5A5RJT6Q, STM32U5A5VJT6, STM32U5A5VJT6Q, STM32U5A5ZJT6, STM32U5A5ZJT6Q, STM32U5A5ZJY6QTR, STM32U5A9BJY6QTR, STM32U5A9J-DK, STM32U5A9NJH6Q, STM32U5A9VJT6Q, STM32U5A9ZJT6Q, STM32U5A9ZJY6QTR, STM32U5F7VIT6, STM32U5F7VIT6Q, STM32U5F7VJT6, STM32U5F7VJT6Q, STM32U5F9BJY6QTR, STM32U5F9NJH6Q, STM32U5F9VIT6Q, STM32U5F9VJT6Q, STM32U5F9ZIJ6QTR, STM32U5F9ZIT6Q, STM32U5F9ZJJ6QTR, STM32U5F9ZJT6Q, STM32U5G7VJT6, STM32U5G7VJT6Q, STM32U5G9BJY6QTR, STM32U5G9J-DK1, STM32U5G9J-DK2, STM32U5G9NJH6Q, STM32U5G9VJT6Q, STM32U5G9ZJJ6QTR, STM32U5G9ZJT6Q, STM32WB1MMCH6, STM32WBA52CEU6, STM32WBA52CEU6T, STM32WBA52CGU6, STM32WBA52CGU6T, STM32WBA52KEU6, STM32WBA52KEU6T, STM32WBA52KGU6, STM32WBA52KGU6T, STM32WL5MOCH6, STM32WL5MOCH6TR]
2026-07-30 11:25:20,133 [INFO] DbMcus:217 - Found 5228 MCUs, 5075 are supported
2026-07-30 11:25:20,133 [INFO] ApiDb:423 - Load user favorites file C:\Users\Admin/.stm32cubeide/favorites.mcus.txt: 4 item(s)
2026-07-30 11:25:20,133 [INFO] ApiDb:427 - User favorites MCUs=[STM32F103C8T6, STM32F405RGT6, STM32F411CEU6, STM32H523CET6]
2026-07-30 11:25:20,133 [INFO] DbMcus:223 - Set 4 / 4 favorites MCUs
2026-07-30 11:25:20,686 [ERROR] TargetSelectorAdapter:267 - Unable to refresh data
2026-07-30 11:25:20,846 [INFO] ApiDb:668 - CubeFinder database Data Model version=2.1
2026-07-30 11:25:20,846 [INFO] ApiDb:669 - CubeFinder database Configuration version=3.0.42
2026-07-30 11:25:20,846 [INFO] ApiDb:670 - CubeFinder database generation date=2026-06-23 (1782213372)
2026-07-30 11:25:20,846 [INFO] ApiDb:671 - CubeFinder database FW Pack versions=[FP-ATR-ASTRA1_V2.0.0, FP-SNS-FLIGHT1_V5.1.0, FP-SNS-MOTENV1_V5.1.0, FP-SNS-MOTENVWB1_V1.5.0, FP-SNS-SMARTAG2_V1.2.0, FP-SNS-STBOX1_V2.1.0, STM32Cube_FW_C0_V1.4.0, STM32Cube_FW_F4_V1.28.3, STM32Cube_FW_F7_V1.17.4, STM32Cube_FW_G0_V1.6.3, STM32Cube_FW_G4_V1.6.2, STM32Cube_FW_H5_V1.7.0, STM32Cube_FW_H7RS_V1.3.0, STM32Cube_FW_H7_V1.13.0, STM32Cube_FW_L0_V1.12.2, STM32Cube_FW_L4_V1.18.2, STM32Cube_FW_L5_V1.6.0, STM32Cube_FW_N6_V1.4.0, STM32Cube_FW_U0_V1.3.0, STM32Cube_FW_U3_V1.4.0, STM32Cube_FW_U5_V1.9.0, STM32Cube_FW_WB0_V1.5.0, STM32Cube_FW_WBA_V1.10.0, STM32Cube_FW_WB_V1.24.0, STM32Cube_FW_WL3_V1.5.0, STM32Cube_FW_WL_V1.6.0, X-CUBE-ALGOBUILD_V1.5.0, X-CUBE-ALS_V1.0.2, X-CUBE-AZRTOS-F4_V1.1.0, X-CUBE-AZRTOS-F7_V1.1.0, X-CUBE-AZRTOS-G0_V1.1.0, X-CUBE-AZRTOS-G4_V2.0.0, X-CUBE-AZRTOS-H7RS_V1.1.0, X-CUBE-AZRTOS-H7_V3.5.0, X-CUBE-AZRTOS-L4_V2.0.0, X-CUBE-AZRTOS-L5_V2.0.0, X-CUBE-AZRTOS-WB_V2.0.0, X-CUBE-AZRTOS-WL_V2.0.0, X-CUBE-BLE1_V7.1.0, X-CUBE-BLE2_V3.3.0, X-CUBE-BLEMGR_V4.1.0, X-CUBE-EEPRMA1_V5.2.0, X-CUBE-FREERTOS_V1.5.0, X-CUBE-GNSS1_V7.1.1, X-CUBE-MEMS1_V12.1.0, X-CUBE-NFC4_V3.0.0, X-CUBE-NFC7_V2.0.0, X-CUBE-SFXS2LP1_V4.0.0, X-CUBE-ST67W61_V1.3.0, X-CUBE-SUBG2_V5.0.0, X-CUBE-TOF1_V3.4.3]
2026-07-30 11:25:20,939 [INFO] DbBoardsSqlite:226 - include board P-NUCLEO-WB55-NUCLEO as a kit item of type 'Nucleo-64'
2026-07-30 11:25:20,939 [INFO] DbBoardsSqlite:226 - include board P-NUCLEO-WB55-USBDONGLE as a kit item of type 'Nucleo USB Dongle'
2026-07-30 11:25:20,939 [INFO] DbBoardsSqlite:226 - include board STEVAL-IDP005V1 as a kit item of type 'Evaluation Board'
2026-07-30 11:25:20,940 [INFO] DbBoardsSqlite:226 - include board STEVAL-IDP005V2 as a kit item of type 'Evaluation Board'
2026-07-30 11:25:21,055 [INFO] ApiDb:240 - Found 323 in-development CPN: [B-G473E-ZEST1S, B-WB1M-WPAN1, B-WL5M-SUBG1, NUCLEO-C031C6, NUCLEO-H503RB, NUCLEO-H563ZI, NUCLEO-U545RE-Q, NUCLEO-U5A5ZJ-Q, NUCLEO-WBA52CG, STEVAL-PROTEUS1, STEVAL-SMARTAG2, STEVAL-STWINBX1, STM320518-EVAL, STM32C0116-DK, STM32C011D6Y3TR, STM32C011D6Y6TR, STM32C011F4P3, STM32C011F4P6, STM32C011F4U3, STM32C011F4U6TR, STM32C011F6P3, STM32C011F6P6, STM32C011F6U3, STM32C011F6U6TR, STM32C011J4M3, STM32C011J4M6, STM32C011J6M3, STM32C011J6M6, STM32C0316-DK, STM32C031C4T3, STM32C031C4T6, STM32C031C4U3, STM32C031C4U6, STM32C031C6T3, STM32C031C6T6, STM32C031C6U3, STM32C031C6U6, STM32C031F4P3, STM32C031F4P6, STM32C031F6P3, STM32C031F6P6, STM32C031G4U3, STM32C031G4U6, STM32C031G6U3, STM32C031G6U6, STM32C031K4T3, STM32C031K4T6, STM32C031K4U3, STM32C031K4U6, STM32C031K6T3, STM32C031K6T6, STM32C031K6U3, STM32C031K6U6, STM32G071K8TXN, STM32G071K8UXN, STM32G081GBU6N, STM32G081KBT6N, STM32G081KBUXN, STM32G0B1CCT6N, STM32G0B1KCT6, STM32G0B1NEY6TR, STM32G0B1RCT6N, STM32G0C1CCT6, STM32G0C1CCT6N, STM32G0C1CCU6N, STM32G0C1CET6N, STM32G0C1CEU6N, STM32G0C1KCT6, STM32G0C1NEY6TR, STM32G0C1RCI6N, STM32G0C1RCT6N, STM32G0C1REI6N, STM32G0C1RET6N, STM32G0C1VCI6, STM32G0C1VEI6, STM32G471CCT6, STM32G471CCU6, STM32G471CET3, STM32G471CET6, STM32G471CEU3, STM32G471CEU6, STM32G471MCT6, STM32G471MET3, STM32G471MET6, STM32G471MEY6TR, STM32G471QCT6, STM32G471QET3, STM32G471RCT6, STM32G471RET3, STM32G471RET6, STM32G471VCH6, STM32G471VCI6, STM32G471VCT6, STM32G471VEH3, STM32G471VEH6, STM32G471VEI3, STM32G471VEI6, STM32G471VET3, STM32G471VET6, STM32G474CCT6, STM32H503CBT6, STM32H503CBU6, STM32H503EBY6TR, STM32H503KBU6, STM32H503RBT6, STM32H562AGI6, STM32H562AII6, STM32H562IGK6, STM32H562IGT6, STM32H562IIK6, STM32H562IIT6, STM32H562RGT6, STM32H562RGV6, STM32H562RIT6, STM32H562RIV6, STM32H562VGT6, STM32H562VIT6, STM32H562ZGT6, STM32H562ZIT6, STM32H563AGI6, STM32H563AII3Q, STM32H563AII6, STM32H563IGK6, STM32H563IGT6, STM32H563IIK3Q, STM32H563IIK6, STM32H563IIT3Q, STM32H563IIT6, STM32H563MIY3QTR, STM32H563RGT6, STM32H563RGV6, STM32H563RIT6, STM32H563RIV6, STM32H563VGT6, STM32H563VIT3Q, STM32H563VIT6, STM32H563ZGT6, STM32H563ZIT3Q, STM32H563ZIT6, STM32H573AII3Q, STM32H573AII6, STM32H573I-DK, STM32H573IIK3Q, STM32H573IIK6, STM32H573IIT3Q, STM32H573IIT6, STM32H573MIY3QTR, STM32H573RIT6, STM32H573RIV6, STM32H573VIT3Q, STM32H573VIT6, STM32H573ZIT3Q, STM32H573ZIT6, STM32L4R5QGI6STR, STM32MP131AAE3, STM32MP131AAF3, STM32MP131AAG3, STM32MP131CAE3, STM32MP131CAF3, STM32MP131CAG3, STM32MP131DAE7, STM32MP131DAF7, STM32MP131DAG7, STM32MP131FAE7, STM32MP131FAF7, STM32MP131FAG7, STM32MP133AAE3, STM32MP133AAF3, STM32MP133AAG3, STM32MP133CAE3, STM32MP133CAF3, STM32MP133CAG3, STM32MP133DAE7, STM32MP133DAF7, STM32MP133DAG7, STM32MP133FAE7, STM32MP133FAF7, STM32MP133FAG7, STM32MP135AAE3, STM32MP135AAF3, STM32MP135AAG3, STM32MP135CAE3, STM32MP135CAF3, STM32MP135CAG3, STM32MP135DAE7, STM32MP135DAF7, STM32MP135DAG7, STM32MP135F-DK, STM32MP135FAE7, STM32MP135FAF7, STM32MP135FAF7T, STM32MP135FAF7U, STM32MP135FAG7, STM32U535CBT6, STM32U535CBT6Q, STM32U535CBU6, STM32U535CBU6Q, STM32U535CCT6, STM32U535CCT6Q, STM32U535CCU6, STM32U535CCU6Q, STM32U535CET6, STM32U535CET6Q, STM32U535CEU6, STM32U535CEU6Q, STM32U535JEY6QTR, STM32U535NCY6QTR, STM32U535NEY6QTR, STM32U535RBI6, STM32U535RBI6Q, STM32U535RBT6, STM32U535RBT6Q, STM32U535RCI6, STM32U535RCI6Q, STM32U535RCT6, STM32U535RCT6Q, STM32U535REI6, STM32U535REI6Q, STM32U535RET6, STM32U535RET6Q, STM32U535VCI6, STM32U535VCI6Q, STM32U535VCT6, STM32U535VCT6Q, STM32U535VEI6, STM32U535VEI6Q, STM32U535VET6, STM32U535VET6Q, STM32U545CET6, STM32U545CET6Q, STM32U545CEU6, STM32U545CEU6Q, STM32U545JEY6QTR, STM32U545NEY6QTR, STM32U545REI6, STM32U545REI6Q, STM32U545RET6, STM32U545RET6Q, STM32U545VEI6, STM32U545VEI6Q, STM32U545VET6, STM32U545VET6Q, STM32U595AIH6, STM32U595AIH6Q, STM32U595AJH6, STM32U595AJH6Q, STM32U595QII6, STM32U595QII6Q, STM32U595QJI6, STM32U595QJI6Q, STM32U595RIT6, STM32U595RIT6Q, STM32U595RJT6, STM32U595RJT6Q, STM32U595VIT6, STM32U595VIT6Q, STM32U595VJT6, STM32U595VJT6Q, STM32U595ZIT6, STM32U595ZIT6Q, STM32U595ZIY6QTR, STM32U595ZJT6, STM32U595ZJT6Q, STM32U595ZJY6QTR, STM32U599BJY6QTR, STM32U599NIH6Q, STM32U599NJH6Q, STM32U599VIT6Q, STM32U599VJT6, STM32U599VJT6Q, STM32U599ZIT6Q, STM32U599ZIY6QTR, STM32U599ZJT6Q, STM32U599ZJY6QTR, STM32U5A5AJH6, STM32U5A5AJH6Q, STM32U5A5QJI6, STM32U5A5QJI6Q, STM32U5A5RJT6, STM32U5A5RJT6Q, STM32U5A5VJT6, STM32U5A5VJT6Q, STM32U5A5ZJT6, STM32U5A5ZJT6Q, STM32U5A5ZJY6QTR, STM32U5A9BJY6QTR, STM32U5A9J-DK, STM32U5A9NJH6Q, STM32U5A9VJT6Q, STM32U5A9ZJT6Q, STM32U5A9ZJY6QTR, STM32U5F7VIT6, STM32U5F7VIT6Q, STM32U5F7VJT6, STM32U5F7VJT6Q, STM32U5F9BJY6QTR, STM32U5F9NJH6Q, STM32U5F9VIT6Q, STM32U5F9VJT6Q, STM32U5F9ZIJ6QTR, STM32U5F9ZIT6Q, STM32U5F9ZJJ6QTR, STM32U5F9ZJT6Q, STM32U5G7VJT6, STM32U5G7VJT6Q, STM32U5G9BJY6QTR, STM32U5G9J-DK1, STM32U5G9J-DK2, STM32U5G9NJH6Q, STM32U5G9VJT6Q, STM32U5G9ZJJ6QTR, STM32U5G9ZJT6Q, STM32WB1MMCH6, STM32WBA52CEU6, STM32WBA52CEU6T, STM32WBA52CGU6, STM32WBA52CGU6T, STM32WBA52KEU6, STM32WBA52KEU6T, STM32WBA52KGU6, STM32WBA52KGU6T, STM32WL5MOCH6, STM32WL5MOCH6TR]
2026-07-30 11:25:21,117 [INFO] BoardInfo:880 - No configuration file found for board B-WBA5M-WPAN
2026-07-30 11:25:21,118 [INFO] DbBoards:157 - Board is not supported: B-WBA5M-WPAN
2026-07-30 11:25:21,123 [INFO] BoardInfo:880 - No configuration file found for board NUCLEO-C051C8
2026-07-30 11:25:21,123 [INFO] DbBoards:157 - Board is not supported: NUCLEO-C051C8
2026-07-30 11:25:21,125 [INFO] BoardInfo:880 - No configuration file found for board NUCLEO-C071RB
2026-07-30 11:25:21,125 [INFO] DbBoards:157 - Board is not supported: NUCLEO-C071RB
2026-07-30 11:25:21,126 [INFO] BoardInfo:880 - No configuration file found for board NUCLEO-C092RC
2026-07-30 11:25:21,126 [INFO] DbBoards:157 - Board is not supported: NUCLEO-C092RC
2026-07-30 11:25:21,197 [INFO] BoardInfo:880 - No configuration file found for board NUCLEO-H533RE
2026-07-30 11:25:21,197 [INFO] DbBoards:157 - Board is not supported: NUCLEO-H533RE
2026-07-30 11:25:21,200 [INFO] BoardInfo:880 - No configuration file found for board NUCLEO-H5E5ZJ
2026-07-30 11:25:21,200 [INFO] DbBoards:157 - Board is not supported: NUCLEO-H5E5ZJ
2026-07-30 11:25:21,210 [INFO] BoardInfo:880 - No configuration file found for board NUCLEO-H7S3L8
2026-07-30 11:25:21,210 [INFO] DbBoards:157 - Board is not supported: NUCLEO-H7S3L8
2026-07-30 11:25:21,286 [INFO] BoardInfo:880 - No configuration file found for board NUCLEO-N657X0-Q
2026-07-30 11:25:21,286 [INFO] DbBoards:157 - Board is not supported: NUCLEO-N657X0-Q
2026-07-30 11:25:21,290 [INFO] BoardInfo:880 - No configuration file found for board NUCLEO-U031R8
2026-07-30 11:25:21,291 [INFO] DbBoards:157 - Board is not supported: NUCLEO-U031R8
2026-07-30 11:25:21,292 [INFO] BoardInfo:880 - No configuration file found for board NUCLEO-U083RC
2026-07-30 11:25:21,292 [INFO] DbBoards:157 - Board is not supported: NUCLEO-U083RC
2026-07-30 11:25:21,295 [INFO] BoardInfo:880 - No configuration file found for board NUCLEO-U385RG-Q
2026-07-30 11:25:21,295 [INFO] DbBoards:157 - Board is not supported: NUCLEO-U385RG-Q
2026-07-30 11:25:21,296 [INFO] BoardInfo:880 - No configuration file found for board NUCLEO-U3C5ZI-Q
2026-07-30 11:25:21,296 [INFO] DbBoards:157 - Board is not supported: NUCLEO-U3C5ZI-Q
2026-07-30 11:25:21,303 [INFO] BoardInfo:880 - No configuration file found for board NUCLEO-WB05KZ
2026-07-30 11:25:21,304 [INFO] DbBoards:157 - Board is not supported: NUCLEO-WB05KZ
2026-07-30 11:25:21,305 [INFO] BoardInfo:880 - No configuration file found for board NUCLEO-WB07CC
2026-07-30 11:25:21,305 [INFO] DbBoards:157 - Board is not supported: NUCLEO-WB07CC
2026-07-30 11:25:21,307 [INFO] BoardInfo:880 - No configuration file found for board NUCLEO-WB09KE
2026-07-30 11:25:21,307 [INFO] DbBoards:157 - Board is not supported: NUCLEO-WB09KE
2026-07-30 11:25:21,311 [INFO] BoardInfo:880 - No configuration file found for board NUCLEO-WBA25CE1
2026-07-30 11:25:21,311 [INFO] DbBoards:157 - Board is not supported: NUCLEO-WBA25CE1
2026-07-30 11:25:21,314 [INFO] BoardInfo:880 - No configuration file found for board NUCLEO-WBA55CG
2026-07-30 11:25:21,314 [INFO] DbBoards:157 - Board is not supported: NUCLEO-WBA55CG
2026-07-30 11:25:21,315 [INFO] BoardInfo:880 - No configuration file found for board NUCLEO-WBA65RI
2026-07-30 11:25:21,315 [INFO] DbBoards:157 - Board is not supported: NUCLEO-WBA65RI
2026-07-30 11:25:21,317 [INFO] BoardInfo:880 - No configuration file found for board NUCLEO-WL33CC1
2026-07-30 11:25:21,317 [INFO] DbBoards:157 - Board is not supported: NUCLEO-WL33CC1
2026-07-30 11:25:21,318 [INFO] BoardInfo:880 - No configuration file found for board NUCLEO-WL33CC2
2026-07-30 11:25:21,318 [INFO] DbBoards:157 - Board is not supported: NUCLEO-WL33CC2
2026-07-30 11:25:21,321 [INFO] BoardInfo:880 - No configuration file found for board NUCLEO-WL3RKB1
2026-07-30 11:25:21,321 [INFO] DbBoards:157 - Board is not supported: NUCLEO-WL3RKB1
2026-07-30 11:25:21,323 [INFO] BoardInfo:880 - No configuration file found for board NUCLEO-WL3RKB2
2026-07-30 11:25:21,323 [INFO] DbBoards:157 - Board is not supported: NUCLEO-WL3RKB2
2026-07-30 11:25:21,332 [INFO] BoardInfo:880 - No configuration file found for board P-NUCLEO-WB55
2026-07-30 11:25:21,332 [INFO] DbBoards:157 - Kit is not supported: P-NUCLEO-WB55
2026-07-30 11:25:21,338 [INFO] BoardInfo:880 - No configuration file found for board STEVAL-BFA001V1B
2026-07-30 11:25:21,338 [INFO] DbBoards:157 - Kit is not supported: STEVAL-BFA001V1B
2026-07-30 11:25:21,341 [INFO] BoardInfo:880 - No configuration file found for board STEVAL-BFA001V2B
2026-07-30 11:25:21,341 [INFO] DbBoards:157 - Kit is not supported: STEVAL-BFA001V2B
2026-07-30 11:25:21,346 [INFO] BoardInfo:880 - No configuration file found for board STEVAL-MKBOXPRO
2026-07-30 11:25:21,346 [INFO] DbBoards:157 - Board is not supported: STEVAL-MKBOXPRO
2026-07-30 11:25:21,452 [INFO] BoardInfo:880 - No configuration file found for board STM32H5F5J-DK
2026-07-30 11:25:21,452 [INFO] DbBoards:157 - Board is not supported: STM32H5F5J-DK
2026-07-30 11:25:21,482 [INFO] BoardInfo:880 - No configuration file found for board STM32H7S78-DK
2026-07-30 11:25:21,482 [INFO] DbBoards:157 - Board is not supported: STM32H7S78-DK
2026-07-30 11:25:21,526 [INFO] BoardInfo:880 - No configuration file found for board STM32MP215F-DK
2026-07-30 11:25:21,526 [INFO] DbBoards:157 - Board is not supported: STM32MP215F-DK
2026-07-30 11:25:21,528 [INFO] BoardInfo:880 - No configuration file found for board STM32MP257F-DK
2026-07-30 11:25:21,528 [INFO] DbBoards:157 - Board is not supported: STM32MP257F-DK
2026-07-30 11:25:21,530 [INFO] BoardInfo:880 - No configuration file found for board STM32MP257F-EV1
2026-07-30 11:25:21,531 [INFO] DbBoards:157 - Board is not supported: STM32MP257F-EV1
2026-07-30 11:25:21,532 [INFO] BoardInfo:880 - No configuration file found for board STM32N6570-DK
2026-07-30 11:25:21,532 [INFO] DbBoards:157 - Board is not supported: STM32N6570-DK
2026-07-30 11:25:21,534 [INFO] BoardInfo:880 - No configuration file found for board STM32U083C-DK
2026-07-30 11:25:21,535 [INFO] DbBoards:157 - Board is not supported: STM32U083C-DK
2026-07-30 11:25:21,545 [INFO] BoardInfo:880 - No configuration file found for board STM32WBA55G-DK1
2026-07-30 11:25:21,545 [INFO] DbBoards:157 - Board is not supported: STM32WBA55G-DK1
2026-07-30 11:25:21,547 [INFO] BoardInfo:880 - No configuration file found for board STM32WBA65I-DK1
2026-07-30 11:25:21,547 [INFO] DbBoards:157 - Board is not supported: STM32WBA65I-DK1
2026-07-30 11:25:21,548 [INFO] DbBoards:161 - Found 218 boards, 183 are supported
2026-07-30 11:25:21,553 [INFO] ApiDb:423 - Load user favorites file C:\Users\Admin/.stm32cubeide/favorites.boards.txt: 0 item(s)
2026-07-30 11:25:21,554 [INFO] ApiDb:427 - User favorites Boards=[]
2026-07-30 11:25:21,554 [INFO] DbBoards:190 - Set 0 / 0 favorites Boards
2026-07-30 11:25:21,554 [INFO] McuFinderGlobals:76 - Set McuFinderConnectedMode to true
2026-07-30 11:25:21,573 [INFO] MultiScanPanel:200 - Auto-refresh data requested => check proxy status ongoing
2026-07-30 11:25:21,575 [INFO] FinderPluginLoader:95 - Searching for filters in installed packs
2026-07-30 11:25:23,264 [INFO] LoadUrlFilesThread:185 - End of LoadServerUrlFiles without Thread
2026-07-30 11:25:23,284 [INFO] DetailPanel:341 - Set advertising image to C:/Users/Admin/STM32Cube/Repository/\en.stm32h5cubemxbanner.png
2026-07-30 11:27:22,411 [INFO] MainUpdater:2868 - connection check result : 10
2026-07-30 11:27:22,411 [INFO] MainUpdater:2868 - connection check result : 10
2026-07-30 11:27:22,554 [INFO] MicroXplorer:468 - Change Database Path : 
2026-07-30 11:27:22,554 [INFO] MicroXplorer:498 - Change Database Version : DB.6.0.91
2026-07-30 11:27:22,597 [WARN] ThirdParty:871 - waiting for thirdparty lock release [close project]
2026-07-30 11:27:22,597 [INFO] ThirdParty:873 - entering critical section [close project]
2026-07-30 11:27:22,597 [INFO] ThirdParty:883 - exiting critical section [close project]
2026-07-30 11:27:22,600 [INFO] PinOutPanel:1499 - setPackage(No Configuration,No Configuration)
2026-07-30 11:27:22,615 [WARN] IpParametersView:151 - Warning: This peripheral hasn't parameters
2026-07-30 11:27:22,625 [WARN] MainPanel:272 - <html><b><center>Warning: This peripheral has no parameters to be configured<br></b></html>
2026-07-30 11:27:22,630 [INFO] UtilMem:75 - Begin LoadConfig() Used Memory: 915120248 Bytes (1073741824)
2026-07-30 11:27:22,630 [INFO] MicroXplorer:468 - Change Database Path : 
2026-07-30 11:27:22,630 [INFO] MicroXplorer:498 - Change Database Version : DB.6.0.91
2026-07-30 11:27:22,631 [INFO] OpenFileManager:308 - Change cursor
2026-07-30 11:27:22,648 [INFO] RulesReader:64 - Compatibility file has been processed (293 Rules)
2026-07-30 11:27:22,752 [INFO] Mcu:1946 - Initializing MCU STM32F103C8Tx STM32F103C8Tx STM32F103C8T6
2026-07-30 11:27:23,689 [INFO] Context:659 - Trying to add GPIOservice into a context  which must be forbidden
2026-07-30 11:27:23,987 [INFO] ImportTextPane:194 - (OptionalMessage_ERROR) Unable to find key (Mcu.ThirdPartyNb) in loaded IOC file
2026-07-30 11:27:23,987 [INFO] ImportTextPane:194 - (OptionalMessage_ERROR) Unable to find key (Mcu.PinsNb) in loaded IOC file
2026-07-30 11:27:23,987 [INFO] ImportTextPane:194 - (OptionalMessage_ERROR) Unable to find key (Mcu.IPNb) in loaded IOC file
2026-07-30 11:27:24,007 [INFO] RtosManager:555 - Registered RTOS mode: class=CMSIS, group=RTOS, mode=CMSIS_V1, owner=FREERTOS
2026-07-30 11:27:24,007 [INFO] RtosManager:555 - Registered RTOS mode: class=CMSIS, group=RTOS2, mode=CMSIS_V2, owner=FREERTOS
2026-07-30 11:27:24,007 [INFO] RtosManager:555 - Registered RTOS mode: class=RTOS, group=Core, mode=CMSIS_V1, owner=FREERTOS
2026-07-30 11:27:24,007 [INFO] RtosManager:555 - Registered RTOS mode: class=RTOS, group=Core, mode=CMSIS_V2, owner=FREERTOS
2026-07-30 11:27:24,007 [WARN] ModelIntegratedComponent:184 - Missing modes for component STMicroelectronics:FreeRTOS:0.0.1:STMicroelectronics:RTOS:FreeRTOS:Core:::10.2.0:
2026-07-30 11:27:24,090 [WARN] ModelIntegratedComponent:63 - No mode defined for component null
2026-07-30 11:27:24,091 [WARN] ModelIntegratedComponent:63 - No mode defined for component null
2026-07-30 11:27:24,091 [WARN] ModelIntegratedComponent:63 - No mode defined for component null
2026-07-30 11:27:24,091 [WARN] ModelIntegratedComponent:63 - No mode defined for component null
2026-07-30 11:27:24,091 [WARN] ModelIntegratedComponent:63 - No mode defined for component null
2026-07-30 11:27:24,091 [WARN] ModelIntegratedComponent:63 - No mode defined for component null
2026-07-30 11:27:24,091 [WARN] ModelIntegratedComponent:63 - No mode defined for component null
2026-07-30 11:27:24,091 [WARN] ModelIntegratedComponent:63 - No mode defined for component null
2026-07-30 11:27:24,091 [WARN] ModelIntegratedComponent:63 - No mode defined for component null
2026-07-30 11:27:24,091 [WARN] ModelIntegratedComponent:63 - No mode defined for component null
2026-07-30 11:27:24,091 [WARN] ModelIntegratedComponent:63 - No mode defined for component null
2026-07-30 11:27:24,091 [WARN] ModelIntegratedComponent:63 - No mode defined for component null
2026-07-30 11:27:24,091 [WARN] ModelIntegratedComponent:63 - No mode defined for component null
2026-07-30 11:27:24,091 [WARN] ModelIntegratedComponent:63 - No mode defined for component null
2026-07-30 11:27:24,091 [WARN] ModelIntegratedComponent:63 - No mode defined for component null
2026-07-30 11:27:24,091 [WARN] ModelIntegratedComponent:63 - No mode defined for component null
2026-07-30 11:27:24,092 [WARN] ModelIntegratedComponent:63 - No mode defined for component null
2026-07-30 11:27:24,092 [WARN] ModelIntegratedComponent:63 - No mode defined for component null
2026-07-30 11:27:24,092 [WARN] ModelIntegratedComponent:63 - No mode defined for component null
2026-07-30 11:27:24,092 [WARN] ModelIntegratedComponent:63 - No mode defined for component null
2026-07-30 11:27:24,092 [WARN] ModelIntegratedComponent:63 - No mode defined for component null
2026-07-30 11:27:24,092 [WARN] ModelIntegratedComponent:63 - No mode defined for component null
2026-07-30 11:27:24,092 [WARN] ModelIntegratedComponent:63 - No mode defined for component null
2026-07-30 11:27:24,092 [WARN] ModelIntegratedComponent:63 - No mode defined for component null
2026-07-30 11:27:24,092 [WARN] ModelIntegratedComponent:63 - No mode defined for component null
2026-07-30 11:27:24,092 [WARN] ModelIntegratedComponent:63 - No mode defined for component null
2026-07-30 11:27:24,092 [WARN] ModelIntegratedComponent:63 - No mode defined for component null
2026-07-30 11:27:24,092 [WARN] ModelIntegratedComponent:63 - No mode defined for component null
2026-07-30 11:27:24,092 [WARN] ModelIntegratedComponent:63 - No mode defined for component null
2026-07-30 11:27:24,092 [WARN] ModelIntegratedComponent:63 - No mode defined for component null
2026-07-30 11:27:24,092 [WARN] ModelIntegratedComponent:63 - No mode defined for component null
2026-07-30 11:27:24,092 [WARN] ModelIntegratedComponent:63 - No mode defined for component null
2026-07-30 11:27:24,092 [WARN] ModelIntegratedComponent:63 - No mode defined for component null
2026-07-30 11:27:24,179 [INFO] ThirdPartyModel:298 - Start build external matchings
2026-07-30 11:27:24,715 [INFO] ThirdPartyModel:316 - End build external matchings
2026-07-30 11:27:24,991 [INFO] UtilMem:75 - End LoadConfig() Used Memory: 870799424 Bytes (1073741824)
2026-07-30 11:27:25,021 [WARN] ThirdParty:833 - waiting for thirdparty lock release [change project]
2026-07-30 11:27:25,021 [INFO] ThirdParty:835 - entering critical section [change project]
2026-07-30 11:27:25,021 [INFO] ThirdParty:1030 - CMSIS Pack Vendor :STMicroelectronics USBPD 4.1
2026-07-30 11:27:25,021 [INFO] ThirdParty:1030 - CMSIS Pack Vendor :STMicroelectronics USB_HOST 2.0.0
2026-07-30 11:27:25,021 [INFO] ThirdParty:1030 - CMSIS Pack Vendor :STMicroelectronics FP-ATR-ASTRA1 2.0.3
2026-07-30 11:27:25,021 [INFO] ThirdParty:1030 - CMSIS Pack Vendor :STMicroelectronics X-CUBE-AZRTOS-F4 1.1.0
2026-07-30 11:27:25,021 [INFO] ThirdParty:1030 - CMSIS Pack Vendor :STMicroelectronics LIBJPEG 8.0.0
2026-07-30 11:27:25,021 [INFO] ThirdParty:1030 - CMSIS Pack Vendor :STMicroelectronics FP-ATR-ASTRA1 2.0.2
2026-07-30 11:27:25,021 [INFO] ThirdParty:1030 - CMSIS Pack Vendor :STMicroelectronics X-CUBE-SMBUS 2.1.0
2026-07-30 11:27:25,021 [INFO] ThirdParty:1030 - CMSIS Pack Vendor :wolfSSL I-CUBE-wolfMQTT 1.19.2
2026-07-30 11:27:25,021 [INFO] ThirdParty:1030 - CMSIS Pack Vendor :STMicroelectronics USB_DEVICE 3.0.0
2026-07-30 11:27:25,021 [INFO] ThirdParty:1030 - CMSIS Pack Vendor :STMicroelectronics X-CUBE-AZRTOS-F7 1.1.0
2026-07-30 11:27:25,021 [INFO] ThirdParty:1030 - CMSIS Pack Vendor :STMicroelectronics USB_DEVICE 2.0.0
2026-07-30 11:27:25,021 [INFO] ThirdParty:1030 - CMSIS Pack Vendor :STMicroelectronics X-CUBE-ALGOBUILD 1.5.0
2026-07-30 11:27:25,021 [INFO] ThirdParty:1030 - CMSIS Pack Vendor :STMicroelectronics FreeRTOS 0.0.1
2026-07-30 11:27:25,022 [INFO] ThirdParty:1030 - CMSIS Pack Vendor :STMicroelectronics X-CUBE-AZRTOS-H7RS 1.3.0
2026-07-30 11:27:25,022 [INFO] ThirdParty:1030 - CMSIS Pack Vendor :STMicroelectronics X-CUBE-AZRTOS-G0 1.1.0
2026-07-30 11:27:25,022 [INFO] ThirdParty:1030 - CMSIS Pack Vendor :STMicroelectronics X-CUBE-NFC4 3.0.0
2026-07-30 11:27:25,022 [INFO] ThirdParty:1030 - CMSIS Pack Vendor :STMicroelectronics X-CUBE-SUBG2 5.0.0
2026-07-30 11:27:25,022 [INFO] ThirdParty:1030 - CMSIS Pack Vendor :STMicroelectronics STM32_WPAN 1.0.0
2026-07-30 11:27:25,022 [INFO] ThirdParty:1030 - CMSIS Pack Vendor :STMicroelectronics lwIP 2.0.3
2026-07-30 11:27:25,022 [INFO] ThirdParty:1030 - CMSIS Pack Vendor :STMicroelectronics X-CUBE-MEMS1 13.0.0
2026-07-30 11:27:25,022 [INFO] ThirdParty:1030 - CMSIS Pack Vendor :STMicroelectronics USB_HOST 1.0.0
2026-07-30 11:27:25,022 [INFO] ThirdParty:1030 - CMSIS Pack Vendor :STMicroelectronics X-CUBE-AZRTOS-G4 2.0.0
2026-07-30 11:27:25,022 [INFO] ThirdParty:1030 - CMSIS Pack Vendor :STMicroelectronics PDM2PCM 3.1.0
2026-07-30 11:27:25,022 [INFO] ThirdParty:1030 - CMSIS Pack Vendor :STMicroelectronics PDM2PCM 3.3.0
2026-07-30 11:27:25,022 [INFO] ThirdParty:1030 - CMSIS Pack Vendor :wolfSSL I-CUBE-wolfTPM 3.8.0
2026-07-30 11:27:25,022 [INFO] ThirdParty:1030 - CMSIS Pack Vendor :STMicroelectronics X-CUBE-DISPLAY 3.0.0
2026-07-30 11:27:25,022 [INFO] ThirdParty:1030 - CMSIS Pack Vendor :wolfSSL I-CUBE-wolfSSH 1.4.20
2026-07-30 11:27:25,022 [INFO] ThirdParty:1030 - CMSIS Pack Vendor :wolfSSL I-CUBE-wolfSSL 5.9.1
2026-07-30 11:27:25,022 [INFO] ThirdParty:1030 - CMSIS Pack Vendor :STMicroelectronics FP-ATR-SIGFOX1 3.2.0
2026-07-30 11:27:25,022 [INFO] ThirdParty:1030 - CMSIS Pack Vendor :STMicroelectronics HAL Drivers 0.0.0
2026-07-30 11:27:25,022 [INFO] ThirdParty:1030 - CMSIS Pack Vendor :STMicroelectronics MBEDTLS 2.16.2
2026-07-30 11:27:25,022 [INFO] ThirdParty:1030 - CMSIS Pack Vendor :emotas I-CUBE-CANOPEN 1.3.0
2026-07-30 11:27:25,022 [INFO] ThirdParty:1030 - CMSIS Pack Vendor :STMicroelectronics MBEDTLS 2.14.1
2026-07-30 11:27:25,022 [INFO] ThirdParty:1030 - CMSIS Pack Vendor :ITTIA_DB I-CUBE-ITTIADB 8.9.0
2026-07-30 11:27:25,022 [INFO] ThirdParty:1030 - CMSIS Pack Vendor :STMicroelectronics X-CUBE-TOUCHGFX 4.26.1
2026-07-30 11:27:25,022 [INFO] ThirdParty:1030 - CMSIS Pack Vendor :STMicroelectronics X-CUBE-AI 10.2.1
2026-07-30 11:27:25,022 [INFO] ThirdParty:1030 - CMSIS Pack Vendor :STMicroelectronics ThreadX 1.0.0
2026-07-30 11:27:25,023 [INFO] ThirdParty:1030 - CMSIS Pack Vendor :STMicroelectronics X-CUBE-MEMS1 12.1.0
2026-07-30 11:27:25,023 [INFO] ThirdParty:1030 - CMSIS Pack Vendor :STMicroelectronics X-CUBE-AZRTOS-WL 2.0.0
2026-07-30 11:27:25,023 [INFO] ThirdParty:1030 - CMSIS Pack Vendor :SEGGER I-CUBE-embOS 1.3.1
2026-07-30 11:27:25,023 [INFO] ThirdParty:1030 - CMSIS Pack Vendor :STMicroelectronics X-CUBE-ALGOBUILD 1.4.0
2026-07-30 11:27:25,023 [INFO] ThirdParty:1030 - CMSIS Pack Vendor :STMicroelectronics USB_DEVICE 1.0.0
2026-07-30 11:27:25,023 [INFO] ThirdParty:1030 - CMSIS Pack Vendor :STMicroelectronics X-CUBE-AZRTOS-H7RS 1.2.0
2026-07-30 11:27:25,023 [INFO] ThirdParty:1030 - CMSIS Pack Vendor :STMicroelectronics X-CUBE-AZRTOS-L4 2.0.0
2026-07-30 11:27:25,023 [INFO] ThirdParty:1030 - CMSIS Pack Vendor :STMicroelectronics ThreadX 0.0.2
2026-07-30 11:27:25,023 [INFO] ThirdParty:1030 - CMSIS Pack Vendor :STMicroelectronics lwIP 2.1.2
2026-07-30 11:27:25,023 [INFO] ThirdParty:1030 - CMSIS Pack Vendor :STMicroelectronics X-CUBE-SFXS2LP1 4.0.0
2026-07-30 11:27:25,023 [INFO] ThirdParty:1030 - CMSIS Pack Vendor :STMicroelectronics X-CUBE-BLE2 3.3.0
2026-07-30 11:27:25,023 [INFO] ThirdParty:1030 - CMSIS Pack Vendor :STMicroelectronics X-CUBE-NFC13 1.0.0
2026-07-30 11:27:25,023 [INFO] ThirdParty:1030 - CMSIS Pack Vendor :STMicroelectronics PDM2PCM 3.2.0
2026-07-30 11:27:25,023 [INFO] ThirdParty:841 - exiting critical section [change project]
2026-07-30 11:27:25,253 [INFO] PinOutPanel:1499 - setPackage(No Configuration,No Configuration)
2026-07-30 11:27:25,255 [INFO] PinOutPanel:1499 - setPackage(STM32F103C8Tx,LQFP48)
2026-07-30 11:27:25,663 [INFO] UtilMem:75 - Before build in PCC Used Memory: 829728904 Bytes (1073741824)
2026-07-30 11:27:25,924 [INFO] UtilMem:75 - After build in PCC Used Memory: 871671944 Bytes (1073741824)
2026-07-30 11:27:25,945 [INFO] IPUIPlugin:80 - create IPUIPlugin
2026-07-30 11:27:25,945 [INFO] IPUIPlugin:80 - create IPUIPlugin
2026-07-30 11:27:25,945 [INFO] IPUIPlugin:80 - create IPUIPlugin
2026-07-30 11:27:25,945 [INFO] IPUIPlugin:80 - create IPUIPlugin
2026-07-30 11:27:25,945 [INFO] IPUIPlugin:80 - create IPUIPlugin
2026-07-30 11:27:25,945 [INFO] IPUIPlugin:80 - create IPUIPlugin
2026-07-30 11:27:25,946 [INFO] IPUIPlugin:80 - create IPUIPlugin
2026-07-30 11:27:25,946 [INFO] IPUIPlugin:80 - create IPUIPlugin
2026-07-30 11:27:25,946 [INFO] IPUIPlugin:80 - create IPUIPlugin
2026-07-30 11:27:25,946 [INFO] IPUIPlugin:80 - create IPUIPlugin
2026-07-30 11:27:25,946 [INFO] IPUIPlugin:80 - create IPUIPlugin
2026-07-30 11:27:25,946 [INFO] IPUIPlugin:80 - create IPUIPlugin
2026-07-30 11:27:25,946 [INFO] IPUIPlugin:80 - create IPUIPlugin
2026-07-30 11:27:25,946 [INFO] IPUIPlugin:80 - create IPUIPlugin
2026-07-30 11:27:25,947 [INFO] IPUIPlugin:80 - create IPUIPlugin
2026-07-30 11:27:25,947 [INFO] IPUIPlugin:80 - create IPUIPlugin
2026-07-30 11:27:25,947 [INFO] IPUIPlugin:80 - create IPUIPlugin
2026-07-30 11:27:25,947 [INFO] IPUIPlugin:80 - create IPUIPlugin
2026-07-30 11:27:25,947 [INFO] IPUIPlugin:80 - create IPUIPlugin
2026-07-30 11:27:25,947 [INFO] IPUIPlugin:80 - create IPUIPlugin
2026-07-30 11:27:25,948 [INFO] IPUIPlugin:80 - create IPUIPlugin
2026-07-30 11:27:25,948 [INFO] IPUIPlugin:80 - create IPUIPlugin
2026-07-30 11:27:25,948 [INFO] IPUIPlugin:80 - create IPUIPlugin
2026-07-30 11:27:25,949 [INFO] IPUIPlugin:80 - create IPUIPlugin
2026-07-30 11:27:25,949 [INFO] IPUIPlugin:80 - create IPUIPlugin
2026-07-30 11:27:25,949 [INFO] IPUIPlugin:80 - create IPUIPlugin
2026-07-30 11:27:25,950 [INFO] IPUIPlugin:80 - create IPUIPlugin
2026-07-30 11:27:25,981 [INFO] CADModel:165 - CPN selected for project levelSTM32F103C8T6
2026-07-30 11:27:25,982 [INFO] CADModel:114 - Register for checkConnection events
2026-07-30 11:27:26,045 [INFO] OpenFileManager:328 - Restore cursor
2026-07-30 11:27:26,562 [INFO] UtilMem:75 - End SaveConfig() Used Memory: 926090520 Bytes (1073741824)
2026-07-30 11:27:26,634 [INFO] UtilMem:75 - End SaveConfig() Used Memory: 939166352 Bytes (1073741824)
2026-07-30 11:27:26,934 [INFO] BlockDiagram:2759 - set Specific Code input for plugin: NVIC
2026-07-30 11:27:26,935 [INFO] BlockDiagram:2759 - set Specific Code input for plugin: RCC
2026-07-30 11:27:26,936 [INFO] CodeGenerator:799 - code generatio: config db path: C:\ST\STM32CubeIDE_1.13.1\STM32CubeIDE\plugins\com.st.stm32cube.common.mx_6.9.1.202307191849\\db\
2026-07-30 11:27:27,178 [INFO] CodeEngine:255 - oldGeneratedFile, C:\Users\Admin\Documents\GitHub\Drone-RTOS\Source\005GPS\MXTmpFiles\license.tmp_save
2026-07-30 11:27:27,327 [INFO] CodeEngine:279 - Generated code: C:\Users\Admin\Documents\GitHub\Drone-RTOS\Source\005GPS\MXTmpFiles\license.tmp
2026-07-30 11:27:27,339 [INFO] CodeEngine:255 - oldGeneratedFile, C:\Users\Admin\Documents\GitHub\Drone-RTOS\Source\005GPS\Core\Src\stm32f1xx_it.c_save
2026-07-30 11:27:27,640 [INFO] CodeEngine:279 - Generated code: C:\Users\Admin\Documents\GitHub\Drone-RTOS\Source\005GPS\Core\Src\stm32f1xx_it.c
2026-07-30 11:27:27,645 [INFO] CodeEngine:255 - oldGeneratedFile, C:\Users\Admin\Documents\GitHub\Drone-RTOS\Source\005GPS\Core\Inc\stm32f1xx_it.h_save
2026-07-30 11:27:27,744 [INFO] CodeEngine:279 - Generated code: C:\Users\Admin\Documents\GitHub\Drone-RTOS\Source\005GPS\Core\Inc\stm32f1xx_it.h
2026-07-30 11:27:27,796 [INFO] CodeEngine:255 - oldGeneratedFile, C:\Users\Admin\Documents\GitHub\Drone-RTOS\Source\005GPS\Core\Src\stm32f1xx_hal_msp.c_save
2026-07-30 11:27:27,932 [INFO] CodeEngine:279 - Generated code: C:\Users\Admin\Documents\GitHub\Drone-RTOS\Source\005GPS\Core\Src\stm32f1xx_hal_msp.c
2026-07-30 11:27:27,936 [INFO] CodeEngine:255 - oldGeneratedFile, C:\Users\Admin\Documents\GitHub\Drone-RTOS\Source\005GPS\MXTmpFiles\system.tmp_save
2026-07-30 11:27:28,022 [INFO] CodeEngine:279 - Generated code: C:\Users\Admin\Documents\GitHub\Drone-RTOS\Source\005GPS\MXTmpFiles\system.tmp
2026-07-30 11:27:28,045 [INFO] CodeEngine:311 - oldGeneratedFile, C:\Users\Admin\Documents\GitHub\Drone-RTOS\Source\005GPS\Core\Inc\stm32f1xx_hal_conf.h_save
2026-07-30 11:27:28,129 [INFO] CodeEngine:335 - Generated code: C:\Users\Admin\Documents\GitHub\Drone-RTOS\Source\005GPS\Core\Inc\stm32f1xx_hal_conf.h
2026-07-30 11:27:28,147 [INFO] CodeEngine:255 - oldGeneratedFile, C:\Users\Admin\Documents\GitHub\Drone-RTOS\Source\005GPS\Core\Inc\main.h_save
2026-07-30 11:27:28,240 [INFO] CodeEngine:279 - Generated code: C:\Users\Admin\Documents\GitHub\Drone-RTOS\Source\005GPS\Core\Inc\main.h
2026-07-30 11:27:28,244 [INFO] CodeEngine:255 - oldGeneratedFile, C:\Users\Admin\Documents\GitHub\Drone-RTOS\Source\005GPS\Core\Src\main.c_save
2026-07-30 11:27:28,376 [INFO] CodeEngine:279 - Generated code: C:\Users\Admin\Documents\GitHub\Drone-RTOS\Source\005GPS\Core\Src\main.c
2026-07-30 11:27:29,190 [INFO] ProjectBuilder:3064 - Time for Copy HAL[1] : 213mS.
2026-07-30 11:27:29,196 [INFO] ProjectBuilder:4404 - Project Generator version: 4.1.0
2026-07-30 11:27:29,582 [INFO] ConfigFileManager:1457 - The Die is : DIE410
2026-07-30 11:27:29,586 [INFO] ApiDbMcu:507 - Load IP Config File for FATFS
2026-07-30 11:27:29,593 [INFO] ApiDbMcu:507 - Load IP Config File for FREERTOS
2026-07-30 11:27:29,599 [INFO] ApiDbMcu:507 - Load IP Config File for USB_DEVICE
2026-07-30 11:27:32,502 [INFO] ProjectBuilder:4626 - Time for Generating toolchain IDE Files: 3305mS.
2026-07-30 11:27:32,502 [INFO] ProjectBuilder:2935 - Time for Copy CMSIS : 0mS.
2026-07-30 11:27:32,507 [INFO] ProjectBuilder:2935 - Time for Copy CMSIS : 0mS.
2026-07-30 11:27:33,839 [INFO] McuFinderGlobals:76 - Set McuFinderConnectedMode to true
2026-07-30 11:27:33,849 [INFO] ApiDb:448 - Save user favorites file C:\Users\Admin/.stm32cubeide/favorites.mcus.txt: 4 item(s)
2026-07-30 11:27:33,850 [INFO] ApiDb:452 - User favorites MCUs=[STM32F103C8T6, STM32F405RGT6, STM32F411CEU6, STM32H523CET6]
2026-07-30 11:29:16,077 [INFO] MainUpdater:2868 - connection check result : 10
2026-07-30 11:29:16,078 [INFO] McuFinderGlobals:76 - Set McuFinderConnectedMode to true
2026-07-30 11:29:16,952 [INFO] ServerAccessManage:473 - Download File mcusAds.json._tmp_
2026-07-30 11:29:17,104 [INFO] LoadUrlFilesThread:156 - End of LoadUrlFiles Thread
2026-07-30 11:29:17,420 [INFO] ServerAccessManage:473 - Download File cube-finder-db.zip
2026-07-30 11:29:27,456 [INFO] FileExtend:240 - Unzip File : cube-finder-db.zip
2026-07-30 11:29:27,456 [INFO] FileExtend:255 - Standard Zip Deflate
2026-07-30 11:29:28,305 [INFO] LoadUrlFilesThread:156 - End of LoadUrlFiles Thread
2026-07-30 11:29:49,422 [ERROR] ServerAccessManage:1172 - Problem during Server Connection :  IO error Connection timed out: no further information
2026-07-30 11:29:49,423 [ERROR] ServerAccessManage:651 - Problem during Server Connection :  : crdb.zip.
2026-07-30 11:29:51,808 [INFO] LoadUrlFilesThread:156 - End of LoadUrlFiles Thread
2026-07-30 11:29:52,525 [INFO] DbMcusAds:53 - JSON generation date=Wed Jul 15 16:46:00 GMT+07:00 2026 (1784108760991)
2026-07-30 11:29:52,528 [INFO] ApiDb:448 - Save user favorites file C:\Users\Admin/.stm32cubeide/favorites.mcus.txt: 4 item(s)
2026-07-30 11:29:52,528 [INFO] ApiDb:452 - User favorites MCUs=[STM32F103C8T6, STM32F405RGT6, STM32F411CEU6, STM32H523CET6]
2026-07-30 11:29:52,530 [INFO] ApiDb:581 - Connected to CubeFinder SQLite database (C:\Users\Admin\.stmcufinder\plugins\mcufinder\mcu\cube-finder-db.db)
2026-07-30 11:29:52,631 [INFO] ApiDb:668 - CubeFinder database Data Model version=2.1
2026-07-30 11:29:52,631 [INFO] ApiDb:669 - CubeFinder database Configuration version=3.0.42
2026-07-30 11:29:52,631 [INFO] ApiDb:670 - CubeFinder database generation date=2026-06-23 (1782213372)
2026-07-30 11:29:52,631 [INFO] ApiDb:671 - CubeFinder database FW Pack versions=[FP-ATR-ASTRA1_V2.0.0, FP-SNS-FLIGHT1_V5.1.0, FP-SNS-MOTENV1_V5.1.0, FP-SNS-MOTENVWB1_V1.5.0, FP-SNS-SMARTAG2_V1.2.0, FP-SNS-STBOX1_V2.1.0, STM32Cube_FW_C0_V1.4.0, STM32Cube_FW_F4_V1.28.3, STM32Cube_FW_F7_V1.17.4, STM32Cube_FW_G0_V1.6.3, STM32Cube_FW_G4_V1.6.2, STM32Cube_FW_H5_V1.7.0, STM32Cube_FW_H7RS_V1.3.0, STM32Cube_FW_H7_V1.13.0, STM32Cube_FW_L0_V1.12.2, STM32Cube_FW_L4_V1.18.2, STM32Cube_FW_L5_V1.6.0, STM32Cube_FW_N6_V1.4.0, STM32Cube_FW_U0_V1.3.0, STM32Cube_FW_U3_V1.4.0, STM32Cube_FW_U5_V1.9.0, STM32Cube_FW_WB0_V1.5.0, STM32Cube_FW_WBA_V1.10.0, STM32Cube_FW_WB_V1.24.0, STM32Cube_FW_WL3_V1.5.0, STM32Cube_FW_WL_V1.6.0, X-CUBE-ALGOBUILD_V1.5.0, X-CUBE-ALS_V1.0.2, X-CUBE-AZRTOS-F4_V1.1.0, X-CUBE-AZRTOS-F7_V1.1.0, X-CUBE-AZRTOS-G0_V1.1.0, X-CUBE-AZRTOS-G4_V2.0.0, X-CUBE-AZRTOS-H7RS_V1.1.0, X-CUBE-AZRTOS-H7_V3.5.0, X-CUBE-AZRTOS-L4_V2.0.0, X-CUBE-AZRTOS-L5_V2.0.0, X-CUBE-AZRTOS-WB_V2.0.0, X-CUBE-AZRTOS-WL_V2.0.0, X-CUBE-BLE1_V7.1.0, X-CUBE-BLE2_V3.3.0, X-CUBE-BLEMGR_V4.1.0, X-CUBE-EEPRMA1_V5.2.0, X-CUBE-FREERTOS_V1.5.0, X-CUBE-GNSS1_V7.1.1, X-CUBE-MEMS1_V12.1.0, X-CUBE-NFC4_V3.0.0, X-CUBE-NFC7_V2.0.0, X-CUBE-SFXS2LP1_V4.0.0, X-CUBE-ST67W61_V1.3.0, X-CUBE-SUBG2_V5.0.0, X-CUBE-TOF1_V3.4.3]
2026-07-30 11:29:55,489 [INFO] ApiDb:240 - Found 323 in-development CPN: [B-G473E-ZEST1S, B-WB1M-WPAN1, B-WL5M-SUBG1, NUCLEO-C031C6, NUCLEO-H503RB, NUCLEO-H563ZI, NUCLEO-U545RE-Q, NUCLEO-U5A5ZJ-Q, NUCLEO-WBA52CG, STEVAL-PROTEUS1, STEVAL-SMARTAG2, STEVAL-STWINBX1, STM320518-EVAL, STM32C0116-DK, STM32C011D6Y3TR, STM32C011D6Y6TR, STM32C011F4P3, STM32C011F4P6, STM32C011F4U3, STM32C011F4U6TR, STM32C011F6P3, STM32C011F6P6, STM32C011F6U3, STM32C011F6U6TR, STM32C011J4M3, STM32C011J4M6, STM32C011J6M3, STM32C011J6M6, STM32C0316-DK, STM32C031C4T3, STM32C031C4T6, STM32C031C4U3, STM32C031C4U6, STM32C031C6T3, STM32C031C6T6, STM32C031C6U3, STM32C031C6U6, STM32C031F4P3, STM32C031F4P6, STM32C031F6P3, STM32C031F6P6, STM32C031G4U3, STM32C031G4U6, STM32C031G6U3, STM32C031G6U6, STM32C031K4T3, STM32C031K4T6, STM32C031K4U3, STM32C031K4U6, STM32C031K6T3, STM32C031K6T6, STM32C031K6U3, STM32C031K6U6, STM32G071K8TXN, STM32G071K8UXN, STM32G081GBU6N, STM32G081KBT6N, STM32G081KBUXN, STM32G0B1CCT6N, STM32G0B1KCT6, STM32G0B1NEY6TR, STM32G0B1RCT6N, STM32G0C1CCT6, STM32G0C1CCT6N, STM32G0C1CCU6N, STM32G0C1CET6N, STM32G0C1CEU6N, STM32G0C1KCT6, STM32G0C1NEY6TR, STM32G0C1RCI6N, STM32G0C1RCT6N, STM32G0C1REI6N, STM32G0C1RET6N, STM32G0C1VCI6, STM32G0C1VEI6, STM32G471CCT6, STM32G471CCU6, STM32G471CET3, STM32G471CET6, STM32G471CEU3, STM32G471CEU6, STM32G471MCT6, STM32G471MET3, STM32G471MET6, STM32G471MEY6TR, STM32G471QCT6, STM32G471QET3, STM32G471RCT6, STM32G471RET3, STM32G471RET6, STM32G471VCH6, STM32G471VCI6, STM32G471VCT6, STM32G471VEH3, STM32G471VEH6, STM32G471VEI3, STM32G471VEI6, STM32G471VET3, STM32G471VET6, STM32G474CCT6, STM32H503CBT6, STM32H503CBU6, STM32H503EBY6TR, STM32H503KBU6, STM32H503RBT6, STM32H562AGI6, STM32H562AII6, STM32H562IGK6, STM32H562IGT6, STM32H562IIK6, STM32H562IIT6, STM32H562RGT6, STM32H562RGV6, STM32H562RIT6, STM32H562RIV6, STM32H562VGT6, STM32H562VIT6, STM32H562ZGT6, STM32H562ZIT6, STM32H563AGI6, STM32H563AII3Q, STM32H563AII6, STM32H563IGK6, STM32H563IGT6, STM32H563IIK3Q, STM32H563IIK6, STM32H563IIT3Q, STM32H563IIT6, STM32H563MIY3QTR, STM32H563RGT6, STM32H563RGV6, STM32H563RIT6, STM32H563RIV6, STM32H563VGT6, STM32H563VIT3Q, STM32H563VIT6, STM32H563ZGT6, STM32H563ZIT3Q, STM32H563ZIT6, STM32H573AII3Q, STM32H573AII6, STM32H573I-DK, STM32H573IIK3Q, STM32H573IIK6, STM32H573IIT3Q, STM32H573IIT6, STM32H573MIY3QTR, STM32H573RIT6, STM32H573RIV6, STM32H573VIT3Q, STM32H573VIT6, STM32H573ZIT3Q, STM32H573ZIT6, STM32L4R5QGI6STR, STM32MP131AAE3, STM32MP131AAF3, STM32MP131AAG3, STM32MP131CAE3, STM32MP131CAF3, STM32MP131CAG3, STM32MP131DAE7, STM32MP131DAF7, STM32MP131DAG7, STM32MP131FAE7, STM32MP131FAF7, STM32MP131FAG7, STM32MP133AAE3, STM32MP133AAF3, STM32MP133AAG3, STM32MP133CAE3, STM32MP133CAF3, STM32MP133CAG3, STM32MP133DAE7, STM32MP133DAF7, STM32MP133DAG7, STM32MP133FAE7, STM32MP133FAF7, STM32MP133FAG7, STM32MP135AAE3, STM32MP135AAF3, STM32MP135AAG3, STM32MP135CAE3, STM32MP135CAF3, STM32MP135CAG3, STM32MP135DAE7, STM32MP135DAF7, STM32MP135DAG7, STM32MP135F-DK, STM32MP135FAE7, STM32MP135FAF7, STM32MP135FAF7T, STM32MP135FAF7U, STM32MP135FAG7, STM32U535CBT6, STM32U535CBT6Q, STM32U535CBU6, STM32U535CBU6Q, STM32U535CCT6, STM32U535CCT6Q, STM32U535CCU6, STM32U535CCU6Q, STM32U535CET6, STM32U535CET6Q, STM32U535CEU6, STM32U535CEU6Q, STM32U535JEY6QTR, STM32U535NCY6QTR, STM32U535NEY6QTR, STM32U535RBI6, STM32U535RBI6Q, STM32U535RBT6, STM32U535RBT6Q, STM32U535RCI6, STM32U535RCI6Q, STM32U535RCT6, STM32U535RCT6Q, STM32U535REI6, STM32U535REI6Q, STM32U535RET6, STM32U535RET6Q, STM32U535VCI6, STM32U535VCI6Q, STM32U535VCT6, STM32U535VCT6Q, STM32U535VEI6, STM32U535VEI6Q, STM32U535VET6, STM32U535VET6Q, STM32U545CET6, STM32U545CET6Q, STM32U545CEU6, STM32U545CEU6Q, STM32U545JEY6QTR, STM32U545NEY6QTR, STM32U545REI6, STM32U545REI6Q, STM32U545RET6, STM32U545RET6Q, STM32U545VEI6, STM32U545VEI6Q, STM32U545VET6, STM32U545VET6Q, STM32U595AIH6, STM32U595AIH6Q, STM32U595AJH6, STM32U595AJH6Q, STM32U595QII6, STM32U595QII6Q, STM32U595QJI6, STM32U595QJI6Q, STM32U595RIT6, STM32U595RIT6Q, STM32U595RJT6, STM32U595RJT6Q, STM32U595VIT6, STM32U595VIT6Q, STM32U595VJT6, STM32U595VJT6Q, STM32U595ZIT6, STM32U595ZIT6Q, STM32U595ZIY6QTR, STM32U595ZJT6, STM32U595ZJT6Q, STM32U595ZJY6QTR, STM32U599BJY6QTR, STM32U599NIH6Q, STM32U599NJH6Q, STM32U599VIT6Q, STM32U599VJT6, STM32U599VJT6Q, STM32U599ZIT6Q, STM32U599ZIY6QTR, STM32U599ZJT6Q, STM32U599ZJY6QTR, STM32U5A5AJH6, STM32U5A5AJH6Q, STM32U5A5QJI6, STM32U5A5QJI6Q, STM32U5A5RJT6, STM32U5A5RJT6Q, STM32U5A5VJT6, STM32U5A5VJT6Q, STM32U5A5ZJT6, STM32U5A5ZJT6Q, STM32U5A5ZJY6QTR, STM32U5A9BJY6QTR, STM32U5A9J-DK, STM32U5A9NJH6Q, STM32U5A9VJT6Q, STM32U5A9ZJT6Q, STM32U5A9ZJY6QTR, STM32U5F7VIT6, STM32U5F7VIT6Q, STM32U5F7VJT6, STM32U5F7VJT6Q, STM32U5F9BJY6QTR, STM32U5F9NJH6Q, STM32U5F9VIT6Q, STM32U5F9VJT6Q, STM32U5F9ZIJ6QTR, STM32U5F9ZIT6Q, STM32U5F9ZJJ6QTR, STM32U5F9ZJT6Q, STM32U5G7VJT6, STM32U5G7VJT6Q, STM32U5G9BJY6QTR, STM32U5G9J-DK1, STM32U5G9J-DK2, STM32U5G9NJH6Q, STM32U5G9VJT6Q, STM32U5G9ZJJ6QTR, STM32U5G9ZJT6Q, STM32WB1MMCH6, STM32WBA52CEU6, STM32WBA52CEU6T, STM32WBA52CGU6, STM32WBA52CGU6T, STM32WBA52KEU6, STM32WBA52KEU6T, STM32WBA52KGU6, STM32WBA52KGU6T, STM32WL5MOCH6, STM32WL5MOCH6TR]
2026-07-30 11:29:55,492 [INFO] DbMcus:217 - Found 5228 MCUs, 5075 are supported
2026-07-30 11:29:55,493 [INFO] ApiDb:423 - Load user favorites file C:\Users\Admin/.stm32cubeide/favorites.mcus.txt: 4 item(s)
2026-07-30 11:29:55,493 [INFO] ApiDb:427 - User favorites MCUs=[STM32F103C8T6, STM32F405RGT6, STM32F411CEU6, STM32H523CET6]
2026-07-30 11:29:55,493 [INFO] DbMcus:223 - Set 4 / 4 favorites MCUs
2026-07-30 11:29:55,886 [INFO] ApiDb:448 - Save user favorites file C:\Users\Admin/.stm32cubeide/favorites.boards.txt: 0 item(s)
2026-07-30 11:29:55,886 [INFO] ApiDb:452 - User favorites Boards=[]
2026-07-30 11:29:55,888 [INFO] ApiDb:581 - Connected to CubeFinder SQLite database (C:\Users\Admin\.stmcufinder\plugins\mcufinder\mcu\cube-finder-db.db)
2026-07-30 11:29:55,969 [INFO] ApiDb:668 - CubeFinder database Data Model version=2.1
2026-07-30 11:29:55,969 [INFO] ApiDb:669 - CubeFinder database Configuration version=3.0.42
2026-07-30 11:29:55,969 [INFO] ApiDb:670 - CubeFinder database generation date=2026-06-23 (1782213372)
2026-07-30 11:29:55,969 [INFO] ApiDb:671 - CubeFinder database FW Pack versions=[FP-ATR-ASTRA1_V2.0.0, FP-SNS-FLIGHT1_V5.1.0, FP-SNS-MOTENV1_V5.1.0, FP-SNS-MOTENVWB1_V1.5.0, FP-SNS-SMARTAG2_V1.2.0, FP-SNS-STBOX1_V2.1.0, STM32Cube_FW_C0_V1.4.0, STM32Cube_FW_F4_V1.28.3, STM32Cube_FW_F7_V1.17.4, STM32Cube_FW_G0_V1.6.3, STM32Cube_FW_G4_V1.6.2, STM32Cube_FW_H5_V1.7.0, STM32Cube_FW_H7RS_V1.3.0, STM32Cube_FW_H7_V1.13.0, STM32Cube_FW_L0_V1.12.2, STM32Cube_FW_L4_V1.18.2, STM32Cube_FW_L5_V1.6.0, STM32Cube_FW_N6_V1.4.0, STM32Cube_FW_U0_V1.3.0, STM32Cube_FW_U3_V1.4.0, STM32Cube_FW_U5_V1.9.0, STM32Cube_FW_WB0_V1.5.0, STM32Cube_FW_WBA_V1.10.0, STM32Cube_FW_WB_V1.24.0, STM32Cube_FW_WL3_V1.5.0, STM32Cube_FW_WL_V1.6.0, X-CUBE-ALGOBUILD_V1.5.0, X-CUBE-ALS_V1.0.2, X-CUBE-AZRTOS-F4_V1.1.0, X-CUBE-AZRTOS-F7_V1.1.0, X-CUBE-AZRTOS-G0_V1.1.0, X-CUBE-AZRTOS-G4_V2.0.0, X-CUBE-AZRTOS-H7RS_V1.1.0, X-CUBE-AZRTOS-H7_V3.5.0, X-CUBE-AZRTOS-L4_V2.0.0, X-CUBE-AZRTOS-L5_V2.0.0, X-CUBE-AZRTOS-WB_V2.0.0, X-CUBE-AZRTOS-WL_V2.0.0, X-CUBE-BLE1_V7.1.0, X-CUBE-BLE2_V3.3.0, X-CUBE-BLEMGR_V4.1.0, X-CUBE-EEPRMA1_V5.2.0, X-CUBE-FREERTOS_V1.5.0, X-CUBE-GNSS1_V7.1.1, X-CUBE-MEMS1_V12.1.0, X-CUBE-NFC4_V3.0.0, X-CUBE-NFC7_V2.0.0, X-CUBE-SFXS2LP1_V4.0.0, X-CUBE-ST67W61_V1.3.0, X-CUBE-SUBG2_V5.0.0, X-CUBE-TOF1_V3.4.3]
2026-07-30 11:29:56,013 [INFO] DbBoardsSqlite:226 - include board P-NUCLEO-WB55-NUCLEO as a kit item of type 'Nucleo-64'
2026-07-30 11:29:56,013 [INFO] DbBoardsSqlite:226 - include board P-NUCLEO-WB55-USBDONGLE as a kit item of type 'Nucleo USB Dongle'
2026-07-30 11:29:56,013 [INFO] DbBoardsSqlite:226 - include board STEVAL-IDP005V1 as a kit item of type 'Evaluation Board'
2026-07-30 11:29:56,013 [INFO] DbBoardsSqlite:226 - include board STEVAL-IDP005V2 as a kit item of type 'Evaluation Board'
2026-07-30 11:29:56,093 [INFO] ApiDb:240 - Found 323 in-development CPN: [B-G473E-ZEST1S, B-WB1M-WPAN1, B-WL5M-SUBG1, NUCLEO-C031C6, NUCLEO-H503RB, NUCLEO-H563ZI, NUCLEO-U545RE-Q, NUCLEO-U5A5ZJ-Q, NUCLEO-WBA52CG, STEVAL-PROTEUS1, STEVAL-SMARTAG2, STEVAL-STWINBX1, STM320518-EVAL, STM32C0116-DK, STM32C011D6Y3TR, STM32C011D6Y6TR, STM32C011F4P3, STM32C011F4P6, STM32C011F4U3, STM32C011F4U6TR, STM32C011F6P3, STM32C011F6P6, STM32C011F6U3, STM32C011F6U6TR, STM32C011J4M3, STM32C011J4M6, STM32C011J6M3, STM32C011J6M6, STM32C0316-DK, STM32C031C4T3, STM32C031C4T6, STM32C031C4U3, STM32C031C4U6, STM32C031C6T3, STM32C031C6T6, STM32C031C6U3, STM32C031C6U6, STM32C031F4P3, STM32C031F4P6, STM32C031F6P3, STM32C031F6P6, STM32C031G4U3, STM32C031G4U6, STM32C031G6U3, STM32C031G6U6, STM32C031K4T3, STM32C031K4T6, STM32C031K4U3, STM32C031K4U6, STM32C031K6T3, STM32C031K6T6, STM32C031K6U3, STM32C031K6U6, STM32G071K8TXN, STM32G071K8UXN, STM32G081GBU6N, STM32G081KBT6N, STM32G081KBUXN, STM32G0B1CCT6N, STM32G0B1KCT6, STM32G0B1NEY6TR, STM32G0B1RCT6N, STM32G0C1CCT6, STM32G0C1CCT6N, STM32G0C1CCU6N, STM32G0C1CET6N, STM32G0C1CEU6N, STM32G0C1KCT6, STM32G0C1NEY6TR, STM32G0C1RCI6N, STM32G0C1RCT6N, STM32G0C1REI6N, STM32G0C1RET6N, STM32G0C1VCI6, STM32G0C1VEI6, STM32G471CCT6, STM32G471CCU6, STM32G471CET3, STM32G471CET6, STM32G471CEU3, STM32G471CEU6, STM32G471MCT6, STM32G471MET3, STM32G471MET6, STM32G471MEY6TR, STM32G471QCT6, STM32G471QET3, STM32G471RCT6, STM32G471RET3, STM32G471RET6, STM32G471VCH6, STM32G471VCI6, STM32G471VCT6, STM32G471VEH3, STM32G471VEH6, STM32G471VEI3, STM32G471VEI6, STM32G471VET3, STM32G471VET6, STM32G474CCT6, STM32H503CBT6, STM32H503CBU6, STM32H503EBY6TR, STM32H503KBU6, STM32H503RBT6, STM32H562AGI6, STM32H562AII6, STM32H562IGK6, STM32H562IGT6, STM32H562IIK6, STM32H562IIT6, STM32H562RGT6, STM32H562RGV6, STM32H562RIT6, STM32H562RIV6, STM32H562VGT6, STM32H562VIT6, STM32H562ZGT6, STM32H562ZIT6, STM32H563AGI6, STM32H563AII3Q, STM32H563AII6, STM32H563IGK6, STM32H563IGT6, STM32H563IIK3Q, STM32H563IIK6, STM32H563IIT3Q, STM32H563IIT6, STM32H563MIY3QTR, STM32H563RGT6, STM32H563RGV6, STM32H563RIT6, STM32H563RIV6, STM32H563VGT6, STM32H563VIT3Q, STM32H563VIT6, STM32H563ZGT6, STM32H563ZIT3Q, STM32H563ZIT6, STM32H573AII3Q, STM32H573AII6, STM32H573I-DK, STM32H573IIK3Q, STM32H573IIK6, STM32H573IIT3Q, STM32H573IIT6, STM32H573MIY3QTR, STM32H573RIT6, STM32H573RIV6, STM32H573VIT3Q, STM32H573VIT6, STM32H573ZIT3Q, STM32H573ZIT6, STM32L4R5QGI6STR, STM32MP131AAE3, STM32MP131AAF3, STM32MP131AAG3, STM32MP131CAE3, STM32MP131CAF3, STM32MP131CAG3, STM32MP131DAE7, STM32MP131DAF7, STM32MP131DAG7, STM32MP131FAE7, STM32MP131FAF7, STM32MP131FAG7, STM32MP133AAE3, STM32MP133AAF3, STM32MP133AAG3, STM32MP133CAE3, STM32MP133CAF3, STM32MP133CAG3, STM32MP133DAE7, STM32MP133DAF7, STM32MP133DAG7, STM32MP133FAE7, STM32MP133FAF7, STM32MP133FAG7, STM32MP135AAE3, STM32MP135AAF3, STM32MP135AAG3, STM32MP135CAE3, STM32MP135CAF3, STM32MP135CAG3, STM32MP135DAE7, STM32MP135DAF7, STM32MP135DAG7, STM32MP135F-DK, STM32MP135FAE7, STM32MP135FAF7, STM32MP135FAF7T, STM32MP135FAF7U, STM32MP135FAG7, STM32U535CBT6, STM32U535CBT6Q, STM32U535CBU6, STM32U535CBU6Q, STM32U535CCT6, STM32U535CCT6Q, STM32U535CCU6, STM32U535CCU6Q, STM32U535CET6, STM32U535CET6Q, STM32U535CEU6, STM32U535CEU6Q, STM32U535JEY6QTR, STM32U535NCY6QTR, STM32U535NEY6QTR, STM32U535RBI6, STM32U535RBI6Q, STM32U535RBT6, STM32U535RBT6Q, STM32U535RCI6, STM32U535RCI6Q, STM32U535RCT6, STM32U535RCT6Q, STM32U535REI6, STM32U535REI6Q, STM32U535RET6, STM32U535RET6Q, STM32U535VCI6, STM32U535VCI6Q, STM32U535VCT6, STM32U535VCT6Q, STM32U535VEI6, STM32U535VEI6Q, STM32U535VET6, STM32U535VET6Q, STM32U545CET6, STM32U545CET6Q, STM32U545CEU6, STM32U545CEU6Q, STM32U545JEY6QTR, STM32U545NEY6QTR, STM32U545REI6, STM32U545REI6Q, STM32U545RET6, STM32U545RET6Q, STM32U545VEI6, STM32U545VEI6Q, STM32U545VET6, STM32U545VET6Q, STM32U595AIH6, STM32U595AIH6Q, STM32U595AJH6, STM32U595AJH6Q, STM32U595QII6, STM32U595QII6Q, STM32U595QJI6, STM32U595QJI6Q, STM32U595RIT6, STM32U595RIT6Q, STM32U595RJT6, STM32U595RJT6Q, STM32U595VIT6, STM32U595VIT6Q, STM32U595VJT6, STM32U595VJT6Q, STM32U595ZIT6, STM32U595ZIT6Q, STM32U595ZIY6QTR, STM32U595ZJT6, STM32U595ZJT6Q, STM32U595ZJY6QTR, STM32U599BJY6QTR, STM32U599NIH6Q, STM32U599NJH6Q, STM32U599VIT6Q, STM32U599VJT6, STM32U599VJT6Q, STM32U599ZIT6Q, STM32U599ZIY6QTR, STM32U599ZJT6Q, STM32U599ZJY6QTR, STM32U5A5AJH6, STM32U5A5AJH6Q, STM32U5A5QJI6, STM32U5A5QJI6Q, STM32U5A5RJT6, STM32U5A5RJT6Q, STM32U5A5VJT6, STM32U5A5VJT6Q, STM32U5A5ZJT6, STM32U5A5ZJT6Q, STM32U5A5ZJY6QTR, STM32U5A9BJY6QTR, STM32U5A9J-DK, STM32U5A9NJH6Q, STM32U5A9VJT6Q, STM32U5A9ZJT6Q, STM32U5A9ZJY6QTR, STM32U5F7VIT6, STM32U5F7VIT6Q, STM32U5F7VJT6, STM32U5F7VJT6Q, STM32U5F9BJY6QTR, STM32U5F9NJH6Q, STM32U5F9VIT6Q, STM32U5F9VJT6Q, STM32U5F9ZIJ6QTR, STM32U5F9ZIT6Q, STM32U5F9ZJJ6QTR, STM32U5F9ZJT6Q, STM32U5G7VJT6, STM32U5G7VJT6Q, STM32U5G9BJY6QTR, STM32U5G9J-DK1, STM32U5G9J-DK2, STM32U5G9NJH6Q, STM32U5G9VJT6Q, STM32U5G9ZJJ6QTR, STM32U5G9ZJT6Q, STM32WB1MMCH6, STM32WBA52CEU6, STM32WBA52CEU6T, STM32WBA52CGU6, STM32WBA52CGU6T, STM32WBA52KEU6, STM32WBA52KEU6T, STM32WBA52KGU6, STM32WBA52KGU6T, STM32WL5MOCH6, STM32WL5MOCH6TR]
2026-07-30 11:29:56,121 [INFO] BoardInfo:880 - No configuration file found for board B-WBA5M-WPAN
2026-07-30 11:29:56,121 [INFO] DbBoards:157 - Board is not supported: B-WBA5M-WPAN
2026-07-30 11:29:56,125 [INFO] BoardInfo:880 - No configuration file found for board NUCLEO-C051C8
2026-07-30 11:29:56,125 [INFO] DbBoards:157 - Board is not supported: NUCLEO-C051C8
2026-07-30 11:29:56,126 [INFO] BoardInfo:880 - No configuration file found for board NUCLEO-C071RB
2026-07-30 11:29:56,126 [INFO] DbBoards:157 - Board is not supported: NUCLEO-C071RB
2026-07-30 11:29:56,127 [INFO] BoardInfo:880 - No configuration file found for board NUCLEO-C092RC
2026-07-30 11:29:56,127 [INFO] DbBoards:157 - Board is not supported: NUCLEO-C092RC
2026-07-30 11:29:56,204 [INFO] BoardInfo:880 - No configuration file found for board NUCLEO-H533RE
2026-07-30 11:29:56,204 [INFO] DbBoards:157 - Board is not supported: NUCLEO-H533RE
2026-07-30 11:29:56,209 [INFO] BoardInfo:880 - No configuration file found for board NUCLEO-H5E5ZJ
2026-07-30 11:29:56,209 [INFO] DbBoards:157 - Board is not supported: NUCLEO-H5E5ZJ
2026-07-30 11:29:56,221 [INFO] BoardInfo:880 - No configuration file found for board NUCLEO-H7S3L8
2026-07-30 11:29:56,221 [INFO] DbBoards:157 - Board is not supported: NUCLEO-H7S3L8
2026-07-30 11:29:56,250 [INFO] BoardInfo:880 - No configuration file found for board NUCLEO-N657X0-Q
2026-07-30 11:29:56,250 [INFO] DbBoards:157 - Board is not supported: NUCLEO-N657X0-Q
2026-07-30 11:29:56,252 [INFO] BoardInfo:880 - No configuration file found for board NUCLEO-U031R8
2026-07-30 11:29:56,252 [INFO] DbBoards:157 - Board is not supported: NUCLEO-U031R8
2026-07-30 11:29:56,254 [INFO] BoardInfo:880 - No configuration file found for board NUCLEO-U083RC
2026-07-30 11:29:56,254 [INFO] DbBoards:157 - Board is not supported: NUCLEO-U083RC
2026-07-30 11:29:56,256 [INFO] BoardInfo:880 - No configuration file found for board NUCLEO-U385RG-Q
2026-07-30 11:29:56,256 [INFO] DbBoards:157 - Board is not supported: NUCLEO-U385RG-Q
2026-07-30 11:29:56,257 [INFO] BoardInfo:880 - No configuration file found for board NUCLEO-U3C5ZI-Q
2026-07-30 11:29:56,257 [INFO] DbBoards:157 - Board is not supported: NUCLEO-U3C5ZI-Q
2026-07-30 11:29:56,264 [INFO] BoardInfo:880 - No configuration file found for board NUCLEO-WB05KZ
2026-07-30 11:29:56,264 [INFO] DbBoards:157 - Board is not supported: NUCLEO-WB05KZ
2026-07-30 11:29:56,265 [INFO] BoardInfo:880 - No configuration file found for board NUCLEO-WB07CC
2026-07-30 11:29:56,265 [INFO] DbBoards:157 - Board is not supported: NUCLEO-WB07CC
2026-07-30 11:29:56,267 [INFO] BoardInfo:880 - No configuration file found for board NUCLEO-WB09KE
2026-07-30 11:29:56,267 [INFO] DbBoards:157 - Board is not supported: NUCLEO-WB09KE
2026-07-30 11:29:56,270 [INFO] BoardInfo:880 - No configuration file found for board NUCLEO-WBA25CE1
2026-07-30 11:29:56,271 [INFO] DbBoards:157 - Board is not supported: NUCLEO-WBA25CE1
2026-07-30 11:29:56,273 [INFO] BoardInfo:880 - No configuration file found for board NUCLEO-WBA55CG
2026-07-30 11:29:56,273 [INFO] DbBoards:157 - Board is not supported: NUCLEO-WBA55CG
2026-07-30 11:29:56,274 [INFO] BoardInfo:880 - No configuration file found for board NUCLEO-WBA65RI
2026-07-30 11:29:56,274 [INFO] DbBoards:157 - Board is not supported: NUCLEO-WBA65RI
2026-07-30 11:29:56,275 [INFO] BoardInfo:880 - No configuration file found for board NUCLEO-WL33CC1
2026-07-30 11:29:56,276 [INFO] DbBoards:157 - Board is not supported: NUCLEO-WL33CC1
2026-07-30 11:29:56,277 [INFO] BoardInfo:880 - No configuration file found for board NUCLEO-WL33CC2
2026-07-30 11:29:56,277 [INFO] DbBoards:157 - Board is not supported: NUCLEO-WL33CC2
2026-07-30 11:29:56,278 [INFO] BoardInfo:880 - No configuration file found for board NUCLEO-WL3RKB1
2026-07-30 11:29:56,278 [INFO] DbBoards:157 - Board is not supported: NUCLEO-WL3RKB1
2026-07-30 11:29:56,279 [INFO] BoardInfo:880 - No configuration file found for board NUCLEO-WL3RKB2
2026-07-30 11:29:56,279 [INFO] DbBoards:157 - Board is not supported: NUCLEO-WL3RKB2
2026-07-30 11:29:56,287 [INFO] BoardInfo:880 - No configuration file found for board P-NUCLEO-WB55
2026-07-30 11:29:56,287 [INFO] DbBoards:157 - Kit is not supported: P-NUCLEO-WB55
2026-07-30 11:29:56,294 [INFO] BoardInfo:880 - No configuration file found for board STEVAL-BFA001V1B
2026-07-30 11:29:56,294 [INFO] DbBoards:157 - Kit is not supported: STEVAL-BFA001V1B
2026-07-30 11:29:56,296 [INFO] BoardInfo:880 - No configuration file found for board STEVAL-BFA001V2B
2026-07-30 11:29:56,296 [INFO] DbBoards:157 - Kit is not supported: STEVAL-BFA001V2B
2026-07-30 11:29:56,300 [INFO] BoardInfo:880 - No configuration file found for board STEVAL-MKBOXPRO
2026-07-30 11:29:56,300 [INFO] DbBoards:157 - Board is not supported: STEVAL-MKBOXPRO
2026-07-30 11:29:56,403 [INFO] BoardInfo:880 - No configuration file found for board STM32H5F5J-DK
2026-07-30 11:29:56,403 [INFO] DbBoards:157 - Board is not supported: STM32H5F5J-DK
2026-07-30 11:29:56,428 [INFO] BoardInfo:880 - No configuration file found for board STM32H7S78-DK
2026-07-30 11:29:56,428 [INFO] DbBoards:157 - Board is not supported: STM32H7S78-DK
2026-07-30 11:29:56,456 [INFO] BoardInfo:880 - No configuration file found for board STM32MP215F-DK
2026-07-30 11:29:56,456 [INFO] DbBoards:157 - Board is not supported: STM32MP215F-DK
2026-07-30 11:29:56,457 [INFO] BoardInfo:880 - No configuration file found for board STM32MP257F-DK
2026-07-30 11:29:56,458 [INFO] DbBoards:157 - Board is not supported: STM32MP257F-DK
2026-07-30 11:29:56,459 [INFO] BoardInfo:880 - No configuration file found for board STM32MP257F-EV1
2026-07-30 11:29:56,459 [INFO] DbBoards:157 - Board is not supported: STM32MP257F-EV1
2026-07-30 11:29:56,460 [INFO] BoardInfo:880 - No configuration file found for board STM32N6570-DK
2026-07-30 11:29:56,460 [INFO] DbBoards:157 - Board is not supported: STM32N6570-DK
2026-07-30 11:29:56,463 [INFO] BoardInfo:880 - No configuration file found for board STM32U083C-DK
2026-07-30 11:29:56,463 [INFO] DbBoards:157 - Board is not supported: STM32U083C-DK
2026-07-30 11:29:56,479 [INFO] BoardInfo:880 - No configuration file found for board STM32WBA55G-DK1
2026-07-30 11:29:56,479 [INFO] DbBoards:157 - Board is not supported: STM32WBA55G-DK1
2026-07-30 11:29:56,490 [INFO] BoardInfo:880 - No configuration file found for board STM32WBA65I-DK1
2026-07-30 11:29:56,490 [INFO] DbBoards:157 - Board is not supported: STM32WBA65I-DK1
2026-07-30 11:29:56,490 [INFO] DbBoards:161 - Found 218 boards, 183 are supported
2026-07-30 11:29:56,495 [INFO] ApiDb:423 - Load user favorites file C:\Users\Admin/.stm32cubeide/favorites.boards.txt: 0 item(s)
2026-07-30 11:29:56,495 [INFO] ApiDb:427 - User favorites Boards=[]
2026-07-30 11:29:56,495 [INFO] DbBoards:190 - Set 0 / 0 favorites Boards
2026-07-30 11:29:56,508 [ERROR] TargetSelectorAdapter:267 - Unable to refresh data
2026-07-30 11:29:56,567 [INFO] McuFinderGlobals:76 - Set McuFinderConnectedMode to true
2026-07-30 11:29:56,569 [INFO] MultiScanPanel:200 - Auto-refresh data requested => check proxy status ongoing
2026-07-30 11:29:56,569 [INFO] FinderPluginLoader:95 - Searching for filters in installed packs
2026-07-30 11:29:58,018 [INFO] LoadUrlFilesThread:185 - End of LoadServerUrlFiles without Thread
2026-07-30 11:29:58,018 [INFO] DetailPanel:341 - Set advertising image to C:/Users/Admin/STM32Cube/Repository/\en.stm32h5cubemxbanner.png
2026-07-30 11:30:30,549 [INFO] MainUpdater:2868 - connection check result : 10
2026-07-30 11:30:30,549 [INFO] MainUpdater:2868 - connection check result : 10
2026-07-30 11:30:30,984 [INFO] MicroXplorer:468 - Change Database Path : 
2026-07-30 11:30:30,984 [INFO] MicroXplorer:498 - Change Database Version : DB.6.0.91
2026-07-30 11:30:31,022 [WARN] ThirdParty:871 - waiting for thirdparty lock release [close project]
2026-07-30 11:30:31,023 [INFO] ThirdParty:873 - entering critical section [close project]
2026-07-30 11:30:31,023 [INFO] ThirdParty:883 - exiting critical section [close project]
2026-07-30 11:30:31,024 [INFO] PinOutPanel:1499 - setPackage(No Configuration,No Configuration)
2026-07-30 11:30:31,029 [INFO] UtilMem:75 - Begin LoadConfig() Used Memory: 945011736 Bytes (1073741824)
2026-07-30 11:30:31,029 [INFO] MicroXplorer:468 - Change Database Path : 
2026-07-30 11:30:31,029 [INFO] MicroXplorer:498 - Change Database Version : DB.6.0.91
2026-07-30 11:30:31,029 [INFO] OpenFileManager:308 - Change cursor
2026-07-30 11:30:31,054 [INFO] RulesReader:64 - Compatibility file has been processed (293 Rules)
2026-07-30 11:30:31,059 [INFO] Mcu:1946 - Initializing MCU STM32F103C(8-B)Tx STM32F103C8Tx STM32F103C8T6
2026-07-30 11:30:31,931 [INFO] Context:659 - Trying to add GPIOservice into a context  which must be forbidden
2026-07-30 11:30:32,273 [INFO] RtosManager:555 - Registered RTOS mode: class=CMSIS, group=RTOS, mode=CMSIS_V1, owner=FREERTOS
2026-07-30 11:30:32,273 [INFO] RtosManager:555 - Registered RTOS mode: class=CMSIS, group=RTOS2, mode=CMSIS_V2, owner=FREERTOS
2026-07-30 11:30:32,273 [INFO] RtosManager:555 - Registered RTOS mode: class=RTOS, group=Core, mode=CMSIS_V1, owner=FREERTOS
2026-07-30 11:30:32,273 [INFO] RtosManager:555 - Registered RTOS mode: class=RTOS, group=Core, mode=CMSIS_V2, owner=FREERTOS
2026-07-30 11:30:32,273 [WARN] ModelIntegratedComponent:184 - Missing modes for component STMicroelectronics:FreeRTOS:0.0.1:STMicroelectronics:RTOS:FreeRTOS:Core:::10.2.0:
2026-07-30 11:30:32,385 [WARN] ModelIntegratedComponent:63 - No mode defined for component null
2026-07-30 11:30:32,386 [WARN] ModelIntegratedComponent:63 - No mode defined for component null
2026-07-30 11:30:32,386 [WARN] ModelIntegratedComponent:63 - No mode defined for component null
2026-07-30 11:30:32,386 [WARN] ModelIntegratedComponent:63 - No mode defined for component null
2026-07-30 11:30:32,386 [WARN] ModelIntegratedComponent:63 - No mode defined for component null
2026-07-30 11:30:32,386 [WARN] ModelIntegratedComponent:63 - No mode defined for component null
2026-07-30 11:30:32,386 [WARN] ModelIntegratedComponent:63 - No mode defined for component null
2026-07-30 11:30:32,386 [WARN] ModelIntegratedComponent:63 - No mode defined for component null
2026-07-30 11:30:32,386 [WARN] ModelIntegratedComponent:63 - No mode defined for component null
2026-07-30 11:30:32,386 [WARN] ModelIntegratedComponent:63 - No mode defined for component null
2026-07-30 11:30:32,386 [WARN] ModelIntegratedComponent:63 - No mode defined for component null
2026-07-30 11:30:32,386 [WARN] ModelIntegratedComponent:63 - No mode defined for component null
2026-07-30 11:30:32,386 [WARN] ModelIntegratedComponent:63 - No mode defined for component null
2026-07-30 11:30:32,386 [WARN] ModelIntegratedComponent:63 - No mode defined for component null
2026-07-30 11:30:32,386 [WARN] ModelIntegratedComponent:63 - No mode defined for component null
2026-07-30 11:30:32,387 [WARN] ModelIntegratedComponent:63 - No mode defined for component null
2026-07-30 11:30:32,387 [WARN] ModelIntegratedComponent:63 - No mode defined for component null
2026-07-30 11:30:32,387 [WARN] ModelIntegratedComponent:63 - No mode defined for component null
2026-07-30 11:30:32,387 [WARN] ModelIntegratedComponent:63 - No mode defined for component null
2026-07-30 11:30:32,387 [WARN] ModelIntegratedComponent:63 - No mode defined for component null
2026-07-30 11:30:32,387 [WARN] ModelIntegratedComponent:63 - No mode defined for component null
2026-07-30 11:30:32,387 [WARN] ModelIntegratedComponent:63 - No mode defined for component null
2026-07-30 11:30:32,387 [WARN] ModelIntegratedComponent:63 - No mode defined for component null
2026-07-30 11:30:32,387 [WARN] ModelIntegratedComponent:63 - No mode defined for component null
2026-07-30 11:30:32,387 [WARN] ModelIntegratedComponent:63 - No mode defined for component null
2026-07-30 11:30:32,387 [WARN] ModelIntegratedComponent:63 - No mode defined for component null
2026-07-30 11:30:32,387 [WARN] ModelIntegratedComponent:63 - No mode defined for component null
2026-07-30 11:30:32,387 [WARN] ModelIntegratedComponent:63 - No mode defined for component null
2026-07-30 11:30:32,387 [WARN] ModelIntegratedComponent:63 - No mode defined for component null
2026-07-30 11:30:32,387 [WARN] ModelIntegratedComponent:63 - No mode defined for component null
2026-07-30 11:30:32,387 [WARN] ModelIntegratedComponent:63 - No mode defined for component null
2026-07-30 11:30:32,387 [WARN] ModelIntegratedComponent:63 - No mode defined for component null
2026-07-30 11:30:32,387 [WARN] ModelIntegratedComponent:63 - No mode defined for component null
2026-07-30 11:30:32,548 [INFO] ThirdPartyModel:298 - Start build external matchings
2026-07-30 11:30:33,119 [INFO] ThirdPartyModel:316 - End build external matchings
2026-07-30 11:30:33,406 [INFO] UtilMem:75 - End LoadConfig() Used Memory: 876092584 Bytes (1073741824)
2026-07-30 11:30:33,658 [WARN] ThirdParty:833 - waiting for thirdparty lock release [change project]
2026-07-30 11:30:33,658 [INFO] ThirdParty:835 - entering critical section [change project]
2026-07-30 11:30:33,658 [INFO] ThirdParty:1030 - CMSIS Pack Vendor :STMicroelectronics USBPD 4.1
2026-07-30 11:30:33,658 [INFO] ThirdParty:1030 - CMSIS Pack Vendor :STMicroelectronics USB_HOST 2.0.0
2026-07-30 11:30:33,658 [INFO] ThirdParty:1030 - CMSIS Pack Vendor :STMicroelectronics FP-ATR-ASTRA1 2.0.3
2026-07-30 11:30:33,658 [INFO] ThirdParty:1030 - CMSIS Pack Vendor :STMicroelectronics X-CUBE-AZRTOS-F4 1.1.0
2026-07-30 11:30:33,659 [INFO] ThirdParty:1030 - CMSIS Pack Vendor :STMicroelectronics LIBJPEG 8.0.0
2026-07-30 11:30:33,659 [INFO] ThirdParty:1030 - CMSIS Pack Vendor :STMicroelectronics FP-ATR-ASTRA1 2.0.2
2026-07-30 11:30:33,659 [INFO] ThirdParty:1030 - CMSIS Pack Vendor :STMicroelectronics X-CUBE-SMBUS 2.1.0
2026-07-30 11:30:33,659 [INFO] ThirdParty:1030 - CMSIS Pack Vendor :wolfSSL I-CUBE-wolfMQTT 1.19.2
2026-07-30 11:30:33,659 [INFO] ThirdParty:1030 - CMSIS Pack Vendor :STMicroelectronics USB_DEVICE 3.0.0
2026-07-30 11:30:33,659 [INFO] ThirdParty:1030 - CMSIS Pack Vendor :STMicroelectronics X-CUBE-AZRTOS-F7 1.1.0
2026-07-30 11:30:33,659 [INFO] ThirdParty:1030 - CMSIS Pack Vendor :STMicroelectronics USB_DEVICE 2.0.0
2026-07-30 11:30:33,659 [INFO] ThirdParty:1030 - CMSIS Pack Vendor :STMicroelectronics X-CUBE-ALGOBUILD 1.5.0
2026-07-30 11:30:33,659 [INFO] ThirdParty:1030 - CMSIS Pack Vendor :STMicroelectronics FreeRTOS 0.0.1
2026-07-30 11:30:33,659 [INFO] ThirdParty:1030 - CMSIS Pack Vendor :STMicroelectronics X-CUBE-AZRTOS-H7RS 1.3.0
2026-07-30 11:30:33,659 [INFO] ThirdParty:1030 - CMSIS Pack Vendor :STMicroelectronics X-CUBE-AZRTOS-G0 1.1.0
2026-07-30 11:30:33,659 [INFO] ThirdParty:1030 - CMSIS Pack Vendor :STMicroelectronics X-CUBE-NFC4 3.0.0
2026-07-30 11:30:33,659 [INFO] ThirdParty:1030 - CMSIS Pack Vendor :STMicroelectronics X-CUBE-SUBG2 5.0.0
2026-07-30 11:30:33,659 [INFO] ThirdParty:1030 - CMSIS Pack Vendor :STMicroelectronics STM32_WPAN 1.0.0
2026-07-30 11:30:33,659 [INFO] ThirdParty:1030 - CMSIS Pack Vendor :STMicroelectronics lwIP 2.0.3
2026-07-30 11:30:33,659 [INFO] ThirdParty:1030 - CMSIS Pack Vendor :STMicroelectronics X-CUBE-MEMS1 13.0.0
2026-07-30 11:30:33,659 [INFO] ThirdParty:1030 - CMSIS Pack Vendor :STMicroelectronics USB_HOST 1.0.0
2026-07-30 11:30:33,659 [INFO] ThirdParty:1030 - CMSIS Pack Vendor :STMicroelectronics X-CUBE-AZRTOS-G4 2.0.0
2026-07-30 11:30:33,659 [INFO] ThirdParty:1030 - CMSIS Pack Vendor :STMicroelectronics PDM2PCM 3.1.0
2026-07-30 11:30:33,659 [INFO] ThirdParty:1030 - CMSIS Pack Vendor :STMicroelectronics PDM2PCM 3.3.0
2026-07-30 11:30:33,659 [INFO] ThirdParty:1030 - CMSIS Pack Vendor :wolfSSL I-CUBE-wolfTPM 3.8.0
2026-07-30 11:30:33,659 [INFO] ThirdParty:1030 - CMSIS Pack Vendor :STMicroelectronics X-CUBE-DISPLAY 3.0.0
2026-07-30 11:30:33,660 [INFO] ThirdParty:1030 - CMSIS Pack Vendor :wolfSSL I-CUBE-wolfSSH 1.4.20
2026-07-30 11:30:33,660 [INFO] ThirdParty:1030 - CMSIS Pack Vendor :wolfSSL I-CUBE-wolfSSL 5.9.1
2026-07-30 11:30:33,660 [INFO] ThirdParty:1030 - CMSIS Pack Vendor :STMicroelectronics FP-ATR-SIGFOX1 3.2.0
2026-07-30 11:30:33,660 [INFO] ThirdParty:1030 - CMSIS Pack Vendor :STMicroelectronics HAL Drivers 0.0.0
2026-07-30 11:30:33,660 [INFO] ThirdParty:1030 - CMSIS Pack Vendor :STMicroelectronics MBEDTLS 2.16.2
2026-07-30 11:30:33,660 [INFO] ThirdParty:1030 - CMSIS Pack Vendor :emotas I-CUBE-CANOPEN 1.3.0
2026-07-30 11:30:33,660 [INFO] ThirdParty:1030 - CMSIS Pack Vendor :STMicroelectronics MBEDTLS 2.14.1
2026-07-30 11:30:33,660 [INFO] ThirdParty:1030 - CMSIS Pack Vendor :ITTIA_DB I-CUBE-ITTIADB 8.9.0
2026-07-30 11:30:33,660 [INFO] ThirdParty:1030 - CMSIS Pack Vendor :STMicroelectronics X-CUBE-TOUCHGFX 4.26.1
2026-07-30 11:30:33,660 [INFO] ThirdParty:1030 - CMSIS Pack Vendor :STMicroelectronics X-CUBE-AI 10.2.1
2026-07-30 11:30:33,660 [INFO] ThirdParty:1030 - CMSIS Pack Vendor :STMicroelectronics ThreadX 1.0.0
2026-07-30 11:30:33,660 [INFO] ThirdParty:1030 - CMSIS Pack Vendor :STMicroelectronics X-CUBE-MEMS1 12.1.0
2026-07-30 11:30:33,660 [INFO] ThirdParty:1030 - CMSIS Pack Vendor :STMicroelectronics X-CUBE-AZRTOS-WL 2.0.0
2026-07-30 11:30:33,660 [INFO] ThirdParty:1030 - CMSIS Pack Vendor :SEGGER I-CUBE-embOS 1.3.1
2026-07-30 11:30:33,660 [INFO] ThirdParty:1030 - CMSIS Pack Vendor :STMicroelectronics X-CUBE-ALGOBUILD 1.4.0
2026-07-30 11:30:33,660 [INFO] ThirdParty:1030 - CMSIS Pack Vendor :STMicroelectronics USB_DEVICE 1.0.0
2026-07-30 11:30:33,660 [INFO] ThirdParty:1030 - CMSIS Pack Vendor :STMicroelectronics X-CUBE-AZRTOS-H7RS 1.2.0
2026-07-30 11:30:33,660 [INFO] ThirdParty:1030 - CMSIS Pack Vendor :STMicroelectronics X-CUBE-AZRTOS-L4 2.0.0
2026-07-30 11:30:33,660 [INFO] ThirdParty:1030 - CMSIS Pack Vendor :STMicroelectronics ThreadX 0.0.2
2026-07-30 11:30:33,660 [INFO] ThirdParty:1030 - CMSIS Pack Vendor :STMicroelectronics lwIP 2.1.2
2026-07-30 11:30:33,660 [INFO] ThirdParty:1030 - CMSIS Pack Vendor :STMicroelectronics X-CUBE-SFXS2LP1 4.0.0
2026-07-30 11:30:33,660 [INFO] ThirdParty:1030 - CMSIS Pack Vendor :STMicroelectronics X-CUBE-BLE2 3.3.0
2026-07-30 11:30:33,660 [INFO] ThirdParty:1030 - CMSIS Pack Vendor :STMicroelectronics X-CUBE-NFC13 1.0.0
2026-07-30 11:30:33,661 [INFO] ThirdParty:1030 - CMSIS Pack Vendor :STMicroelectronics PDM2PCM 3.2.0
2026-07-30 11:30:33,661 [INFO] ThirdParty:841 - exiting critical section [change project]
2026-07-30 11:30:33,806 [INFO] PinOutPanel:1499 - setPackage(No Configuration,No Configuration)
2026-07-30 11:30:33,807 [INFO] PinOutPanel:1499 - setPackage(STM32F103C8Tx,LQFP48)
2026-07-30 11:30:34,021 [INFO] UtilMem:75 - Before build in PCC Used Memory: 830865960 Bytes (1073741824)
2026-07-30 11:30:34,253 [INFO] UtilMem:75 - After build in PCC Used Memory: 872806952 Bytes (1073741824)
2026-07-30 11:30:34,278 [INFO] IPUIPlugin:80 - create IPUIPlugin
2026-07-30 11:30:34,278 [INFO] IPUIPlugin:80 - create IPUIPlugin
2026-07-30 11:30:34,278 [INFO] IPUIPlugin:80 - create IPUIPlugin
2026-07-30 11:30:34,278 [INFO] IPUIPlugin:80 - create IPUIPlugin
2026-07-30 11:30:34,278 [INFO] IPUIPlugin:80 - create IPUIPlugin
2026-07-30 11:30:34,278 [INFO] IPUIPlugin:80 - create IPUIPlugin
2026-07-30 11:30:34,278 [INFO] IPUIPlugin:80 - create IPUIPlugin
2026-07-30 11:30:34,279 [INFO] IPUIPlugin:80 - create IPUIPlugin
2026-07-30 11:30:34,279 [INFO] IPUIPlugin:80 - create IPUIPlugin
2026-07-30 11:30:34,279 [INFO] IPUIPlugin:80 - create IPUIPlugin
2026-07-30 11:30:34,279 [INFO] IPUIPlugin:80 - create IPUIPlugin
2026-07-30 11:30:34,279 [INFO] IPUIPlugin:80 - create IPUIPlugin
2026-07-30 11:30:34,279 [INFO] IPUIPlugin:80 - create IPUIPlugin
2026-07-30 11:30:34,280 [INFO] IPUIPlugin:80 - create IPUIPlugin
2026-07-30 11:30:34,280 [INFO] IPUIPlugin:80 - create IPUIPlugin
2026-07-30 11:30:34,280 [INFO] IPUIPlugin:80 - create IPUIPlugin
2026-07-30 11:30:34,280 [INFO] IPUIPlugin:80 - create IPUIPlugin
2026-07-30 11:30:34,280 [INFO] IPUIPlugin:80 - create IPUIPlugin
2026-07-30 11:30:34,280 [INFO] IPUIPlugin:80 - create IPUIPlugin
2026-07-30 11:30:34,281 [INFO] IPUIPlugin:80 - create IPUIPlugin
2026-07-30 11:30:34,281 [INFO] IPUIPlugin:80 - create IPUIPlugin
2026-07-30 11:30:34,281 [INFO] IPUIPlugin:80 - create IPUIPlugin
2026-07-30 11:30:34,282 [INFO] IPUIPlugin:80 - create IPUIPlugin
2026-07-30 11:30:34,282 [INFO] IPUIPlugin:80 - create IPUIPlugin
2026-07-30 11:30:34,282 [INFO] IPUIPlugin:80 - create IPUIPlugin
2026-07-30 11:30:34,283 [INFO] IPUIPlugin:80 - create IPUIPlugin
2026-07-30 11:30:34,283 [INFO] IPUIPlugin:80 - create IPUIPlugin
2026-07-30 11:30:34,325 [INFO] CADModel:165 - CPN selected for project levelSTM32F103C8T6
2026-07-30 11:30:34,325 [INFO] CADModel:114 - Register for checkConnection events
2026-07-30 11:30:34,386 [INFO] OpenFileManager:328 - Restore cursor
2026-07-30 11:30:34,866 [INFO] UtilMem:75 - End SaveConfig() Used Memory: 925526576 Bytes (1073741824)
2026-07-30 11:30:34,919 [INFO] UtilMem:75 - End SaveConfig() Used Memory: 939172936 Bytes (1073741824)
2026-07-30 11:30:35,114 [INFO] BlockDiagram:2759 - set Specific Code input for plugin: NVIC
2026-07-30 11:30:35,114 [INFO] BlockDiagram:2759 - set Specific Code input for plugin: RCC
2026-07-30 11:30:35,115 [INFO] CodeGenerator:799 - code generatio: config db path: C:\ST\STM32CubeIDE_1.13.1\STM32CubeIDE\plugins\com.st.stm32cube.common.mx_6.9.1.202307191849\\db\
2026-07-30 11:30:35,229 [INFO] CodeEngine:255 - oldGeneratedFile, C:\Users\Admin\Documents\GitHub\Drone-RTOS\Source\005GPS\MXTmpFiles\license.tmp_save
2026-07-30 11:30:35,375 [INFO] CodeEngine:279 - Generated code: C:\Users\Admin\Documents\GitHub\Drone-RTOS\Source\005GPS\MXTmpFiles\license.tmp
2026-07-30 11:30:35,387 [INFO] CodeEngine:255 - oldGeneratedFile, C:\Users\Admin\Documents\GitHub\Drone-RTOS\Source\005GPS\Core\Src\stm32f1xx_it.c_save
2026-07-30 11:30:35,599 [INFO] CodeEngine:279 - Generated code: C:\Users\Admin\Documents\GitHub\Drone-RTOS\Source\005GPS\Core\Src\stm32f1xx_it.c
2026-07-30 11:30:35,605 [INFO] CodeEngine:255 - oldGeneratedFile, C:\Users\Admin\Documents\GitHub\Drone-RTOS\Source\005GPS\Core\Inc\stm32f1xx_it.h_save
2026-07-30 11:30:35,713 [INFO] CodeEngine:279 - Generated code: C:\Users\Admin\Documents\GitHub\Drone-RTOS\Source\005GPS\Core\Inc\stm32f1xx_it.h
2026-07-30 11:30:35,745 [INFO] CodeEngine:255 - oldGeneratedFile, C:\Users\Admin\Documents\GitHub\Drone-RTOS\Source\005GPS\Core\Src\stm32f1xx_hal_msp.c_save
2026-07-30 11:30:35,911 [INFO] CodeEngine:279 - Generated code: C:\Users\Admin\Documents\GitHub\Drone-RTOS\Source\005GPS\Core\Src\stm32f1xx_hal_msp.c
2026-07-30 11:30:35,916 [INFO] CodeEngine:255 - oldGeneratedFile, C:\Users\Admin\Documents\GitHub\Drone-RTOS\Source\005GPS\MXTmpFiles\system.tmp_save
2026-07-30 11:30:36,008 [INFO] CodeEngine:279 - Generated code: C:\Users\Admin\Documents\GitHub\Drone-RTOS\Source\005GPS\MXTmpFiles\system.tmp
2026-07-30 11:30:36,017 [INFO] CodeEngine:311 - oldGeneratedFile, C:\Users\Admin\Documents\GitHub\Drone-RTOS\Source\005GPS\Core\Inc\stm32f1xx_hal_conf.h_save
2026-07-30 11:30:36,116 [INFO] CodeEngine:335 - Generated code: C:\Users\Admin\Documents\GitHub\Drone-RTOS\Source\005GPS\Core\Inc\stm32f1xx_hal_conf.h
2026-07-30 11:30:36,141 [INFO] CodeEngine:255 - oldGeneratedFile, C:\Users\Admin\Documents\GitHub\Drone-RTOS\Source\005GPS\Core\Inc\main.h_save
2026-07-30 11:30:36,298 [INFO] CodeEngine:279 - Generated code: C:\Users\Admin\Documents\GitHub\Drone-RTOS\Source\005GPS\Core\Inc\main.h
2026-07-30 11:30:36,305 [INFO] CodeEngine:255 - oldGeneratedFile, C:\Users\Admin\Documents\GitHub\Drone-RTOS\Source\005GPS\Core\Src\main.c_save
2026-07-30 11:30:36,452 [INFO] CodeEngine:279 - Generated code: C:\Users\Admin\Documents\GitHub\Drone-RTOS\Source\005GPS\Core\Src\main.c
2026-07-30 11:30:37,174 [INFO] ProjectBuilder:3064 - Time for Copy HAL[1] : 149mS.
2026-07-30 11:30:37,177 [INFO] ProjectBuilder:4404 - Project Generator version: 4.1.0
2026-07-30 11:30:37,574 [INFO] ConfigFileManager:1457 - The Die is : DIE410
2026-07-30 11:30:37,577 [INFO] ApiDbMcu:507 - Load IP Config File for FATFS
2026-07-30 11:30:37,582 [INFO] ApiDbMcu:507 - Load IP Config File for FREERTOS
2026-07-30 11:30:37,589 [INFO] ApiDbMcu:507 - Load IP Config File for USB_DEVICE
2026-07-30 11:30:39,540 [INFO] ProjectBuilder:4626 - Time for Generating toolchain IDE Files: 2362mS.
2026-07-30 11:30:39,540 [INFO] ProjectBuilder:2935 - Time for Copy CMSIS : 0mS.
2026-07-30 11:30:39,544 [INFO] ProjectBuilder:2935 - Time for Copy CMSIS : 0mS.
2026-07-30 11:30:40,285 [INFO] McuFinderGlobals:76 - Set McuFinderConnectedMode to true
2026-07-30 11:30:40,287 [INFO] ApiDb:448 - Save user favorites file C:\Users\Admin/.stm32cubeide/favorites.mcus.txt: 4 item(s)
2026-07-30 11:30:40,287 [INFO] ApiDb:452 - User favorites MCUs=[STM32F103C8T6, STM32F405RGT6, STM32F411CEU6, STM32H523CET6]
2026-07-30 11:30:52,858 [ERROR] LogOutputStream:75 - [STDERR_REDIRECT] 
2026-07-30 11:31:22,106 [INFO] Activator:176 - 


2026-07-30 11:31:22,108 [INFO] Activator:177 - !SESSION log4j initialized
2026-07-30 11:31:27,964 [INFO] LogOutputStream:77 - [STDOUT_REDIRECT] 
2026-07-30 11:31:29,262 [INFO] ApplicationProperties:184 - Using Application install path: C:\ST\STM32CubeIDE_1.13.1\STM32CubeIDE\plugins\com.st.stm32cube.common.mx_6.9.1.202307191849
2026-07-30 11:31:29,296 [INFO] DbMcusXml:78 - Set database path to: C:\ST\STM32CubeIDE_1.13.1\STM32CubeIDE\plugins\com.st.stm32cube.common.mx_6.9.1.202307191849\\db\/mcu/
2026-07-30 11:31:29,297 [INFO] ApiDb:274 - Set plugin database path to: C:\ST\STM32CubeIDE_1.13.1\STM32CubeIDE\plugins\com.st.stm32cube.common.mx_6.9.1.202307191849\\db\/plugins/boardmanager/
2026-07-30 11:31:29,297 [WARN] ApiDb:259 - Overriding images path with different value:  => C:\ST\STM32CubeIDE_1.13.1\STM32CubeIDE\plugins\com.st.stm32cube.common.mx_6.9.1.202307191849\\db\/plugins/mcufinder/images/
2026-07-30 11:31:29,307 [INFO] ApiDb:250 - Set database path to: C:\Users\Admin\.stmcufinder\plugins\mcufinder//mcu/
2026-07-30 11:31:29,308 [INFO] DbMcusAds:125 - Set database path to: C:\Users\Admin\.stmcufinder\plugins\mcufinder//mcu/
2026-07-30 11:31:29,310 [INFO] CrossReferenceDbSqlite:203 - Set database path to: C:\Users\Admin\.stmcufinder\plugins\mcufinder//mcu/cs/
2026-07-30 11:31:29,451 [INFO] RulesReader:64 - Compatibility file has been processed (293 Rules)
2026-07-30 11:31:29,559 [INFO] DbMcusXml:78 - Set database path to: C:\ST\STM32CubeIDE_1.13.1\STM32CubeIDE\plugins\com.st.stm32cube.common.mx_6.9.1.202307191849\\db\/mcu/
2026-07-30 11:31:29,559 [INFO] ApiDb:274 - Set plugin database path to: C:\ST\STM32CubeIDE_1.13.1\STM32CubeIDE\plugins\com.st.stm32cube.common.mx_6.9.1.202307191849\\db\/plugins/boardmanager/
2026-07-30 11:31:29,559 [INFO] ApiDb:261 - Set plugin images path to: C:\ST\STM32CubeIDE_1.13.1\STM32CubeIDE\plugins\com.st.stm32cube.common.mx_6.9.1.202307191849\\db\/plugins/mcufinder/images/
2026-07-30 11:31:29,559 [WARN] DbFile:41 - Overriding database path with different value: C:\Users\Admin\.stmcufinder\plugins\mcufinder/ => C:\Users\Admin\.stmcufinder\plugins\mcufinder
2026-07-30 11:31:29,559 [INFO] ApiDb:250 - Set database path to: C:\Users\Admin\.stmcufinder\plugins\mcufinder//mcu/
2026-07-30 11:31:29,560 [WARN] DbFile:41 - Overriding database path with different value: C:\Users\Admin\.stmcufinder\plugins\mcufinder/ => C:\Users\Admin\.stmcufinder\plugins\mcufinder
2026-07-30 11:31:29,560 [INFO] DbMcusAds:125 - Set database path to: C:\Users\Admin\.stmcufinder\plugins\mcufinder//mcu/
2026-07-30 11:31:29,560 [WARN] DbFile:41 - Overriding database path with different value: C:\Users\Admin\.stmcufinder\plugins\mcufinder/ => C:\Users\Admin\.stmcufinder\plugins\mcufinder
2026-07-30 11:31:29,561 [WARN] DbFile:41 - Overriding database path with different value: C:\Users\Admin\.stmcufinder\plugins\mcufinder/ => C:\Users\Admin\.stmcufinder\plugins\mcufinder
2026-07-30 11:31:29,561 [INFO] CrossReferenceDbSqlite:203 - Set database path to: C:\Users\Admin\.stmcufinder\plugins\mcufinder//mcu/cs/
2026-07-30 11:31:29,644 [INFO] MainPanel:262 - HeapMemory: 268435456
2026-07-30 11:31:29,722 [INFO] DbMcusXml:78 - Set database path to: C:\ST\STM32CubeIDE_1.13.1\STM32CubeIDE\plugins\com.st.stm32cube.common.mx_6.9.1.202307191849\\db\/mcu/
2026-07-30 11:31:29,723 [INFO] ApiDb:274 - Set plugin database path to: C:\ST\STM32CubeIDE_1.13.1\STM32CubeIDE\plugins\com.st.stm32cube.common.mx_6.9.1.202307191849\\db\/plugins/boardmanager/
2026-07-30 11:31:29,723 [INFO] ApiDb:261 - Set plugin images path to: C:\ST\STM32CubeIDE_1.13.1\STM32CubeIDE\plugins\com.st.stm32cube.common.mx_6.9.1.202307191849\\db\/plugins/mcufinder/images/
2026-07-30 11:31:29,723 [WARN] DbFile:41 - Overriding database path with different value: C:\Users\Admin\.stmcufinder\plugins\mcufinder/ => C:\Users\Admin\.stmcufinder\plugins\mcufinder
2026-07-30 11:31:29,723 [INFO] ApiDb:250 - Set database path to: C:\Users\Admin\.stmcufinder\plugins\mcufinder//mcu/
2026-07-30 11:31:29,723 [WARN] DbFile:41 - Overriding database path with different value: C:\Users\Admin\.stmcufinder\plugins\mcufinder/ => C:\Users\Admin\.stmcufinder\plugins\mcufinder
2026-07-30 11:31:29,723 [INFO] DbMcusAds:125 - Set database path to: C:\Users\Admin\.stmcufinder\plugins\mcufinder//mcu/
2026-07-30 11:31:29,724 [WARN] DbFile:41 - Overriding database path with different value: C:\Users\Admin\.stmcufinder\plugins\mcufinder/ => C:\Users\Admin\.stmcufinder\plugins\mcufinder
2026-07-30 11:31:29,724 [WARN] DbFile:41 - Overriding database path with different value: C:\Users\Admin\.stmcufinder\plugins\mcufinder/ => C:\Users\Admin\.stmcufinder\plugins\mcufinder
2026-07-30 11:31:29,724 [INFO] CrossReferenceDbSqlite:203 - Set database path to: C:\Users\Admin\.stmcufinder\plugins\mcufinder//mcu/cs/
2026-07-30 11:31:29,741 [INFO] ApplicationProperties:184 - Using Application install path: C:\ST\STM32CubeIDE_1.13.1\STM32CubeIDE\plugins\com.st.stm32cube.common.mx_6.9.1.202307191849
2026-07-30 11:31:29,742 [INFO] PluginManage:196 - Search for loadable plugins [exclusion list=, ]
2026-07-30 11:31:29,743 [INFO] PluginManage:310 - Check plugin analytics
2026-07-30 11:31:29,904 [INFO] AnalyticsPlugin:253 - Accepted Software Licenses: STM32CubeMX.6.18.0
2026-07-30 11:31:29,904 [INFO] AnalyticsPlugin:255 - Accepted CMSIS Pack Licenses: 
2026-07-30 11:31:29,904 [INFO] AnalyticsPlugin:257 - Accepted Firmware Licenses: FW.F4.1.27.0,FW.F4.1.28.0,FW.F4.1.28.3
2026-07-30 11:31:29,908 [INFO] PluginManage:359 - Loaded plugin analytics (category:tool,tabindex:-1)
2026-07-30 11:31:29,909 [INFO] PluginManage:310 - Check plugin cadmodel
2026-07-30 11:31:29,916 [INFO] CADModel:105 - Init CAD model plugin
2026-07-30 11:31:29,916 [INFO] PluginManage:359 - Loaded plugin cadmodel (category:power,tabindex:5)
2026-07-30 11:31:29,916 [INFO] PluginManage:310 - Check plugin clock
2026-07-30 11:31:29,926 [INFO] PluginManage:359 - Loaded plugin clock (category:base,tabindex:2)
2026-07-30 11:31:29,927 [INFO] PluginManage:310 - Check plugin ddr
2026-07-30 11:31:29,930 [INFO] PluginManage:359 - Loaded plugin ddr (category:tool,tabindex:6)
2026-07-30 11:31:29,930 [INFO] PluginManage:310 - Check plugin filemanager
2026-07-30 11:31:30,093 [INFO] PluginManage:359 - Loaded plugin filemanager (category:base,tabindex:10)
2026-07-30 11:31:30,093 [INFO] PluginManage:310 - Check plugin ipmanager
2026-07-30 11:31:30,100 [INFO] PluginManage:359 - Loaded plugin ipmanager (category:base,tabindex:5)
2026-07-30 11:31:30,101 [INFO] PluginManage:310 - Check plugin lpbam
2026-07-30 11:31:30,110 [INFO] PluginManage:359 - Loaded plugin lpbam (category:base,tabindex:0)
2026-07-30 11:31:30,111 [INFO] PluginManage:310 - Check plugin memorymap
2026-07-30 11:31:30,126 [INFO] PluginManage:359 - Loaded plugin memorymap (category:base,tabindex:4)
2026-07-30 11:31:30,126 [INFO] PluginManage:310 - Check plugin pinoutandconfiguration
2026-07-30 11:31:30,134 [INFO] PluginManage:359 - Loaded plugin pinoutandconfiguration (category:base,tabindex:1)
2026-07-30 11:31:30,134 [INFO] PluginManage:310 - Check plugin pinoutconfig
2026-07-30 11:31:30,237 [WARN] SupportedApi:132 - Cannot load RTOS API schema: s4s-elt-must-match.1: The content of 'definitions' must match (annotation?, (simpleType | complexType)?, (unique | key | keyref)*)). A problem was found starting at: attribute.
2026-07-30 11:31:30,367 [INFO] PluginManage:359 - Loaded plugin pinoutconfig (category:base,tabindex:0)
2026-07-30 11:31:30,368 [INFO] PluginManage:310 - Check plugin power
2026-07-30 11:31:30,376 [INFO] PluginManage:359 - Loaded plugin power (category:power,tabindex:4)
2026-07-30 11:31:30,376 [INFO] PluginManage:310 - Check plugin projectmanager
2026-07-30 11:31:30,391 [INFO] PluginManage:359 - Loaded plugin projectmanager (category:projectmanager,tabindex:3)
2026-07-30 11:31:30,392 [INFO] PluginManage:310 - Check plugin thirdparty
2026-07-30 11:31:30,518 [INFO] PluginManage:359 - Loaded plugin thirdparty (category:base,tabindex:-1)
2026-07-30 11:31:30,518 [WARN] IntegrityCheckThread:84 - waiting for thirdparty lock release [integrity check]
2026-07-30 11:31:30,519 [INFO] PluginManage:310 - Check plugin tools
2026-07-30 11:31:30,519 [INFO] IntegrityCheckThread:86 - entering critical section [integrity check]
2026-07-30 11:31:30,520 [INFO] ThirdPartyUpdaterWithRetryManager:70 - Updater plugin not ready yet. [1/15]
2026-07-30 11:31:30,525 [INFO] PluginManage:359 - Loaded plugin tools (category:base,tabindex:7)
2026-07-30 11:31:30,526 [INFO] PluginManage:310 - Check plugin tutovideos
2026-07-30 11:31:30,737 [INFO] PluginManage:359 - Loaded plugin tutovideos (category:base,tabindex:-1)
2026-07-30 11:31:30,737 [INFO] PluginManage:310 - Check plugin updater
2026-07-30 11:31:30,747 [INFO] PluginManage:359 - Loaded plugin updater (category:base,tabindex:12)
2026-07-30 11:31:30,747 [INFO] PluginManage:310 - Check plugin userauth
2026-07-30 11:31:30,752 [INFO] UserAuth:113 - Init User Auth plugin
2026-07-30 11:31:30,752 [INFO] PluginManage:359 - Loaded plugin userauth (category:base,tabindex:14)
2026-07-30 11:31:30,752 [INFO] PluginManage:283 - PluginManage : Loaded plugins [17]
2026-07-30 11:31:30,968 [INFO] PinOutPanel:1499 - setPackage(No Configuration,No Configuration)
2026-07-30 11:31:31,081 [INFO] CADModel:165 - CPN selected for project level
2026-07-30 11:31:31,081 [INFO] CADModel:114 - Register for checkConnection events
2026-07-30 11:31:31,097 [INFO] IPUIPlugin:80 - create IPUIPlugin
2026-07-30 11:31:31,097 [INFO] PluginManager:220 - loadIPPluginJar : add adc
2026-07-30 11:31:31,099 [INFO] IPUIPlugin:80 - create IPUIPlugin
2026-07-30 11:31:31,100 [INFO] PluginManager:220 - loadIPPluginJar : add aes
2026-07-30 11:31:31,101 [INFO] IPUIPlugin:80 - create IPUIPlugin
2026-07-30 11:31:31,102 [INFO] PluginManager:220 - loadIPPluginJar : add can
2026-07-30 11:31:31,104 [INFO] IPUIPlugin:80 - create IPUIPlugin
2026-07-30 11:31:31,104 [INFO] PluginManager:220 - loadIPPluginJar : add comp
2026-07-30 11:31:31,106 [INFO] IPUIPlugin:80 - create IPUIPlugin
2026-07-30 11:31:31,106 [INFO] PluginManager:220 - loadIPPluginJar : add cryp
2026-07-30 11:31:31,108 [INFO] IPUIPlugin:80 - create IPUIPlugin
2026-07-30 11:31:31,108 [INFO] PluginManager:220 - loadIPPluginJar : add dfsdm
2026-07-30 11:31:31,113 [INFO] IPUIPlugin:80 - create IPUIPlugin
2026-07-30 11:31:31,113 [INFO] PluginManager:220 - loadIPPluginJar : add dma
2026-07-30 11:31:31,115 [INFO] IPUIPlugin:80 - create IPUIPlugin
2026-07-30 11:31:31,115 [INFO] PluginManager:220 - loadIPPluginJar : add dma3
2026-07-30 11:31:31,116 [INFO] IPUIPlugin:80 - create IPUIPlugin
2026-07-30 11:31:31,116 [INFO] PluginManager:220 - loadIPPluginJar : add fatfs
2026-07-30 11:31:31,120 [INFO] IPUIPlugin:80 - create IPUIPlugin
2026-07-30 11:31:31,120 [INFO] PluginManager:220 - loadIPPluginJar : add fmc
2026-07-30 11:31:31,127 [INFO] IPUIPlugin:80 - create IPUIPlugin
2026-07-30 11:31:31,127 [INFO] PluginManager:220 - loadIPPluginJar : add freertos
2026-07-30 11:31:31,129 [INFO] IPUIPlugin:80 - create IPUIPlugin
2026-07-30 11:31:31,129 [INFO] PluginManager:220 - loadIPPluginJar : add genericplugin
2026-07-30 11:31:31,131 [INFO] IPUIPlugin:80 - create IPUIPlugin
2026-07-30 11:31:31,131 [INFO] PluginManager:220 - loadIPPluginJar : add gfxmmu
2026-07-30 11:31:31,135 [INFO] IPUIPlugin:80 - create IPUIPlugin
2026-07-30 11:31:31,136 [INFO] PluginManager:220 - loadIPPluginJar : add gic
2026-07-30 11:31:31,139 [INFO] IPUIPlugin:80 - create IPUIPlugin
2026-07-30 11:31:31,139 [INFO] PluginManager:220 - loadIPPluginJar : add gpio
2026-07-30 11:31:31,140 [INFO] IPUIPlugin:80 - create IPUIPlugin
2026-07-30 11:31:31,141 [INFO] PluginManager:220 - loadIPPluginJar : add gtzc
2026-07-30 11:31:31,143 [INFO] IPUIPlugin:80 - create IPUIPlugin
2026-07-30 11:31:31,144 [INFO] PluginManager:220 - loadIPPluginJar : add hash
2026-07-30 11:31:31,146 [INFO] IPUIPlugin:80 - create IPUIPlugin
2026-07-30 11:31:31,146 [INFO] PluginManager:220 - loadIPPluginJar : add i2c
2026-07-30 11:31:31,148 [INFO] IPUIPlugin:80 - create IPUIPlugin
2026-07-30 11:31:31,148 [INFO] PluginManager:220 - loadIPPluginJar : add i2s
2026-07-30 11:31:31,150 [INFO] IPUIPlugin:80 - create IPUIPlugin
2026-07-30 11:31:31,150 [INFO] PluginManager:220 - loadIPPluginJar : add i3c
2026-07-30 11:31:31,153 [INFO] IPUIPlugin:80 - create IPUIPlugin
2026-07-30 11:31:31,153 [INFO] PluginManager:220 - loadIPPluginJar : add ipddr
2026-07-30 11:31:31,159 [INFO] IPUIPlugin:80 - create IPUIPlugin
2026-07-30 11:31:31,159 [INFO] PluginManager:220 - loadIPPluginJar : add linkedlist
2026-07-30 11:31:31,161 [INFO] IPUIPlugin:80 - create IPUIPlugin
2026-07-30 11:31:31,161 [INFO] PluginManager:220 - loadIPPluginJar : add lorawan
2026-07-30 11:31:31,162 [INFO] IPUIPlugin:80 - create IPUIPlugin
2026-07-30 11:31:31,163 [INFO] PluginManager:220 - loadIPPluginJar : add ltdc
2026-07-30 11:31:31,167 [INFO] IPUIPlugin:80 - create IPUIPlugin
2026-07-30 11:31:31,167 [INFO] PluginManager:220 - loadIPPluginJar : add mdma
2026-07-30 11:31:31,170 [INFO] IPUIPlugin:80 - create IPUIPlugin
2026-07-30 11:31:31,170 [INFO] PluginManager:220 - loadIPPluginJar : add nvic
2026-07-30 11:31:31,174 [INFO] IPUIPlugin:80 - create IPUIPlugin
2026-07-30 11:31:31,174 [INFO] PluginManager:220 - loadIPPluginJar : add opamp
2026-07-30 11:31:31,177 [INFO] IPUIPlugin:80 - create IPUIPlugin
2026-07-30 11:31:31,177 [INFO] PluginManager:220 - loadIPPluginJar : add openamp
2026-07-30 11:31:31,180 [INFO] IPUIPlugin:80 - create IPUIPlugin
2026-07-30 11:31:31,180 [INFO] PluginManager:220 - loadIPPluginJar : add pdm2pcm
2026-07-30 11:31:31,186 [INFO] IPUIPlugin:80 - create IPUIPlugin
2026-07-30 11:31:31,188 [INFO] PluginManager:220 - loadIPPluginJar : add plateformsettings
2026-07-30 11:31:31,190 [INFO] IPUIPlugin:80 - create IPUIPlugin
2026-07-30 11:31:31,190 [INFO] PluginManager:220 - loadIPPluginJar : add quadspi
2026-07-30 11:31:31,192 [INFO] IPUIPlugin:80 - create IPUIPlugin
2026-07-30 11:31:31,192 [INFO] PluginManager:220 - loadIPPluginJar : add resmgrutility
2026-07-30 11:31:31,194 [INFO] IPUIPlugin:80 - create IPUIPlugin
2026-07-30 11:31:31,194 [INFO] PluginManager:220 - loadIPPluginJar : add sai
2026-07-30 11:31:31,196 [INFO] IPUIPlugin:80 - create IPUIPlugin
2026-07-30 11:31:31,196 [INFO] PluginManager:220 - loadIPPluginJar : add spi
2026-07-30 11:31:31,199 [INFO] IPUIPlugin:80 - create IPUIPlugin
2026-07-30 11:31:31,199 [INFO] PluginManager:220 - loadIPPluginJar : add stm32_wpan
2026-07-30 11:31:31,201 [INFO] IPUIPlugin:80 - create IPUIPlugin
2026-07-30 11:31:31,201 [INFO] PluginManager:220 - loadIPPluginJar : add tim
2026-07-30 11:31:31,204 [INFO] IPUIPlugin:80 - create IPUIPlugin
2026-07-30 11:31:31,204 [INFO] PluginManager:220 - loadIPPluginJar : add touchsensing
2026-07-30 11:31:31,205 [INFO] IPUIPlugin:80 - create IPUIPlugin
2026-07-30 11:31:31,205 [INFO] PluginManager:220 - loadIPPluginJar : add tracer_emb
2026-07-30 11:31:31,207 [INFO] IPUIPlugin:80 - create IPUIPlugin
2026-07-30 11:31:31,207 [INFO] PluginManager:220 - loadIPPluginJar : add ts
2026-07-30 11:31:31,208 [INFO] IPUIPlugin:80 - create IPUIPlugin
2026-07-30 11:31:31,208 [INFO] PluginManager:220 - loadIPPluginJar : add tsc
2026-07-30 11:31:31,209 [INFO] IPUIPlugin:80 - create IPUIPlugin
2026-07-30 11:31:31,209 [INFO] PluginManager:220 - loadIPPluginJar : add ucpd
2026-07-30 11:31:31,211 [INFO] IPUIPlugin:80 - create IPUIPlugin
2026-07-30 11:31:31,211 [INFO] PluginManager:220 - loadIPPluginJar : add usart
2026-07-30 11:31:31,213 [INFO] IPUIPlugin:80 - create IPUIPlugin
2026-07-30 11:31:31,213 [INFO] PluginManager:220 - loadIPPluginJar : add usbx
2026-07-30 11:31:31,338 [INFO] CADModel:165 - CPN selected for project level
2026-07-30 11:31:31,338 [INFO] CADModel:114 - Register for checkConnection events
2026-07-30 11:31:31,338 [FATAL] Updater:308 - Updater called before beeing initialized
2026-07-30 11:31:31,338 [ERROR] CADModel:125 - Updater not yet initialized, retry later 
2026-07-30 11:31:31,496 [INFO] CADModel:165 - CPN selected for project level
2026-07-30 11:31:31,496 [INFO] CADModel:114 - Register for checkConnection events
2026-07-30 11:31:31,496 [FATAL] Updater:308 - Updater called before beeing initialized
2026-07-30 11:31:31,496 [ERROR] CADModel:125 - Updater not yet initialized, retry later 
2026-07-30 11:31:31,500 [FATAL] Updater:308 - Updater called before beeing initialized
2026-07-30 11:31:31,625 [FATAL] Updater:308 - Updater called before beeing initialized
2026-07-30 11:31:31,631 [INFO] DbMcusAds:53 - JSON generation date=Wed Jul 15 16:46:00 GMT+07:00 2026 (1784108760991)
2026-07-30 11:31:31,631 [FATAL] Updater:308 - Updater called before beeing initialized
2026-07-30 11:31:31,669 [WARN] DetailPanel:346 - Failed to get advertising image, set to default
2026-07-30 11:31:31,780 [FATAL] Updater:308 - Updater called before beeing initialized
2026-07-30 11:31:31,785 [FATAL] Updater:308 - Updater called before beeing initialized
2026-07-30 11:31:31,786 [FATAL] Updater:308 - Updater called before beeing initialized
2026-07-30 11:31:31,786 [WARN] DetailPanel:346 - Failed to get advertising image, set to default
2026-07-30 11:31:31,788 [FATAL] Updater:308 - Updater called before beeing initialized
2026-07-30 11:31:31,844 [ERROR] Updater:1120 - MainUpdater not yet initialized. External WinMGr cannot be set.
2026-07-30 11:31:31,846 [INFO] Updater:1056 - Updater Version found : 6.9.1
2026-07-30 11:31:31,866 [INFO] ApplicationProperties:184 - Using Application install path: C:\ST\STM32CubeIDE_1.13.1\STM32CubeIDE\plugins\com.st.stm32cube.common.mx_6.9.1.202307191849
2026-07-30 11:31:32,063 [INFO] MainUpdater:2868 - connection check result : 10
2026-07-30 11:31:32,065 [INFO] MainUpdater:285 - Updater Check For Update Now.
2026-07-30 11:31:32,065 [INFO] MicroXplorer:498 - Change Database Version : DB.6.0.91
2026-07-30 11:31:32,081 [INFO] McuFinderGlobals:63 - Set McuFinder mode to 2 (CubeIDE integrated)
2026-07-30 11:31:32,082 [INFO] UserAuth:179 - activating auth plugin
2026-07-30 11:31:32,090 [INFO] UserAuth:393 - Internet connection configuration mode: 1
2026-07-30 11:31:32,120 [INFO] JxBrowserEngine:151 - Initiate JxBrowser Engine with user profile folder
2026-07-30 11:31:32,371 [INFO] CheckServerUpdateThread:120 - End of CheckServer Thread
2026-07-30 11:31:32,945 [INFO] WebApp:157 - Instantiating new browser for Auth
2026-07-30 11:31:33,460 [INFO] WebApp:753 - Register for checkConnection events
2026-07-30 11:31:33,460 [INFO] WebApp:390 - Apply proxy settings
2026-07-30 11:31:33,460 [INFO] WebApp:475 - Chromium requires no authentication
2026-07-30 11:31:33,466 [INFO] WebApp:418 - Direct internet connection detected
2026-07-30 11:31:33,688 [INFO] WebApp:188 - Starting web application
2026-07-30 11:31:33,688 [INFO] WebApp:520 - Web application path used C:\ST\STM32CubeIDE_1.13.1\STM32CubeIDE\plugins\com.st.stm32cube.common.mx_6.9.1.202307191849\db\plugins\mcufinder\reactClient1\index.html
2026-07-30 11:31:33,746 [WARN] PackLoader:240 - Cannot read IP mode file for STMicroelectronics.FP-ATR-ASTRA1.2.0.3
2026-07-30 11:31:33,753 [WARN] PackLoader:240 - Cannot read IP mode file for STMicroelectronics.FP-ATR-ASTRA1.2.0.2
2026-07-30 11:31:33,761 [ERROR] Engine:466 - C:\Users\Admin\.stm32cubemx\thirdparties\pdsc\STMicroelectronics.X-CUBE-SMBUS.2.1.1.pdsc: PDSC version is not supported
2026-07-30 11:31:33,768 [WARN] PackLoader:240 - Cannot read IP mode file for STMicroelectronics.X-CUBE-SMBUS.2.1.0
2026-07-30 11:31:33,826 [WARN] PackLoader:240 - Cannot read IP mode file for STMicroelectronics.X-CUBE-AZRTOS-F7.1.1.0
2026-07-30 11:31:33,840 [ERROR] Engine:466 - C:\Users\Admin\.stm32cubemx\thirdparties\pdsc\STMicroelectronics.X-CUBE-FREERTOS.1.6.0.pdsc: PDSC version is not supported
2026-07-30 11:31:33,892 [WARN] PackLoader:240 - Cannot read IP mode file for STMicroelectronics.X-CUBE-AZRTOS-H7RS.1.3.0
2026-07-30 11:31:33,913 [ERROR] Engine:466 - C:\Users\Admin\.stm32cubemx\thirdparties\pdsc\WES.I-CUBE-Cesium.1.4.0.pdsc: PDSC version is not supported
2026-07-30 11:31:33,932 [WARN] PackLoader:240 - Cannot read IP mode file for STMicroelectronics.X-CUBE-DISPLAY.3.0.0
2026-07-30 11:31:33,955 [WARN] PackLoader:240 - Cannot read IP mode file for wolfSSL.I-CUBE-wolfSSL.5.9.1
2026-07-30 11:31:33,968 [WARN] PackLoader:240 - Cannot read IP mode file for emotas.I-CUBE-CANOPEN.1.3.0
2026-07-30 11:31:33,974 [ERROR] Engine:466 - C:\Users\Admin\.stm32cubemx\thirdparties\pdsc\STMicroelectronics.X-CUBE-WBA.1.1.0.pdsc: PDSC version is not supported
2026-07-30 11:31:33,992 [INFO] LogOutputStream:77 - [STDOUT_REDIRECT] 1 : Invalid condition id : UX_CORESTACK_Condition cause : null
2026-07-30 11:31:33,993 [INFO] LogOutputStream:77 - [STDOUT_REDIRECT] 1 : Invalid condition id : UX_CORESTACK_Condition cause : null
2026-07-30 11:31:33,996 [INFO] LogOutputStream:77 - [STDOUT_REDIRECT] 1 : Invalid condition id : UX_CORESTACK_Condition cause : null
2026-07-30 11:31:33,999 [INFO] LogOutputStream:77 - [STDOUT_REDIRECT] 1 : Invalid condition id : UX_CORESTACK_Condition cause : null
2026-07-30 11:31:34,002 [INFO] LogOutputStream:77 - [STDOUT_REDIRECT] 1 : Invalid condition id : UX_CORESTACK_Condition cause : null
2026-07-30 11:31:34,008 [WARN] PackLoader:240 - Cannot read IP mode file for STMicroelectronics.X-CUBE-AZRTOS-WL.2.0.0
2026-07-30 11:31:34,058 [WARN] PackLoader:240 - Cannot read IP mode file for STMicroelectronics.X-CUBE-AZRTOS-H7RS.1.2.0
2026-07-30 11:31:34,086 [WARN] PackLoader:240 - Cannot read IP mode file for STMicroelectronics.X-CUBE-BLE2.3.3.0
2026-07-30 11:31:34,090 [ERROR] Engine:466 - C:\Users\Admin\.stm32cubemx\thirdparties\pdsc\Avnet-IOTCONNECT.X-CUBE-iotc-st67-sdk.1.0.0.pdsc: PDSC version is not supported
2026-07-30 11:31:34,100 [ERROR] Engine:466 - C:\Users\Admin\.stm32cubemx\thirdparties\pdsc\Infineon.AIROC-Wi-Fi-Bluetooth-STM32.1.8.0.pdsc: PDSC version is not supported
2026-07-30 11:31:34,106 [WARN] PackLoader:240 - Cannot read IP mode file for wolfSSL.I-CUBE-wolfMQTT.1.19.2
2026-07-30 11:31:34,140 [WARN] PackLoader:240 - Cannot read IP mode file for STMicroelectronics.X-CUBE-AZRTOS-G0.1.1.0
2026-07-30 11:31:34,157 [WARN] PackLoader:240 - Cannot read IP mode file for STMicroelectronics.X-CUBE-NFC4.3.0.0
2026-07-30 11:31:34,164 [ERROR] Engine:466 - C:\Users\Admin\.stm32cubemx\thirdparties\pdsc\EmbeddedOffice.I-CUBE-FS-RTOS.1.0.1.pdsc: PDSC version is not supported
2026-07-30 11:31:34,172 [WARN] PackLoader:240 - Cannot read IP mode file for wolfSSL.I-CUBE-wolfTPM.3.8.0
2026-07-30 11:31:34,177 [ERROR] Engine:466 - C:\Users\Admin\.stm32cubemx\thirdparties\pdsc\RealThread.X-CUBE-RT-Thread_Nano.4.1.1.pdsc: PDSC version is not supported
2026-07-30 11:31:34,183 [WARN] PackLoader:240 - Cannot read IP mode file for STMicroelectronics.FP-ATR-SIGFOX1.3.2.0
2026-07-30 11:31:34,188 [ERROR] Engine:466 - C:\Users\Admin\.stm32cubemx\thirdparties\pdsc\STMicroelectronics.X-CUBE-FREERTOS.1.5.0.pdsc: PDSC version is not supported
2026-07-30 11:31:34,204 [WARN] PackLoader:240 - Cannot read IP mode file for ITTIA_DB.I-CUBE-ITTIADB.8.9.0
2026-07-30 11:31:34,218 [ERROR] Engine:466 - C:\Users\Admin\.stm32cubemx\thirdparties\pdsc\Cesanta.I-CUBE-Mongoose.7.21.7.pdsc: PDSC version is not supported
2026-07-30 11:31:34,226 [WARN] PackLoader:240 - Cannot read IP mode file for STMicroelectronics.X-CUBE-AI.10.2.1
2026-07-30 11:31:34,350 [WARN] PackLoader:240 - Cannot read IP mode file for STMicroelectronics.X-CUBE-MEMS1.12.1.0
2026-07-30 11:31:34,528 [WARN] PackLoader:240 - Cannot read IP mode file for SEGGER.I-CUBE-embOS.1.3.1
2026-07-30 11:31:34,647 [WARN] PackLoader:240 - Cannot read IP mode file for STMicroelectronics.X-CUBE-ALGOBUILD.1.4.0
2026-07-30 11:31:34,658 [WARN] PackLoader:240 - Cannot read IP mode file for STMicroelectronics.X-CUBE-NFC13.1.0.0
2026-07-30 11:31:34,685 [WARN] PackLoader:240 - Cannot read IP mode file for STMicroelectronics.X-CUBE-AZRTOS-F4.1.1.0
2026-07-30 11:31:34,690 [ERROR] Engine:466 - C:\Users\Admin\.stm32cubemx\thirdparties\pdsc\STMicroelectronics.eDS-WB_DPC_TT-BIDIR.2.1.1.pdsc: PDSC version is not supported
2026-07-30 11:31:34,698 [WARN] PackLoader:240 - Cannot read IP mode file for STMicroelectronics.X-CUBE-ALGOBUILD.1.5.0
2026-07-30 11:31:34,755 [WARN] PackLoader:240 - Cannot read IP mode file for STMicroelectronics.X-CUBE-MEMS1.13.0.0
2026-07-30 11:31:34,938 [ERROR] Engine:466 - C:\Users\Admin\.stm32cubemx\thirdparties\pdsc\STMicroelectronics.eDS-WB_DPC_3PH2L-BIDIR.1.1.1.pdsc: PDSC version is not supported
2026-07-30 11:31:34,945 [WARN] PackLoader:240 - Cannot read IP mode file for STMicroelectronics.X-CUBE-TOUCHGFX.4.26.1
2026-07-30 11:31:34,967 [WARN] ConditionMgr:438 - getConditionDescription Invalid condition id : LAN8742 Phy interface Condition cause : null
2026-07-30 11:31:34,968 [WARN] PackLoader:240 - Cannot read IP mode file for STMicroelectronics.X-CUBE-AZRTOS-L4.2.0.0
2026-07-30 11:31:34,971 [WARN] ConditionMgr:1039 - genDependencies : Invalid condition id : LAN8742 Phy interface Condition cause : null
2026-07-30 11:31:34,972 [WARN] ConditionMgr:1039 - genDependencies : Invalid condition id : LAN8742 Phy interface Condition cause : null
2026-07-30 11:31:34,973 [WARN] ConditionMgr:1039 - genDependencies : Invalid condition id : LAN8742 Phy interface Condition cause : null
2026-07-30 11:31:34,985 [WARN] PackLoader:240 - Cannot read IP mode file for STMicroelectronics.X-CUBE-SFXS2LP1.4.0.0
2026-07-30 11:31:34,990 [ERROR] Engine:466 - C:\Users\Admin\.stm32cubemx\thirdparties\pdsc\quantropi.X-CUBE-qispace-sdk-base.2.1.0.pdsc: PDSC version is not supported
2026-07-30 11:31:35,025 [WARN] PackLoader:240 - Cannot read IP mode file for STMicroelectronics.X-CUBE-SUBG2.5.0.0
2026-07-30 11:31:35,059 [WARN] PackLoader:240 - Cannot read IP mode file for STMicroelectronics.X-CUBE-AZRTOS-G4.2.0.0
2026-07-30 11:31:35,071 [WARN] PackLoader:240 - Cannot read IP mode file for wolfSSL.I-CUBE-wolfSSH.1.4.20
2026-07-30 11:31:35,075 [INFO] ThirdParty:978 - Integrity check success = true
2026-07-30 11:31:35,076 [INFO] IntegrityCheckThread:100 - exiting critical section [integrity check]
2026-07-30 11:31:35,076 [INFO] IntegrityCheckThread:103 - End integrity checks thread
2026-07-30 11:31:47,671 [INFO] McuFinderGlobals:63 - Set McuFinder mode to 2 (CubeIDE integrated)
2026-07-30 11:31:47,674 [INFO] MainUpdater:2868 - connection check result : 10
2026-07-30 11:31:47,676 [INFO] McuFinderGlobals:76 - Set McuFinderConnectedMode to true
2026-07-30 11:31:47,910 [INFO] ServerAccessManage:473 - Download File mcusAds.json._tmp_
2026-07-30 11:31:48,027 [INFO] LoadUrlFilesThread:156 - End of LoadUrlFiles Thread
2026-07-30 11:31:48,192 [INFO] ServerAccessManage:473 - Download File cube-finder-db.zip
2026-07-30 11:31:54,813 [ERROR] LogOutputStream:75 - [STDERR_REDIRECT] SLF4J: Failed to load class "org.slf4j.impl.StaticLoggerBinder".
2026-07-30 11:31:54,814 [ERROR] LogOutputStream:75 - [STDERR_REDIRECT] SLF4J: Defaulting to no-operation (NOP) logger implementation
2026-07-30 11:31:54,816 [ERROR] LogOutputStream:75 - [STDERR_REDIRECT] SLF4J: See http://www.slf4j.org/codes.html#StaticLoggerBinder for further details.
2026-07-30 11:31:56,780 [INFO] FileExtend:240 - Unzip File : cube-finder-db.zip
2026-07-30 11:31:56,780 [INFO] FileExtend:255 - Standard Zip Deflate
2026-07-30 11:31:57,517 [INFO] LoadUrlFilesThread:156 - End of LoadUrlFiles Thread
2026-07-30 11:32:18,655 [ERROR] ServerAccessManage:1172 - Problem during Server Connection :  IO error Connection timed out: no further information
2026-07-30 11:32:18,656 [ERROR] ServerAccessManage:651 - Problem during Server Connection :  : crdb.zip.
2026-07-30 11:32:22,520 [INFO] LoadUrlFilesThread:156 - End of LoadUrlFiles Thread
2026-07-30 11:32:23,257 [INFO] DbMcusAds:53 - JSON generation date=Wed Jul 15 16:46:00 GMT+07:00 2026 (1784108760991)
2026-07-30 11:32:23,272 [ERROR] TargetSelectorAdapter:267 - Unable to refresh data
2026-07-30 11:32:23,575 [INFO] ApiDb:581 - Connected to CubeFinder SQLite database (C:\Users\Admin\.stmcufinder\plugins\mcufinder\mcu\cube-finder-db.db)
2026-07-30 11:32:23,731 [INFO] ApiDb:668 - CubeFinder database Data Model version=2.1
2026-07-30 11:32:23,731 [INFO] ApiDb:669 - CubeFinder database Configuration version=3.0.42
2026-07-30 11:32:23,731 [INFO] ApiDb:670 - CubeFinder database generation date=2026-06-23 (1782213372)
2026-07-30 11:32:23,732 [INFO] ApiDb:671 - CubeFinder database FW Pack versions=[FP-ATR-ASTRA1_V2.0.0, FP-SNS-FLIGHT1_V5.1.0, FP-SNS-MOTENV1_V5.1.0, FP-SNS-MOTENVWB1_V1.5.0, FP-SNS-SMARTAG2_V1.2.0, FP-SNS-STBOX1_V2.1.0, STM32Cube_FW_C0_V1.4.0, STM32Cube_FW_F4_V1.28.3, STM32Cube_FW_F7_V1.17.4, STM32Cube_FW_G0_V1.6.3, STM32Cube_FW_G4_V1.6.2, STM32Cube_FW_H5_V1.7.0, STM32Cube_FW_H7RS_V1.3.0, STM32Cube_FW_H7_V1.13.0, STM32Cube_FW_L0_V1.12.2, STM32Cube_FW_L4_V1.18.2, STM32Cube_FW_L5_V1.6.0, STM32Cube_FW_N6_V1.4.0, STM32Cube_FW_U0_V1.3.0, STM32Cube_FW_U3_V1.4.0, STM32Cube_FW_U5_V1.9.0, STM32Cube_FW_WB0_V1.5.0, STM32Cube_FW_WBA_V1.10.0, STM32Cube_FW_WB_V1.24.0, STM32Cube_FW_WL3_V1.5.0, STM32Cube_FW_WL_V1.6.0, X-CUBE-ALGOBUILD_V1.5.0, X-CUBE-ALS_V1.0.2, X-CUBE-AZRTOS-F4_V1.1.0, X-CUBE-AZRTOS-F7_V1.1.0, X-CUBE-AZRTOS-G0_V1.1.0, X-CUBE-AZRTOS-G4_V2.0.0, X-CUBE-AZRTOS-H7RS_V1.1.0, X-CUBE-AZRTOS-H7_V3.5.0, X-CUBE-AZRTOS-L4_V2.0.0, X-CUBE-AZRTOS-L5_V2.0.0, X-CUBE-AZRTOS-WB_V2.0.0, X-CUBE-AZRTOS-WL_V2.0.0, X-CUBE-BLE1_V7.1.0, X-CUBE-BLE2_V3.3.0, X-CUBE-BLEMGR_V4.1.0, X-CUBE-EEPRMA1_V5.2.0, X-CUBE-FREERTOS_V1.5.0, X-CUBE-GNSS1_V7.1.1, X-CUBE-MEMS1_V12.1.0, X-CUBE-NFC4_V3.0.0, X-CUBE-NFC7_V2.0.0, X-CUBE-SFXS2LP1_V4.0.0, X-CUBE-ST67W61_V1.3.0, X-CUBE-SUBG2_V5.0.0, X-CUBE-TOF1_V3.4.3]
2026-07-30 11:32:23,837 [INFO] DbBoardsSqlite:226 - include board P-NUCLEO-WB55-NUCLEO as a kit item of type 'Nucleo-64'
2026-07-30 11:32:23,837 [INFO] DbBoardsSqlite:226 - include board P-NUCLEO-WB55-USBDONGLE as a kit item of type 'Nucleo USB Dongle'
2026-07-30 11:32:23,838 [INFO] DbBoardsSqlite:226 - include board STEVAL-IDP005V1 as a kit item of type 'Evaluation Board'
2026-07-30 11:32:23,838 [INFO] DbBoardsSqlite:226 - include board STEVAL-IDP005V2 as a kit item of type 'Evaluation Board'
2026-07-30 11:32:23,954 [INFO] ApiDb:240 - Found 323 in-development CPN: [B-G473E-ZEST1S, B-WB1M-WPAN1, B-WL5M-SUBG1, NUCLEO-C031C6, NUCLEO-H503RB, NUCLEO-H563ZI, NUCLEO-U545RE-Q, NUCLEO-U5A5ZJ-Q, NUCLEO-WBA52CG, STEVAL-PROTEUS1, STEVAL-SMARTAG2, STEVAL-STWINBX1, STM320518-EVAL, STM32C0116-DK, STM32C011D6Y3TR, STM32C011D6Y6TR, STM32C011F4P3, STM32C011F4P6, STM32C011F4U3, STM32C011F4U6TR, STM32C011F6P3, STM32C011F6P6, STM32C011F6U3, STM32C011F6U6TR, STM32C011J4M3, STM32C011J4M6, STM32C011J6M3, STM32C011J6M6, STM32C0316-DK, STM32C031C4T3, STM32C031C4T6, STM32C031C4U3, STM32C031C4U6, STM32C031C6T3, STM32C031C6T6, STM32C031C6U3, STM32C031C6U6, STM32C031F4P3, STM32C031F4P6, STM32C031F6P3, STM32C031F6P6, STM32C031G4U3, STM32C031G4U6, STM32C031G6U3, STM32C031G6U6, STM32C031K4T3, STM32C031K4T6, STM32C031K4U3, STM32C031K4U6, STM32C031K6T3, STM32C031K6T6, STM32C031K6U3, STM32C031K6U6, STM32G071K8TXN, STM32G071K8UXN, STM32G081GBU6N, STM32G081KBT6N, STM32G081KBUXN, STM32G0B1CCT6N, STM32G0B1KCT6, STM32G0B1NEY6TR, STM32G0B1RCT6N, STM32G0C1CCT6, STM32G0C1CCT6N, STM32G0C1CCU6N, STM32G0C1CET6N, STM32G0C1CEU6N, STM32G0C1KCT6, STM32G0C1NEY6TR, STM32G0C1RCI6N, STM32G0C1RCT6N, STM32G0C1REI6N, STM32G0C1RET6N, STM32G0C1VCI6, STM32G0C1VEI6, STM32G471CCT6, STM32G471CCU6, STM32G471CET3, STM32G471CET6, STM32G471CEU3, STM32G471CEU6, STM32G471MCT6, STM32G471MET3, STM32G471MET6, STM32G471MEY6TR, STM32G471QCT6, STM32G471QET3, STM32G471RCT6, STM32G471RET3, STM32G471RET6, STM32G471VCH6, STM32G471VCI6, STM32G471VCT6, STM32G471VEH3, STM32G471VEH6, STM32G471VEI3, STM32G471VEI6, STM32G471VET3, STM32G471VET6, STM32G474CCT6, STM32H503CBT6, STM32H503CBU6, STM32H503EBY6TR, STM32H503KBU6, STM32H503RBT6, STM32H562AGI6, STM32H562AII6, STM32H562IGK6, STM32H562IGT6, STM32H562IIK6, STM32H562IIT6, STM32H562RGT6, STM32H562RGV6, STM32H562RIT6, STM32H562RIV6, STM32H562VGT6, STM32H562VIT6, STM32H562ZGT6, STM32H562ZIT6, STM32H563AGI6, STM32H563AII3Q, STM32H563AII6, STM32H563IGK6, STM32H563IGT6, STM32H563IIK3Q, STM32H563IIK6, STM32H563IIT3Q, STM32H563IIT6, STM32H563MIY3QTR, STM32H563RGT6, STM32H563RGV6, STM32H563RIT6, STM32H563RIV6, STM32H563VGT6, STM32H563VIT3Q, STM32H563VIT6, STM32H563ZGT6, STM32H563ZIT3Q, STM32H563ZIT6, STM32H573AII3Q, STM32H573AII6, STM32H573I-DK, STM32H573IIK3Q, STM32H573IIK6, STM32H573IIT3Q, STM32H573IIT6, STM32H573MIY3QTR, STM32H573RIT6, STM32H573RIV6, STM32H573VIT3Q, STM32H573VIT6, STM32H573ZIT3Q, STM32H573ZIT6, STM32L4R5QGI6STR, STM32MP131AAE3, STM32MP131AAF3, STM32MP131AAG3, STM32MP131CAE3, STM32MP131CAF3, STM32MP131CAG3, STM32MP131DAE7, STM32MP131DAF7, STM32MP131DAG7, STM32MP131FAE7, STM32MP131FAF7, STM32MP131FAG7, STM32MP133AAE3, STM32MP133AAF3, STM32MP133AAG3, STM32MP133CAE3, STM32MP133CAF3, STM32MP133CAG3, STM32MP133DAE7, STM32MP133DAF7, STM32MP133DAG7, STM32MP133FAE7, STM32MP133FAF7, STM32MP133FAG7, STM32MP135AAE3, STM32MP135AAF3, STM32MP135AAG3, STM32MP135CAE3, STM32MP135CAF3, STM32MP135CAG3, STM32MP135DAE7, STM32MP135DAF7, STM32MP135DAG7, STM32MP135F-DK, STM32MP135FAE7, STM32MP135FAF7, STM32MP135FAF7T, STM32MP135FAF7U, STM32MP135FAG7, STM32U535CBT6, STM32U535CBT6Q, STM32U535CBU6, STM32U535CBU6Q, STM32U535CCT6, STM32U535CCT6Q, STM32U535CCU6, STM32U535CCU6Q, STM32U535CET6, STM32U535CET6Q, STM32U535CEU6, STM32U535CEU6Q, STM32U535JEY6QTR, STM32U535NCY6QTR, STM32U535NEY6QTR, STM32U535RBI6, STM32U535RBI6Q, STM32U535RBT6, STM32U535RBT6Q, STM32U535RCI6, STM32U535RCI6Q, STM32U535RCT6, STM32U535RCT6Q, STM32U535REI6, STM32U535REI6Q, STM32U535RET6, STM32U535RET6Q, STM32U535VCI6, STM32U535VCI6Q, STM32U535VCT6, STM32U535VCT6Q, STM32U535VEI6, STM32U535VEI6Q, STM32U535VET6, STM32U535VET6Q, STM32U545CET6, STM32U545CET6Q, STM32U545CEU6, STM32U545CEU6Q, STM32U545JEY6QTR, STM32U545NEY6QTR, STM32U545REI6, STM32U545REI6Q, STM32U545RET6, STM32U545RET6Q, STM32U545VEI6, STM32U545VEI6Q, STM32U545VET6, STM32U545VET6Q, STM32U595AIH6, STM32U595AIH6Q, STM32U595AJH6, STM32U595AJH6Q, STM32U595QII6, STM32U595QII6Q, STM32U595QJI6, STM32U595QJI6Q, STM32U595RIT6, STM32U595RIT6Q, STM32U595RJT6, STM32U595RJT6Q, STM32U595VIT6, STM32U595VIT6Q, STM32U595VJT6, STM32U595VJT6Q, STM32U595ZIT6, STM32U595ZIT6Q, STM32U595ZIY6QTR, STM32U595ZJT6, STM32U595ZJT6Q, STM32U595ZJY6QTR, STM32U599BJY6QTR, STM32U599NIH6Q, STM32U599NJH6Q, STM32U599VIT6Q, STM32U599VJT6, STM32U599VJT6Q, STM32U599ZIT6Q, STM32U599ZIY6QTR, STM32U599ZJT6Q, STM32U599ZJY6QTR, STM32U5A5AJH6, STM32U5A5AJH6Q, STM32U5A5QJI6, STM32U5A5QJI6Q, STM32U5A5RJT6, STM32U5A5RJT6Q, STM32U5A5VJT6, STM32U5A5VJT6Q, STM32U5A5ZJT6, STM32U5A5ZJT6Q, STM32U5A5ZJY6QTR, STM32U5A9BJY6QTR, STM32U5A9J-DK, STM32U5A9NJH6Q, STM32U5A9VJT6Q, STM32U5A9ZJT6Q, STM32U5A9ZJY6QTR, STM32U5F7VIT6, STM32U5F7VIT6Q, STM32U5F7VJT6, STM32U5F7VJT6Q, STM32U5F9BJY6QTR, STM32U5F9NJH6Q, STM32U5F9VIT6Q, STM32U5F9VJT6Q, STM32U5F9ZIJ6QTR, STM32U5F9ZIT6Q, STM32U5F9ZJJ6QTR, STM32U5F9ZJT6Q, STM32U5G7VJT6, STM32U5G7VJT6Q, STM32U5G9BJY6QTR, STM32U5G9J-DK1, STM32U5G9J-DK2, STM32U5G9NJH6Q, STM32U5G9VJT6Q, STM32U5G9ZJJ6QTR, STM32U5G9ZJT6Q, STM32WB1MMCH6, STM32WBA52CEU6, STM32WBA52CEU6T, STM32WBA52CGU6, STM32WBA52CGU6T, STM32WBA52KEU6, STM32WBA52KEU6T, STM32WBA52KGU6, STM32WBA52KGU6T, STM32WL5MOCH6, STM32WL5MOCH6TR]
2026-07-30 11:32:23,958 [INFO] ApiDb:668 - CubeFinder database Data Model version=2.1
2026-07-30 11:32:23,958 [INFO] ApiDb:669 - CubeFinder database Configuration version=3.0.42
2026-07-30 11:32:23,959 [INFO] ApiDb:670 - CubeFinder database generation date=2026-06-23 (1782213372)
2026-07-30 11:32:23,959 [INFO] ApiDb:671 - CubeFinder database FW Pack versions=[FP-ATR-ASTRA1_V2.0.0, FP-SNS-FLIGHT1_V5.1.0, FP-SNS-MOTENV1_V5.1.0, FP-SNS-MOTENVWB1_V1.5.0, FP-SNS-SMARTAG2_V1.2.0, FP-SNS-STBOX1_V2.1.0, STM32Cube_FW_C0_V1.4.0, STM32Cube_FW_F4_V1.28.3, STM32Cube_FW_F7_V1.17.4, STM32Cube_FW_G0_V1.6.3, STM32Cube_FW_G4_V1.6.2, STM32Cube_FW_H5_V1.7.0, STM32Cube_FW_H7RS_V1.3.0, STM32Cube_FW_H7_V1.13.0, STM32Cube_FW_L0_V1.12.2, STM32Cube_FW_L4_V1.18.2, STM32Cube_FW_L5_V1.6.0, STM32Cube_FW_N6_V1.4.0, STM32Cube_FW_U0_V1.3.0, STM32Cube_FW_U3_V1.4.0, STM32Cube_FW_U5_V1.9.0, STM32Cube_FW_WB0_V1.5.0, STM32Cube_FW_WBA_V1.10.0, STM32Cube_FW_WB_V1.24.0, STM32Cube_FW_WL3_V1.5.0, STM32Cube_FW_WL_V1.6.0, X-CUBE-ALGOBUILD_V1.5.0, X-CUBE-ALS_V1.0.2, X-CUBE-AZRTOS-F4_V1.1.0, X-CUBE-AZRTOS-F7_V1.1.0, X-CUBE-AZRTOS-G0_V1.1.0, X-CUBE-AZRTOS-G4_V2.0.0, X-CUBE-AZRTOS-H7RS_V1.1.0, X-CUBE-AZRTOS-H7_V3.5.0, X-CUBE-AZRTOS-L4_V2.0.0, X-CUBE-AZRTOS-L5_V2.0.0, X-CUBE-AZRTOS-WB_V2.0.0, X-CUBE-AZRTOS-WL_V2.0.0, X-CUBE-BLE1_V7.1.0, X-CUBE-BLE2_V3.3.0, X-CUBE-BLEMGR_V4.1.0, X-CUBE-EEPRMA1_V5.2.0, X-CUBE-FREERTOS_V1.5.0, X-CUBE-GNSS1_V7.1.1, X-CUBE-MEMS1_V12.1.0, X-CUBE-NFC4_V3.0.0, X-CUBE-NFC7_V2.0.0, X-CUBE-SFXS2LP1_V4.0.0, X-CUBE-ST67W61_V1.3.0, X-CUBE-SUBG2_V5.0.0, X-CUBE-TOF1_V3.4.3]
2026-07-30 11:32:26,819 [INFO] ApiDb:240 - Found 323 in-development CPN: [B-G473E-ZEST1S, B-WB1M-WPAN1, B-WL5M-SUBG1, NUCLEO-C031C6, NUCLEO-H503RB, NUCLEO-H563ZI, NUCLEO-U545RE-Q, NUCLEO-U5A5ZJ-Q, NUCLEO-WBA52CG, STEVAL-PROTEUS1, STEVAL-SMARTAG2, STEVAL-STWINBX1, STM320518-EVAL, STM32C0116-DK, STM32C011D6Y3TR, STM32C011D6Y6TR, STM32C011F4P3, STM32C011F4P6, STM32C011F4U3, STM32C011F4U6TR, STM32C011F6P3, STM32C011F6P6, STM32C011F6U3, STM32C011F6U6TR, STM32C011J4M3, STM32C011J4M6, STM32C011J6M3, STM32C011J6M6, STM32C0316-DK, STM32C031C4T3, STM32C031C4T6, STM32C031C4U3, STM32C031C4U6, STM32C031C6T3, STM32C031C6T6, STM32C031C6U3, STM32C031C6U6, STM32C031F4P3, STM32C031F4P6, STM32C031F6P3, STM32C031F6P6, STM32C031G4U3, STM32C031G4U6, STM32C031G6U3, STM32C031G6U6, STM32C031K4T3, STM32C031K4T6, STM32C031K4U3, STM32C031K4U6, STM32C031K6T3, STM32C031K6T6, STM32C031K6U3, STM32C031K6U6, STM32G071K8TXN, STM32G071K8UXN, STM32G081GBU6N, STM32G081KBT6N, STM32G081KBUXN, STM32G0B1CCT6N, STM32G0B1KCT6, STM32G0B1NEY6TR, STM32G0B1RCT6N, STM32G0C1CCT6, STM32G0C1CCT6N, STM32G0C1CCU6N, STM32G0C1CET6N, STM32G0C1CEU6N, STM32G0C1KCT6, STM32G0C1NEY6TR, STM32G0C1RCI6N, STM32G0C1RCT6N, STM32G0C1REI6N, STM32G0C1RET6N, STM32G0C1VCI6, STM32G0C1VEI6, STM32G471CCT6, STM32G471CCU6, STM32G471CET3, STM32G471CET6, STM32G471CEU3, STM32G471CEU6, STM32G471MCT6, STM32G471MET3, STM32G471MET6, STM32G471MEY6TR, STM32G471QCT6, STM32G471QET3, STM32G471RCT6, STM32G471RET3, STM32G471RET6, STM32G471VCH6, STM32G471VCI6, STM32G471VCT6, STM32G471VEH3, STM32G471VEH6, STM32G471VEI3, STM32G471VEI6, STM32G471VET3, STM32G471VET6, STM32G474CCT6, STM32H503CBT6, STM32H503CBU6, STM32H503EBY6TR, STM32H503KBU6, STM32H503RBT6, STM32H562AGI6, STM32H562AII6, STM32H562IGK6, STM32H562IGT6, STM32H562IIK6, STM32H562IIT6, STM32H562RGT6, STM32H562RGV6, STM32H562RIT6, STM32H562RIV6, STM32H562VGT6, STM32H562VIT6, STM32H562ZGT6, STM32H562ZIT6, STM32H563AGI6, STM32H563AII3Q, STM32H563AII6, STM32H563IGK6, STM32H563IGT6, STM32H563IIK3Q, STM32H563IIK6, STM32H563IIT3Q, STM32H563IIT6, STM32H563MIY3QTR, STM32H563RGT6, STM32H563RGV6, STM32H563RIT6, STM32H563RIV6, STM32H563VGT6, STM32H563VIT3Q, STM32H563VIT6, STM32H563ZGT6, STM32H563ZIT3Q, STM32H563ZIT6, STM32H573AII3Q, STM32H573AII6, STM32H573I-DK, STM32H573IIK3Q, STM32H573IIK6, STM32H573IIT3Q, STM32H573IIT6, STM32H573MIY3QTR, STM32H573RIT6, STM32H573RIV6, STM32H573VIT3Q, STM32H573VIT6, STM32H573ZIT3Q, STM32H573ZIT6, STM32L4R5QGI6STR, STM32MP131AAE3, STM32MP131AAF3, STM32MP131AAG3, STM32MP131CAE3, STM32MP131CAF3, STM32MP131CAG3, STM32MP131DAE7, STM32MP131DAF7, STM32MP131DAG7, STM32MP131FAE7, STM32MP131FAF7, STM32MP131FAG7, STM32MP133AAE3, STM32MP133AAF3, STM32MP133AAG3, STM32MP133CAE3, STM32MP133CAF3, STM32MP133CAG3, STM32MP133DAE7, STM32MP133DAF7, STM32MP133DAG7, STM32MP133FAE7, STM32MP133FAF7, STM32MP133FAG7, STM32MP135AAE3, STM32MP135AAF3, STM32MP135AAG3, STM32MP135CAE3, STM32MP135CAF3, STM32MP135CAG3, STM32MP135DAE7, STM32MP135DAF7, STM32MP135DAG7, STM32MP135F-DK, STM32MP135FAE7, STM32MP135FAF7, STM32MP135FAF7T, STM32MP135FAF7U, STM32MP135FAG7, STM32U535CBT6, STM32U535CBT6Q, STM32U535CBU6, STM32U535CBU6Q, STM32U535CCT6, STM32U535CCT6Q, STM32U535CCU6, STM32U535CCU6Q, STM32U535CET6, STM32U535CET6Q, STM32U535CEU6, STM32U535CEU6Q, STM32U535JEY6QTR, STM32U535NCY6QTR, STM32U535NEY6QTR, STM32U535RBI6, STM32U535RBI6Q, STM32U535RBT6, STM32U535RBT6Q, STM32U535RCI6, STM32U535RCI6Q, STM32U535RCT6, STM32U535RCT6Q, STM32U535REI6, STM32U535REI6Q, STM32U535RET6, STM32U535RET6Q, STM32U535VCI6, STM32U535VCI6Q, STM32U535VCT6, STM32U535VCT6Q, STM32U535VEI6, STM32U535VEI6Q, STM32U535VET6, STM32U535VET6Q, STM32U545CET6, STM32U545CET6Q, STM32U545CEU6, STM32U545CEU6Q, STM32U545JEY6QTR, STM32U545NEY6QTR, STM32U545REI6, STM32U545REI6Q, STM32U545RET6, STM32U545RET6Q, STM32U545VEI6, STM32U545VEI6Q, STM32U545VET6, STM32U545VET6Q, STM32U595AIH6, STM32U595AIH6Q, STM32U595AJH6, STM32U595AJH6Q, STM32U595QII6, STM32U595QII6Q, STM32U595QJI6, STM32U595QJI6Q, STM32U595RIT6, STM32U595RIT6Q, STM32U595RJT6, STM32U595RJT6Q, STM32U595VIT6, STM32U595VIT6Q, STM32U595VJT6, STM32U595VJT6Q, STM32U595ZIT6, STM32U595ZIT6Q, STM32U595ZIY6QTR, STM32U595ZJT6, STM32U595ZJT6Q, STM32U595ZJY6QTR, STM32U599BJY6QTR, STM32U599NIH6Q, STM32U599NJH6Q, STM32U599VIT6Q, STM32U599VJT6, STM32U599VJT6Q, STM32U599ZIT6Q, STM32U599ZIY6QTR, STM32U599ZJT6Q, STM32U599ZJY6QTR, STM32U5A5AJH6, STM32U5A5AJH6Q, STM32U5A5QJI6, STM32U5A5QJI6Q, STM32U5A5RJT6, STM32U5A5RJT6Q, STM32U5A5VJT6, STM32U5A5VJT6Q, STM32U5A5ZJT6, STM32U5A5ZJT6Q, STM32U5A5ZJY6QTR, STM32U5A9BJY6QTR, STM32U5A9J-DK, STM32U5A9NJH6Q, STM32U5A9VJT6Q, STM32U5A9ZJT6Q, STM32U5A9ZJY6QTR, STM32U5F7VIT6, STM32U5F7VIT6Q, STM32U5F7VJT6, STM32U5F7VJT6Q, STM32U5F9BJY6QTR, STM32U5F9NJH6Q, STM32U5F9VIT6Q, STM32U5F9VJT6Q, STM32U5F9ZIJ6QTR, STM32U5F9ZIT6Q, STM32U5F9ZJJ6QTR, STM32U5F9ZJT6Q, STM32U5G7VJT6, STM32U5G7VJT6Q, STM32U5G9BJY6QTR, STM32U5G9J-DK1, STM32U5G9J-DK2, STM32U5G9NJH6Q, STM32U5G9VJT6Q, STM32U5G9ZJJ6QTR, STM32U5G9ZJT6Q, STM32WB1MMCH6, STM32WBA52CEU6, STM32WBA52CEU6T, STM32WBA52CGU6, STM32WBA52CGU6T, STM32WBA52KEU6, STM32WBA52KEU6T, STM32WBA52KGU6, STM32WBA52KGU6T, STM32WL5MOCH6, STM32WL5MOCH6TR]
2026-07-30 11:32:26,832 [INFO] DbMcus:217 - Found 5228 MCUs, 5075 are supported
2026-07-30 11:32:26,833 [INFO] ApiDb:423 - Load user favorites file C:\Users\Admin/.stm32cubeide/favorites.mcus.txt: 4 item(s)
2026-07-30 11:32:26,833 [INFO] ApiDb:427 - User favorites MCUs=[STM32F103C8T6, STM32F405RGT6, STM32F411CEU6, STM32H523CET6]
2026-07-30 11:32:26,834 [INFO] DbMcus:223 - Set 4 / 4 favorites MCUs
2026-07-30 11:32:27,459 [INFO] BoardInfo:880 - No configuration file found for board B-WBA5M-WPAN
2026-07-30 11:32:27,459 [INFO] DbBoards:157 - Board is not supported: B-WBA5M-WPAN
2026-07-30 11:32:27,463 [INFO] BoardInfo:880 - No configuration file found for board NUCLEO-C051C8
2026-07-30 11:32:27,463 [INFO] DbBoards:157 - Board is not supported: NUCLEO-C051C8
2026-07-30 11:32:27,464 [INFO] BoardInfo:880 - No configuration file found for board NUCLEO-C071RB
2026-07-30 11:32:27,464 [INFO] DbBoards:157 - Board is not supported: NUCLEO-C071RB
2026-07-30 11:32:27,466 [INFO] BoardInfo:880 - No configuration file found for board NUCLEO-C092RC
2026-07-30 11:32:27,466 [INFO] DbBoards:157 - Board is not supported: NUCLEO-C092RC
2026-07-30 11:32:27,523 [INFO] BoardInfo:880 - No configuration file found for board NUCLEO-H533RE
2026-07-30 11:32:27,523 [INFO] DbBoards:157 - Board is not supported: NUCLEO-H533RE
2026-07-30 11:32:27,525 [INFO] BoardInfo:880 - No configuration file found for board NUCLEO-H5E5ZJ
2026-07-30 11:32:27,525 [INFO] DbBoards:157 - Board is not supported: NUCLEO-H5E5ZJ
2026-07-30 11:32:27,533 [INFO] BoardInfo:880 - No configuration file found for board NUCLEO-H7S3L8
2026-07-30 11:32:27,533 [INFO] DbBoards:157 - Board is not supported: NUCLEO-H7S3L8
2026-07-30 11:32:27,556 [INFO] BoardInfo:880 - No configuration file found for board NUCLEO-N657X0-Q
2026-07-30 11:32:27,556 [INFO] DbBoards:157 - Board is not supported: NUCLEO-N657X0-Q
2026-07-30 11:32:27,557 [INFO] BoardInfo:880 - No configuration file found for board NUCLEO-U031R8
2026-07-30 11:32:27,557 [INFO] DbBoards:157 - Board is not supported: NUCLEO-U031R8
2026-07-30 11:32:27,558 [INFO] BoardInfo:880 - No configuration file found for board NUCLEO-U083RC
2026-07-30 11:32:27,558 [INFO] DbBoards:157 - Board is not supported: NUCLEO-U083RC
2026-07-30 11:32:27,568 [INFO] BoardInfo:880 - No configuration file found for board NUCLEO-U385RG-Q
2026-07-30 11:32:27,569 [INFO] DbBoards:157 - Board is not supported: NUCLEO-U385RG-Q
2026-07-30 11:32:27,572 [INFO] BoardInfo:880 - No configuration file found for board NUCLEO-U3C5ZI-Q
2026-07-30 11:32:27,573 [INFO] DbBoards:157 - Board is not supported: NUCLEO-U3C5ZI-Q
2026-07-30 11:32:27,577 [INFO] BoardInfo:880 - No configuration file found for board NUCLEO-WB05KZ
2026-07-30 11:32:27,577 [INFO] DbBoards:157 - Board is not supported: NUCLEO-WB05KZ
2026-07-30 11:32:27,578 [INFO] BoardInfo:880 - No configuration file found for board NUCLEO-WB07CC
2026-07-30 11:32:27,578 [INFO] DbBoards:157 - Board is not supported: NUCLEO-WB07CC
2026-07-30 11:32:27,580 [INFO] BoardInfo:880 - No configuration file found for board NUCLEO-WB09KE
2026-07-30 11:32:27,580 [INFO] DbBoards:157 - Board is not supported: NUCLEO-WB09KE
2026-07-30 11:32:27,583 [INFO] BoardInfo:880 - No configuration file found for board NUCLEO-WBA25CE1
2026-07-30 11:32:27,583 [INFO] DbBoards:157 - Board is not supported: NUCLEO-WBA25CE1
2026-07-30 11:32:27,586 [INFO] BoardInfo:880 - No configuration file found for board NUCLEO-WBA55CG
2026-07-30 11:32:27,586 [INFO] DbBoards:157 - Board is not supported: NUCLEO-WBA55CG
2026-07-30 11:32:27,587 [INFO] BoardInfo:880 - No configuration file found for board NUCLEO-WBA65RI
2026-07-30 11:32:27,587 [INFO] DbBoards:157 - Board is not supported: NUCLEO-WBA65RI
2026-07-30 11:32:27,589 [INFO] BoardInfo:880 - No configuration file found for board NUCLEO-WL33CC1
2026-07-30 11:32:27,589 [INFO] DbBoards:157 - Board is not supported: NUCLEO-WL33CC1
2026-07-30 11:32:27,590 [INFO] BoardInfo:880 - No configuration file found for board NUCLEO-WL33CC2
2026-07-30 11:32:27,590 [INFO] DbBoards:157 - Board is not supported: NUCLEO-WL33CC2
2026-07-30 11:32:27,592 [INFO] BoardInfo:880 - No configuration file found for board NUCLEO-WL3RKB1
2026-07-30 11:32:27,592 [INFO] DbBoards:157 - Board is not supported: NUCLEO-WL3RKB1
2026-07-30 11:32:27,594 [INFO] BoardInfo:880 - No configuration file found for board NUCLEO-WL3RKB2
2026-07-30 11:32:27,594 [INFO] DbBoards:157 - Board is not supported: NUCLEO-WL3RKB2
2026-07-30 11:32:27,600 [INFO] BoardInfo:880 - No configuration file found for board P-NUCLEO-WB55
2026-07-30 11:32:27,600 [INFO] DbBoards:157 - Kit is not supported: P-NUCLEO-WB55
2026-07-30 11:32:27,604 [INFO] BoardInfo:880 - No configuration file found for board STEVAL-BFA001V1B
2026-07-30 11:32:27,605 [INFO] DbBoards:157 - Kit is not supported: STEVAL-BFA001V1B
2026-07-30 11:32:27,606 [INFO] BoardInfo:880 - No configuration file found for board STEVAL-BFA001V2B
2026-07-30 11:32:27,606 [INFO] DbBoards:157 - Kit is not supported: STEVAL-BFA001V2B
2026-07-30 11:32:27,609 [INFO] BoardInfo:880 - No configuration file found for board STEVAL-MKBOXPRO
2026-07-30 11:32:27,609 [INFO] DbBoards:157 - Board is not supported: STEVAL-MKBOXPRO
2026-07-30 11:32:27,665 [INFO] BoardInfo:880 - No configuration file found for board STM32H5F5J-DK
2026-07-30 11:32:27,665 [INFO] DbBoards:157 - Board is not supported: STM32H5F5J-DK
2026-07-30 11:32:27,678 [INFO] BoardInfo:880 - No configuration file found for board STM32H7S78-DK
2026-07-30 11:32:27,678 [INFO] DbBoards:157 - Board is not supported: STM32H7S78-DK
2026-07-30 11:32:27,695 [INFO] BoardInfo:880 - No configuration file found for board STM32MP215F-DK
2026-07-30 11:32:27,695 [INFO] DbBoards:157 - Board is not supported: STM32MP215F-DK
2026-07-30 11:32:27,696 [INFO] BoardInfo:880 - No configuration file found for board STM32MP257F-DK
2026-07-30 11:32:27,696 [INFO] DbBoards:157 - Board is not supported: STM32MP257F-DK
2026-07-30 11:32:27,697 [INFO] BoardInfo:880 - No configuration file found for board STM32MP257F-EV1
2026-07-30 11:32:27,697 [INFO] DbBoards:157 - Board is not supported: STM32MP257F-EV1
2026-07-30 11:32:27,698 [INFO] BoardInfo:880 - No configuration file found for board STM32N6570-DK
2026-07-30 11:32:27,698 [INFO] DbBoards:157 - Board is not supported: STM32N6570-DK
2026-07-30 11:32:27,699 [INFO] BoardInfo:880 - No configuration file found for board STM32U083C-DK
2026-07-30 11:32:27,699 [INFO] DbBoards:157 - Board is not supported: STM32U083C-DK
2026-07-30 11:32:27,708 [INFO] BoardInfo:880 - No configuration file found for board STM32WBA55G-DK1
2026-07-30 11:32:27,708 [INFO] DbBoards:157 - Board is not supported: STM32WBA55G-DK1
2026-07-30 11:32:27,710 [INFO] BoardInfo:880 - No configuration file found for board STM32WBA65I-DK1
2026-07-30 11:32:27,710 [INFO] DbBoards:157 - Board is not supported: STM32WBA65I-DK1
2026-07-30 11:32:27,710 [INFO] DbBoards:161 - Found 218 boards, 183 are supported
2026-07-30 11:32:27,715 [INFO] ApiDb:423 - Load user favorites file C:\Users\Admin/.stm32cubeide/favorites.boards.txt: 0 item(s)
2026-07-30 11:32:27,715 [INFO] ApiDb:427 - User favorites Boards=[]
2026-07-30 11:32:27,715 [INFO] DbBoards:190 - Set 0 / 0 favorites Boards
2026-07-30 11:32:27,715 [INFO] McuFinderGlobals:76 - Set McuFinderConnectedMode to true
2026-07-30 11:32:27,721 [INFO] MultiScanPanel:200 - Auto-refresh data requested => check proxy status ongoing
2026-07-30 11:32:27,725 [INFO] FinderPluginLoader:95 - Searching for filters in installed packs
2026-07-30 11:32:29,519 [INFO] LoadUrlFilesThread:185 - End of LoadServerUrlFiles without Thread
2026-07-30 11:32:29,534 [INFO] DetailPanel:341 - Set advertising image to C:/Users/Admin/STM32Cube/Repository/\en.stm32h5cubemxbanner.png
2026-07-30 11:32:45,793 [INFO] MainUpdater:2868 - connection check result : 10
2026-07-30 11:32:45,793 [INFO] MainUpdater:2868 - connection check result : 10
2026-07-30 11:32:45,816 [INFO] MicroXplorer:468 - Change Database Path : 
2026-07-30 11:32:45,817 [INFO] MicroXplorer:498 - Change Database Version : DB.6.0.91
2026-07-30 11:32:45,825 [WARN] ThirdParty:871 - waiting for thirdparty lock release [close project]
2026-07-30 11:32:45,825 [INFO] ThirdParty:873 - entering critical section [close project]
2026-07-30 11:32:45,826 [INFO] ThirdParty:883 - exiting critical section [close project]
2026-07-30 11:32:45,828 [INFO] PinOutPanel:1499 - setPackage(No Configuration,No Configuration)
2026-07-30 11:32:45,835 [INFO] UtilMem:75 - Begin LoadConfig() Used Memory: 627276544 Bytes (854589440)
2026-07-30 11:32:45,837 [INFO] MicroXplorer:468 - Change Database Path : 
2026-07-30 11:32:45,837 [INFO] MicroXplorer:498 - Change Database Version : DB.6.0.91
2026-07-30 11:32:45,837 [INFO] OpenFileManager:308 - Change cursor
2026-07-30 11:32:45,870 [INFO] Mcu:1946 - Initializing MCU STM32F103C(8-B)Tx STM32F103C8Tx STM32F103C8T6
2026-07-30 11:32:47,077 [INFO] Context:659 - Trying to add GPIOservice into a context  which must be forbidden
2026-07-30 11:32:47,694 [INFO] RtosManager:555 - Registered RTOS mode: class=CMSIS, group=RTOS, mode=CMSIS_V1, owner=FREERTOS
2026-07-30 11:32:47,695 [INFO] RtosManager:555 - Registered RTOS mode: class=CMSIS, group=RTOS2, mode=CMSIS_V2, owner=FREERTOS
2026-07-30 11:32:47,695 [INFO] RtosManager:555 - Registered RTOS mode: class=RTOS, group=Core, mode=CMSIS_V1, owner=FREERTOS
2026-07-30 11:32:47,695 [INFO] RtosManager:555 - Registered RTOS mode: class=RTOS, group=Core, mode=CMSIS_V2, owner=FREERTOS
2026-07-30 11:32:47,696 [WARN] ModelIntegratedComponent:184 - Missing modes for component STMicroelectronics:FreeRTOS:0.0.1:STMicroelectronics:RTOS:FreeRTOS:Core:::10.2.0:
2026-07-30 11:32:47,904 [WARN] ModelIntegratedComponent:63 - No mode defined for component null
2026-07-30 11:32:47,905 [WARN] ModelIntegratedComponent:63 - No mode defined for component null
2026-07-30 11:32:47,905 [WARN] ModelIntegratedComponent:63 - No mode defined for component null
2026-07-30 11:32:47,906 [WARN] ModelIntegratedComponent:63 - No mode defined for component null
2026-07-30 11:32:47,906 [WARN] ModelIntegratedComponent:63 - No mode defined for component null
2026-07-30 11:32:47,906 [WARN] ModelIntegratedComponent:63 - No mode defined for component null
2026-07-30 11:32:47,906 [WARN] ModelIntegratedComponent:63 - No mode defined for component null
2026-07-30 11:32:47,907 [WARN] ModelIntegratedComponent:63 - No mode defined for component null
2026-07-30 11:32:47,907 [WARN] ModelIntegratedComponent:63 - No mode defined for component null
2026-07-30 11:32:47,907 [WARN] ModelIntegratedComponent:63 - No mode defined for component null
2026-07-30 11:32:47,907 [WARN] ModelIntegratedComponent:63 - No mode defined for component null
2026-07-30 11:32:47,907 [WARN] ModelIntegratedComponent:63 - No mode defined for component null
2026-07-30 11:32:47,908 [WARN] ModelIntegratedComponent:63 - No mode defined for component null
2026-07-30 11:32:47,908 [WARN] ModelIntegratedComponent:63 - No mode defined for component null
2026-07-30 11:32:47,908 [WARN] ModelIntegratedComponent:63 - No mode defined for component null
2026-07-30 11:32:47,909 [WARN] ModelIntegratedComponent:63 - No mode defined for component null
2026-07-30 11:32:47,909 [WARN] ModelIntegratedComponent:63 - No mode defined for component null
2026-07-30 11:32:47,909 [WARN] ModelIntegratedComponent:63 - No mode defined for component null
2026-07-30 11:32:47,909 [WARN] ModelIntegratedComponent:63 - No mode defined for component null
2026-07-30 11:32:47,909 [WARN] ModelIntegratedComponent:63 - No mode defined for component null
2026-07-30 11:32:47,909 [WARN] ModelIntegratedComponent:63 - No mode defined for component null
2026-07-30 11:32:47,909 [WARN] ModelIntegratedComponent:63 - No mode defined for component null
2026-07-30 11:32:47,909 [WARN] ModelIntegratedComponent:63 - No mode defined for component null
2026-07-30 11:32:47,909 [WARN] ModelIntegratedComponent:63 - No mode defined for component null
2026-07-30 11:32:47,910 [WARN] ModelIntegratedComponent:63 - No mode defined for component null
2026-07-30 11:32:47,910 [WARN] ModelIntegratedComponent:63 - No mode defined for component null
2026-07-30 11:32:47,910 [WARN] ModelIntegratedComponent:63 - No mode defined for component null
2026-07-30 11:32:47,910 [WARN] ModelIntegratedComponent:63 - No mode defined for component null
2026-07-30 11:32:47,910 [WARN] ModelIntegratedComponent:63 - No mode defined for component null
2026-07-30 11:32:47,910 [WARN] ModelIntegratedComponent:63 - No mode defined for component null
2026-07-30 11:32:47,910 [WARN] ModelIntegratedComponent:63 - No mode defined for component null
2026-07-30 11:32:47,910 [WARN] ModelIntegratedComponent:63 - No mode defined for component null
2026-07-30 11:32:47,910 [WARN] ModelIntegratedComponent:63 - No mode defined for component null
2026-07-30 11:32:48,143 [INFO] ThirdPartyModel:298 - Start build external matchings
2026-07-30 11:32:48,939 [INFO] ThirdPartyModel:316 - End build external matchings
2026-07-30 11:32:49,333 [INFO] UtilMem:75 - End LoadConfig() Used Memory: 719652336 Bytes (914358272)
2026-07-30 11:32:49,587 [WARN] ThirdParty:833 - waiting for thirdparty lock release [change project]
2026-07-30 11:32:49,587 [INFO] ThirdParty:835 - entering critical section [change project]
2026-07-30 11:32:49,587 [INFO] ThirdParty:1030 - CMSIS Pack Vendor :STMicroelectronics USBPD 4.1
2026-07-30 11:32:49,588 [INFO] ThirdParty:1030 - CMSIS Pack Vendor :STMicroelectronics USB_HOST 2.0.0
2026-07-30 11:32:49,588 [INFO] ThirdParty:1030 - CMSIS Pack Vendor :STMicroelectronics FP-ATR-ASTRA1 2.0.3
2026-07-30 11:32:49,588 [INFO] ThirdParty:1030 - CMSIS Pack Vendor :STMicroelectronics X-CUBE-AZRTOS-F4 1.1.0
2026-07-30 11:32:49,588 [INFO] ThirdParty:1030 - CMSIS Pack Vendor :STMicroelectronics LIBJPEG 8.0.0
2026-07-30 11:32:49,588 [INFO] ThirdParty:1030 - CMSIS Pack Vendor :STMicroelectronics FP-ATR-ASTRA1 2.0.2
2026-07-30 11:32:49,588 [INFO] ThirdParty:1030 - CMSIS Pack Vendor :STMicroelectronics X-CUBE-SMBUS 2.1.0
2026-07-30 11:32:49,588 [INFO] ThirdParty:1030 - CMSIS Pack Vendor :wolfSSL I-CUBE-wolfMQTT 1.19.2
2026-07-30 11:32:49,588 [INFO] ThirdParty:1030 - CMSIS Pack Vendor :STMicroelectronics USB_DEVICE 3.0.0
2026-07-30 11:32:49,588 [INFO] ThirdParty:1030 - CMSIS Pack Vendor :STMicroelectronics X-CUBE-AZRTOS-F7 1.1.0
2026-07-30 11:32:49,588 [INFO] ThirdParty:1030 - CMSIS Pack Vendor :STMicroelectronics USB_DEVICE 2.0.0
2026-07-30 11:32:49,588 [INFO] ThirdParty:1030 - CMSIS Pack Vendor :STMicroelectronics X-CUBE-ALGOBUILD 1.5.0
2026-07-30 11:32:49,588 [INFO] ThirdParty:1030 - CMSIS Pack Vendor :STMicroelectronics FreeRTOS 0.0.1
2026-07-30 11:32:49,588 [INFO] ThirdParty:1030 - CMSIS Pack Vendor :STMicroelectronics X-CUBE-AZRTOS-H7RS 1.3.0
2026-07-30 11:32:49,588 [INFO] ThirdParty:1030 - CMSIS Pack Vendor :STMicroelectronics X-CUBE-AZRTOS-G0 1.1.0
2026-07-30 11:32:49,588 [INFO] ThirdParty:1030 - CMSIS Pack Vendor :STMicroelectronics X-CUBE-NFC4 3.0.0
2026-07-30 11:32:49,588 [INFO] ThirdParty:1030 - CMSIS Pack Vendor :STMicroelectronics X-CUBE-SUBG2 5.0.0
2026-07-30 11:32:49,588 [INFO] ThirdParty:1030 - CMSIS Pack Vendor :STMicroelectronics STM32_WPAN 1.0.0
2026-07-30 11:32:49,588 [INFO] ThirdParty:1030 - CMSIS Pack Vendor :STMicroelectronics lwIP 2.0.3
2026-07-30 11:32:49,588 [INFO] ThirdParty:1030 - CMSIS Pack Vendor :STMicroelectronics X-CUBE-MEMS1 13.0.0
2026-07-30 11:32:49,588 [INFO] ThirdParty:1030 - CMSIS Pack Vendor :STMicroelectronics USB_HOST 1.0.0
2026-07-30 11:32:49,588 [INFO] ThirdParty:1030 - CMSIS Pack Vendor :STMicroelectronics X-CUBE-AZRTOS-G4 2.0.0
2026-07-30 11:32:49,589 [INFO] ThirdParty:1030 - CMSIS Pack Vendor :STMicroelectronics PDM2PCM 3.1.0
2026-07-30 11:32:49,589 [INFO] ThirdParty:1030 - CMSIS Pack Vendor :STMicroelectronics PDM2PCM 3.3.0
2026-07-30 11:32:49,589 [INFO] ThirdParty:1030 - CMSIS Pack Vendor :wolfSSL I-CUBE-wolfTPM 3.8.0
2026-07-30 11:32:49,589 [INFO] ThirdParty:1030 - CMSIS Pack Vendor :STMicroelectronics X-CUBE-DISPLAY 3.0.0
2026-07-30 11:32:49,589 [INFO] ThirdParty:1030 - CMSIS Pack Vendor :wolfSSL I-CUBE-wolfSSH 1.4.20
2026-07-30 11:32:49,589 [INFO] ThirdParty:1030 - CMSIS Pack Vendor :wolfSSL I-CUBE-wolfSSL 5.9.1
2026-07-30 11:32:49,589 [INFO] ThirdParty:1030 - CMSIS Pack Vendor :STMicroelectronics FP-ATR-SIGFOX1 3.2.0
2026-07-30 11:32:49,589 [INFO] ThirdParty:1030 - CMSIS Pack Vendor :STMicroelectronics HAL Drivers 0.0.0
2026-07-30 11:32:49,589 [INFO] ThirdParty:1030 - CMSIS Pack Vendor :STMicroelectronics MBEDTLS 2.16.2
2026-07-30 11:32:49,589 [INFO] ThirdParty:1030 - CMSIS Pack Vendor :emotas I-CUBE-CANOPEN 1.3.0
2026-07-30 11:32:49,589 [INFO] ThirdParty:1030 - CMSIS Pack Vendor :STMicroelectronics MBEDTLS 2.14.1
2026-07-30 11:32:49,590 [INFO] ThirdParty:1030 - CMSIS Pack Vendor :ITTIA_DB I-CUBE-ITTIADB 8.9.0
2026-07-30 11:32:49,590 [INFO] ThirdParty:1030 - CMSIS Pack Vendor :STMicroelectronics X-CUBE-TOUCHGFX 4.26.1
2026-07-30 11:32:49,590 [INFO] ThirdParty:1030 - CMSIS Pack Vendor :STMicroelectronics X-CUBE-AI 10.2.1
2026-07-30 11:32:49,590 [INFO] ThirdParty:1030 - CMSIS Pack Vendor :STMicroelectronics ThreadX 1.0.0
2026-07-30 11:32:49,590 [INFO] ThirdParty:1030 - CMSIS Pack Vendor :STMicroelectronics X-CUBE-MEMS1 12.1.0
2026-07-30 11:32:49,590 [INFO] ThirdParty:1030 - CMSIS Pack Vendor :STMicroelectronics X-CUBE-AZRTOS-WL 2.0.0
2026-07-30 11:32:49,590 [INFO] ThirdParty:1030 - CMSIS Pack Vendor :SEGGER I-CUBE-embOS 1.3.1
2026-07-30 11:32:49,590 [INFO] ThirdParty:1030 - CMSIS Pack Vendor :STMicroelectronics X-CUBE-ALGOBUILD 1.4.0
2026-07-30 11:32:49,590 [INFO] ThirdParty:1030 - CMSIS Pack Vendor :STMicroelectronics USB_DEVICE 1.0.0
2026-07-30 11:32:49,590 [INFO] ThirdParty:1030 - CMSIS Pack Vendor :STMicroelectronics X-CUBE-AZRTOS-H7RS 1.2.0
2026-07-30 11:32:49,590 [INFO] ThirdParty:1030 - CMSIS Pack Vendor :STMicroelectronics X-CUBE-AZRTOS-L4 2.0.0
2026-07-30 11:32:49,590 [INFO] ThirdParty:1030 - CMSIS Pack Vendor :STMicroelectronics ThreadX 0.0.2
2026-07-30 11:32:49,590 [INFO] ThirdParty:1030 - CMSIS Pack Vendor :STMicroelectronics lwIP 2.1.2
2026-07-30 11:32:49,590 [INFO] ThirdParty:1030 - CMSIS Pack Vendor :STMicroelectronics X-CUBE-SFXS2LP1 4.0.0
2026-07-30 11:32:49,590 [INFO] ThirdParty:1030 - CMSIS Pack Vendor :STMicroelectronics X-CUBE-BLE2 3.3.0
2026-07-30 11:32:49,590 [INFO] ThirdParty:1030 - CMSIS Pack Vendor :STMicroelectronics X-CUBE-NFC13 1.0.0
2026-07-30 11:32:49,590 [INFO] ThirdParty:1030 - CMSIS Pack Vendor :STMicroelectronics PDM2PCM 3.2.0
2026-07-30 11:32:49,590 [INFO] ThirdParty:841 - exiting critical section [change project]
2026-07-30 11:32:50,212 [INFO] PinOutPanel:1499 - setPackage(No Configuration,No Configuration)
2026-07-30 11:32:50,215 [INFO] PinOutPanel:1499 - setPackage(STM32F103C8Tx,LQFP48)
2026-07-30 11:32:51,325 [INFO] UtilMem:75 - Before build in PCC Used Memory: 599916480 Bytes (914358272)
2026-07-30 11:32:53,044 [INFO] UtilMem:75 - After build in PCC Used Memory: 576338968 Bytes (1019215872)
2026-07-30 11:32:53,083 [INFO] IPUIPlugin:80 - create IPUIPlugin
2026-07-30 11:32:53,084 [INFO] IPUIPlugin:80 - create IPUIPlugin
2026-07-30 11:32:53,084 [INFO] IPUIPlugin:80 - create IPUIPlugin
2026-07-30 11:32:53,084 [INFO] IPUIPlugin:80 - create IPUIPlugin
2026-07-30 11:32:53,084 [INFO] IPUIPlugin:80 - create IPUIPlugin
2026-07-30 11:32:53,085 [INFO] IPUIPlugin:80 - create IPUIPlugin
2026-07-30 11:32:53,085 [INFO] IPUIPlugin:80 - create IPUIPlugin
2026-07-30 11:32:53,085 [INFO] IPUIPlugin:80 - create IPUIPlugin
2026-07-30 11:32:53,085 [INFO] IPUIPlugin:80 - create IPUIPlugin
2026-07-30 11:32:53,085 [INFO] IPUIPlugin:80 - create IPUIPlugin
2026-07-30 11:32:53,086 [INFO] IPUIPlugin:80 - create IPUIPlugin
2026-07-30 11:32:53,086 [INFO] IPUIPlugin:80 - create IPUIPlugin
2026-07-30 11:32:53,086 [INFO] IPUIPlugin:80 - create IPUIPlugin
2026-07-30 11:32:53,086 [INFO] IPUIPlugin:80 - create IPUIPlugin
2026-07-30 11:32:53,087 [INFO] IPUIPlugin:80 - create IPUIPlugin
2026-07-30 11:32:53,087 [INFO] IPUIPlugin:80 - create IPUIPlugin
2026-07-30 11:32:53,087 [INFO] IPUIPlugin:80 - create IPUIPlugin
2026-07-30 11:32:53,087 [INFO] IPUIPlugin:80 - create IPUIPlugin
2026-07-30 11:32:53,088 [INFO] IPUIPlugin:80 - create IPUIPlugin
2026-07-30 11:32:53,088 [INFO] IPUIPlugin:80 - create IPUIPlugin
2026-07-30 11:32:53,088 [INFO] IPUIPlugin:80 - create IPUIPlugin
2026-07-30 11:32:53,088 [INFO] IPUIPlugin:80 - create IPUIPlugin
2026-07-30 11:32:53,089 [INFO] IPUIPlugin:80 - create IPUIPlugin
2026-07-30 11:32:53,089 [INFO] IPUIPlugin:80 - create IPUIPlugin
2026-07-30 11:32:53,089 [INFO] IPUIPlugin:80 - create IPUIPlugin
2026-07-30 11:32:53,089 [INFO] IPUIPlugin:80 - create IPUIPlugin
2026-07-30 11:32:53,090 [INFO] IPUIPlugin:80 - create IPUIPlugin
2026-07-30 11:32:53,508 [INFO] CADModel:165 - CPN selected for project levelSTM32F103C8T6
2026-07-30 11:32:53,508 [INFO] CADModel:114 - Register for checkConnection events
2026-07-30 11:32:53,566 [INFO] OpenFileManager:328 - Restore cursor
2026-07-30 11:32:54,431 [INFO] UtilMem:75 - End SaveConfig() Used Memory: 619693000 Bytes (1019215872)
2026-07-30 11:32:54,536 [INFO] UtilMem:75 - End SaveConfig() Used Memory: 636983640 Bytes (1019215872)
2026-07-30 11:32:55,180 [INFO] BlockDiagram:2759 - set Specific Code input for plugin: NVIC
2026-07-30 11:32:55,180 [INFO] BlockDiagram:2759 - set Specific Code input for plugin: RCC
2026-07-30 11:32:55,183 [INFO] CodeGenerator:799 - code generatio: config db path: C:\ST\STM32CubeIDE_1.13.1\STM32CubeIDE\plugins\com.st.stm32cube.common.mx_6.9.1.202307191849\\db\
2026-07-30 11:32:55,684 [INFO] CodeEngine:255 - oldGeneratedFile, C:\Users\Admin\Documents\GitHub\Drone-RTOS\Source\005GPS\MXTmpFiles\license.tmp_save
2026-07-30 11:32:56,343 [INFO] CodeEngine:279 - Generated code: C:\Users\Admin\Documents\GitHub\Drone-RTOS\Source\005GPS\MXTmpFiles\license.tmp
2026-07-30 11:32:56,379 [INFO] CodeEngine:255 - oldGeneratedFile, C:\Users\Admin\Documents\GitHub\Drone-RTOS\Source\005GPS\Core\Src\stm32f1xx_it.c_save
2026-07-30 11:32:56,695 [INFO] CodeEngine:279 - Generated code: C:\Users\Admin\Documents\GitHub\Drone-RTOS\Source\005GPS\Core\Src\stm32f1xx_it.c
2026-07-30 11:32:56,705 [INFO] CodeEngine:255 - oldGeneratedFile, C:\Users\Admin\Documents\GitHub\Drone-RTOS\Source\005GPS\Core\Inc\stm32f1xx_it.h_save
2026-07-30 11:32:56,881 [INFO] CodeEngine:279 - Generated code: C:\Users\Admin\Documents\GitHub\Drone-RTOS\Source\005GPS\Core\Inc\stm32f1xx_it.h
2026-07-30 11:32:57,065 [INFO] CodeEngine:255 - oldGeneratedFile, C:\Users\Admin\Documents\GitHub\Drone-RTOS\Source\005GPS\Core\Src\stm32f1xx_hal_msp.c_save
2026-07-30 11:32:57,311 [INFO] CodeEngine:279 - Generated code: C:\Users\Admin\Documents\GitHub\Drone-RTOS\Source\005GPS\Core\Src\stm32f1xx_hal_msp.c
2026-07-30 11:32:57,317 [INFO] CodeEngine:255 - oldGeneratedFile, C:\Users\Admin\Documents\GitHub\Drone-RTOS\Source\005GPS\MXTmpFiles\system.tmp_save
2026-07-30 11:32:57,405 [INFO] CodeEngine:279 - Generated code: C:\Users\Admin\Documents\GitHub\Drone-RTOS\Source\005GPS\MXTmpFiles\system.tmp
2026-07-30 11:32:57,414 [INFO] CodeEngine:311 - oldGeneratedFile, C:\Users\Admin\Documents\GitHub\Drone-RTOS\Source\005GPS\Core\Inc\stm32f1xx_hal_conf.h_save
2026-07-30 11:32:57,519 [INFO] CodeEngine:335 - Generated code: C:\Users\Admin\Documents\GitHub\Drone-RTOS\Source\005GPS\Core\Inc\stm32f1xx_hal_conf.h
2026-07-30 11:32:57,564 [INFO] CodeEngine:255 - oldGeneratedFile, C:\Users\Admin\Documents\GitHub\Drone-RTOS\Source\005GPS\Core\Inc\main.h_save
2026-07-30 11:32:57,703 [INFO] CodeEngine:279 - Generated code: C:\Users\Admin\Documents\GitHub\Drone-RTOS\Source\005GPS\Core\Inc\main.h
2026-07-30 11:32:57,710 [INFO] CodeEngine:255 - oldGeneratedFile, C:\Users\Admin\Documents\GitHub\Drone-RTOS\Source\005GPS\Core\Src\main.c_save
2026-07-30 11:32:57,878 [INFO] CodeEngine:279 - Generated code: C:\Users\Admin\Documents\GitHub\Drone-RTOS\Source\005GPS\Core\Src\main.c
2026-07-30 11:32:58,621 [INFO] ProjectBuilder:3064 - Time for Copy HAL[1] : 158mS.
2026-07-30 11:32:58,627 [INFO] ProjectBuilder:4404 - Project Generator version: 4.1.0
2026-07-30 11:32:58,906 [INFO] ConfigFileManager:1457 - The Die is : DIE410
2026-07-30 11:32:58,922 [INFO] ApiDbMcu:507 - Load IP Config File for FATFS
2026-07-30 11:32:58,951 [INFO] ApiDbMcu:507 - Load IP Config File for FREERTOS
2026-07-30 11:32:58,958 [INFO] ApiDbMcu:507 - Load IP Config File for USB_DEVICE
2026-07-30 11:32:59,933 [INFO] LogOutputStream:77 - [STDOUT_REDIRECT] 
2026-07-30 11:33:01,402 [INFO] ProjectBuilder:4626 - Time for Generating toolchain IDE Files: 2775mS.
2026-07-30 11:33:01,404 [INFO] ProjectBuilder:2935 - Time for Copy CMSIS : 1mS.
2026-07-30 11:33:01,408 [INFO] ProjectBuilder:2935 - Time for Copy CMSIS : 0mS.
2026-07-30 11:33:02,488 [INFO] McuFinderGlobals:76 - Set McuFinderConnectedMode to true
2026-07-30 11:33:02,491 [INFO] ApiDb:448 - Save user favorites file C:\Users\Admin/.stm32cubeide/favorites.mcus.txt: 4 item(s)
2026-07-30 11:33:02,491 [INFO] ApiDb:452 - User favorites MCUs=[STM32F103C8T6, STM32F405RGT6, STM32F411CEU6, STM32H523CET6]
2026-07-30 11:33:26,518 [INFO] LogOutputStream:77 - [STDOUT_REDIRECT] Unexpected error loading extension: org.eclipse.equinox.p2.metadata.repository.compositeRepository
2026-07-30 11:33:26,520 [ERROR] LogOutputStream:75 - [STDERR_REDIRECT] java.lang.NullPointerException: Cannot enter synchronized block because "this.browseFileTransferProtocolMap" is null
2026-07-30 11:33:26,522 [ERROR] LogOutputStream:75 - [STDERR_REDIRECT] 	at org.eclipse.ecf.internal.provider.filetransfer.Activator.getBrowseFileTransfer(Activator.java:633)
2026-07-30 11:33:26,525 [ERROR] LogOutputStream:75 - [STDERR_REDIRECT] 	at org.eclipse.ecf.provider.filetransfer.browse.MultiProtocolFileSystemBrowserAdapter.sendBrowseRequest(MultiProtocolFileSystemBrowserAdapter.java:81)
2026-07-30 11:33:26,527 [ERROR] LogOutputStream:75 - [STDERR_REDIRECT] 	at org.eclipse.equinox.internal.p2.transport.ecf.FileInfoReader.sendBrowseRequest(FileInfoReader.java:184)
2026-07-30 11:33:26,530 [ERROR] LogOutputStream:75 - [STDERR_REDIRECT] 	at org.eclipse.equinox.internal.p2.transport.ecf.FileInfoReader.getRemoteFiles(FileInfoReader.java:109)
2026-07-30 11:33:26,535 [ERROR] LogOutputStream:75 - [STDERR_REDIRECT] 	at org.eclipse.equinox.internal.p2.transport.ecf.FileInfoReader.getRemoteFile(FileInfoReader.java:125)
2026-07-30 11:33:26,539 [ERROR] LogOutputStream:75 - [STDERR_REDIRECT] 	at org.eclipse.equinox.internal.p2.transport.ecf.FileInfoReader.getLastModified(FileInfoReader.java:130)
2026-07-30 11:33:26,542 [ERROR] LogOutputStream:75 - [STDERR_REDIRECT] 	at org.eclipse.equinox.internal.p2.transport.ecf.RepositoryTransport.getLastModified(RepositoryTransport.java:244)
2026-07-30 11:33:26,543 [ERROR] LogOutputStream:75 - [STDERR_REDIRECT] 	at org.eclipse.equinox.internal.p2.repository.CacheManager.getLastModified(CacheManager.java:289)
2026-07-30 11:33:26,546 [ERROR] LogOutputStream:75 - [STDERR_REDIRECT] 	at org.eclipse.equinox.internal.p2.repository.CacheManager.createCache(CacheManager.java:234)
2026-07-30 11:33:26,549 [ERROR] LogOutputStream:75 - [STDERR_REDIRECT] 	at org.eclipse.equinox.internal.p2.metadata.repository.CompositeMetadataRepositoryFactory.getLocalFile(CompositeMetadataRepositoryFactory.java:77)
2026-07-30 11:33:26,551 [ERROR] LogOutputStream:75 - [STDERR_REDIRECT] 	at org.eclipse.equinox.internal.p2.metadata.repository.CompositeMetadataRepositoryFactory.load(CompositeMetadataRepositoryFactory.java:100)
2026-07-30 11:33:26,555 [ERROR] LogOutputStream:75 - [STDERR_REDIRECT] 	at org.eclipse.equinox.internal.p2.metadata.repository.MetadataRepositoryManager.factoryLoad(MetadataRepositoryManager.java:63)
2026-07-30 11:33:26,558 [ERROR] LogOutputStream:75 - [STDERR_REDIRECT] 	at org.eclipse.equinox.internal.p2.repository.helpers.AbstractRepositoryManager.loadRepository(AbstractRepositoryManager.java:787)
2026-07-30 11:33:26,561 [ERROR] LogOutputStream:75 - [STDERR_REDIRECT] 	at org.eclipse.equinox.internal.p2.repository.helpers.AbstractRepositoryManager.loadRepository(AbstractRepositoryManager.java:685)
2026-07-30 11:33:26,565 [ERROR] LogOutputStream:75 - [STDERR_REDIRECT] 	at org.eclipse.equinox.internal.p2.metadata.repository.MetadataRepositoryManager.loadRepository(MetadataRepositoryManager.java:110)
2026-07-30 11:34:32,077 [INFO] Activator:176 - 


2026-07-30 11:34:32,080 [INFO] Activator:177 - !SESSION log4j initialized
2026-07-30 11:34:39,831 [INFO] LogOutputStream:77 - [STDOUT_REDIRECT] 
2026-07-30 11:34:41,695 [INFO] ApplicationProperties:184 - Using Application install path: C:\ST\STM32CubeIDE_1.13.1\STM32CubeIDE\plugins\com.st.stm32cube.common.mx_6.9.1.202307191849
2026-07-30 11:34:41,727 [INFO] DbMcusXml:78 - Set database path to: C:\ST\STM32CubeIDE_1.13.1\STM32CubeIDE\plugins\com.st.stm32cube.common.mx_6.9.1.202307191849\\db\/mcu/
2026-07-30 11:34:41,727 [INFO] ApiDb:274 - Set plugin database path to: C:\ST\STM32CubeIDE_1.13.1\STM32CubeIDE\plugins\com.st.stm32cube.common.mx_6.9.1.202307191849\\db\/plugins/boardmanager/
2026-07-30 11:34:41,727 [WARN] ApiDb:259 - Overriding images path with different value:  => C:\ST\STM32CubeIDE_1.13.1\STM32CubeIDE\plugins\com.st.stm32cube.common.mx_6.9.1.202307191849\\db\/plugins/mcufinder/images/
2026-07-30 11:34:41,746 [INFO] ApiDb:250 - Set database path to: C:\Users\Admin\.stmcufinder\plugins\mcufinder//mcu/
2026-07-30 11:34:41,749 [INFO] DbMcusAds:125 - Set database path to: C:\Users\Admin\.stmcufinder\plugins\mcufinder//mcu/
2026-07-30 11:34:41,753 [INFO] CrossReferenceDbSqlite:203 - Set database path to: C:\Users\Admin\.stmcufinder\plugins\mcufinder//mcu/cs/
2026-07-30 11:34:41,924 [INFO] RulesReader:64 - Compatibility file has been processed (293 Rules)
2026-07-30 11:34:42,029 [INFO] DbMcusXml:78 - Set database path to: C:\ST\STM32CubeIDE_1.13.1\STM32CubeIDE\plugins\com.st.stm32cube.common.mx_6.9.1.202307191849\\db\/mcu/
2026-07-30 11:34:42,029 [INFO] ApiDb:274 - Set plugin database path to: C:\ST\STM32CubeIDE_1.13.1\STM32CubeIDE\plugins\com.st.stm32cube.common.mx_6.9.1.202307191849\\db\/plugins/boardmanager/
2026-07-30 11:34:42,029 [INFO] ApiDb:261 - Set plugin images path to: C:\ST\STM32CubeIDE_1.13.1\STM32CubeIDE\plugins\com.st.stm32cube.common.mx_6.9.1.202307191849\\db\/plugins/mcufinder/images/
2026-07-30 11:34:42,029 [WARN] DbFile:41 - Overriding database path with different value: C:\Users\Admin\.stmcufinder\plugins\mcufinder/ => C:\Users\Admin\.stmcufinder\plugins\mcufinder
2026-07-30 11:34:42,029 [INFO] ApiDb:250 - Set database path to: C:\Users\Admin\.stmcufinder\plugins\mcufinder//mcu/
2026-07-30 11:34:42,030 [WARN] DbFile:41 - Overriding database path with different value: C:\Users\Admin\.stmcufinder\plugins\mcufinder/ => C:\Users\Admin\.stmcufinder\plugins\mcufinder
2026-07-30 11:34:42,030 [INFO] DbMcusAds:125 - Set database path to: C:\Users\Admin\.stmcufinder\plugins\mcufinder//mcu/
2026-07-30 11:34:42,030 [WARN] DbFile:41 - Overriding database path with different value: C:\Users\Admin\.stmcufinder\plugins\mcufinder/ => C:\Users\Admin\.stmcufinder\plugins\mcufinder
2026-07-30 11:34:42,030 [WARN] DbFile:41 - Overriding database path with different value: C:\Users\Admin\.stmcufinder\plugins\mcufinder/ => C:\Users\Admin\.stmcufinder\plugins\mcufinder
2026-07-30 11:34:42,030 [INFO] CrossReferenceDbSqlite:203 - Set database path to: C:\Users\Admin\.stmcufinder\plugins\mcufinder//mcu/cs/
2026-07-30 11:34:42,117 [INFO] MainPanel:262 - HeapMemory: 268435456
2026-07-30 11:34:42,247 [INFO] DbMcusXml:78 - Set database path to: C:\ST\STM32CubeIDE_1.13.1\STM32CubeIDE\plugins\com.st.stm32cube.common.mx_6.9.1.202307191849\\db\/mcu/
2026-07-30 11:34:42,247 [INFO] ApiDb:274 - Set plugin database path to: C:\ST\STM32CubeIDE_1.13.1\STM32CubeIDE\plugins\com.st.stm32cube.common.mx_6.9.1.202307191849\\db\/plugins/boardmanager/
2026-07-30 11:34:42,247 [INFO] ApiDb:261 - Set plugin images path to: C:\ST\STM32CubeIDE_1.13.1\STM32CubeIDE\plugins\com.st.stm32cube.common.mx_6.9.1.202307191849\\db\/plugins/mcufinder/images/
2026-07-30 11:34:42,248 [WARN] DbFile:41 - Overriding database path with different value: C:\Users\Admin\.stmcufinder\plugins\mcufinder/ => C:\Users\Admin\.stmcufinder\plugins\mcufinder
2026-07-30 11:34:42,248 [INFO] ApiDb:250 - Set database path to: C:\Users\Admin\.stmcufinder\plugins\mcufinder//mcu/
2026-07-30 11:34:42,248 [WARN] DbFile:41 - Overriding database path with different value: C:\Users\Admin\.stmcufinder\plugins\mcufinder/ => C:\Users\Admin\.stmcufinder\plugins\mcufinder
2026-07-30 11:34:42,248 [INFO] DbMcusAds:125 - Set database path to: C:\Users\Admin\.stmcufinder\plugins\mcufinder//mcu/
2026-07-30 11:34:42,248 [WARN] DbFile:41 - Overriding database path with different value: C:\Users\Admin\.stmcufinder\plugins\mcufinder/ => C:\Users\Admin\.stmcufinder\plugins\mcufinder
2026-07-30 11:34:42,248 [WARN] DbFile:41 - Overriding database path with different value: C:\Users\Admin\.stmcufinder\plugins\mcufinder/ => C:\Users\Admin\.stmcufinder\plugins\mcufinder
2026-07-30 11:34:42,248 [INFO] CrossReferenceDbSqlite:203 - Set database path to: C:\Users\Admin\.stmcufinder\plugins\mcufinder//mcu/cs/
2026-07-30 11:34:42,277 [INFO] ApplicationProperties:184 - Using Application install path: C:\ST\STM32CubeIDE_1.13.1\STM32CubeIDE\plugins\com.st.stm32cube.common.mx_6.9.1.202307191849
2026-07-30 11:34:42,280 [INFO] PluginManage:196 - Search for loadable plugins [exclusion list=, ]
2026-07-30 11:34:42,282 [INFO] PluginManage:310 - Check plugin analytics
2026-07-30 11:34:42,567 [INFO] AnalyticsPlugin:253 - Accepted Software Licenses: STM32CubeMX.6.18.0
2026-07-30 11:34:42,567 [INFO] AnalyticsPlugin:255 - Accepted CMSIS Pack Licenses: 
2026-07-30 11:34:42,568 [INFO] AnalyticsPlugin:257 - Accepted Firmware Licenses: FW.F4.1.27.0,FW.F4.1.28.0,FW.F4.1.28.3
2026-07-30 11:34:42,572 [INFO] PluginManage:359 - Loaded plugin analytics (category:tool,tabindex:-1)
2026-07-30 11:34:42,572 [INFO] PluginManage:310 - Check plugin cadmodel
2026-07-30 11:34:42,581 [INFO] CADModel:105 - Init CAD model plugin
2026-07-30 11:34:42,582 [INFO] PluginManage:359 - Loaded plugin cadmodel (category:power,tabindex:5)
2026-07-30 11:34:42,583 [INFO] PluginManage:310 - Check plugin clock
2026-07-30 11:34:42,600 [INFO] PluginManage:359 - Loaded plugin clock (category:base,tabindex:2)
2026-07-30 11:34:42,600 [INFO] PluginManage:310 - Check plugin ddr
2026-07-30 11:34:42,606 [INFO] PluginManage:359 - Loaded plugin ddr (category:tool,tabindex:6)
2026-07-30 11:34:42,606 [INFO] PluginManage:310 - Check plugin filemanager
2026-07-30 11:34:42,789 [INFO] PluginManage:359 - Loaded plugin filemanager (category:base,tabindex:10)
2026-07-30 11:34:42,789 [INFO] PluginManage:310 - Check plugin ipmanager
2026-07-30 11:34:42,798 [INFO] PluginManage:359 - Loaded plugin ipmanager (category:base,tabindex:5)
2026-07-30 11:34:42,798 [INFO] PluginManage:310 - Check plugin lpbam
2026-07-30 11:34:42,808 [INFO] PluginManage:359 - Loaded plugin lpbam (category:base,tabindex:0)
2026-07-30 11:34:42,808 [INFO] PluginManage:310 - Check plugin memorymap
2026-07-30 11:34:42,827 [INFO] PluginManage:359 - Loaded plugin memorymap (category:base,tabindex:4)
2026-07-30 11:34:42,827 [INFO] PluginManage:310 - Check plugin pinoutandconfiguration
2026-07-30 11:34:42,839 [INFO] PluginManage:359 - Loaded plugin pinoutandconfiguration (category:base,tabindex:1)
2026-07-30 11:34:42,839 [INFO] PluginManage:310 - Check plugin pinoutconfig
2026-07-30 11:34:42,970 [WARN] SupportedApi:132 - Cannot load RTOS API schema: s4s-elt-must-match.1: The content of 'definitions' must match (annotation?, (simpleType | complexType)?, (unique | key | keyref)*)). A problem was found starting at: attribute.
2026-07-30 11:34:43,188 [INFO] PluginManage:359 - Loaded plugin pinoutconfig (category:base,tabindex:0)
2026-07-30 11:34:43,188 [INFO] PluginManage:310 - Check plugin power
2026-07-30 11:34:43,209 [INFO] PluginManage:359 - Loaded plugin power (category:power,tabindex:4)
2026-07-30 11:34:43,209 [INFO] PluginManage:310 - Check plugin projectmanager
2026-07-30 11:34:43,238 [INFO] PluginManage:359 - Loaded plugin projectmanager (category:projectmanager,tabindex:3)
2026-07-30 11:34:43,238 [INFO] PluginManage:310 - Check plugin thirdparty
2026-07-30 11:34:43,480 [INFO] PluginManage:359 - Loaded plugin thirdparty (category:base,tabindex:-1)
2026-07-30 11:34:43,480 [WARN] IntegrityCheckThread:84 - waiting for thirdparty lock release [integrity check]
2026-07-30 11:34:43,480 [INFO] PluginManage:310 - Check plugin tools
2026-07-30 11:34:43,480 [INFO] IntegrityCheckThread:86 - entering critical section [integrity check]
2026-07-30 11:34:43,481 [INFO] ThirdPartyUpdaterWithRetryManager:70 - Updater plugin not ready yet. [1/15]
2026-07-30 11:34:43,487 [INFO] PluginManage:359 - Loaded plugin tools (category:base,tabindex:7)
2026-07-30 11:34:43,487 [INFO] PluginManage:310 - Check plugin tutovideos
2026-07-30 11:34:43,823 [INFO] PluginManage:359 - Loaded plugin tutovideos (category:base,tabindex:-1)
2026-07-30 11:34:43,824 [INFO] PluginManage:310 - Check plugin updater
2026-07-30 11:34:43,839 [INFO] PluginManage:359 - Loaded plugin updater (category:base,tabindex:12)
2026-07-30 11:34:43,839 [INFO] PluginManage:310 - Check plugin userauth
2026-07-30 11:34:43,848 [INFO] UserAuth:113 - Init User Auth plugin
2026-07-30 11:34:43,848 [INFO] PluginManage:359 - Loaded plugin userauth (category:base,tabindex:14)
2026-07-30 11:34:43,848 [INFO] PluginManage:283 - PluginManage : Loaded plugins [17]
2026-07-30 11:34:44,262 [INFO] PinOutPanel:1499 - setPackage(No Configuration,No Configuration)
2026-07-30 11:34:44,468 [INFO] CADModel:165 - CPN selected for project level
2026-07-30 11:34:44,468 [INFO] CADModel:114 - Register for checkConnection events
2026-07-30 11:34:44,498 [INFO] IPUIPlugin:80 - create IPUIPlugin
2026-07-30 11:34:44,499 [INFO] PluginManager:220 - loadIPPluginJar : add adc
2026-07-30 11:34:44,502 [INFO] IPUIPlugin:80 - create IPUIPlugin
2026-07-30 11:34:44,503 [INFO] PluginManager:220 - loadIPPluginJar : add aes
2026-07-30 11:34:44,506 [INFO] IPUIPlugin:80 - create IPUIPlugin
2026-07-30 11:34:44,507 [INFO] PluginManager:220 - loadIPPluginJar : add can
2026-07-30 11:34:44,509 [INFO] IPUIPlugin:80 - create IPUIPlugin
2026-07-30 11:34:44,510 [INFO] PluginManager:220 - loadIPPluginJar : add comp
2026-07-30 11:34:44,516 [INFO] IPUIPlugin:80 - create IPUIPlugin
2026-07-30 11:34:44,516 [INFO] PluginManager:220 - loadIPPluginJar : add cryp
2026-07-30 11:34:44,521 [INFO] IPUIPlugin:80 - create IPUIPlugin
2026-07-30 11:34:44,521 [INFO] PluginManager:220 - loadIPPluginJar : add dfsdm
2026-07-30 11:34:44,531 [INFO] IPUIPlugin:80 - create IPUIPlugin
2026-07-30 11:34:44,532 [INFO] PluginManager:220 - loadIPPluginJar : add dma
2026-07-30 11:34:44,536 [INFO] IPUIPlugin:80 - create IPUIPlugin
2026-07-30 11:34:44,537 [INFO] PluginManager:220 - loadIPPluginJar : add dma3
2026-07-30 11:34:44,539 [INFO] IPUIPlugin:80 - create IPUIPlugin
2026-07-30 11:34:44,539 [INFO] PluginManager:220 - loadIPPluginJar : add fatfs
2026-07-30 11:34:44,546 [INFO] IPUIPlugin:80 - create IPUIPlugin
2026-07-30 11:34:44,546 [INFO] PluginManager:220 - loadIPPluginJar : add fmc
2026-07-30 11:34:44,554 [INFO] IPUIPlugin:80 - create IPUIPlugin
2026-07-30 11:34:44,554 [INFO] PluginManager:220 - loadIPPluginJar : add freertos
2026-07-30 11:34:44,556 [INFO] IPUIPlugin:80 - create IPUIPlugin
2026-07-30 11:34:44,556 [INFO] PluginManager:220 - loadIPPluginJar : add genericplugin
2026-07-30 11:34:44,560 [INFO] IPUIPlugin:80 - create IPUIPlugin
2026-07-30 11:34:44,560 [INFO] PluginManager:220 - loadIPPluginJar : add gfxmmu
2026-07-30 11:34:44,569 [INFO] IPUIPlugin:80 - create IPUIPlugin
2026-07-30 11:34:44,569 [INFO] PluginManager:220 - loadIPPluginJar : add gic
2026-07-30 11:34:44,578 [INFO] IPUIPlugin:80 - create IPUIPlugin
2026-07-30 11:34:44,578 [INFO] PluginManager:220 - loadIPPluginJar : add gpio
2026-07-30 11:34:44,582 [INFO] IPUIPlugin:80 - create IPUIPlugin
2026-07-30 11:34:44,582 [INFO] PluginManager:220 - loadIPPluginJar : add gtzc
2026-07-30 11:34:44,586 [INFO] IPUIPlugin:80 - create IPUIPlugin
2026-07-30 11:34:44,586 [INFO] PluginManager:220 - loadIPPluginJar : add hash
2026-07-30 11:34:44,590 [INFO] IPUIPlugin:80 - create IPUIPlugin
2026-07-30 11:34:44,590 [INFO] PluginManager:220 - loadIPPluginJar : add i2c
2026-07-30 11:34:44,594 [INFO] IPUIPlugin:80 - create IPUIPlugin
2026-07-30 11:34:44,594 [INFO] PluginManager:220 - loadIPPluginJar : add i2s
2026-07-30 11:34:44,598 [INFO] IPUIPlugin:80 - create IPUIPlugin
2026-07-30 11:34:44,598 [INFO] PluginManager:220 - loadIPPluginJar : add i3c
2026-07-30 11:34:44,603 [INFO] IPUIPlugin:80 - create IPUIPlugin
2026-07-30 11:34:44,603 [INFO] PluginManager:220 - loadIPPluginJar : add ipddr
2026-07-30 11:34:44,617 [INFO] IPUIPlugin:80 - create IPUIPlugin
2026-07-30 11:34:44,617 [INFO] PluginManager:220 - loadIPPluginJar : add linkedlist
2026-07-30 11:34:44,624 [INFO] IPUIPlugin:80 - create IPUIPlugin
2026-07-30 11:34:44,624 [INFO] PluginManager:220 - loadIPPluginJar : add lorawan
2026-07-30 11:34:44,627 [INFO] IPUIPlugin:80 - create IPUIPlugin
2026-07-30 11:34:44,628 [INFO] PluginManager:220 - loadIPPluginJar : add ltdc
2026-07-30 11:34:44,636 [INFO] IPUIPlugin:80 - create IPUIPlugin
2026-07-30 11:34:44,637 [INFO] PluginManager:220 - loadIPPluginJar : add mdma
2026-07-30 11:34:44,643 [INFO] IPUIPlugin:80 - create IPUIPlugin
2026-07-30 11:34:44,643 [INFO] PluginManager:220 - loadIPPluginJar : add nvic
2026-07-30 11:34:44,647 [INFO] IPUIPlugin:80 - create IPUIPlugin
2026-07-30 11:34:44,647 [INFO] PluginManager:220 - loadIPPluginJar : add opamp
2026-07-30 11:34:44,653 [INFO] IPUIPlugin:80 - create IPUIPlugin
2026-07-30 11:34:44,654 [INFO] PluginManager:220 - loadIPPluginJar : add openamp
2026-07-30 11:34:44,660 [INFO] IPUIPlugin:80 - create IPUIPlugin
2026-07-30 11:34:44,661 [INFO] PluginManager:220 - loadIPPluginJar : add pdm2pcm
2026-07-30 11:34:44,674 [INFO] IPUIPlugin:80 - create IPUIPlugin
2026-07-30 11:34:44,679 [INFO] PluginManager:220 - loadIPPluginJar : add plateformsettings
2026-07-30 11:34:44,681 [INFO] IPUIPlugin:80 - create IPUIPlugin
2026-07-30 11:34:44,682 [INFO] PluginManager:220 - loadIPPluginJar : add quadspi
2026-07-30 11:34:44,688 [INFO] IPUIPlugin:80 - create IPUIPlugin
2026-07-30 11:34:44,689 [INFO] PluginManager:220 - loadIPPluginJar : add resmgrutility
2026-07-30 11:34:44,694 [INFO] IPUIPlugin:80 - create IPUIPlugin
2026-07-30 11:34:44,694 [INFO] PluginManager:220 - loadIPPluginJar : add sai
2026-07-30 11:34:44,697 [INFO] IPUIPlugin:80 - create IPUIPlugin
2026-07-30 11:34:44,697 [INFO] PluginManager:220 - loadIPPluginJar : add spi
2026-07-30 11:34:44,706 [INFO] IPUIPlugin:80 - create IPUIPlugin
2026-07-30 11:34:44,706 [INFO] PluginManager:220 - loadIPPluginJar : add stm32_wpan
2026-07-30 11:34:44,709 [INFO] IPUIPlugin:80 - create IPUIPlugin
2026-07-30 11:34:44,709 [INFO] PluginManager:220 - loadIPPluginJar : add tim
2026-07-30 11:34:44,714 [INFO] IPUIPlugin:80 - create IPUIPlugin
2026-07-30 11:34:44,714 [INFO] PluginManager:220 - loadIPPluginJar : add touchsensing
2026-07-30 11:34:44,716 [INFO] IPUIPlugin:80 - create IPUIPlugin
2026-07-30 11:34:44,716 [INFO] PluginManager:220 - loadIPPluginJar : add tracer_emb
2026-07-30 11:34:44,719 [INFO] IPUIPlugin:80 - create IPUIPlugin
2026-07-30 11:34:44,720 [INFO] PluginManager:220 - loadIPPluginJar : add ts
2026-07-30 11:34:44,723 [INFO] IPUIPlugin:80 - create IPUIPlugin
2026-07-30 11:34:44,724 [INFO] PluginManager:220 - loadIPPluginJar : add tsc
2026-07-30 11:34:44,727 [INFO] IPUIPlugin:80 - create IPUIPlugin
2026-07-30 11:34:44,727 [INFO] PluginManager:220 - loadIPPluginJar : add ucpd
2026-07-30 11:34:44,732 [INFO] IPUIPlugin:80 - create IPUIPlugin
2026-07-30 11:34:44,732 [INFO] PluginManager:220 - loadIPPluginJar : add usart
2026-07-30 11:34:44,736 [INFO] IPUIPlugin:80 - create IPUIPlugin
2026-07-30 11:34:44,736 [INFO] PluginManager:220 - loadIPPluginJar : add usbx
2026-07-30 11:34:44,885 [INFO] CADModel:165 - CPN selected for project level
2026-07-30 11:34:44,886 [INFO] CADModel:114 - Register for checkConnection events
2026-07-30 11:34:44,886 [FATAL] Updater:308 - Updater called before beeing initialized
2026-07-30 11:34:44,886 [ERROR] CADModel:125 - Updater not yet initialized, retry later 
2026-07-30 11:34:45,093 [INFO] CADModel:165 - CPN selected for project level
2026-07-30 11:34:45,093 [INFO] CADModel:114 - Register for checkConnection events
2026-07-30 11:34:45,093 [FATAL] Updater:308 - Updater called before beeing initialized
2026-07-30 11:34:45,093 [ERROR] CADModel:125 - Updater not yet initialized, retry later 
2026-07-30 11:34:45,099 [FATAL] Updater:308 - Updater called before beeing initialized
2026-07-30 11:34:45,302 [FATAL] Updater:308 - Updater called before beeing initialized
2026-07-30 11:34:45,310 [INFO] DbMcusAds:53 - JSON generation date=Wed Jul 15 16:46:00 GMT+07:00 2026 (1784108760991)
2026-07-30 11:34:45,311 [FATAL] Updater:308 - Updater called before beeing initialized
2026-07-30 11:34:45,387 [WARN] DetailPanel:346 - Failed to get advertising image, set to default
2026-07-30 11:34:45,575 [FATAL] Updater:308 - Updater called before beeing initialized
2026-07-30 11:34:45,578 [FATAL] Updater:308 - Updater called before beeing initialized
2026-07-30 11:34:45,578 [FATAL] Updater:308 - Updater called before beeing initialized
2026-07-30 11:34:45,579 [WARN] DetailPanel:346 - Failed to get advertising image, set to default
2026-07-30 11:34:45,580 [FATAL] Updater:308 - Updater called before beeing initialized
2026-07-30 11:34:45,666 [ERROR] Updater:1120 - MainUpdater not yet initialized. External WinMGr cannot be set.
2026-07-30 11:34:45,670 [INFO] Updater:1056 - Updater Version found : 6.9.1
2026-07-30 11:34:45,705 [INFO] ApplicationProperties:184 - Using Application install path: C:\ST\STM32CubeIDE_1.13.1\STM32CubeIDE\plugins\com.st.stm32cube.common.mx_6.9.1.202307191849
2026-07-30 11:34:45,970 [INFO] MainUpdater:2868 - connection check result : 10
2026-07-30 11:34:45,973 [INFO] MainUpdater:285 - Updater Check For Update Now.
2026-07-30 11:34:45,973 [INFO] MicroXplorer:498 - Change Database Version : DB.6.0.91
2026-07-30 11:34:45,987 [INFO] McuFinderGlobals:63 - Set McuFinder mode to 2 (CubeIDE integrated)
2026-07-30 11:34:45,987 [INFO] UserAuth:179 - activating auth plugin
2026-07-30 11:34:45,993 [INFO] UserAuth:393 - Internet connection configuration mode: 1
2026-07-30 11:34:46,047 [INFO] JxBrowserEngine:151 - Initiate JxBrowser Engine with user profile folder
2026-07-30 11:34:46,288 [INFO] CheckServerUpdateThread:120 - End of CheckServer Thread
2026-07-30 11:34:46,794 [INFO] McuFinderGlobals:63 - Set McuFinder mode to 2 (CubeIDE integrated)
2026-07-30 11:34:46,801 [INFO] MainUpdater:2868 - connection check result : 10
2026-07-30 11:34:46,806 [INFO] McuFinderGlobals:76 - Set McuFinderConnectedMode to true
2026-07-30 11:34:46,990 [WARN] PackLoader:240 - Cannot read IP mode file for STMicroelectronics.FP-ATR-ASTRA1.2.0.3
2026-07-30 11:34:47,000 [WARN] PackLoader:240 - Cannot read IP mode file for STMicroelectronics.FP-ATR-ASTRA1.2.0.2
2026-07-30 11:34:47,016 [ERROR] Engine:466 - C:\Users\Admin\.stm32cubemx\thirdparties\pdsc\STMicroelectronics.X-CUBE-SMBUS.2.1.1.pdsc: PDSC version is not supported
2026-07-30 11:34:47,029 [WARN] PackLoader:240 - Cannot read IP mode file for STMicroelectronics.X-CUBE-SMBUS.2.1.0
2026-07-30 11:34:47,106 [WARN] PackLoader:240 - Cannot read IP mode file for STMicroelectronics.X-CUBE-AZRTOS-F7.1.1.0
2026-07-30 11:34:47,124 [ERROR] Engine:466 - C:\Users\Admin\.stm32cubemx\thirdparties\pdsc\STMicroelectronics.X-CUBE-FREERTOS.1.6.0.pdsc: PDSC version is not supported
2026-07-30 11:34:47,136 [INFO] ServerAccessManage:473 - Download File mcusAds.json._tmp_
2026-07-30 11:34:47,204 [WARN] PackLoader:240 - Cannot read IP mode file for STMicroelectronics.X-CUBE-AZRTOS-H7RS.1.3.0
2026-07-30 11:34:47,227 [ERROR] Engine:466 - C:\Users\Admin\.stm32cubemx\thirdparties\pdsc\WES.I-CUBE-Cesium.1.4.0.pdsc: PDSC version is not supported
2026-07-30 11:34:47,246 [WARN] PackLoader:240 - Cannot read IP mode file for STMicroelectronics.X-CUBE-DISPLAY.3.0.0
2026-07-30 11:34:47,255 [INFO] LoadUrlFilesThread:156 - End of LoadUrlFiles Thread
2026-07-30 11:34:47,275 [WARN] PackLoader:240 - Cannot read IP mode file for wolfSSL.I-CUBE-wolfSSL.5.9.1
2026-07-30 11:34:47,301 [WARN] PackLoader:240 - Cannot read IP mode file for emotas.I-CUBE-CANOPEN.1.3.0
2026-07-30 11:34:47,308 [ERROR] Engine:466 - C:\Users\Admin\.stm32cubemx\thirdparties\pdsc\STMicroelectronics.X-CUBE-WBA.1.1.0.pdsc: PDSC version is not supported
2026-07-30 11:34:47,329 [INFO] LogOutputStream:77 - [STDOUT_REDIRECT] 1 : Invalid condition id : UX_CORESTACK_Condition cause : null
2026-07-30 11:34:47,331 [INFO] LogOutputStream:77 - [STDOUT_REDIRECT] 1 : Invalid condition id : UX_CORESTACK_Condition cause : null
2026-07-30 11:34:47,333 [INFO] LogOutputStream:77 - [STDOUT_REDIRECT] 1 : Invalid condition id : UX_CORESTACK_Condition cause : null
2026-07-30 11:34:47,338 [INFO] LogOutputStream:77 - [STDOUT_REDIRECT] 1 : Invalid condition id : UX_CORESTACK_Condition cause : null
2026-07-30 11:34:47,341 [INFO] LogOutputStream:77 - [STDOUT_REDIRECT] 1 : Invalid condition id : UX_CORESTACK_Condition cause : null
2026-07-30 11:34:47,350 [WARN] PackLoader:240 - Cannot read IP mode file for STMicroelectronics.X-CUBE-AZRTOS-WL.2.0.0
2026-07-30 11:34:47,406 [WARN] PackLoader:240 - Cannot read IP mode file for STMicroelectronics.X-CUBE-AZRTOS-H7RS.1.2.0
2026-07-30 11:34:47,441 [WARN] PackLoader:240 - Cannot read IP mode file for STMicroelectronics.X-CUBE-BLE2.3.3.0
2026-07-30 11:34:47,446 [ERROR] Engine:466 - C:\Users\Admin\.stm32cubemx\thirdparties\pdsc\Avnet-IOTCONNECT.X-CUBE-iotc-st67-sdk.1.0.0.pdsc: PDSC version is not supported
2026-07-30 11:34:47,457 [ERROR] Engine:466 - C:\Users\Admin\.stm32cubemx\thirdparties\pdsc\Infineon.AIROC-Wi-Fi-Bluetooth-STM32.1.8.0.pdsc: PDSC version is not supported
2026-07-30 11:34:47,463 [INFO] ServerAccessManage:473 - Download File cube-finder-db.zip
2026-07-30 11:34:47,464 [WARN] PackLoader:240 - Cannot read IP mode file for wolfSSL.I-CUBE-wolfMQTT.1.19.2
2026-07-30 11:34:47,505 [WARN] PackLoader:240 - Cannot read IP mode file for STMicroelectronics.X-CUBE-AZRTOS-G0.1.1.0
2026-07-30 11:34:47,524 [WARN] PackLoader:240 - Cannot read IP mode file for STMicroelectronics.X-CUBE-NFC4.3.0.0
2026-07-30 11:34:47,534 [ERROR] Engine:466 - C:\Users\Admin\.stm32cubemx\thirdparties\pdsc\EmbeddedOffice.I-CUBE-FS-RTOS.1.0.1.pdsc: PDSC version is not supported
2026-07-30 11:34:47,542 [WARN] PackLoader:240 - Cannot read IP mode file for wolfSSL.I-CUBE-wolfTPM.3.8.0
2026-07-30 11:34:47,548 [ERROR] Engine:466 - C:\Users\Admin\.stm32cubemx\thirdparties\pdsc\RealThread.X-CUBE-RT-Thread_Nano.4.1.1.pdsc: PDSC version is not supported
2026-07-30 11:34:47,555 [WARN] PackLoader:240 - Cannot read IP mode file for STMicroelectronics.FP-ATR-SIGFOX1.3.2.0
2026-07-30 11:34:47,560 [ERROR] Engine:466 - C:\Users\Admin\.stm32cubemx\thirdparties\pdsc\STMicroelectronics.X-CUBE-FREERTOS.1.5.0.pdsc: PDSC version is not supported
2026-07-30 11:34:47,573 [WARN] PackLoader:240 - Cannot read IP mode file for ITTIA_DB.I-CUBE-ITTIADB.8.9.0
2026-07-30 11:34:47,577 [ERROR] Engine:466 - C:\Users\Admin\.stm32cubemx\thirdparties\pdsc\Cesanta.I-CUBE-Mongoose.7.21.7.pdsc: PDSC version is not supported
2026-07-30 11:34:47,586 [WARN] PackLoader:240 - Cannot read IP mode file for STMicroelectronics.X-CUBE-AI.10.2.1
2026-07-30 11:34:47,696 [WARN] PackLoader:240 - Cannot read IP mode file for STMicroelectronics.X-CUBE-MEMS1.12.1.0
2026-07-30 11:34:48,042 [WARN] PackLoader:240 - Cannot read IP mode file for SEGGER.I-CUBE-embOS.1.3.1
2026-07-30 11:34:48,160 [WARN] PackLoader:240 - Cannot read IP mode file for STMicroelectronics.X-CUBE-ALGOBUILD.1.4.0
2026-07-30 11:34:48,175 [WARN] PackLoader:240 - Cannot read IP mode file for STMicroelectronics.X-CUBE-NFC13.1.0.0
2026-07-30 11:34:48,181 [INFO] WebApp:157 - Instantiating new browser for Auth
2026-07-30 11:34:48,211 [WARN] PackLoader:240 - Cannot read IP mode file for STMicroelectronics.X-CUBE-AZRTOS-F4.1.1.0
2026-07-30 11:34:48,222 [ERROR] Engine:466 - C:\Users\Admin\.stm32cubemx\thirdparties\pdsc\STMicroelectronics.eDS-WB_DPC_TT-BIDIR.2.1.1.pdsc: PDSC version is not supported
2026-07-30 11:34:48,233 [WARN] PackLoader:240 - Cannot read IP mode file for STMicroelectronics.X-CUBE-ALGOBUILD.1.5.0
2026-07-30 11:34:48,343 [WARN] PackLoader:240 - Cannot read IP mode file for STMicroelectronics.X-CUBE-MEMS1.13.0.0
2026-07-30 11:34:48,536 [ERROR] Engine:466 - C:\Users\Admin\.stm32cubemx\thirdparties\pdsc\STMicroelectronics.eDS-WB_DPC_3PH2L-BIDIR.1.1.1.pdsc: PDSC version is not supported
2026-07-30 11:34:48,545 [WARN] PackLoader:240 - Cannot read IP mode file for STMicroelectronics.X-CUBE-TOUCHGFX.4.26.1
2026-07-30 11:34:48,577 [WARN] ConditionMgr:438 - getConditionDescription Invalid condition id : LAN8742 Phy interface Condition cause : null
2026-07-30 11:34:48,579 [WARN] PackLoader:240 - Cannot read IP mode file for STMicroelectronics.X-CUBE-AZRTOS-L4.2.0.0
2026-07-30 11:34:48,585 [WARN] ConditionMgr:1039 - genDependencies : Invalid condition id : LAN8742 Phy interface Condition cause : null
2026-07-30 11:34:48,586 [WARN] ConditionMgr:1039 - genDependencies : Invalid condition id : LAN8742 Phy interface Condition cause : null
2026-07-30 11:34:48,587 [WARN] ConditionMgr:1039 - genDependencies : Invalid condition id : LAN8742 Phy interface Condition cause : null
2026-07-30 11:34:48,602 [WARN] PackLoader:240 - Cannot read IP mode file for STMicroelectronics.X-CUBE-SFXS2LP1.4.0.0
2026-07-30 11:34:48,611 [ERROR] Engine:466 - C:\Users\Admin\.stm32cubemx\thirdparties\pdsc\quantropi.X-CUBE-qispace-sdk-base.2.1.0.pdsc: PDSC version is not supported
2026-07-30 11:34:48,630 [WARN] PackLoader:240 - Cannot read IP mode file for STMicroelectronics.X-CUBE-SUBG2.5.0.0
2026-07-30 11:34:48,668 [WARN] PackLoader:240 - Cannot read IP mode file for STMicroelectronics.X-CUBE-AZRTOS-G4.2.0.0
2026-07-30 11:34:48,682 [WARN] PackLoader:240 - Cannot read IP mode file for wolfSSL.I-CUBE-wolfSSH.1.4.20
2026-07-30 11:34:48,685 [INFO] ThirdParty:978 - Integrity check success = true
2026-07-30 11:34:48,685 [INFO] IntegrityCheckThread:100 - exiting critical section [integrity check]
2026-07-30 11:34:48,685 [INFO] IntegrityCheckThread:103 - End integrity checks thread
2026-07-30 11:34:49,739 [INFO] WebApp:753 - Register for checkConnection events
2026-07-30 11:34:49,739 [INFO] WebApp:390 - Apply proxy settings
2026-07-30 11:34:49,740 [INFO] WebApp:475 - Chromium requires no authentication
2026-07-30 11:34:49,753 [INFO] WebApp:418 - Direct internet connection detected
2026-07-30 11:34:49,974 [INFO] WebApp:188 - Starting web application
2026-07-30 11:34:49,975 [INFO] WebApp:520 - Web application path used C:\ST\STM32CubeIDE_1.13.1\STM32CubeIDE\plugins\com.st.stm32cube.common.mx_6.9.1.202307191849\db\plugins\mcufinder\reactClient1\index.html
2026-07-30 11:34:55,382 [INFO] FileExtend:240 - Unzip File : cube-finder-db.zip
2026-07-30 11:34:55,383 [INFO] FileExtend:255 - Standard Zip Deflate
2026-07-30 11:34:56,053 [INFO] LoadUrlFilesThread:156 - End of LoadUrlFiles Thread
2026-07-30 11:35:10,643 [ERROR] LogOutputStream:75 - [STDERR_REDIRECT] SLF4J: Failed to load class "org.slf4j.impl.StaticLoggerBinder".
2026-07-30 11:35:10,643 [ERROR] LogOutputStream:75 - [STDERR_REDIRECT] SLF4J: Defaulting to no-operation (NOP) logger implementation
2026-07-30 11:35:10,644 [ERROR] LogOutputStream:75 - [STDERR_REDIRECT] SLF4J: See http://www.slf4j.org/codes.html#StaticLoggerBinder for further details.
2026-07-30 11:35:17,242 [ERROR] ServerAccessManage:1172 - Problem during Server Connection :  IO error Connection timed out: no further information
2026-07-30 11:35:17,242 [ERROR] ServerAccessManage:651 - Problem during Server Connection :  : crdb.zip.
2026-07-30 11:35:21,628 [INFO] LoadUrlFilesThread:156 - End of LoadUrlFiles Thread
2026-07-30 11:35:22,451 [INFO] DbMcusAds:53 - JSON generation date=Wed Jul 15 16:46:00 GMT+07:00 2026 (1784108760991)
2026-07-30 11:35:22,469 [ERROR] TargetSelectorAdapter:267 - Unable to refresh data
2026-07-30 11:35:22,685 [INFO] ApiDb:581 - Connected to CubeFinder SQLite database (C:\Users\Admin\.stmcufinder\plugins\mcufinder\mcu\cube-finder-db.db)
2026-07-30 11:35:22,784 [INFO] ApiDb:668 - CubeFinder database Data Model version=2.1
2026-07-30 11:35:22,784 [INFO] ApiDb:669 - CubeFinder database Configuration version=3.0.42
2026-07-30 11:35:22,785 [INFO] ApiDb:670 - CubeFinder database generation date=2026-06-23 (1782213372)
2026-07-30 11:35:22,785 [INFO] ApiDb:671 - CubeFinder database FW Pack versions=[FP-ATR-ASTRA1_V2.0.0, FP-SNS-FLIGHT1_V5.1.0, FP-SNS-MOTENV1_V5.1.0, FP-SNS-MOTENVWB1_V1.5.0, FP-SNS-SMARTAG2_V1.2.0, FP-SNS-STBOX1_V2.1.0, STM32Cube_FW_C0_V1.4.0, STM32Cube_FW_F4_V1.28.3, STM32Cube_FW_F7_V1.17.4, STM32Cube_FW_G0_V1.6.3, STM32Cube_FW_G4_V1.6.2, STM32Cube_FW_H5_V1.7.0, STM32Cube_FW_H7RS_V1.3.0, STM32Cube_FW_H7_V1.13.0, STM32Cube_FW_L0_V1.12.2, STM32Cube_FW_L4_V1.18.2, STM32Cube_FW_L5_V1.6.0, STM32Cube_FW_N6_V1.4.0, STM32Cube_FW_U0_V1.3.0, STM32Cube_FW_U3_V1.4.0, STM32Cube_FW_U5_V1.9.0, STM32Cube_FW_WB0_V1.5.0, STM32Cube_FW_WBA_V1.10.0, STM32Cube_FW_WB_V1.24.0, STM32Cube_FW_WL3_V1.5.0, STM32Cube_FW_WL_V1.6.0, X-CUBE-ALGOBUILD_V1.5.0, X-CUBE-ALS_V1.0.2, X-CUBE-AZRTOS-F4_V1.1.0, X-CUBE-AZRTOS-F7_V1.1.0, X-CUBE-AZRTOS-G0_V1.1.0, X-CUBE-AZRTOS-G4_V2.0.0, X-CUBE-AZRTOS-H7RS_V1.1.0, X-CUBE-AZRTOS-H7_V3.5.0, X-CUBE-AZRTOS-L4_V2.0.0, X-CUBE-AZRTOS-L5_V2.0.0, X-CUBE-AZRTOS-WB_V2.0.0, X-CUBE-AZRTOS-WL_V2.0.0, X-CUBE-BLE1_V7.1.0, X-CUBE-BLE2_V3.3.0, X-CUBE-BLEMGR_V4.1.0, X-CUBE-EEPRMA1_V5.2.0, X-CUBE-FREERTOS_V1.5.0, X-CUBE-GNSS1_V7.1.1, X-CUBE-MEMS1_V12.1.0, X-CUBE-NFC4_V3.0.0, X-CUBE-NFC7_V2.0.0, X-CUBE-SFXS2LP1_V4.0.0, X-CUBE-ST67W61_V1.3.0, X-CUBE-SUBG2_V5.0.0, X-CUBE-TOF1_V3.4.3]
2026-07-30 11:35:22,855 [INFO] DbBoardsSqlite:226 - include board P-NUCLEO-WB55-NUCLEO as a kit item of type 'Nucleo-64'
2026-07-30 11:35:22,855 [INFO] DbBoardsSqlite:226 - include board P-NUCLEO-WB55-USBDONGLE as a kit item of type 'Nucleo USB Dongle'
2026-07-30 11:35:22,856 [INFO] DbBoardsSqlite:226 - include board STEVAL-IDP005V1 as a kit item of type 'Evaluation Board'
2026-07-30 11:35:22,856 [INFO] DbBoardsSqlite:226 - include board STEVAL-IDP005V2 as a kit item of type 'Evaluation Board'
2026-07-30 11:35:22,955 [INFO] ApiDb:240 - Found 323 in-development CPN: [B-G473E-ZEST1S, B-WB1M-WPAN1, B-WL5M-SUBG1, NUCLEO-C031C6, NUCLEO-H503RB, NUCLEO-H563ZI, NUCLEO-U545RE-Q, NUCLEO-U5A5ZJ-Q, NUCLEO-WBA52CG, STEVAL-PROTEUS1, STEVAL-SMARTAG2, STEVAL-STWINBX1, STM320518-EVAL, STM32C0116-DK, STM32C011D6Y3TR, STM32C011D6Y6TR, STM32C011F4P3, STM32C011F4P6, STM32C011F4U3, STM32C011F4U6TR, STM32C011F6P3, STM32C011F6P6, STM32C011F6U3, STM32C011F6U6TR, STM32C011J4M3, STM32C011J4M6, STM32C011J6M3, STM32C011J6M6, STM32C0316-DK, STM32C031C4T3, STM32C031C4T6, STM32C031C4U3, STM32C031C4U6, STM32C031C6T3, STM32C031C6T6, STM32C031C6U3, STM32C031C6U6, STM32C031F4P3, STM32C031F4P6, STM32C031F6P3, STM32C031F6P6, STM32C031G4U3, STM32C031G4U6, STM32C031G6U3, STM32C031G6U6, STM32C031K4T3, STM32C031K4T6, STM32C031K4U3, STM32C031K4U6, STM32C031K6T3, STM32C031K6T6, STM32C031K6U3, STM32C031K6U6, STM32G071K8TXN, STM32G071K8UXN, STM32G081GBU6N, STM32G081KBT6N, STM32G081KBUXN, STM32G0B1CCT6N, STM32G0B1KCT6, STM32G0B1NEY6TR, STM32G0B1RCT6N, STM32G0C1CCT6, STM32G0C1CCT6N, STM32G0C1CCU6N, STM32G0C1CET6N, STM32G0C1CEU6N, STM32G0C1KCT6, STM32G0C1NEY6TR, STM32G0C1RCI6N, STM32G0C1RCT6N, STM32G0C1REI6N, STM32G0C1RET6N, STM32G0C1VCI6, STM32G0C1VEI6, STM32G471CCT6, STM32G471CCU6, STM32G471CET3, STM32G471CET6, STM32G471CEU3, STM32G471CEU6, STM32G471MCT6, STM32G471MET3, STM32G471MET6, STM32G471MEY6TR, STM32G471QCT6, STM32G471QET3, STM32G471RCT6, STM32G471RET3, STM32G471RET6, STM32G471VCH6, STM32G471VCI6, STM32G471VCT6, STM32G471VEH3, STM32G471VEH6, STM32G471VEI3, STM32G471VEI6, STM32G471VET3, STM32G471VET6, STM32G474CCT6, STM32H503CBT6, STM32H503CBU6, STM32H503EBY6TR, STM32H503KBU6, STM32H503RBT6, STM32H562AGI6, STM32H562AII6, STM32H562IGK6, STM32H562IGT6, STM32H562IIK6, STM32H562IIT6, STM32H562RGT6, STM32H562RGV6, STM32H562RIT6, STM32H562RIV6, STM32H562VGT6, STM32H562VIT6, STM32H562ZGT6, STM32H562ZIT6, STM32H563AGI6, STM32H563AII3Q, STM32H563AII6, STM32H563IGK6, STM32H563IGT6, STM32H563IIK3Q, STM32H563IIK6, STM32H563IIT3Q, STM32H563IIT6, STM32H563MIY3QTR, STM32H563RGT6, STM32H563RGV6, STM32H563RIT6, STM32H563RIV6, STM32H563VGT6, STM32H563VIT3Q, STM32H563VIT6, STM32H563ZGT6, STM32H563ZIT3Q, STM32H563ZIT6, STM32H573AII3Q, STM32H573AII6, STM32H573I-DK, STM32H573IIK3Q, STM32H573IIK6, STM32H573IIT3Q, STM32H573IIT6, STM32H573MIY3QTR, STM32H573RIT6, STM32H573RIV6, STM32H573VIT3Q, STM32H573VIT6, STM32H573ZIT3Q, STM32H573ZIT6, STM32L4R5QGI6STR, STM32MP131AAE3, STM32MP131AAF3, STM32MP131AAG3, STM32MP131CAE3, STM32MP131CAF3, STM32MP131CAG3, STM32MP131DAE7, STM32MP131DAF7, STM32MP131DAG7, STM32MP131FAE7, STM32MP131FAF7, STM32MP131FAG7, STM32MP133AAE3, STM32MP133AAF3, STM32MP133AAG3, STM32MP133CAE3, STM32MP133CAF3, STM32MP133CAG3, STM32MP133DAE7, STM32MP133DAF7, STM32MP133DAG7, STM32MP133FAE7, STM32MP133FAF7, STM32MP133FAG7, STM32MP135AAE3, STM32MP135AAF3, STM32MP135AAG3, STM32MP135CAE3, STM32MP135CAF3, STM32MP135CAG3, STM32MP135DAE7, STM32MP135DAF7, STM32MP135DAG7, STM32MP135F-DK, STM32MP135FAE7, STM32MP135FAF7, STM32MP135FAF7T, STM32MP135FAF7U, STM32MP135FAG7, STM32U535CBT6, STM32U535CBT6Q, STM32U535CBU6, STM32U535CBU6Q, STM32U535CCT6, STM32U535CCT6Q, STM32U535CCU6, STM32U535CCU6Q, STM32U535CET6, STM32U535CET6Q, STM32U535CEU6, STM32U535CEU6Q, STM32U535JEY6QTR, STM32U535NCY6QTR, STM32U535NEY6QTR, STM32U535RBI6, STM32U535RBI6Q, STM32U535RBT6, STM32U535RBT6Q, STM32U535RCI6, STM32U535RCI6Q, STM32U535RCT6, STM32U535RCT6Q, STM32U535REI6, STM32U535REI6Q, STM32U535RET6, STM32U535RET6Q, STM32U535VCI6, STM32U535VCI6Q, STM32U535VCT6, STM32U535VCT6Q, STM32U535VEI6, STM32U535VEI6Q, STM32U535VET6, STM32U535VET6Q, STM32U545CET6, STM32U545CET6Q, STM32U545CEU6, STM32U545CEU6Q, STM32U545JEY6QTR, STM32U545NEY6QTR, STM32U545REI6, STM32U545REI6Q, STM32U545RET6, STM32U545RET6Q, STM32U545VEI6, STM32U545VEI6Q, STM32U545VET6, STM32U545VET6Q, STM32U595AIH6, STM32U595AIH6Q, STM32U595AJH6, STM32U595AJH6Q, STM32U595QII6, STM32U595QII6Q, STM32U595QJI6, STM32U595QJI6Q, STM32U595RIT6, STM32U595RIT6Q, STM32U595RJT6, STM32U595RJT6Q, STM32U595VIT6, STM32U595VIT6Q, STM32U595VJT6, STM32U595VJT6Q, STM32U595ZIT6, STM32U595ZIT6Q, STM32U595ZIY6QTR, STM32U595ZJT6, STM32U595ZJT6Q, STM32U595ZJY6QTR, STM32U599BJY6QTR, STM32U599NIH6Q, STM32U599NJH6Q, STM32U599VIT6Q, STM32U599VJT6, STM32U599VJT6Q, STM32U599ZIT6Q, STM32U599ZIY6QTR, STM32U599ZJT6Q, STM32U599ZJY6QTR, STM32U5A5AJH6, STM32U5A5AJH6Q, STM32U5A5QJI6, STM32U5A5QJI6Q, STM32U5A5RJT6, STM32U5A5RJT6Q, STM32U5A5VJT6, STM32U5A5VJT6Q, STM32U5A5ZJT6, STM32U5A5ZJT6Q, STM32U5A5ZJY6QTR, STM32U5A9BJY6QTR, STM32U5A9J-DK, STM32U5A9NJH6Q, STM32U5A9VJT6Q, STM32U5A9ZJT6Q, STM32U5A9ZJY6QTR, STM32U5F7VIT6, STM32U5F7VIT6Q, STM32U5F7VJT6, STM32U5F7VJT6Q, STM32U5F9BJY6QTR, STM32U5F9NJH6Q, STM32U5F9VIT6Q, STM32U5F9VJT6Q, STM32U5F9ZIJ6QTR, STM32U5F9ZIT6Q, STM32U5F9ZJJ6QTR, STM32U5F9ZJT6Q, STM32U5G7VJT6, STM32U5G7VJT6Q, STM32U5G9BJY6QTR, STM32U5G9J-DK1, STM32U5G9J-DK2, STM32U5G9NJH6Q, STM32U5G9VJT6Q, STM32U5G9ZJJ6QTR, STM32U5G9ZJT6Q, STM32WB1MMCH6, STM32WBA52CEU6, STM32WBA52CEU6T, STM32WBA52CGU6, STM32WBA52CGU6T, STM32WBA52KEU6, STM32WBA52KEU6T, STM32WBA52KGU6, STM32WBA52KGU6T, STM32WL5MOCH6, STM32WL5MOCH6TR]
2026-07-30 11:35:22,959 [INFO] ApiDb:668 - CubeFinder database Data Model version=2.1
2026-07-30 11:35:22,960 [INFO] ApiDb:669 - CubeFinder database Configuration version=3.0.42
2026-07-30 11:35:22,960 [INFO] ApiDb:670 - CubeFinder database generation date=2026-06-23 (1782213372)
2026-07-30 11:35:22,960 [INFO] ApiDb:671 - CubeFinder database FW Pack versions=[FP-ATR-ASTRA1_V2.0.0, FP-SNS-FLIGHT1_V5.1.0, FP-SNS-MOTENV1_V5.1.0, FP-SNS-MOTENVWB1_V1.5.0, FP-SNS-SMARTAG2_V1.2.0, FP-SNS-STBOX1_V2.1.0, STM32Cube_FW_C0_V1.4.0, STM32Cube_FW_F4_V1.28.3, STM32Cube_FW_F7_V1.17.4, STM32Cube_FW_G0_V1.6.3, STM32Cube_FW_G4_V1.6.2, STM32Cube_FW_H5_V1.7.0, STM32Cube_FW_H7RS_V1.3.0, STM32Cube_FW_H7_V1.13.0, STM32Cube_FW_L0_V1.12.2, STM32Cube_FW_L4_V1.18.2, STM32Cube_FW_L5_V1.6.0, STM32Cube_FW_N6_V1.4.0, STM32Cube_FW_U0_V1.3.0, STM32Cube_FW_U3_V1.4.0, STM32Cube_FW_U5_V1.9.0, STM32Cube_FW_WB0_V1.5.0, STM32Cube_FW_WBA_V1.10.0, STM32Cube_FW_WB_V1.24.0, STM32Cube_FW_WL3_V1.5.0, STM32Cube_FW_WL_V1.6.0, X-CUBE-ALGOBUILD_V1.5.0, X-CUBE-ALS_V1.0.2, X-CUBE-AZRTOS-F4_V1.1.0, X-CUBE-AZRTOS-F7_V1.1.0, X-CUBE-AZRTOS-G0_V1.1.0, X-CUBE-AZRTOS-G4_V2.0.0, X-CUBE-AZRTOS-H7RS_V1.1.0, X-CUBE-AZRTOS-H7_V3.5.0, X-CUBE-AZRTOS-L4_V2.0.0, X-CUBE-AZRTOS-L5_V2.0.0, X-CUBE-AZRTOS-WB_V2.0.0, X-CUBE-AZRTOS-WL_V2.0.0, X-CUBE-BLE1_V7.1.0, X-CUBE-BLE2_V3.3.0, X-CUBE-BLEMGR_V4.1.0, X-CUBE-EEPRMA1_V5.2.0, X-CUBE-FREERTOS_V1.5.0, X-CUBE-GNSS1_V7.1.1, X-CUBE-MEMS1_V12.1.0, X-CUBE-NFC4_V3.0.0, X-CUBE-NFC7_V2.0.0, X-CUBE-SFXS2LP1_V4.0.0, X-CUBE-ST67W61_V1.3.0, X-CUBE-SUBG2_V5.0.0, X-CUBE-TOF1_V3.4.3]
2026-07-30 11:35:25,389 [INFO] ApiDb:240 - Found 323 in-development CPN: [B-G473E-ZEST1S, B-WB1M-WPAN1, B-WL5M-SUBG1, NUCLEO-C031C6, NUCLEO-H503RB, NUCLEO-H563ZI, NUCLEO-U545RE-Q, NUCLEO-U5A5ZJ-Q, NUCLEO-WBA52CG, STEVAL-PROTEUS1, STEVAL-SMARTAG2, STEVAL-STWINBX1, STM320518-EVAL, STM32C0116-DK, STM32C011D6Y3TR, STM32C011D6Y6TR, STM32C011F4P3, STM32C011F4P6, STM32C011F4U3, STM32C011F4U6TR, STM32C011F6P3, STM32C011F6P6, STM32C011F6U3, STM32C011F6U6TR, STM32C011J4M3, STM32C011J4M6, STM32C011J6M3, STM32C011J6M6, STM32C0316-DK, STM32C031C4T3, STM32C031C4T6, STM32C031C4U3, STM32C031C4U6, STM32C031C6T3, STM32C031C6T6, STM32C031C6U3, STM32C031C6U6, STM32C031F4P3, STM32C031F4P6, STM32C031F6P3, STM32C031F6P6, STM32C031G4U3, STM32C031G4U6, STM32C031G6U3, STM32C031G6U6, STM32C031K4T3, STM32C031K4T6, STM32C031K4U3, STM32C031K4U6, STM32C031K6T3, STM32C031K6T6, STM32C031K6U3, STM32C031K6U6, STM32G071K8TXN, STM32G071K8UXN, STM32G081GBU6N, STM32G081KBT6N, STM32G081KBUXN, STM32G0B1CCT6N, STM32G0B1KCT6, STM32G0B1NEY6TR, STM32G0B1RCT6N, STM32G0C1CCT6, STM32G0C1CCT6N, STM32G0C1CCU6N, STM32G0C1CET6N, STM32G0C1CEU6N, STM32G0C1KCT6, STM32G0C1NEY6TR, STM32G0C1RCI6N, STM32G0C1RCT6N, STM32G0C1REI6N, STM32G0C1RET6N, STM32G0C1VCI6, STM32G0C1VEI6, STM32G471CCT6, STM32G471CCU6, STM32G471CET3, STM32G471CET6, STM32G471CEU3, STM32G471CEU6, STM32G471MCT6, STM32G471MET3, STM32G471MET6, STM32G471MEY6TR, STM32G471QCT6, STM32G471QET3, STM32G471RCT6, STM32G471RET3, STM32G471RET6, STM32G471VCH6, STM32G471VCI6, STM32G471VCT6, STM32G471VEH3, STM32G471VEH6, STM32G471VEI3, STM32G471VEI6, STM32G471VET3, STM32G471VET6, STM32G474CCT6, STM32H503CBT6, STM32H503CBU6, STM32H503EBY6TR, STM32H503KBU6, STM32H503RBT6, STM32H562AGI6, STM32H562AII6, STM32H562IGK6, STM32H562IGT6, STM32H562IIK6, STM32H562IIT6, STM32H562RGT6, STM32H562RGV6, STM32H562RIT6, STM32H562RIV6, STM32H562VGT6, STM32H562VIT6, STM32H562ZGT6, STM32H562ZIT6, STM32H563AGI6, STM32H563AII3Q, STM32H563AII6, STM32H563IGK6, STM32H563IGT6, STM32H563IIK3Q, STM32H563IIK6, STM32H563IIT3Q, STM32H563IIT6, STM32H563MIY3QTR, STM32H563RGT6, STM32H563RGV6, STM32H563RIT6, STM32H563RIV6, STM32H563VGT6, STM32H563VIT3Q, STM32H563VIT6, STM32H563ZGT6, STM32H563ZIT3Q, STM32H563ZIT6, STM32H573AII3Q, STM32H573AII6, STM32H573I-DK, STM32H573IIK3Q, STM32H573IIK6, STM32H573IIT3Q, STM32H573IIT6, STM32H573MIY3QTR, STM32H573RIT6, STM32H573RIV6, STM32H573VIT3Q, STM32H573VIT6, STM32H573ZIT3Q, STM32H573ZIT6, STM32L4R5QGI6STR, STM32MP131AAE3, STM32MP131AAF3, STM32MP131AAG3, STM32MP131CAE3, STM32MP131CAF3, STM32MP131CAG3, STM32MP131DAE7, STM32MP131DAF7, STM32MP131DAG7, STM32MP131FAE7, STM32MP131FAF7, STM32MP131FAG7, STM32MP133AAE3, STM32MP133AAF3, STM32MP133AAG3, STM32MP133CAE3, STM32MP133CAF3, STM32MP133CAG3, STM32MP133DAE7, STM32MP133DAF7, STM32MP133DAG7, STM32MP133FAE7, STM32MP133FAF7, STM32MP133FAG7, STM32MP135AAE3, STM32MP135AAF3, STM32MP135AAG3, STM32MP135CAE3, STM32MP135CAF3, STM32MP135CAG3, STM32MP135DAE7, STM32MP135DAF7, STM32MP135DAG7, STM32MP135F-DK, STM32MP135FAE7, STM32MP135FAF7, STM32MP135FAF7T, STM32MP135FAF7U, STM32MP135FAG7, STM32U535CBT6, STM32U535CBT6Q, STM32U535CBU6, STM32U535CBU6Q, STM32U535CCT6, STM32U535CCT6Q, STM32U535CCU6, STM32U535CCU6Q, STM32U535CET6, STM32U535CET6Q, STM32U535CEU6, STM32U535CEU6Q, STM32U535JEY6QTR, STM32U535NCY6QTR, STM32U535NEY6QTR, STM32U535RBI6, STM32U535RBI6Q, STM32U535RBT6, STM32U535RBT6Q, STM32U535RCI6, STM32U535RCI6Q, STM32U535RCT6, STM32U535RCT6Q, STM32U535REI6, STM32U535REI6Q, STM32U535RET6, STM32U535RET6Q, STM32U535VCI6, STM32U535VCI6Q, STM32U535VCT6, STM32U535VCT6Q, STM32U535VEI6, STM32U535VEI6Q, STM32U535VET6, STM32U535VET6Q, STM32U545CET6, STM32U545CET6Q, STM32U545CEU6, STM32U545CEU6Q, STM32U545JEY6QTR, STM32U545NEY6QTR, STM32U545REI6, STM32U545REI6Q, STM32U545RET6, STM32U545RET6Q, STM32U545VEI6, STM32U545VEI6Q, STM32U545VET6, STM32U545VET6Q, STM32U595AIH6, STM32U595AIH6Q, STM32U595AJH6, STM32U595AJH6Q, STM32U595QII6, STM32U595QII6Q, STM32U595QJI6, STM32U595QJI6Q, STM32U595RIT6, STM32U595RIT6Q, STM32U595RJT6, STM32U595RJT6Q, STM32U595VIT6, STM32U595VIT6Q, STM32U595VJT6, STM32U595VJT6Q, STM32U595ZIT6, STM32U595ZIT6Q, STM32U595ZIY6QTR, STM32U595ZJT6, STM32U595ZJT6Q, STM32U595ZJY6QTR, STM32U599BJY6QTR, STM32U599NIH6Q, STM32U599NJH6Q, STM32U599VIT6Q, STM32U599VJT6, STM32U599VJT6Q, STM32U599ZIT6Q, STM32U599ZIY6QTR, STM32U599ZJT6Q, STM32U599ZJY6QTR, STM32U5A5AJH6, STM32U5A5AJH6Q, STM32U5A5QJI6, STM32U5A5QJI6Q, STM32U5A5RJT6, STM32U5A5RJT6Q, STM32U5A5VJT6, STM32U5A5VJT6Q, STM32U5A5ZJT6, STM32U5A5ZJT6Q, STM32U5A5ZJY6QTR, STM32U5A9BJY6QTR, STM32U5A9J-DK, STM32U5A9NJH6Q, STM32U5A9VJT6Q, STM32U5A9ZJT6Q, STM32U5A9ZJY6QTR, STM32U5F7VIT6, STM32U5F7VIT6Q, STM32U5F7VJT6, STM32U5F7VJT6Q, STM32U5F9BJY6QTR, STM32U5F9NJH6Q, STM32U5F9VIT6Q, STM32U5F9VJT6Q, STM32U5F9ZIJ6QTR, STM32U5F9ZIT6Q, STM32U5F9ZJJ6QTR, STM32U5F9ZJT6Q, STM32U5G7VJT6, STM32U5G7VJT6Q, STM32U5G9BJY6QTR, STM32U5G9J-DK1, STM32U5G9J-DK2, STM32U5G9NJH6Q, STM32U5G9VJT6Q, STM32U5G9ZJJ6QTR, STM32U5G9ZJT6Q, STM32WB1MMCH6, STM32WBA52CEU6, STM32WBA52CEU6T, STM32WBA52CGU6, STM32WBA52CGU6T, STM32WBA52KEU6, STM32WBA52KEU6T, STM32WBA52KGU6, STM32WBA52KGU6T, STM32WL5MOCH6, STM32WL5MOCH6TR]
2026-07-30 11:35:25,395 [INFO] DbMcus:217 - Found 5228 MCUs, 5075 are supported
2026-07-30 11:35:25,396 [INFO] ApiDb:423 - Load user favorites file C:\Users\Admin/.stm32cubeide/favorites.mcus.txt: 4 item(s)
2026-07-30 11:35:25,396 [INFO] ApiDb:427 - User favorites MCUs=[STM32F103C8T6, STM32F405RGT6, STM32F411CEU6, STM32H523CET6]
2026-07-30 11:35:25,396 [INFO] DbMcus:223 - Set 4 / 4 favorites MCUs
2026-07-30 11:35:25,989 [INFO] BoardInfo:880 - No configuration file found for board B-WBA5M-WPAN
2026-07-30 11:35:25,989 [INFO] DbBoards:157 - Board is not supported: B-WBA5M-WPAN
2026-07-30 11:35:25,992 [INFO] BoardInfo:880 - No configuration file found for board NUCLEO-C051C8
2026-07-30 11:35:25,992 [INFO] DbBoards:157 - Board is not supported: NUCLEO-C051C8
2026-07-30 11:35:25,993 [INFO] BoardInfo:880 - No configuration file found for board NUCLEO-C071RB
2026-07-30 11:35:25,994 [INFO] DbBoards:157 - Board is not supported: NUCLEO-C071RB
2026-07-30 11:35:25,995 [INFO] BoardInfo:880 - No configuration file found for board NUCLEO-C092RC
2026-07-30 11:35:25,995 [INFO] DbBoards:157 - Board is not supported: NUCLEO-C092RC
2026-07-30 11:35:26,038 [INFO] BoardInfo:880 - No configuration file found for board NUCLEO-H533RE
2026-07-30 11:35:26,038 [INFO] DbBoards:157 - Board is not supported: NUCLEO-H533RE
2026-07-30 11:35:26,040 [INFO] BoardInfo:880 - No configuration file found for board NUCLEO-H5E5ZJ
2026-07-30 11:35:26,040 [INFO] DbBoards:157 - Board is not supported: NUCLEO-H5E5ZJ
2026-07-30 11:35:26,048 [INFO] BoardInfo:880 - No configuration file found for board NUCLEO-H7S3L8
2026-07-30 11:35:26,048 [INFO] DbBoards:157 - Board is not supported: NUCLEO-H7S3L8
2026-07-30 11:35:26,072 [INFO] BoardInfo:880 - No configuration file found for board NUCLEO-N657X0-Q
2026-07-30 11:35:26,073 [INFO] DbBoards:157 - Board is not supported: NUCLEO-N657X0-Q
2026-07-30 11:35:26,075 [INFO] BoardInfo:880 - No configuration file found for board NUCLEO-U031R8
2026-07-30 11:35:26,075 [INFO] DbBoards:157 - Board is not supported: NUCLEO-U031R8
2026-07-30 11:35:26,076 [INFO] BoardInfo:880 - No configuration file found for board NUCLEO-U083RC
2026-07-30 11:35:26,076 [INFO] DbBoards:157 - Board is not supported: NUCLEO-U083RC
2026-07-30 11:35:26,077 [INFO] BoardInfo:880 - No configuration file found for board NUCLEO-U385RG-Q
2026-07-30 11:35:26,077 [INFO] DbBoards:157 - Board is not supported: NUCLEO-U385RG-Q
2026-07-30 11:35:26,078 [INFO] BoardInfo:880 - No configuration file found for board NUCLEO-U3C5ZI-Q
2026-07-30 11:35:26,078 [INFO] DbBoards:157 - Board is not supported: NUCLEO-U3C5ZI-Q
2026-07-30 11:35:26,082 [INFO] BoardInfo:880 - No configuration file found for board NUCLEO-WB05KZ
2026-07-30 11:35:26,082 [INFO] DbBoards:157 - Board is not supported: NUCLEO-WB05KZ
2026-07-30 11:35:26,084 [INFO] BoardInfo:880 - No configuration file found for board NUCLEO-WB07CC
2026-07-30 11:35:26,084 [INFO] DbBoards:157 - Board is not supported: NUCLEO-WB07CC
2026-07-30 11:35:26,085 [INFO] BoardInfo:880 - No configuration file found for board NUCLEO-WB09KE
2026-07-30 11:35:26,085 [INFO] DbBoards:157 - Board is not supported: NUCLEO-WB09KE
2026-07-30 11:35:26,088 [INFO] BoardInfo:880 - No configuration file found for board NUCLEO-WBA25CE1
2026-07-30 11:35:26,088 [INFO] DbBoards:157 - Board is not supported: NUCLEO-WBA25CE1
2026-07-30 11:35:26,090 [INFO] BoardInfo:880 - No configuration file found for board NUCLEO-WBA55CG
2026-07-30 11:35:26,090 [INFO] DbBoards:157 - Board is not supported: NUCLEO-WBA55CG
2026-07-30 11:35:26,091 [INFO] BoardInfo:880 - No configuration file found for board NUCLEO-WBA65RI
2026-07-30 11:35:26,091 [INFO] DbBoards:157 - Board is not supported: NUCLEO-WBA65RI
2026-07-30 11:35:26,092 [INFO] BoardInfo:880 - No configuration file found for board NUCLEO-WL33CC1
2026-07-30 11:35:26,092 [INFO] DbBoards:157 - Board is not supported: NUCLEO-WL33CC1
2026-07-30 11:35:26,093 [INFO] BoardInfo:880 - No configuration file found for board NUCLEO-WL33CC2
2026-07-30 11:35:26,093 [INFO] DbBoards:157 - Board is not supported: NUCLEO-WL33CC2
2026-07-30 11:35:26,094 [INFO] BoardInfo:880 - No configuration file found for board NUCLEO-WL3RKB1
2026-07-30 11:35:26,094 [INFO] DbBoards:157 - Board is not supported: NUCLEO-WL3RKB1
2026-07-30 11:35:26,095 [INFO] BoardInfo:880 - No configuration file found for board NUCLEO-WL3RKB2
2026-07-30 11:35:26,095 [INFO] DbBoards:157 - Board is not supported: NUCLEO-WL3RKB2
2026-07-30 11:35:26,100 [INFO] BoardInfo:880 - No configuration file found for board P-NUCLEO-WB55
2026-07-30 11:35:26,100 [INFO] DbBoards:157 - Kit is not supported: P-NUCLEO-WB55
2026-07-30 11:35:26,104 [INFO] BoardInfo:880 - No configuration file found for board STEVAL-BFA001V1B
2026-07-30 11:35:26,104 [INFO] DbBoards:157 - Kit is not supported: STEVAL-BFA001V1B
2026-07-30 11:35:26,105 [INFO] BoardInfo:880 - No configuration file found for board STEVAL-BFA001V2B
2026-07-30 11:35:26,105 [INFO] DbBoards:157 - Kit is not supported: STEVAL-BFA001V2B
2026-07-30 11:35:26,108 [INFO] BoardInfo:880 - No configuration file found for board STEVAL-MKBOXPRO
2026-07-30 11:35:26,108 [INFO] DbBoards:157 - Board is not supported: STEVAL-MKBOXPRO
2026-07-30 11:35:26,155 [INFO] BoardInfo:880 - No configuration file found for board STM32H5F5J-DK
2026-07-30 11:35:26,155 [INFO] DbBoards:157 - Board is not supported: STM32H5F5J-DK
2026-07-30 11:35:26,166 [INFO] BoardInfo:880 - No configuration file found for board STM32H7S78-DK
2026-07-30 11:35:26,166 [INFO] DbBoards:157 - Board is not supported: STM32H7S78-DK
2026-07-30 11:35:26,182 [INFO] BoardInfo:880 - No configuration file found for board STM32MP215F-DK
2026-07-30 11:35:26,182 [INFO] DbBoards:157 - Board is not supported: STM32MP215F-DK
2026-07-30 11:35:26,183 [INFO] BoardInfo:880 - No configuration file found for board STM32MP257F-DK
2026-07-30 11:35:26,183 [INFO] DbBoards:157 - Board is not supported: STM32MP257F-DK
2026-07-30 11:35:26,184 [INFO] BoardInfo:880 - No configuration file found for board STM32MP257F-EV1
2026-07-30 11:35:26,184 [INFO] DbBoards:157 - Board is not supported: STM32MP257F-EV1
2026-07-30 11:35:26,190 [INFO] BoardInfo:880 - No configuration file found for board STM32N6570-DK
2026-07-30 11:35:26,190 [INFO] DbBoards:157 - Board is not supported: STM32N6570-DK
2026-07-30 11:35:26,191 [INFO] BoardInfo:880 - No configuration file found for board STM32U083C-DK
2026-07-30 11:35:26,191 [INFO] DbBoards:157 - Board is not supported: STM32U083C-DK
2026-07-30 11:35:26,198 [INFO] BoardInfo:880 - No configuration file found for board STM32WBA55G-DK1
2026-07-30 11:35:26,198 [INFO] DbBoards:157 - Board is not supported: STM32WBA55G-DK1
2026-07-30 11:35:26,199 [INFO] BoardInfo:880 - No configuration file found for board STM32WBA65I-DK1
2026-07-30 11:35:26,199 [INFO] DbBoards:157 - Board is not supported: STM32WBA65I-DK1
2026-07-30 11:35:26,199 [INFO] DbBoards:161 - Found 218 boards, 183 are supported
2026-07-30 11:35:26,202 [INFO] ApiDb:423 - Load user favorites file C:\Users\Admin/.stm32cubeide/favorites.boards.txt: 0 item(s)
2026-07-30 11:35:26,202 [INFO] ApiDb:427 - User favorites Boards=[]
2026-07-30 11:35:26,202 [INFO] DbBoards:190 - Set 0 / 0 favorites Boards
2026-07-30 11:35:26,202 [INFO] McuFinderGlobals:76 - Set McuFinderConnectedMode to true
2026-07-30 11:35:26,210 [INFO] MultiScanPanel:200 - Auto-refresh data requested => check proxy status ongoing
2026-07-30 11:35:26,213 [INFO] FinderPluginLoader:95 - Searching for filters in installed packs
2026-07-30 11:35:27,628 [INFO] LoadUrlFilesThread:185 - End of LoadServerUrlFiles without Thread
2026-07-30 11:35:27,637 [INFO] DetailPanel:341 - Set advertising image to C:/Users/Admin/STM32Cube/Repository/\en.stm32h5cubemxbanner.png
2026-07-30 11:35:47,539 [INFO] MainUpdater:2868 - connection check result : 10
2026-07-30 11:35:47,539 [INFO] MainUpdater:2868 - connection check result : 10
2026-07-30 11:35:47,549 [INFO] MicroXplorer:468 - Change Database Path : 
2026-07-30 11:35:47,550 [INFO] MicroXplorer:498 - Change Database Version : DB.6.0.91
2026-07-30 11:35:47,554 [WARN] ThirdParty:871 - waiting for thirdparty lock release [close project]
2026-07-30 11:35:47,554 [INFO] ThirdParty:873 - entering critical section [close project]
2026-07-30 11:35:47,554 [INFO] ThirdParty:883 - exiting critical section [close project]
2026-07-30 11:35:47,556 [INFO] PinOutPanel:1499 - setPackage(No Configuration,No Configuration)
2026-07-30 11:35:47,561 [INFO] UtilMem:75 - Begin LoadConfig() Used Memory: 497057992 Bytes (750780416)
2026-07-30 11:35:47,562 [INFO] MicroXplorer:468 - Change Database Path : 
2026-07-30 11:35:47,562 [INFO] MicroXplorer:498 - Change Database Version : DB.6.0.91
2026-07-30 11:35:47,562 [INFO] OpenFileManager:308 - Change cursor
2026-07-30 11:35:47,663 [INFO] Mcu:1946 - Initializing MCU STM32F411CEUx STM32F411CEUx STM32F411CEU6
2026-07-30 11:35:48,894 [INFO] Context:659 - Trying to add GPIOservice into a context  which must be forbidden
2026-07-30 11:35:49,322 [INFO] ImportTextPane:194 - (OptionalMessage_ERROR) Unable to find key (Mcu.ThirdPartyNb) in loaded IOC file
2026-07-30 11:35:49,323 [INFO] ImportTextPane:194 - (OptionalMessage_ERROR) Unable to find key (Mcu.PinsNb) in loaded IOC file
2026-07-30 11:35:49,323 [INFO] ImportTextPane:194 - (OptionalMessage_ERROR) Unable to find key (Mcu.IPNb) in loaded IOC file
2026-07-30 11:35:49,423 [INFO] RtosManager:555 - Registered RTOS mode: class=CMSIS, group=RTOS, mode=CMSIS_V1, owner=FREERTOS
2026-07-30 11:35:49,423 [INFO] RtosManager:555 - Registered RTOS mode: class=CMSIS, group=RTOS2, mode=CMSIS_V2, owner=FREERTOS
2026-07-30 11:35:49,423 [INFO] RtosManager:555 - Registered RTOS mode: class=RTOS, group=Core, mode=CMSIS_V1, owner=FREERTOS
2026-07-30 11:35:49,423 [INFO] RtosManager:555 - Registered RTOS mode: class=RTOS, group=Core, mode=CMSIS_V2, owner=FREERTOS
2026-07-30 11:35:49,424 [WARN] ModelIntegratedComponent:184 - Missing modes for component STMicroelectronics:FreeRTOS:0.0.1:STMicroelectronics:RTOS:FreeRTOS:Core:::10.2.0:
2026-07-30 11:35:49,493 [WARN] ModelIntegratedComponent:182 - Modes not found for component STMicroelectronics:USB_HOST:1.0.0:STMicroelectronics:USB::USB Host:Audio HS::1.0:USB_HOST_1_0_RESTRICTED_HS
2026-07-30 11:35:49,494 [WARN] ModelIntegratedComponent:188 - Modes not found for component STMicroelectronics:USB_HOST:1.0.0:STMicroelectronics:USB::USB Host:Audio HS::1.0:USB_HOST_1_0_RESTRICTED_HS
2026-07-30 11:35:49,494 [WARN] ModelIntegratedComponent:182 - Modes not found for component STMicroelectronics:USB_HOST:1.0.0:STMicroelectronics:USB::USB Host:CDC HS::1.0:USB_HOST_1_0_RESTRICTED_HS
2026-07-30 11:35:49,494 [WARN] ModelIntegratedComponent:188 - Modes not found for component STMicroelectronics:USB_HOST:1.0.0:STMicroelectronics:USB::USB Host:CDC HS::1.0:USB_HOST_1_0_RESTRICTED_HS
2026-07-30 11:35:49,494 [WARN] ModelIntegratedComponent:182 - Modes not found for component STMicroelectronics:USB_HOST:1.0.0:STMicroelectronics:USB::USB Host:MSC HS::1.0:USB_HOST_1_0_RESTRICTED_HS
2026-07-30 11:35:49,494 [WARN] ModelIntegratedComponent:188 - Modes not found for component STMicroelectronics:USB_HOST:1.0.0:STMicroelectronics:USB::USB Host:MSC HS::1.0:USB_HOST_1_0_RESTRICTED_HS
2026-07-30 11:35:49,494 [WARN] ModelIntegratedComponent:182 - Modes not found for component STMicroelectronics:USB_HOST:1.0.0:STMicroelectronics:USB::USB Host:HID HS::1.0:USB_HOST_1_0_RESTRICTED_HS
2026-07-30 11:35:49,494 [WARN] ModelIntegratedComponent:188 - Modes not found for component STMicroelectronics:USB_HOST:1.0.0:STMicroelectronics:USB::USB Host:HID HS::1.0:USB_HOST_1_0_RESTRICTED_HS
2026-07-30 11:35:49,494 [WARN] ModelIntegratedComponent:182 - Modes not found for component STMicroelectronics:USB_HOST:1.0.0:STMicroelectronics:USB::USB Host:MTP HS::1.0:USB_HOST_1_0_RESTRICTED_HS
2026-07-30 11:35:49,494 [WARN] ModelIntegratedComponent:188 - Modes not found for component STMicroelectronics:USB_HOST:1.0.0:STMicroelectronics:USB::USB Host:MTP HS::1.0:USB_HOST_1_0_RESTRICTED_HS
2026-07-30 11:35:49,500 [WARN] ModelIntegratedComponent:63 - No mode defined for component null
2026-07-30 11:35:49,501 [WARN] ModelIntegratedComponent:63 - No mode defined for component null
2026-07-30 11:35:49,501 [WARN] ModelIntegratedComponent:63 - No mode defined for component null
2026-07-30 11:35:49,501 [WARN] ModelIntegratedComponent:63 - No mode defined for component null
2026-07-30 11:35:49,501 [WARN] ModelIntegratedComponent:63 - No mode defined for component null
2026-07-30 11:35:49,501 [WARN] ModelIntegratedComponent:63 - No mode defined for component null
2026-07-30 11:35:49,501 [WARN] ModelIntegratedComponent:63 - No mode defined for component null
2026-07-30 11:35:49,501 [WARN] ModelIntegratedComponent:63 - No mode defined for component null
2026-07-30 11:35:49,501 [WARN] ModelIntegratedComponent:63 - No mode defined for component null
2026-07-30 11:35:49,501 [WARN] ModelIntegratedComponent:63 - No mode defined for component null
2026-07-30 11:35:49,501 [WARN] ModelIntegratedComponent:63 - No mode defined for component null
2026-07-30 11:35:49,501 [WARN] ModelIntegratedComponent:63 - No mode defined for component null
2026-07-30 11:35:49,501 [WARN] ModelIntegratedComponent:63 - No mode defined for component null
2026-07-30 11:35:49,501 [WARN] ModelIntegratedComponent:63 - No mode defined for component null
2026-07-30 11:35:49,501 [WARN] ModelIntegratedComponent:63 - No mode defined for component null
2026-07-30 11:35:49,501 [WARN] ModelIntegratedComponent:63 - No mode defined for component null
2026-07-30 11:35:49,501 [WARN] ModelIntegratedComponent:63 - No mode defined for component null
2026-07-30 11:35:49,501 [WARN] ModelIntegratedComponent:63 - No mode defined for component null
2026-07-30 11:35:49,501 [WARN] ModelIntegratedComponent:63 - No mode defined for component null
2026-07-30 11:35:49,501 [WARN] ModelIntegratedComponent:63 - No mode defined for component null
2026-07-30 11:35:49,501 [WARN] ModelIntegratedComponent:63 - No mode defined for component null
2026-07-30 11:35:49,502 [WARN] ModelIntegratedComponent:63 - No mode defined for component null
2026-07-30 11:35:49,502 [WARN] ModelIntegratedComponent:63 - No mode defined for component null
2026-07-30 11:35:49,502 [WARN] ModelIntegratedComponent:63 - No mode defined for component null
2026-07-30 11:35:49,502 [WARN] ModelIntegratedComponent:63 - No mode defined for component null
2026-07-30 11:35:49,502 [WARN] ModelIntegratedComponent:63 - No mode defined for component null
2026-07-30 11:35:49,502 [WARN] ModelIntegratedComponent:63 - No mode defined for component null
2026-07-30 11:35:49,502 [WARN] ModelIntegratedComponent:63 - No mode defined for component null
2026-07-30 11:35:49,502 [WARN] ModelIntegratedComponent:63 - No mode defined for component null
2026-07-30 11:35:49,502 [WARN] ModelIntegratedComponent:63 - No mode defined for component null
2026-07-30 11:35:49,502 [WARN] ModelIntegratedComponent:63 - No mode defined for component null
2026-07-30 11:35:49,502 [WARN] ModelIntegratedComponent:63 - No mode defined for component null
2026-07-30 11:35:49,502 [WARN] ModelIntegratedComponent:63 - No mode defined for component null
2026-07-30 11:35:49,573 [WARN] ModelIntegratedComponent:182 - Modes not found for component STMicroelectronics:USB_DEVICE:1.0.0:STMicroelectronics:USB::USB Device:Audio HS::1.0:USB_DEVICE_1_0_RESTRICTED_HS
2026-07-30 11:35:49,574 [WARN] ModelIntegratedComponent:188 - Modes not found for component STMicroelectronics:USB_DEVICE:1.0.0:STMicroelectronics:USB::USB Device:Audio HS::1.0:USB_DEVICE_1_0_RESTRICTED_HS
2026-07-30 11:35:49,574 [WARN] ModelIntegratedComponent:182 - Modes not found for component STMicroelectronics:USB_DEVICE:1.0.0:STMicroelectronics:USB::USB Device:CDC HS::1.0:USB_DEVICE_1_0_RESTRICTED_HS
2026-07-30 11:35:49,574 [WARN] ModelIntegratedComponent:188 - Modes not found for component STMicroelectronics:USB_DEVICE:1.0.0:STMicroelectronics:USB::USB Device:CDC HS::1.0:USB_DEVICE_1_0_RESTRICTED_HS
2026-07-30 11:35:49,574 [WARN] ModelIntegratedComponent:182 - Modes not found for component STMicroelectronics:USB_DEVICE:1.0.0:STMicroelectronics:USB::USB Device:DFU HS::1.0:USB_DEVICE_1_0_RESTRICTED_HS
2026-07-30 11:35:49,574 [WARN] ModelIntegratedComponent:188 - Modes not found for component STMicroelectronics:USB_DEVICE:1.0.0:STMicroelectronics:USB::USB Device:DFU HS::1.0:USB_DEVICE_1_0_RESTRICTED_HS
2026-07-30 11:35:49,574 [WARN] ModelIntegratedComponent:182 - Modes not found for component STMicroelectronics:USB_DEVICE:1.0.0:STMicroelectronics:USB::USB Device:HID HS::1.0:USB_DEVICE_1_0_RESTRICTED_HS
2026-07-30 11:35:49,574 [WARN] ModelIntegratedComponent:188 - Modes not found for component STMicroelectronics:USB_DEVICE:1.0.0:STMicroelectronics:USB::USB Device:HID HS::1.0:USB_DEVICE_1_0_RESTRICTED_HS
2026-07-30 11:35:49,574 [WARN] ModelIntegratedComponent:182 - Modes not found for component STMicroelectronics:USB_DEVICE:1.0.0:STMicroelectronics:USB::USB Device:Custom HID HS::1.0:USB_DEVICE_1_0_RESTRICTED_HS
2026-07-30 11:35:49,574 [WARN] ModelIntegratedComponent:188 - Modes not found for component STMicroelectronics:USB_DEVICE:1.0.0:STMicroelectronics:USB::USB Device:Custom HID HS::1.0:USB_DEVICE_1_0_RESTRICTED_HS
2026-07-30 11:35:49,574 [WARN] ModelIntegratedComponent:182 - Modes not found for component STMicroelectronics:USB_DEVICE:1.0.0:STMicroelectronics:USB::USB Device:MSC HS::1.0:USB_DEVICE_1_0_RESTRICTED_HS
2026-07-30 11:35:49,574 [WARN] ModelIntegratedComponent:188 - Modes not found for component STMicroelectronics:USB_DEVICE:1.0.0:STMicroelectronics:USB::USB Device:MSC HS::1.0:USB_DEVICE_1_0_RESTRICTED_HS
2026-07-30 11:35:49,589 [INFO] ThirdPartyModel:298 - Start build external matchings
2026-07-30 11:35:49,945 [INFO] ThirdPartyModel:316 - End build external matchings
2026-07-30 11:35:50,222 [INFO] UtilMem:75 - End LoadConfig() Used Memory: 596378000 Bytes (1073741824)
2026-07-30 11:35:50,242 [WARN] ThirdParty:833 - waiting for thirdparty lock release [change project]
2026-07-30 11:35:50,243 [INFO] ThirdParty:835 - entering critical section [change project]
2026-07-30 11:35:50,243 [INFO] ThirdParty:1030 - CMSIS Pack Vendor :STMicroelectronics USBPD 4.1
2026-07-30 11:35:50,243 [INFO] ThirdParty:1030 - CMSIS Pack Vendor :STMicroelectronics USB_HOST 2.0.0
2026-07-30 11:35:50,243 [INFO] ThirdParty:1030 - CMSIS Pack Vendor :STMicroelectronics FP-ATR-ASTRA1 2.0.3
2026-07-30 11:35:50,243 [INFO] ThirdParty:1030 - CMSIS Pack Vendor :STMicroelectronics X-CUBE-AZRTOS-F4 1.1.0
2026-07-30 11:35:50,243 [INFO] ThirdParty:1030 - CMSIS Pack Vendor :STMicroelectronics LIBJPEG 8.0.0
2026-07-30 11:35:50,243 [INFO] ThirdParty:1030 - CMSIS Pack Vendor :STMicroelectronics FP-ATR-ASTRA1 2.0.2
2026-07-30 11:35:50,243 [INFO] ThirdParty:1030 - CMSIS Pack Vendor :STMicroelectronics X-CUBE-SMBUS 2.1.0
2026-07-30 11:35:50,243 [INFO] ThirdParty:1030 - CMSIS Pack Vendor :wolfSSL I-CUBE-wolfMQTT 1.19.2
2026-07-30 11:35:50,243 [INFO] ThirdParty:1030 - CMSIS Pack Vendor :STMicroelectronics USB_DEVICE 3.0.0
2026-07-30 11:35:50,243 [INFO] ThirdParty:1030 - CMSIS Pack Vendor :STMicroelectronics X-CUBE-AZRTOS-F7 1.1.0
2026-07-30 11:35:50,243 [INFO] ThirdParty:1030 - CMSIS Pack Vendor :STMicroelectronics USB_DEVICE 2.0.0
2026-07-30 11:35:50,244 [INFO] ThirdParty:1030 - CMSIS Pack Vendor :STMicroelectronics X-CUBE-ALGOBUILD 1.5.0
2026-07-30 11:35:50,244 [INFO] ThirdParty:1030 - CMSIS Pack Vendor :STMicroelectronics FreeRTOS 0.0.1
2026-07-30 11:35:50,244 [INFO] ThirdParty:1030 - CMSIS Pack Vendor :STMicroelectronics X-CUBE-AZRTOS-H7RS 1.3.0
2026-07-30 11:35:50,244 [INFO] ThirdParty:1030 - CMSIS Pack Vendor :STMicroelectronics X-CUBE-AZRTOS-G0 1.1.0
2026-07-30 11:35:50,244 [INFO] ThirdParty:1030 - CMSIS Pack Vendor :STMicroelectronics X-CUBE-NFC4 3.0.0
2026-07-30 11:35:50,244 [INFO] ThirdParty:1030 - CMSIS Pack Vendor :STMicroelectronics X-CUBE-SUBG2 5.0.0
2026-07-30 11:35:50,244 [INFO] ThirdParty:1030 - CMSIS Pack Vendor :STMicroelectronics STM32_WPAN 1.0.0
2026-07-30 11:35:50,244 [INFO] ThirdParty:1030 - CMSIS Pack Vendor :STMicroelectronics lwIP 2.0.3
2026-07-30 11:35:50,244 [INFO] ThirdParty:1030 - CMSIS Pack Vendor :STMicroelectronics X-CUBE-MEMS1 13.0.0
2026-07-30 11:35:50,244 [INFO] ThirdParty:1030 - CMSIS Pack Vendor :STMicroelectronics USB_HOST 1.0.0
2026-07-30 11:35:50,244 [INFO] ThirdParty:1030 - CMSIS Pack Vendor :STMicroelectronics X-CUBE-AZRTOS-G4 2.0.0
2026-07-30 11:35:50,244 [INFO] ThirdParty:1030 - CMSIS Pack Vendor :STMicroelectronics PDM2PCM 3.1.0
2026-07-30 11:35:50,244 [INFO] ThirdParty:1030 - CMSIS Pack Vendor :STMicroelectronics PDM2PCM 3.3.0
2026-07-30 11:35:50,244 [INFO] ThirdParty:1030 - CMSIS Pack Vendor :wolfSSL I-CUBE-wolfTPM 3.8.0
2026-07-30 11:35:50,244 [INFO] ThirdParty:1030 - CMSIS Pack Vendor :STMicroelectronics X-CUBE-DISPLAY 3.0.0
2026-07-30 11:35:50,244 [INFO] ThirdParty:1030 - CMSIS Pack Vendor :wolfSSL I-CUBE-wolfSSH 1.4.20
2026-07-30 11:35:50,244 [INFO] ThirdParty:1030 - CMSIS Pack Vendor :wolfSSL I-CUBE-wolfSSL 5.9.1
2026-07-30 11:35:50,244 [INFO] ThirdParty:1030 - CMSIS Pack Vendor :STMicroelectronics FP-ATR-SIGFOX1 3.2.0
2026-07-30 11:35:50,244 [INFO] ThirdParty:1030 - CMSIS Pack Vendor :STMicroelectronics HAL Drivers 0.0.0
2026-07-30 11:35:50,244 [INFO] ThirdParty:1030 - CMSIS Pack Vendor :STMicroelectronics MBEDTLS 2.16.2
2026-07-30 11:35:50,244 [INFO] ThirdParty:1030 - CMSIS Pack Vendor :emotas I-CUBE-CANOPEN 1.3.0
2026-07-30 11:35:50,244 [INFO] ThirdParty:1030 - CMSIS Pack Vendor :STMicroelectronics MBEDTLS 2.14.1
2026-07-30 11:35:50,244 [INFO] ThirdParty:1030 - CMSIS Pack Vendor :ITTIA_DB I-CUBE-ITTIADB 8.9.0
2026-07-30 11:35:50,244 [INFO] ThirdParty:1030 - CMSIS Pack Vendor :STMicroelectronics X-CUBE-TOUCHGFX 4.26.1
2026-07-30 11:35:50,244 [INFO] ThirdParty:1030 - CMSIS Pack Vendor :STMicroelectronics X-CUBE-AI 10.2.1
2026-07-30 11:35:50,244 [INFO] ThirdParty:1030 - CMSIS Pack Vendor :STMicroelectronics ThreadX 1.0.0
2026-07-30 11:35:50,244 [INFO] ThirdParty:1030 - CMSIS Pack Vendor :STMicroelectronics X-CUBE-MEMS1 12.1.0
2026-07-30 11:35:50,245 [INFO] ThirdParty:1030 - CMSIS Pack Vendor :STMicroelectronics X-CUBE-AZRTOS-WL 2.0.0
2026-07-30 11:35:50,245 [INFO] ThirdParty:1030 - CMSIS Pack Vendor :SEGGER I-CUBE-embOS 1.3.1
2026-07-30 11:35:50,245 [INFO] ThirdParty:1030 - CMSIS Pack Vendor :STMicroelectronics X-CUBE-ALGOBUILD 1.4.0
2026-07-30 11:35:50,245 [INFO] ThirdParty:1030 - CMSIS Pack Vendor :STMicroelectronics USB_DEVICE 1.0.0
2026-07-30 11:35:50,245 [INFO] ThirdParty:1030 - CMSIS Pack Vendor :STMicroelectronics X-CUBE-AZRTOS-H7RS 1.2.0
2026-07-30 11:35:50,245 [INFO] ThirdParty:1030 - CMSIS Pack Vendor :STMicroelectronics X-CUBE-AZRTOS-L4 2.0.0
2026-07-30 11:35:50,245 [INFO] ThirdParty:1030 - CMSIS Pack Vendor :STMicroelectronics ThreadX 0.0.2
2026-07-30 11:35:50,245 [INFO] ThirdParty:1030 - CMSIS Pack Vendor :STMicroelectronics lwIP 2.1.2
2026-07-30 11:35:50,245 [INFO] ThirdParty:1030 - CMSIS Pack Vendor :STMicroelectronics X-CUBE-SFXS2LP1 4.0.0
2026-07-30 11:35:50,245 [INFO] ThirdParty:1030 - CMSIS Pack Vendor :STMicroelectronics X-CUBE-BLE2 3.3.0
2026-07-30 11:35:50,245 [INFO] ThirdParty:1030 - CMSIS Pack Vendor :STMicroelectronics X-CUBE-NFC13 1.0.0
2026-07-30 11:35:50,245 [INFO] ThirdParty:1030 - CMSIS Pack Vendor :STMicroelectronics PDM2PCM 3.2.0
2026-07-30 11:35:50,245 [INFO] ThirdParty:841 - exiting critical section [change project]
2026-07-30 11:35:50,565 [INFO] PinOutPanel:1499 - setPackage(No Configuration,No Configuration)
2026-07-30 11:35:50,567 [INFO] PinOutPanel:1499 - setPackage(STM32F411CEUx,UFQFPN48)
2026-07-30 11:35:51,040 [INFO] UtilMem:75 - Before build in PCC Used Memory: 857759584 Bytes (1073741824)
2026-07-30 11:35:52,120 [INFO] UtilMem:75 - After build in PCC Used Memory: 509649680 Bytes (1073741824)
2026-07-30 11:35:52,152 [INFO] IPUIPlugin:80 - create IPUIPlugin
2026-07-30 11:35:52,153 [INFO] IPUIPlugin:80 - create IPUIPlugin
2026-07-30 11:35:52,153 [INFO] IPUIPlugin:80 - create IPUIPlugin
2026-07-30 11:35:52,153 [INFO] IPUIPlugin:80 - create IPUIPlugin
2026-07-30 11:35:52,154 [INFO] IPUIPlugin:80 - create IPUIPlugin
2026-07-30 11:35:52,154 [INFO] IPUIPlugin:80 - create IPUIPlugin
2026-07-30 11:35:52,154 [INFO] IPUIPlugin:80 - create IPUIPlugin
2026-07-30 11:35:52,154 [INFO] IPUIPlugin:80 - create IPUIPlugin
2026-07-30 11:35:52,154 [INFO] IPUIPlugin:80 - create IPUIPlugin
2026-07-30 11:35:52,154 [INFO] IPUIPlugin:80 - create IPUIPlugin
2026-07-30 11:35:52,155 [INFO] IPUIPlugin:80 - create IPUIPlugin
2026-07-30 11:35:52,155 [INFO] IPUIPlugin:80 - create IPUIPlugin
2026-07-30 11:35:52,155 [INFO] IPUIPlugin:80 - create IPUIPlugin
2026-07-30 11:35:52,155 [INFO] IPUIPlugin:80 - create IPUIPlugin
2026-07-30 11:35:52,156 [INFO] IPUIPlugin:80 - create IPUIPlugin
2026-07-30 11:35:52,156 [INFO] IPUIPlugin:80 - create IPUIPlugin
2026-07-30 11:35:52,156 [INFO] IPUIPlugin:80 - create IPUIPlugin
2026-07-30 11:35:52,156 [INFO] IPUIPlugin:80 - create IPUIPlugin
2026-07-30 11:35:52,156 [INFO] IPUIPlugin:80 - create IPUIPlugin
2026-07-30 11:35:52,157 [INFO] IPUIPlugin:80 - create IPUIPlugin
2026-07-30 11:35:52,157 [INFO] IPUIPlugin:80 - create IPUIPlugin
2026-07-30 11:35:52,157 [INFO] IPUIPlugin:80 - create IPUIPlugin
2026-07-30 11:35:52,157 [INFO] IPUIPlugin:80 - create IPUIPlugin
2026-07-30 11:35:52,158 [INFO] IPUIPlugin:80 - create IPUIPlugin
2026-07-30 11:35:52,158 [INFO] IPUIPlugin:80 - create IPUIPlugin
2026-07-30 11:35:52,158 [INFO] IPUIPlugin:80 - create IPUIPlugin
2026-07-30 11:35:52,159 [INFO] IPUIPlugin:80 - create IPUIPlugin
2026-07-30 11:35:52,159 [INFO] IPUIPlugin:80 - create IPUIPlugin
2026-07-30 11:35:52,159 [INFO] IPUIPlugin:80 - create IPUIPlugin
2026-07-30 11:35:52,160 [INFO] IPUIPlugin:80 - create IPUIPlugin
2026-07-30 11:35:52,160 [INFO] IPUIPlugin:80 - create IPUIPlugin
2026-07-30 11:35:52,160 [INFO] IPUIPlugin:80 - create IPUIPlugin
2026-07-30 11:35:52,161 [INFO] IPUIPlugin:80 - create IPUIPlugin
2026-07-30 11:35:52,161 [INFO] IPUIPlugin:80 - create IPUIPlugin
2026-07-30 11:35:52,161 [INFO] IPUIPlugin:80 - create IPUIPlugin
2026-07-30 11:35:52,162 [INFO] IPUIPlugin:80 - create IPUIPlugin
2026-07-30 11:35:52,162 [INFO] IPUIPlugin:80 - create IPUIPlugin
2026-07-30 11:35:52,163 [INFO] IPUIPlugin:80 - create IPUIPlugin
2026-07-30 11:35:52,163 [INFO] IPUIPlugin:80 - create IPUIPlugin
2026-07-30 11:35:52,163 [INFO] IPUIPlugin:80 - create IPUIPlugin
2026-07-30 11:35:52,164 [INFO] IPUIPlugin:80 - create IPUIPlugin
2026-07-30 11:35:52,164 [INFO] IPUIPlugin:80 - create IPUIPlugin
2026-07-30 11:35:52,165 [INFO] IPUIPlugin:80 - create IPUIPlugin
2026-07-30 11:35:52,271 [INFO] ApiDbMcu:507 - Load IP Config File for PDM2PCM
2026-07-30 11:35:52,449 [INFO] CADModel:165 - CPN selected for project levelSTM32F411CEU6
2026-07-30 11:35:52,449 [INFO] CADModel:114 - Register for checkConnection events
2026-07-30 11:35:52,497 [INFO] OpenFileManager:328 - Restore cursor
2026-07-30 11:35:53,242 [INFO] UtilMem:75 - End SaveConfig() Used Memory: 618366136 Bytes (1073741824)
2026-07-30 11:35:53,327 [INFO] UtilMem:75 - End SaveConfig() Used Memory: 633995040 Bytes (1073741824)
2026-07-30 11:35:53,905 [INFO] BlockDiagram:2759 - set Specific Code input for plugin: NVIC
2026-07-30 11:35:53,906 [INFO] BlockDiagram:2759 - set Specific Code input for plugin: RCC
2026-07-30 11:35:53,907 [INFO] CodeGenerator:799 - code generatio: config db path: C:\ST\STM32CubeIDE_1.13.1\STM32CubeIDE\plugins\com.st.stm32cube.common.mx_6.9.1.202307191849\\db\
2026-07-30 11:35:54,262 [INFO] CodeEngine:255 - oldGeneratedFile, C:\Users\Admin\Documents\GitHub\Drone-RTOS\Source\005GPS_v2\MXTmpFiles\license.tmp_save
2026-07-30 11:35:54,648 [INFO] CodeEngine:279 - Generated code: C:\Users\Admin\Documents\GitHub\Drone-RTOS\Source\005GPS_v2\MXTmpFiles\license.tmp
2026-07-30 11:35:54,668 [INFO] CodeEngine:255 - oldGeneratedFile, C:\Users\Admin\Documents\GitHub\Drone-RTOS\Source\005GPS_v2\Core\Src\stm32f4xx_it.c_save
2026-07-30 11:35:54,921 [INFO] CodeEngine:279 - Generated code: C:\Users\Admin\Documents\GitHub\Drone-RTOS\Source\005GPS_v2\Core\Src\stm32f4xx_it.c
2026-07-30 11:35:54,926 [INFO] CodeEngine:255 - oldGeneratedFile, C:\Users\Admin\Documents\GitHub\Drone-RTOS\Source\005GPS_v2\Core\Inc\stm32f4xx_it.h_save
2026-07-30 11:35:55,076 [INFO] CodeEngine:279 - Generated code: C:\Users\Admin\Documents\GitHub\Drone-RTOS\Source\005GPS_v2\Core\Inc\stm32f4xx_it.h
2026-07-30 11:35:55,194 [INFO] CodeEngine:255 - oldGeneratedFile, C:\Users\Admin\Documents\GitHub\Drone-RTOS\Source\005GPS_v2\Core\Src\stm32f4xx_hal_msp.c_save
2026-07-30 11:35:55,378 [INFO] CodeEngine:279 - Generated code: C:\Users\Admin\Documents\GitHub\Drone-RTOS\Source\005GPS_v2\Core\Src\stm32f4xx_hal_msp.c
2026-07-30 11:35:55,384 [INFO] CodeEngine:255 - oldGeneratedFile, C:\Users\Admin\Documents\GitHub\Drone-RTOS\Source\005GPS_v2\MXTmpFiles\system.tmp_save
2026-07-30 11:35:55,508 [INFO] CodeEngine:279 - Generated code: C:\Users\Admin\Documents\GitHub\Drone-RTOS\Source\005GPS_v2\MXTmpFiles\system.tmp
2026-07-30 11:35:55,522 [INFO] CodeEngine:311 - oldGeneratedFile, C:\Users\Admin\Documents\GitHub\Drone-RTOS\Source\005GPS_v2\Core\Inc\stm32f4xx_hal_conf.h_save
2026-07-30 11:35:55,716 [INFO] CodeEngine:335 - Generated code: C:\Users\Admin\Documents\GitHub\Drone-RTOS\Source\005GPS_v2\Core\Inc\stm32f4xx_hal_conf.h
2026-07-30 11:35:55,784 [INFO] CodeEngine:255 - oldGeneratedFile, C:\Users\Admin\Documents\GitHub\Drone-RTOS\Source\005GPS_v2\Core\Inc\main.h_save
2026-07-30 11:35:55,913 [INFO] CodeEngine:279 - Generated code: C:\Users\Admin\Documents\GitHub\Drone-RTOS\Source\005GPS_v2\Core\Inc\main.h
2026-07-30 11:35:55,919 [INFO] CodeEngine:255 - oldGeneratedFile, C:\Users\Admin\Documents\GitHub\Drone-RTOS\Source\005GPS_v2\Core\Src\main.c_save
2026-07-30 11:35:56,082 [INFO] CodeEngine:279 - Generated code: C:\Users\Admin\Documents\GitHub\Drone-RTOS\Source\005GPS_v2\Core\Src\main.c
2026-07-30 11:35:56,623 [INFO] ProjectBuilder:3064 - Time for Copy HAL[1] : 144mS.
2026-07-30 11:35:56,630 [INFO] ProjectBuilder:4404 - Project Generator version: 4.1.0
2026-07-30 11:35:56,790 [INFO] ConfigFileManager:1457 - The Die is : DIE431
2026-07-30 11:35:56,799 [INFO] ApiDbMcu:507 - Load IP Config File for FATFS
2026-07-30 11:35:56,805 [INFO] ApiDbMcu:507 - Load IP Config File for FREERTOS
2026-07-30 11:35:56,808 [INFO] ApiDbMcu:507 - Load IP Config File for LIBJPEG
2026-07-30 11:35:56,814 [INFO] ApiDbMcu:507 - Load IP Config File for MBEDTLS
2026-07-30 11:35:56,821 [INFO] ApiDbMcu:507 - Load IP Config File for USB_DEVICE
2026-07-30 11:35:56,825 [INFO] ApiDbMcu:507 - Load IP Config File for USB_HOST
2026-07-30 11:35:57,575 [INFO] LogOutputStream:77 - [STDOUT_REDIRECT] 
2026-07-30 11:35:59,185 [INFO] ProjectBuilder:4626 - Time for Generating toolchain IDE Files: 2555mS.
2026-07-30 11:35:59,187 [INFO] ProjectBuilder:2935 - Time for Copy CMSIS : 1mS.
2026-07-30 11:35:59,191 [INFO] ProjectBuilder:2935 - Time for Copy CMSIS : 0mS.
2026-07-30 11:36:00,281 [INFO] McuFinderGlobals:76 - Set McuFinderConnectedMode to true
2026-07-30 11:36:00,284 [INFO] ApiDb:448 - Save user favorites file C:\Users\Admin/.stm32cubeide/favorites.mcus.txt: 4 item(s)
2026-07-30 11:36:00,284 [INFO] ApiDb:452 - User favorites MCUs=[STM32F103C8T6, STM32F405RGT6, STM32F411CEU6, STM32H523CET6]
2026-07-30 12:15:50,715 [INFO] UtilMem:75 - End SaveConfig() Used Memory: 838794552 Bytes (1073741824)
2026-07-30 12:15:53,375 [ERROR] LogOutputStream:75 - [STDERR_REDIRECT] 
2026-07-30 16:05:25,254 [INFO] Activator:176 - 


2026-07-30 16:05:25,256 [INFO] Activator:177 - !SESSION log4j initialized
2026-07-30 16:05:28,496 [INFO] LogOutputStream:77 - [STDOUT_REDIRECT] 
2026-07-30 16:05:29,298 [INFO] ApplicationProperties:184 - Using Application install path: C:\ST\STM32CubeIDE_1.13.1\STM32CubeIDE\plugins\com.st.stm32cube.common.mx_6.9.1.202307191849
2026-07-30 16:05:29,312 [INFO] DbMcusXml:78 - Set database path to: C:\ST\STM32CubeIDE_1.13.1\STM32CubeIDE\plugins\com.st.stm32cube.common.mx_6.9.1.202307191849\\db\/mcu/
2026-07-30 16:05:29,313 [INFO] ApiDb:274 - Set plugin database path to: C:\ST\STM32CubeIDE_1.13.1\STM32CubeIDE\plugins\com.st.stm32cube.common.mx_6.9.1.202307191849\\db\/plugins/boardmanager/
2026-07-30 16:05:29,313 [WARN] ApiDb:259 - Overriding images path with different value:  => C:\ST\STM32CubeIDE_1.13.1\STM32CubeIDE\plugins\com.st.stm32cube.common.mx_6.9.1.202307191849\\db\/plugins/mcufinder/images/
2026-07-30 16:05:29,319 [INFO] ApiDb:250 - Set database path to: C:\Users\Admin\.stmcufinder\plugins\mcufinder//mcu/
2026-07-30 16:05:29,320 [INFO] DbMcusAds:125 - Set database path to: C:\Users\Admin\.stmcufinder\plugins\mcufinder//mcu/
2026-07-30 16:05:29,321 [INFO] CrossReferenceDbSqlite:203 - Set database path to: C:\Users\Admin\.stmcufinder\plugins\mcufinder//mcu/cs/
2026-07-30 16:05:29,390 [INFO] RulesReader:64 - Compatibility file has been processed (293 Rules)
2026-07-30 16:05:29,444 [INFO] DbMcusXml:78 - Set database path to: C:\ST\STM32CubeIDE_1.13.1\STM32CubeIDE\plugins\com.st.stm32cube.common.mx_6.9.1.202307191849\\db\/mcu/
2026-07-30 16:05:29,444 [INFO] ApiDb:274 - Set plugin database path to: C:\ST\STM32CubeIDE_1.13.1\STM32CubeIDE\plugins\com.st.stm32cube.common.mx_6.9.1.202307191849\\db\/plugins/boardmanager/
2026-07-30 16:05:29,444 [INFO] ApiDb:261 - Set plugin images path to: C:\ST\STM32CubeIDE_1.13.1\STM32CubeIDE\plugins\com.st.stm32cube.common.mx_6.9.1.202307191849\\db\/plugins/mcufinder/images/
2026-07-30 16:05:29,445 [WARN] DbFile:41 - Overriding database path with different value: C:\Users\Admin\.stmcufinder\plugins\mcufinder/ => C:\Users\Admin\.stmcufinder\plugins\mcufinder
2026-07-30 16:05:29,445 [INFO] ApiDb:250 - Set database path to: C:\Users\Admin\.stmcufinder\plugins\mcufinder//mcu/
2026-07-30 16:05:29,445 [WARN] DbFile:41 - Overriding database path with different value: C:\Users\Admin\.stmcufinder\plugins\mcufinder/ => C:\Users\Admin\.stmcufinder\plugins\mcufinder
2026-07-30 16:05:29,445 [INFO] DbMcusAds:125 - Set database path to: C:\Users\Admin\.stmcufinder\plugins\mcufinder//mcu/
2026-07-30 16:05:29,445 [WARN] DbFile:41 - Overriding database path with different value: C:\Users\Admin\.stmcufinder\plugins\mcufinder/ => C:\Users\Admin\.stmcufinder\plugins\mcufinder
2026-07-30 16:05:29,445 [WARN] DbFile:41 - Overriding database path with different value: C:\Users\Admin\.stmcufinder\plugins\mcufinder/ => C:\Users\Admin\.stmcufinder\plugins\mcufinder
2026-07-30 16:05:29,445 [INFO] CrossReferenceDbSqlite:203 - Set database path to: C:\Users\Admin\.stmcufinder\plugins\mcufinder//mcu/cs/
2026-07-30 16:05:29,496 [INFO] MainPanel:262 - HeapMemory: 268435456
2026-07-30 16:05:29,544 [INFO] DbMcusXml:78 - Set database path to: C:\ST\STM32CubeIDE_1.13.1\STM32CubeIDE\plugins\com.st.stm32cube.common.mx_6.9.1.202307191849\\db\/mcu/
2026-07-30 16:05:29,544 [INFO] ApiDb:274 - Set plugin database path to: C:\ST\STM32CubeIDE_1.13.1\STM32CubeIDE\plugins\com.st.stm32cube.common.mx_6.9.1.202307191849\\db\/plugins/boardmanager/
2026-07-30 16:05:29,544 [INFO] ApiDb:261 - Set plugin images path to: C:\ST\STM32CubeIDE_1.13.1\STM32CubeIDE\plugins\com.st.stm32cube.common.mx_6.9.1.202307191849\\db\/plugins/mcufinder/images/
2026-07-30 16:05:29,544 [WARN] DbFile:41 - Overriding database path with different value: C:\Users\Admin\.stmcufinder\plugins\mcufinder/ => C:\Users\Admin\.stmcufinder\plugins\mcufinder
2026-07-30 16:05:29,544 [INFO] ApiDb:250 - Set database path to: C:\Users\Admin\.stmcufinder\plugins\mcufinder//mcu/
2026-07-30 16:05:29,544 [WARN] DbFile:41 - Overriding database path with different value: C:\Users\Admin\.stmcufinder\plugins\mcufinder/ => C:\Users\Admin\.stmcufinder\plugins\mcufinder
2026-07-30 16:05:29,544 [INFO] DbMcusAds:125 - Set database path to: C:\Users\Admin\.stmcufinder\plugins\mcufinder//mcu/
2026-07-30 16:05:29,544 [WARN] DbFile:41 - Overriding database path with different value: C:\Users\Admin\.stmcufinder\plugins\mcufinder/ => C:\Users\Admin\.stmcufinder\plugins\mcufinder
2026-07-30 16:05:29,545 [WARN] DbFile:41 - Overriding database path with different value: C:\Users\Admin\.stmcufinder\plugins\mcufinder/ => C:\Users\Admin\.stmcufinder\plugins\mcufinder
2026-07-30 16:05:29,545 [INFO] CrossReferenceDbSqlite:203 - Set database path to: C:\Users\Admin\.stmcufinder\plugins\mcufinder//mcu/cs/
2026-07-30 16:05:29,556 [INFO] ApplicationProperties:184 - Using Application install path: C:\ST\STM32CubeIDE_1.13.1\STM32CubeIDE\plugins\com.st.stm32cube.common.mx_6.9.1.202307191849
2026-07-30 16:05:29,557 [INFO] PluginManage:196 - Search for loadable plugins [exclusion list=, ]
2026-07-30 16:05:29,558 [INFO] PluginManage:310 - Check plugin analytics
2026-07-30 16:05:29,679 [INFO] AnalyticsPlugin:253 - Accepted Software Licenses: STM32CubeMX.6.18.0
2026-07-30 16:05:29,679 [INFO] AnalyticsPlugin:255 - Accepted CMSIS Pack Licenses: 
2026-07-30 16:05:29,680 [INFO] AnalyticsPlugin:257 - Accepted Firmware Licenses: FW.F4.1.27.0,FW.F4.1.28.0,FW.F4.1.28.3
2026-07-30 16:05:29,682 [INFO] PluginManage:359 - Loaded plugin analytics (category:tool,tabindex:-1)
2026-07-30 16:05:29,682 [INFO] PluginManage:310 - Check plugin cadmodel
2026-07-30 16:05:29,686 [INFO] CADModel:105 - Init CAD model plugin
2026-07-30 16:05:29,687 [INFO] PluginManage:359 - Loaded plugin cadmodel (category:power,tabindex:5)
2026-07-30 16:05:29,687 [INFO] PluginManage:310 - Check plugin clock
2026-07-30 16:05:29,693 [INFO] PluginManage:359 - Loaded plugin clock (category:base,tabindex:2)
2026-07-30 16:05:29,694 [INFO] PluginManage:310 - Check plugin ddr
2026-07-30 16:05:29,695 [INFO] PluginManage:359 - Loaded plugin ddr (category:tool,tabindex:6)
2026-07-30 16:05:29,695 [INFO] PluginManage:310 - Check plugin filemanager
2026-07-30 16:05:29,780 [INFO] PluginManage:359 - Loaded plugin filemanager (category:base,tabindex:10)
2026-07-30 16:05:29,781 [INFO] PluginManage:310 - Check plugin ipmanager
2026-07-30 16:05:29,785 [INFO] PluginManage:359 - Loaded plugin ipmanager (category:base,tabindex:5)
2026-07-30 16:05:29,785 [INFO] PluginManage:310 - Check plugin lpbam
2026-07-30 16:05:29,792 [INFO] PluginManage:359 - Loaded plugin lpbam (category:base,tabindex:0)
2026-07-30 16:05:29,792 [INFO] PluginManage:310 - Check plugin memorymap
2026-07-30 16:05:29,800 [INFO] PluginManage:359 - Loaded plugin memorymap (category:base,tabindex:4)
2026-07-30 16:05:29,800 [INFO] PluginManage:310 - Check plugin pinoutandconfiguration
2026-07-30 16:05:29,805 [INFO] PluginManage:359 - Loaded plugin pinoutandconfiguration (category:base,tabindex:1)
2026-07-30 16:05:29,805 [INFO] PluginManage:310 - Check plugin pinoutconfig
2026-07-30 16:05:29,866 [WARN] SupportedApi:132 - Cannot load RTOS API schema: s4s-elt-must-match.1: The content of 'definitions' must match (annotation?, (simpleType | complexType)?, (unique | key | keyref)*)). A problem was found starting at: attribute.
2026-07-30 16:05:29,954 [INFO] PluginManage:359 - Loaded plugin pinoutconfig (category:base,tabindex:0)
2026-07-30 16:05:29,954 [INFO] PluginManage:310 - Check plugin power
2026-07-30 16:05:29,962 [INFO] PluginManage:359 - Loaded plugin power (category:power,tabindex:4)
2026-07-30 16:05:29,962 [INFO] PluginManage:310 - Check plugin projectmanager
2026-07-30 16:05:29,972 [INFO] PluginManage:359 - Loaded plugin projectmanager (category:projectmanager,tabindex:3)
2026-07-30 16:05:29,972 [INFO] PluginManage:310 - Check plugin thirdparty
2026-07-30 16:05:30,052 [INFO] PluginManage:359 - Loaded plugin thirdparty (category:base,tabindex:-1)
2026-07-30 16:05:30,052 [WARN] IntegrityCheckThread:84 - waiting for thirdparty lock release [integrity check]
2026-07-30 16:05:30,053 [INFO] PluginManage:310 - Check plugin tools
2026-07-30 16:05:30,053 [INFO] IntegrityCheckThread:86 - entering critical section [integrity check]
2026-07-30 16:05:30,053 [INFO] ThirdPartyUpdaterWithRetryManager:70 - Updater plugin not ready yet. [1/15]
2026-07-30 16:05:30,055 [INFO] PluginManage:359 - Loaded plugin tools (category:base,tabindex:7)
2026-07-30 16:05:30,055 [INFO] PluginManage:310 - Check plugin tutovideos
2026-07-30 16:05:30,168 [INFO] PluginManage:359 - Loaded plugin tutovideos (category:base,tabindex:-1)
2026-07-30 16:05:30,168 [INFO] PluginManage:310 - Check plugin updater
2026-07-30 16:05:30,176 [INFO] PluginManage:359 - Loaded plugin updater (category:base,tabindex:12)
2026-07-30 16:05:30,176 [INFO] PluginManage:310 - Check plugin userauth
2026-07-30 16:05:30,179 [INFO] UserAuth:113 - Init User Auth plugin
2026-07-30 16:05:30,179 [INFO] PluginManage:359 - Loaded plugin userauth (category:base,tabindex:14)
2026-07-30 16:05:30,179 [INFO] PluginManage:283 - PluginManage : Loaded plugins [17]
2026-07-30 16:05:30,319 [INFO] PinOutPanel:1499 - setPackage(No Configuration,No Configuration)
2026-07-30 16:05:30,389 [INFO] CADModel:165 - CPN selected for project level
2026-07-30 16:05:30,389 [INFO] CADModel:114 - Register for checkConnection events
2026-07-30 16:05:30,401 [INFO] IPUIPlugin:80 - create IPUIPlugin
2026-07-30 16:05:30,401 [INFO] PluginManager:220 - loadIPPluginJar : add adc
2026-07-30 16:05:30,404 [INFO] IPUIPlugin:80 - create IPUIPlugin
2026-07-30 16:05:30,404 [INFO] PluginManager:220 - loadIPPluginJar : add aes
2026-07-30 16:05:30,406 [INFO] IPUIPlugin:80 - create IPUIPlugin
2026-07-30 16:05:30,406 [INFO] PluginManager:220 - loadIPPluginJar : add can
2026-07-30 16:05:30,407 [INFO] IPUIPlugin:80 - create IPUIPlugin
2026-07-30 16:05:30,407 [INFO] PluginManager:220 - loadIPPluginJar : add comp
2026-07-30 16:05:30,409 [INFO] IPUIPlugin:80 - create IPUIPlugin
2026-07-30 16:05:30,409 [INFO] PluginManager:220 - loadIPPluginJar : add cryp
2026-07-30 16:05:30,410 [INFO] IPUIPlugin:80 - create IPUIPlugin
2026-07-30 16:05:30,410 [INFO] PluginManager:220 - loadIPPluginJar : add dfsdm
2026-07-30 16:05:30,414 [INFO] IPUIPlugin:80 - create IPUIPlugin
2026-07-30 16:05:30,415 [INFO] PluginManager:220 - loadIPPluginJar : add dma
2026-07-30 16:05:30,416 [INFO] IPUIPlugin:80 - create IPUIPlugin
2026-07-30 16:05:30,416 [INFO] PluginManager:220 - loadIPPluginJar : add dma3
2026-07-30 16:05:30,417 [INFO] IPUIPlugin:80 - create IPUIPlugin
2026-07-30 16:05:30,417 [INFO] PluginManager:220 - loadIPPluginJar : add fatfs
2026-07-30 16:05:30,421 [INFO] IPUIPlugin:80 - create IPUIPlugin
2026-07-30 16:05:30,421 [INFO] PluginManager:220 - loadIPPluginJar : add fmc
2026-07-30 16:05:30,424 [INFO] IPUIPlugin:80 - create IPUIPlugin
2026-07-30 16:05:30,424 [INFO] PluginManager:220 - loadIPPluginJar : add freertos
2026-07-30 16:05:30,425 [INFO] IPUIPlugin:80 - create IPUIPlugin
2026-07-30 16:05:30,425 [INFO] PluginManager:220 - loadIPPluginJar : add genericplugin
2026-07-30 16:05:30,426 [INFO] IPUIPlugin:80 - create IPUIPlugin
2026-07-30 16:05:30,426 [INFO] PluginManager:220 - loadIPPluginJar : add gfxmmu
2026-07-30 16:05:30,429 [INFO] IPUIPlugin:80 - create IPUIPlugin
2026-07-30 16:05:30,430 [INFO] PluginManager:220 - loadIPPluginJar : add gic
2026-07-30 16:05:30,432 [INFO] IPUIPlugin:80 - create IPUIPlugin
2026-07-30 16:05:30,432 [INFO] PluginManager:220 - loadIPPluginJar : add gpio
2026-07-30 16:05:30,434 [INFO] IPUIPlugin:80 - create IPUIPlugin
2026-07-30 16:05:30,434 [INFO] PluginManager:220 - loadIPPluginJar : add gtzc
2026-07-30 16:05:30,435 [INFO] IPUIPlugin:80 - create IPUIPlugin
2026-07-30 16:05:30,435 [INFO] PluginManager:220 - loadIPPluginJar : add hash
2026-07-30 16:05:30,437 [INFO] IPUIPlugin:80 - create IPUIPlugin
2026-07-30 16:05:30,437 [INFO] PluginManager:220 - loadIPPluginJar : add i2c
2026-07-30 16:05:30,438 [INFO] IPUIPlugin:80 - create IPUIPlugin
2026-07-30 16:05:30,438 [INFO] PluginManager:220 - loadIPPluginJar : add i2s
2026-07-30 16:05:30,440 [INFO] IPUIPlugin:80 - create IPUIPlugin
2026-07-30 16:05:30,440 [INFO] PluginManager:220 - loadIPPluginJar : add i3c
2026-07-30 16:05:30,443 [INFO] IPUIPlugin:80 - create IPUIPlugin
2026-07-30 16:05:30,443 [INFO] PluginManager:220 - loadIPPluginJar : add ipddr
2026-07-30 16:05:30,447 [INFO] IPUIPlugin:80 - create IPUIPlugin
2026-07-30 16:05:30,447 [INFO] PluginManager:220 - loadIPPluginJar : add linkedlist
2026-07-30 16:05:30,449 [INFO] IPUIPlugin:80 - create IPUIPlugin
2026-07-30 16:05:30,449 [INFO] PluginManager:220 - loadIPPluginJar : add lorawan
2026-07-30 16:05:30,450 [INFO] IPUIPlugin:80 - create IPUIPlugin
2026-07-30 16:05:30,450 [INFO] PluginManager:220 - loadIPPluginJar : add ltdc
2026-07-30 16:05:30,454 [INFO] IPUIPlugin:80 - create IPUIPlugin
2026-07-30 16:05:30,454 [INFO] PluginManager:220 - loadIPPluginJar : add mdma
2026-07-30 16:05:30,456 [INFO] IPUIPlugin:80 - create IPUIPlugin
2026-07-30 16:05:30,456 [INFO] PluginManager:220 - loadIPPluginJar : add nvic
2026-07-30 16:05:30,458 [INFO] IPUIPlugin:80 - create IPUIPlugin
2026-07-30 16:05:30,458 [INFO] PluginManager:220 - loadIPPluginJar : add opamp
2026-07-30 16:05:30,460 [INFO] IPUIPlugin:80 - create IPUIPlugin
2026-07-30 16:05:30,460 [INFO] PluginManager:220 - loadIPPluginJar : add openamp
2026-07-30 16:05:30,462 [INFO] IPUIPlugin:80 - create IPUIPlugin
2026-07-30 16:05:30,462 [INFO] PluginManager:220 - loadIPPluginJar : add pdm2pcm
2026-07-30 16:05:30,466 [INFO] IPUIPlugin:80 - create IPUIPlugin
2026-07-30 16:05:30,468 [INFO] PluginManager:220 - loadIPPluginJar : add plateformsettings
2026-07-30 16:05:30,469 [INFO] IPUIPlugin:80 - create IPUIPlugin
2026-07-30 16:05:30,469 [INFO] PluginManager:220 - loadIPPluginJar : add quadspi
2026-07-30 16:05:30,471 [INFO] IPUIPlugin:80 - create IPUIPlugin
2026-07-30 16:05:30,471 [INFO] PluginManager:220 - loadIPPluginJar : add resmgrutility
2026-07-30 16:05:30,473 [INFO] IPUIPlugin:80 - create IPUIPlugin
2026-07-30 16:05:30,473 [INFO] PluginManager:220 - loadIPPluginJar : add sai
2026-07-30 16:05:30,474 [INFO] IPUIPlugin:80 - create IPUIPlugin
2026-07-30 16:05:30,474 [INFO] PluginManager:220 - loadIPPluginJar : add spi
2026-07-30 16:05:30,478 [INFO] IPUIPlugin:80 - create IPUIPlugin
2026-07-30 16:05:30,478 [INFO] PluginManager:220 - loadIPPluginJar : add stm32_wpan
2026-07-30 16:05:30,479 [INFO] IPUIPlugin:80 - create IPUIPlugin
2026-07-30 16:05:30,479 [INFO] PluginManager:220 - loadIPPluginJar : add tim
2026-07-30 16:05:30,481 [INFO] IPUIPlugin:80 - create IPUIPlugin
2026-07-30 16:05:30,481 [INFO] PluginManager:220 - loadIPPluginJar : add touchsensing
2026-07-30 16:05:30,482 [INFO] IPUIPlugin:80 - create IPUIPlugin
2026-07-30 16:05:30,482 [INFO] PluginManager:220 - loadIPPluginJar : add tracer_emb
2026-07-30 16:05:30,483 [INFO] IPUIPlugin:80 - create IPUIPlugin
2026-07-30 16:05:30,483 [INFO] PluginManager:220 - loadIPPluginJar : add ts
2026-07-30 16:05:30,484 [INFO] IPUIPlugin:80 - create IPUIPlugin
2026-07-30 16:05:30,484 [INFO] PluginManager:220 - loadIPPluginJar : add tsc
2026-07-30 16:05:30,485 [INFO] IPUIPlugin:80 - create IPUIPlugin
2026-07-30 16:05:30,486 [INFO] PluginManager:220 - loadIPPluginJar : add ucpd
2026-07-30 16:05:30,487 [INFO] IPUIPlugin:80 - create IPUIPlugin
2026-07-30 16:05:30,487 [INFO] PluginManager:220 - loadIPPluginJar : add usart
2026-07-30 16:05:30,489 [INFO] IPUIPlugin:80 - create IPUIPlugin
2026-07-30 16:05:30,489 [INFO] PluginManager:220 - loadIPPluginJar : add usbx
2026-07-30 16:05:30,598 [INFO] CADModel:165 - CPN selected for project level
2026-07-30 16:05:30,598 [INFO] CADModel:114 - Register for checkConnection events
2026-07-30 16:05:30,598 [FATAL] Updater:308 - Updater called before beeing initialized
2026-07-30 16:05:30,598 [ERROR] CADModel:125 - Updater not yet initialized, retry later 
2026-07-30 16:05:30,695 [INFO] CADModel:165 - CPN selected for project level
2026-07-30 16:05:30,695 [INFO] CADModel:114 - Register for checkConnection events
2026-07-30 16:05:30,695 [FATAL] Updater:308 - Updater called before beeing initialized
2026-07-30 16:05:30,695 [ERROR] CADModel:125 - Updater not yet initialized, retry later 
2026-07-30 16:05:30,698 [FATAL] Updater:308 - Updater called before beeing initialized
2026-07-30 16:05:30,764 [FATAL] Updater:308 - Updater called before beeing initialized
2026-07-30 16:05:30,768 [INFO] DbMcusAds:53 - JSON generation date=Wed Jul 15 16:46:00 GMT+07:00 2026 (1784108760991)
2026-07-30 16:05:30,768 [FATAL] Updater:308 - Updater called before beeing initialized
2026-07-30 16:05:30,792 [WARN] DetailPanel:346 - Failed to get advertising image, set to default
2026-07-30 16:05:30,871 [FATAL] Updater:308 - Updater called before beeing initialized
2026-07-30 16:05:30,872 [FATAL] Updater:308 - Updater called before beeing initialized
2026-07-30 16:05:30,872 [FATAL] Updater:308 - Updater called before beeing initialized
2026-07-30 16:05:30,873 [WARN] DetailPanel:346 - Failed to get advertising image, set to default
2026-07-30 16:05:30,873 [FATAL] Updater:308 - Updater called before beeing initialized
2026-07-30 16:05:30,904 [ERROR] Updater:1120 - MainUpdater not yet initialized. External WinMGr cannot be set.
2026-07-30 16:05:30,905 [INFO] Updater:1056 - Updater Version found : 6.9.1
2026-07-30 16:05:30,918 [INFO] ApplicationProperties:184 - Using Application install path: C:\ST\STM32CubeIDE_1.13.1\STM32CubeIDE\plugins\com.st.stm32cube.common.mx_6.9.1.202307191849
2026-07-30 16:05:31,023 [INFO] MainUpdater:2868 - connection check result : 10
2026-07-30 16:05:31,023 [INFO] MainUpdater:285 - Updater Check For Update Now.
2026-07-30 16:05:31,024 [INFO] MicroXplorer:498 - Change Database Version : DB.6.0.91
2026-07-30 16:05:31,036 [INFO] McuFinderGlobals:63 - Set McuFinder mode to 2 (CubeIDE integrated)
2026-07-30 16:05:31,037 [INFO] UserAuth:179 - activating auth plugin
2026-07-30 16:05:31,040 [INFO] UserAuth:393 - Internet connection configuration mode: 1
2026-07-30 16:05:31,055 [INFO] JxBrowserEngine:151 - Initiate JxBrowser Engine with user profile folder
2026-07-30 16:05:31,207 [INFO] CheckServerUpdateThread:120 - End of CheckServer Thread
2026-07-30 16:05:31,452 [INFO] WebApp:157 - Instantiating new browser for Auth
2026-07-30 16:05:31,795 [INFO] WebApp:753 - Register for checkConnection events
2026-07-30 16:05:31,795 [INFO] WebApp:390 - Apply proxy settings
2026-07-30 16:05:31,795 [INFO] WebApp:475 - Chromium requires no authentication
2026-07-30 16:05:31,799 [INFO] WebApp:418 - Direct internet connection detected
2026-07-30 16:05:31,899 [INFO] WebApp:188 - Starting web application
2026-07-30 16:05:31,900 [INFO] WebApp:520 - Web application path used C:\ST\STM32CubeIDE_1.13.1\STM32CubeIDE\plugins\com.st.stm32cube.common.mx_6.9.1.202307191849\db\plugins\mcufinder\reactClient1\index.html
2026-07-30 16:05:33,190 [WARN] PackLoader:240 - Cannot read IP mode file for STMicroelectronics.FP-ATR-ASTRA1.2.0.3
2026-07-30 16:05:33,194 [WARN] PackLoader:240 - Cannot read IP mode file for STMicroelectronics.FP-ATR-ASTRA1.2.0.2
2026-07-30 16:05:33,198 [ERROR] Engine:466 - C:\Users\Admin\.stm32cubemx\thirdparties\pdsc\STMicroelectronics.X-CUBE-SMBUS.2.1.1.pdsc: PDSC version is not supported
2026-07-30 16:05:33,201 [WARN] PackLoader:240 - Cannot read IP mode file for STMicroelectronics.X-CUBE-SMBUS.2.1.0
2026-07-30 16:05:33,223 [WARN] PackLoader:240 - Cannot read IP mode file for STMicroelectronics.X-CUBE-AZRTOS-F7.1.1.0
2026-07-30 16:05:33,230 [ERROR] Engine:466 - C:\Users\Admin\.stm32cubemx\thirdparties\pdsc\STMicroelectronics.X-CUBE-FREERTOS.1.6.0.pdsc: PDSC version is not supported
2026-07-30 16:05:33,255 [WARN] PackLoader:240 - Cannot read IP mode file for STMicroelectronics.X-CUBE-AZRTOS-H7RS.1.3.0
2026-07-30 16:05:33,264 [ERROR] Engine:466 - C:\Users\Admin\.stm32cubemx\thirdparties\pdsc\WES.I-CUBE-Cesium.1.4.0.pdsc: PDSC version is not supported
2026-07-30 16:05:33,273 [WARN] PackLoader:240 - Cannot read IP mode file for STMicroelectronics.X-CUBE-DISPLAY.3.0.0
2026-07-30 16:05:33,283 [WARN] PackLoader:240 - Cannot read IP mode file for wolfSSL.I-CUBE-wolfSSL.5.9.1
2026-07-30 16:05:33,290 [WARN] PackLoader:240 - Cannot read IP mode file for emotas.I-CUBE-CANOPEN.1.3.0
2026-07-30 16:05:33,293 [ERROR] Engine:466 - C:\Users\Admin\.stm32cubemx\thirdparties\pdsc\STMicroelectronics.X-CUBE-WBA.1.1.0.pdsc: PDSC version is not supported
2026-07-30 16:05:33,303 [INFO] LogOutputStream:77 - [STDOUT_REDIRECT] 1 : Invalid condition id : UX_CORESTACK_Condition cause : null
2026-07-30 16:05:33,304 [INFO] LogOutputStream:77 - [STDOUT_REDIRECT] 1 : Invalid condition id : UX_CORESTACK_Condition cause : null
2026-07-30 16:05:33,304 [INFO] LogOutputStream:77 - [STDOUT_REDIRECT] 1 : Invalid condition id : UX_CORESTACK_Condition cause : null
2026-07-30 16:05:33,306 [INFO] LogOutputStream:77 - [STDOUT_REDIRECT] 1 : Invalid condition id : UX_CORESTACK_Condition cause : null
2026-07-30 16:05:33,306 [INFO] LogOutputStream:77 - [STDOUT_REDIRECT] 1 : Invalid condition id : UX_CORESTACK_Condition cause : null
2026-07-30 16:05:33,309 [WARN] PackLoader:240 - Cannot read IP mode file for STMicroelectronics.X-CUBE-AZRTOS-WL.2.0.0
2026-07-30 16:05:33,331 [WARN] PackLoader:240 - Cannot read IP mode file for STMicroelectronics.X-CUBE-AZRTOS-H7RS.1.2.0
2026-07-30 16:05:33,344 [WARN] PackLoader:240 - Cannot read IP mode file for STMicroelectronics.X-CUBE-BLE2.3.3.0
2026-07-30 16:05:33,347 [ERROR] Engine:466 - C:\Users\Admin\.stm32cubemx\thirdparties\pdsc\Avnet-IOTCONNECT.X-CUBE-iotc-st67-sdk.1.0.0.pdsc: PDSC version is not supported
2026-07-30 16:05:33,353 [ERROR] Engine:466 - C:\Users\Admin\.stm32cubemx\thirdparties\pdsc\Infineon.AIROC-Wi-Fi-Bluetooth-STM32.1.8.0.pdsc: PDSC version is not supported
2026-07-30 16:05:33,357 [WARN] PackLoader:240 - Cannot read IP mode file for wolfSSL.I-CUBE-wolfMQTT.1.19.2
2026-07-30 16:05:33,374 [WARN] PackLoader:240 - Cannot read IP mode file for STMicroelectronics.X-CUBE-AZRTOS-G0.1.1.0
2026-07-30 16:05:33,383 [WARN] PackLoader:240 - Cannot read IP mode file for STMicroelectronics.X-CUBE-NFC4.3.0.0
2026-07-30 16:05:33,387 [ERROR] Engine:466 - C:\Users\Admin\.stm32cubemx\thirdparties\pdsc\EmbeddedOffice.I-CUBE-FS-RTOS.1.0.1.pdsc: PDSC version is not supported
2026-07-30 16:05:33,392 [WARN] PackLoader:240 - Cannot read IP mode file for wolfSSL.I-CUBE-wolfTPM.3.8.0
2026-07-30 16:05:33,395 [ERROR] Engine:466 - C:\Users\Admin\.stm32cubemx\thirdparties\pdsc\RealThread.X-CUBE-RT-Thread_Nano.4.1.1.pdsc: PDSC version is not supported
2026-07-30 16:05:33,399 [WARN] PackLoader:240 - Cannot read IP mode file for STMicroelectronics.FP-ATR-SIGFOX1.3.2.0
2026-07-30 16:05:33,402 [ERROR] Engine:466 - C:\Users\Admin\.stm32cubemx\thirdparties\pdsc\STMicroelectronics.X-CUBE-FREERTOS.1.5.0.pdsc: PDSC version is not supported
2026-07-30 16:05:33,407 [WARN] PackLoader:240 - Cannot read IP mode file for ITTIA_DB.I-CUBE-ITTIADB.8.9.0
2026-07-30 16:05:33,410 [ERROR] Engine:466 - C:\Users\Admin\.stm32cubemx\thirdparties\pdsc\Cesanta.I-CUBE-Mongoose.7.21.7.pdsc: PDSC version is not supported
2026-07-30 16:05:33,413 [WARN] PackLoader:240 - Cannot read IP mode file for STMicroelectronics.X-CUBE-AI.10.2.1
2026-07-30 16:05:33,455 [WARN] PackLoader:240 - Cannot read IP mode file for STMicroelectronics.X-CUBE-MEMS1.12.1.0
2026-07-30 16:05:33,555 [WARN] PackLoader:240 - Cannot read IP mode file for SEGGER.I-CUBE-embOS.1.3.1
2026-07-30 16:05:33,590 [WARN] PackLoader:240 - Cannot read IP mode file for STMicroelectronics.X-CUBE-ALGOBUILD.1.4.0
2026-07-30 16:05:33,596 [WARN] PackLoader:240 - Cannot read IP mode file for STMicroelectronics.X-CUBE-NFC13.1.0.0
2026-07-30 16:05:33,609 [WARN] PackLoader:240 - Cannot read IP mode file for STMicroelectronics.X-CUBE-AZRTOS-F4.1.1.0
2026-07-30 16:05:33,616 [ERROR] Engine:466 - C:\Users\Admin\.stm32cubemx\thirdparties\pdsc\STMicroelectronics.eDS-WB_DPC_TT-BIDIR.2.1.1.pdsc: PDSC version is not supported
2026-07-30 16:05:33,621 [WARN] PackLoader:240 - Cannot read IP mode file for STMicroelectronics.X-CUBE-ALGOBUILD.1.5.0
2026-07-30 16:05:33,654 [WARN] PackLoader:240 - Cannot read IP mode file for STMicroelectronics.X-CUBE-MEMS1.13.0.0
2026-07-30 16:05:33,711 [ERROR] Engine:466 - C:\Users\Admin\.stm32cubemx\thirdparties\pdsc\STMicroelectronics.eDS-WB_DPC_3PH2L-BIDIR.1.1.1.pdsc: PDSC version is not supported
2026-07-30 16:05:33,716 [WARN] PackLoader:240 - Cannot read IP mode file for STMicroelectronics.X-CUBE-TOUCHGFX.4.26.1
2026-07-30 16:05:33,728 [WARN] ConditionMgr:438 - getConditionDescription Invalid condition id : LAN8742 Phy interface Condition cause : null
2026-07-30 16:05:33,728 [WARN] PackLoader:240 - Cannot read IP mode file for STMicroelectronics.X-CUBE-AZRTOS-L4.2.0.0
2026-07-30 16:05:33,729 [WARN] ConditionMgr:1039 - genDependencies : Invalid condition id : LAN8742 Phy interface Condition cause : null
2026-07-30 16:05:33,730 [WARN] ConditionMgr:1039 - genDependencies : Invalid condition id : LAN8742 Phy interface Condition cause : null
2026-07-30 16:05:33,730 [WARN] ConditionMgr:1039 - genDependencies : Invalid condition id : LAN8742 Phy interface Condition cause : null
2026-07-30 16:05:33,736 [WARN] PackLoader:240 - Cannot read IP mode file for STMicroelectronics.X-CUBE-SFXS2LP1.4.0.0
2026-07-30 16:05:33,740 [ERROR] Engine:466 - C:\Users\Admin\.stm32cubemx\thirdparties\pdsc\quantropi.X-CUBE-qispace-sdk-base.2.1.0.pdsc: PDSC version is not supported
2026-07-30 16:05:33,760 [WARN] PackLoader:240 - Cannot read IP mode file for STMicroelectronics.X-CUBE-SUBG2.5.0.0
2026-07-30 16:05:33,776 [WARN] PackLoader:240 - Cannot read IP mode file for STMicroelectronics.X-CUBE-AZRTOS-G4.2.0.0
2026-07-30 16:05:33,782 [WARN] PackLoader:240 - Cannot read IP mode file for wolfSSL.I-CUBE-wolfSSH.1.4.20
2026-07-30 16:05:33,783 [INFO] ThirdParty:978 - Integrity check success = true
2026-07-30 16:05:33,783 [INFO] IntegrityCheckThread:100 - exiting critical section [integrity check]
2026-07-30 16:05:33,784 [INFO] IntegrityCheckThread:103 - End integrity checks thread
2026-07-30 16:05:52,407 [ERROR] LogOutputStream:75 - [STDERR_REDIRECT] SLF4J: Failed to load class "org.slf4j.impl.StaticLoggerBinder".
2026-07-30 16:05:52,407 [ERROR] LogOutputStream:75 - [STDERR_REDIRECT] SLF4J: Defaulting to no-operation (NOP) logger implementation
2026-07-30 16:05:52,408 [ERROR] LogOutputStream:75 - [STDERR_REDIRECT] SLF4J: See http://www.slf4j.org/codes.html#StaticLoggerBinder for further details.
2026-07-30 16:06:12,464 [INFO] McuFinderGlobals:63 - Set McuFinder mode to 2 (CubeIDE integrated)
2026-07-30 16:06:12,466 [INFO] MainUpdater:2868 - connection check result : 10
2026-07-30 16:06:12,467 [INFO] McuFinderGlobals:76 - Set McuFinderConnectedMode to true
2026-07-30 16:06:12,733 [INFO] ServerAccessManage:473 - Download File mcusAds.json._tmp_
2026-07-30 16:06:12,843 [INFO] LoadUrlFilesThread:156 - End of LoadUrlFiles Thread
2026-07-30 16:06:12,969 [INFO] ServerAccessManage:473 - Download File cube-finder-db.zip
2026-07-30 16:06:18,207 [INFO] FileExtend:240 - Unzip File : cube-finder-db.zip
2026-07-30 16:06:18,208 [INFO] FileExtend:255 - Standard Zip Deflate
2026-07-30 16:06:18,732 [INFO] LoadUrlFilesThread:156 - End of LoadUrlFiles Thread
2026-07-30 16:06:39,860 [ERROR] ServerAccessManage:1172 - Problem during Server Connection :  IO error Connection timed out: no further information
2026-07-30 16:06:39,860 [ERROR] ServerAccessManage:651 - Problem during Server Connection :  : crdb.zip.
2026-07-30 16:06:53,493 [INFO] LoadUrlFilesThread:156 - End of LoadUrlFiles Thread
2026-07-30 16:06:55,024 [INFO] DbMcusAds:53 - JSON generation date=Wed Jul 15 16:46:00 GMT+07:00 2026 (1784108760991)
2026-07-30 16:06:55,036 [ERROR] TargetSelectorAdapter:267 - Unable to refresh data
2026-07-30 16:06:55,169 [INFO] ApiDb:581 - Connected to CubeFinder SQLite database (C:\Users\Admin\.stmcufinder\plugins\mcufinder\mcu\cube-finder-db.db)
2026-07-30 16:06:55,237 [INFO] ApiDb:668 - CubeFinder database Data Model version=2.1
2026-07-30 16:06:55,238 [INFO] ApiDb:669 - CubeFinder database Configuration version=3.0.42
2026-07-30 16:06:55,238 [INFO] ApiDb:670 - CubeFinder database generation date=2026-06-23 (1782213372)
2026-07-30 16:06:55,238 [INFO] ApiDb:671 - CubeFinder database FW Pack versions=[FP-ATR-ASTRA1_V2.0.0, FP-SNS-FLIGHT1_V5.1.0, FP-SNS-MOTENV1_V5.1.0, FP-SNS-MOTENVWB1_V1.5.0, FP-SNS-SMARTAG2_V1.2.0, FP-SNS-STBOX1_V2.1.0, STM32Cube_FW_C0_V1.4.0, STM32Cube_FW_F4_V1.28.3, STM32Cube_FW_F7_V1.17.4, STM32Cube_FW_G0_V1.6.3, STM32Cube_FW_G4_V1.6.2, STM32Cube_FW_H5_V1.7.0, STM32Cube_FW_H7RS_V1.3.0, STM32Cube_FW_H7_V1.13.0, STM32Cube_FW_L0_V1.12.2, STM32Cube_FW_L4_V1.18.2, STM32Cube_FW_L5_V1.6.0, STM32Cube_FW_N6_V1.4.0, STM32Cube_FW_U0_V1.3.0, STM32Cube_FW_U3_V1.4.0, STM32Cube_FW_U5_V1.9.0, STM32Cube_FW_WB0_V1.5.0, STM32Cube_FW_WBA_V1.10.0, STM32Cube_FW_WB_V1.24.0, STM32Cube_FW_WL3_V1.5.0, STM32Cube_FW_WL_V1.6.0, X-CUBE-ALGOBUILD_V1.5.0, X-CUBE-ALS_V1.0.2, X-CUBE-AZRTOS-F4_V1.1.0, X-CUBE-AZRTOS-F7_V1.1.0, X-CUBE-AZRTOS-G0_V1.1.0, X-CUBE-AZRTOS-G4_V2.0.0, X-CUBE-AZRTOS-H7RS_V1.1.0, X-CUBE-AZRTOS-H7_V3.5.0, X-CUBE-AZRTOS-L4_V2.0.0, X-CUBE-AZRTOS-L5_V2.0.0, X-CUBE-AZRTOS-WB_V2.0.0, X-CUBE-AZRTOS-WL_V2.0.0, X-CUBE-BLE1_V7.1.0, X-CUBE-BLE2_V3.3.0, X-CUBE-BLEMGR_V4.1.0, X-CUBE-EEPRMA1_V5.2.0, X-CUBE-FREERTOS_V1.5.0, X-CUBE-GNSS1_V7.1.1, X-CUBE-MEMS1_V12.1.0, X-CUBE-NFC4_V3.0.0, X-CUBE-NFC7_V2.0.0, X-CUBE-SFXS2LP1_V4.0.0, X-CUBE-ST67W61_V1.3.0, X-CUBE-SUBG2_V5.0.0, X-CUBE-TOF1_V3.4.3]
2026-07-30 16:06:55,286 [INFO] DbBoardsSqlite:226 - include board P-NUCLEO-WB55-NUCLEO as a kit item of type 'Nucleo-64'
2026-07-30 16:06:55,286 [INFO] DbBoardsSqlite:226 - include board P-NUCLEO-WB55-USBDONGLE as a kit item of type 'Nucleo USB Dongle'
2026-07-30 16:06:55,286 [INFO] DbBoardsSqlite:226 - include board STEVAL-IDP005V1 as a kit item of type 'Evaluation Board'
2026-07-30 16:06:55,287 [INFO] DbBoardsSqlite:226 - include board STEVAL-IDP005V2 as a kit item of type 'Evaluation Board'
2026-07-30 16:06:55,349 [INFO] ApiDb:240 - Found 323 in-development CPN: [B-G473E-ZEST1S, B-WB1M-WPAN1, B-WL5M-SUBG1, NUCLEO-C031C6, NUCLEO-H503RB, NUCLEO-H563ZI, NUCLEO-U545RE-Q, NUCLEO-U5A5ZJ-Q, NUCLEO-WBA52CG, STEVAL-PROTEUS1, STEVAL-SMARTAG2, STEVAL-STWINBX1, STM320518-EVAL, STM32C0116-DK, STM32C011D6Y3TR, STM32C011D6Y6TR, STM32C011F4P3, STM32C011F4P6, STM32C011F4U3, STM32C011F4U6TR, STM32C011F6P3, STM32C011F6P6, STM32C011F6U3, STM32C011F6U6TR, STM32C011J4M3, STM32C011J4M6, STM32C011J6M3, STM32C011J6M6, STM32C0316-DK, STM32C031C4T3, STM32C031C4T6, STM32C031C4U3, STM32C031C4U6, STM32C031C6T3, STM32C031C6T6, STM32C031C6U3, STM32C031C6U6, STM32C031F4P3, STM32C031F4P6, STM32C031F6P3, STM32C031F6P6, STM32C031G4U3, STM32C031G4U6, STM32C031G6U3, STM32C031G6U6, STM32C031K4T3, STM32C031K4T6, STM32C031K4U3, STM32C031K4U6, STM32C031K6T3, STM32C031K6T6, STM32C031K6U3, STM32C031K6U6, STM32G071K8TXN, STM32G071K8UXN, STM32G081GBU6N, STM32G081KBT6N, STM32G081KBUXN, STM32G0B1CCT6N, STM32G0B1KCT6, STM32G0B1NEY6TR, STM32G0B1RCT6N, STM32G0C1CCT6, STM32G0C1CCT6N, STM32G0C1CCU6N, STM32G0C1CET6N, STM32G0C1CEU6N, STM32G0C1KCT6, STM32G0C1NEY6TR, STM32G0C1RCI6N, STM32G0C1RCT6N, STM32G0C1REI6N, STM32G0C1RET6N, STM32G0C1VCI6, STM32G0C1VEI6, STM32G471CCT6, STM32G471CCU6, STM32G471CET3, STM32G471CET6, STM32G471CEU3, STM32G471CEU6, STM32G471MCT6, STM32G471MET3, STM32G471MET6, STM32G471MEY6TR, STM32G471QCT6, STM32G471QET3, STM32G471RCT6, STM32G471RET3, STM32G471RET6, STM32G471VCH6, STM32G471VCI6, STM32G471VCT6, STM32G471VEH3, STM32G471VEH6, STM32G471VEI3, STM32G471VEI6, STM32G471VET3, STM32G471VET6, STM32G474CCT6, STM32H503CBT6, STM32H503CBU6, STM32H503EBY6TR, STM32H503KBU6, STM32H503RBT6, STM32H562AGI6, STM32H562AII6, STM32H562IGK6, STM32H562IGT6, STM32H562IIK6, STM32H562IIT6, STM32H562RGT6, STM32H562RGV6, STM32H562RIT6, STM32H562RIV6, STM32H562VGT6, STM32H562VIT6, STM32H562ZGT6, STM32H562ZIT6, STM32H563AGI6, STM32H563AII3Q, STM32H563AII6, STM32H563IGK6, STM32H563IGT6, STM32H563IIK3Q, STM32H563IIK6, STM32H563IIT3Q, STM32H563IIT6, STM32H563MIY3QTR, STM32H563RGT6, STM32H563RGV6, STM32H563RIT6, STM32H563RIV6, STM32H563VGT6, STM32H563VIT3Q, STM32H563VIT6, STM32H563ZGT6, STM32H563ZIT3Q, STM32H563ZIT6, STM32H573AII3Q, STM32H573AII6, STM32H573I-DK, STM32H573IIK3Q, STM32H573IIK6, STM32H573IIT3Q, STM32H573IIT6, STM32H573MIY3QTR, STM32H573RIT6, STM32H573RIV6, STM32H573VIT3Q, STM32H573VIT6, STM32H573ZIT3Q, STM32H573ZIT6, STM32L4R5QGI6STR, STM32MP131AAE3, STM32MP131AAF3, STM32MP131AAG3, STM32MP131CAE3, STM32MP131CAF3, STM32MP131CAG3, STM32MP131DAE7, STM32MP131DAF7, STM32MP131DAG7, STM32MP131FAE7, STM32MP131FAF7, STM32MP131FAG7, STM32MP133AAE3, STM32MP133AAF3, STM32MP133AAG3, STM32MP133CAE3, STM32MP133CAF3, STM32MP133CAG3, STM32MP133DAE7, STM32MP133DAF7, STM32MP133DAG7, STM32MP133FAE7, STM32MP133FAF7, STM32MP133FAG7, STM32MP135AAE3, STM32MP135AAF3, STM32MP135AAG3, STM32MP135CAE3, STM32MP135CAF3, STM32MP135CAG3, STM32MP135DAE7, STM32MP135DAF7, STM32MP135DAG7, STM32MP135F-DK, STM32MP135FAE7, STM32MP135FAF7, STM32MP135FAF7T, STM32MP135FAF7U, STM32MP135FAG7, STM32U535CBT6, STM32U535CBT6Q, STM32U535CBU6, STM32U535CBU6Q, STM32U535CCT6, STM32U535CCT6Q, STM32U535CCU6, STM32U535CCU6Q, STM32U535CET6, STM32U535CET6Q, STM32U535CEU6, STM32U535CEU6Q, STM32U535JEY6QTR, STM32U535NCY6QTR, STM32U535NEY6QTR, STM32U535RBI6, STM32U535RBI6Q, STM32U535RBT6, STM32U535RBT6Q, STM32U535RCI6, STM32U535RCI6Q, STM32U535RCT6, STM32U535RCT6Q, STM32U535REI6, STM32U535REI6Q, STM32U535RET6, STM32U535RET6Q, STM32U535VCI6, STM32U535VCI6Q, STM32U535VCT6, STM32U535VCT6Q, STM32U535VEI6, STM32U535VEI6Q, STM32U535VET6, STM32U535VET6Q, STM32U545CET6, STM32U545CET6Q, STM32U545CEU6, STM32U545CEU6Q, STM32U545JEY6QTR, STM32U545NEY6QTR, STM32U545REI6, STM32U545REI6Q, STM32U545RET6, STM32U545RET6Q, STM32U545VEI6, STM32U545VEI6Q, STM32U545VET6, STM32U545VET6Q, STM32U595AIH6, STM32U595AIH6Q, STM32U595AJH6, STM32U595AJH6Q, STM32U595QII6, STM32U595QII6Q, STM32U595QJI6, STM32U595QJI6Q, STM32U595RIT6, STM32U595RIT6Q, STM32U595RJT6, STM32U595RJT6Q, STM32U595VIT6, STM32U595VIT6Q, STM32U595VJT6, STM32U595VJT6Q, STM32U595ZIT6, STM32U595ZIT6Q, STM32U595ZIY6QTR, STM32U595ZJT6, STM32U595ZJT6Q, STM32U595ZJY6QTR, STM32U599BJY6QTR, STM32U599NIH6Q, STM32U599NJH6Q, STM32U599VIT6Q, STM32U599VJT6, STM32U599VJT6Q, STM32U599ZIT6Q, STM32U599ZIY6QTR, STM32U599ZJT6Q, STM32U599ZJY6QTR, STM32U5A5AJH6, STM32U5A5AJH6Q, STM32U5A5QJI6, STM32U5A5QJI6Q, STM32U5A5RJT6, STM32U5A5RJT6Q, STM32U5A5VJT6, STM32U5A5VJT6Q, STM32U5A5ZJT6, STM32U5A5ZJT6Q, STM32U5A5ZJY6QTR, STM32U5A9BJY6QTR, STM32U5A9J-DK, STM32U5A9NJH6Q, STM32U5A9VJT6Q, STM32U5A9ZJT6Q, STM32U5A9ZJY6QTR, STM32U5F7VIT6, STM32U5F7VIT6Q, STM32U5F7VJT6, STM32U5F7VJT6Q, STM32U5F9BJY6QTR, STM32U5F9NJH6Q, STM32U5F9VIT6Q, STM32U5F9VJT6Q, STM32U5F9ZIJ6QTR, STM32U5F9ZIT6Q, STM32U5F9ZJJ6QTR, STM32U5F9ZJT6Q, STM32U5G7VJT6, STM32U5G7VJT6Q, STM32U5G9BJY6QTR, STM32U5G9J-DK1, STM32U5G9J-DK2, STM32U5G9NJH6Q, STM32U5G9VJT6Q, STM32U5G9ZJJ6QTR, STM32U5G9ZJT6Q, STM32WB1MMCH6, STM32WBA52CEU6, STM32WBA52CEU6T, STM32WBA52CGU6, STM32WBA52CGU6T, STM32WBA52KEU6, STM32WBA52KEU6T, STM32WBA52KGU6, STM32WBA52KGU6T, STM32WL5MOCH6, STM32WL5MOCH6TR]
2026-07-30 16:06:55,352 [INFO] ApiDb:668 - CubeFinder database Data Model version=2.1
2026-07-30 16:06:55,352 [INFO] ApiDb:669 - CubeFinder database Configuration version=3.0.42
2026-07-30 16:06:55,353 [INFO] ApiDb:670 - CubeFinder database generation date=2026-06-23 (1782213372)
2026-07-30 16:06:55,353 [INFO] ApiDb:671 - CubeFinder database FW Pack versions=[FP-ATR-ASTRA1_V2.0.0, FP-SNS-FLIGHT1_V5.1.0, FP-SNS-MOTENV1_V5.1.0, FP-SNS-MOTENVWB1_V1.5.0, FP-SNS-SMARTAG2_V1.2.0, FP-SNS-STBOX1_V2.1.0, STM32Cube_FW_C0_V1.4.0, STM32Cube_FW_F4_V1.28.3, STM32Cube_FW_F7_V1.17.4, STM32Cube_FW_G0_V1.6.3, STM32Cube_FW_G4_V1.6.2, STM32Cube_FW_H5_V1.7.0, STM32Cube_FW_H7RS_V1.3.0, STM32Cube_FW_H7_V1.13.0, STM32Cube_FW_L0_V1.12.2, STM32Cube_FW_L4_V1.18.2, STM32Cube_FW_L5_V1.6.0, STM32Cube_FW_N6_V1.4.0, STM32Cube_FW_U0_V1.3.0, STM32Cube_FW_U3_V1.4.0, STM32Cube_FW_U5_V1.9.0, STM32Cube_FW_WB0_V1.5.0, STM32Cube_FW_WBA_V1.10.0, STM32Cube_FW_WB_V1.24.0, STM32Cube_FW_WL3_V1.5.0, STM32Cube_FW_WL_V1.6.0, X-CUBE-ALGOBUILD_V1.5.0, X-CUBE-ALS_V1.0.2, X-CUBE-AZRTOS-F4_V1.1.0, X-CUBE-AZRTOS-F7_V1.1.0, X-CUBE-AZRTOS-G0_V1.1.0, X-CUBE-AZRTOS-G4_V2.0.0, X-CUBE-AZRTOS-H7RS_V1.1.0, X-CUBE-AZRTOS-H7_V3.5.0, X-CUBE-AZRTOS-L4_V2.0.0, X-CUBE-AZRTOS-L5_V2.0.0, X-CUBE-AZRTOS-WB_V2.0.0, X-CUBE-AZRTOS-WL_V2.0.0, X-CUBE-BLE1_V7.1.0, X-CUBE-BLE2_V3.3.0, X-CUBE-BLEMGR_V4.1.0, X-CUBE-EEPRMA1_V5.2.0, X-CUBE-FREERTOS_V1.5.0, X-CUBE-GNSS1_V7.1.1, X-CUBE-MEMS1_V12.1.0, X-CUBE-NFC4_V3.0.0, X-CUBE-NFC7_V2.0.0, X-CUBE-SFXS2LP1_V4.0.0, X-CUBE-ST67W61_V1.3.0, X-CUBE-SUBG2_V5.0.0, X-CUBE-TOF1_V3.4.3]
2026-07-30 16:06:57,279 [INFO] ApiDb:240 - Found 323 in-development CPN: [B-G473E-ZEST1S, B-WB1M-WPAN1, B-WL5M-SUBG1, NUCLEO-C031C6, NUCLEO-H503RB, NUCLEO-H563ZI, NUCLEO-U545RE-Q, NUCLEO-U5A5ZJ-Q, NUCLEO-WBA52CG, STEVAL-PROTEUS1, STEVAL-SMARTAG2, STEVAL-STWINBX1, STM320518-EVAL, STM32C0116-DK, STM32C011D6Y3TR, STM32C011D6Y6TR, STM32C011F4P3, STM32C011F4P6, STM32C011F4U3, STM32C011F4U6TR, STM32C011F6P3, STM32C011F6P6, STM32C011F6U3, STM32C011F6U6TR, STM32C011J4M3, STM32C011J4M6, STM32C011J6M3, STM32C011J6M6, STM32C0316-DK, STM32C031C4T3, STM32C031C4T6, STM32C031C4U3, STM32C031C4U6, STM32C031C6T3, STM32C031C6T6, STM32C031C6U3, STM32C031C6U6, STM32C031F4P3, STM32C031F4P6, STM32C031F6P3, STM32C031F6P6, STM32C031G4U3, STM32C031G4U6, STM32C031G6U3, STM32C031G6U6, STM32C031K4T3, STM32C031K4T6, STM32C031K4U3, STM32C031K4U6, STM32C031K6T3, STM32C031K6T6, STM32C031K6U3, STM32C031K6U6, STM32G071K8TXN, STM32G071K8UXN, STM32G081GBU6N, STM32G081KBT6N, STM32G081KBUXN, STM32G0B1CCT6N, STM32G0B1KCT6, STM32G0B1NEY6TR, STM32G0B1RCT6N, STM32G0C1CCT6, STM32G0C1CCT6N, STM32G0C1CCU6N, STM32G0C1CET6N, STM32G0C1CEU6N, STM32G0C1KCT6, STM32G0C1NEY6TR, STM32G0C1RCI6N, STM32G0C1RCT6N, STM32G0C1REI6N, STM32G0C1RET6N, STM32G0C1VCI6, STM32G0C1VEI6, STM32G471CCT6, STM32G471CCU6, STM32G471CET3, STM32G471CET6, STM32G471CEU3, STM32G471CEU6, STM32G471MCT6, STM32G471MET3, STM32G471MET6, STM32G471MEY6TR, STM32G471QCT6, STM32G471QET3, STM32G471RCT6, STM32G471RET3, STM32G471RET6, STM32G471VCH6, STM32G471VCI6, STM32G471VCT6, STM32G471VEH3, STM32G471VEH6, STM32G471VEI3, STM32G471VEI6, STM32G471VET3, STM32G471VET6, STM32G474CCT6, STM32H503CBT6, STM32H503CBU6, STM32H503EBY6TR, STM32H503KBU6, STM32H503RBT6, STM32H562AGI6, STM32H562AII6, STM32H562IGK6, STM32H562IGT6, STM32H562IIK6, STM32H562IIT6, STM32H562RGT6, STM32H562RGV6, STM32H562RIT6, STM32H562RIV6, STM32H562VGT6, STM32H562VIT6, STM32H562ZGT6, STM32H562ZIT6, STM32H563AGI6, STM32H563AII3Q, STM32H563AII6, STM32H563IGK6, STM32H563IGT6, STM32H563IIK3Q, STM32H563IIK6, STM32H563IIT3Q, STM32H563IIT6, STM32H563MIY3QTR, STM32H563RGT6, STM32H563RGV6, STM32H563RIT6, STM32H563RIV6, STM32H563VGT6, STM32H563VIT3Q, STM32H563VIT6, STM32H563ZGT6, STM32H563ZIT3Q, STM32H563ZIT6, STM32H573AII3Q, STM32H573AII6, STM32H573I-DK, STM32H573IIK3Q, STM32H573IIK6, STM32H573IIT3Q, STM32H573IIT6, STM32H573MIY3QTR, STM32H573RIT6, STM32H573RIV6, STM32H573VIT3Q, STM32H573VIT6, STM32H573ZIT3Q, STM32H573ZIT6, STM32L4R5QGI6STR, STM32MP131AAE3, STM32MP131AAF3, STM32MP131AAG3, STM32MP131CAE3, STM32MP131CAF3, STM32MP131CAG3, STM32MP131DAE7, STM32MP131DAF7, STM32MP131DAG7, STM32MP131FAE7, STM32MP131FAF7, STM32MP131FAG7, STM32MP133AAE3, STM32MP133AAF3, STM32MP133AAG3, STM32MP133CAE3, STM32MP133CAF3, STM32MP133CAG3, STM32MP133DAE7, STM32MP133DAF7, STM32MP133DAG7, STM32MP133FAE7, STM32MP133FAF7, STM32MP133FAG7, STM32MP135AAE3, STM32MP135AAF3, STM32MP135AAG3, STM32MP135CAE3, STM32MP135CAF3, STM32MP135CAG3, STM32MP135DAE7, STM32MP135DAF7, STM32MP135DAG7, STM32MP135F-DK, STM32MP135FAE7, STM32MP135FAF7, STM32MP135FAF7T, STM32MP135FAF7U, STM32MP135FAG7, STM32U535CBT6, STM32U535CBT6Q, STM32U535CBU6, STM32U535CBU6Q, STM32U535CCT6, STM32U535CCT6Q, STM32U535CCU6, STM32U535CCU6Q, STM32U535CET6, STM32U535CET6Q, STM32U535CEU6, STM32U535CEU6Q, STM32U535JEY6QTR, STM32U535NCY6QTR, STM32U535NEY6QTR, STM32U535RBI6, STM32U535RBI6Q, STM32U535RBT6, STM32U535RBT6Q, STM32U535RCI6, STM32U535RCI6Q, STM32U535RCT6, STM32U535RCT6Q, STM32U535REI6, STM32U535REI6Q, STM32U535RET6, STM32U535RET6Q, STM32U535VCI6, STM32U535VCI6Q, STM32U535VCT6, STM32U535VCT6Q, STM32U535VEI6, STM32U535VEI6Q, STM32U535VET6, STM32U535VET6Q, STM32U545CET6, STM32U545CET6Q, STM32U545CEU6, STM32U545CEU6Q, STM32U545JEY6QTR, STM32U545NEY6QTR, STM32U545REI6, STM32U545REI6Q, STM32U545RET6, STM32U545RET6Q, STM32U545VEI6, STM32U545VEI6Q, STM32U545VET6, STM32U545VET6Q, STM32U595AIH6, STM32U595AIH6Q, STM32U595AJH6, STM32U595AJH6Q, STM32U595QII6, STM32U595QII6Q, STM32U595QJI6, STM32U595QJI6Q, STM32U595RIT6, STM32U595RIT6Q, STM32U595RJT6, STM32U595RJT6Q, STM32U595VIT6, STM32U595VIT6Q, STM32U595VJT6, STM32U595VJT6Q, STM32U595ZIT6, STM32U595ZIT6Q, STM32U595ZIY6QTR, STM32U595ZJT6, STM32U595ZJT6Q, STM32U595ZJY6QTR, STM32U599BJY6QTR, STM32U599NIH6Q, STM32U599NJH6Q, STM32U599VIT6Q, STM32U599VJT6, STM32U599VJT6Q, STM32U599ZIT6Q, STM32U599ZIY6QTR, STM32U599ZJT6Q, STM32U599ZJY6QTR, STM32U5A5AJH6, STM32U5A5AJH6Q, STM32U5A5QJI6, STM32U5A5QJI6Q, STM32U5A5RJT6, STM32U5A5RJT6Q, STM32U5A5VJT6, STM32U5A5VJT6Q, STM32U5A5ZJT6, STM32U5A5ZJT6Q, STM32U5A5ZJY6QTR, STM32U5A9BJY6QTR, STM32U5A9J-DK, STM32U5A9NJH6Q, STM32U5A9VJT6Q, STM32U5A9ZJT6Q, STM32U5A9ZJY6QTR, STM32U5F7VIT6, STM32U5F7VIT6Q, STM32U5F7VJT6, STM32U5F7VJT6Q, STM32U5F9BJY6QTR, STM32U5F9NJH6Q, STM32U5F9VIT6Q, STM32U5F9VJT6Q, STM32U5F9ZIJ6QTR, STM32U5F9ZIT6Q, STM32U5F9ZJJ6QTR, STM32U5F9ZJT6Q, STM32U5G7VJT6, STM32U5G7VJT6Q, STM32U5G9BJY6QTR, STM32U5G9J-DK1, STM32U5G9J-DK2, STM32U5G9NJH6Q, STM32U5G9VJT6Q, STM32U5G9ZJJ6QTR, STM32U5G9ZJT6Q, STM32WB1MMCH6, STM32WBA52CEU6, STM32WBA52CEU6T, STM32WBA52CGU6, STM32WBA52CGU6T, STM32WBA52KEU6, STM32WBA52KEU6T, STM32WBA52KGU6, STM32WBA52KGU6T, STM32WL5MOCH6, STM32WL5MOCH6TR]
2026-07-30 16:06:57,285 [INFO] DbMcus:217 - Found 5228 MCUs, 5075 are supported
2026-07-30 16:06:57,285 [INFO] ApiDb:423 - Load user favorites file C:\Users\Admin/.stm32cubeide/favorites.mcus.txt: 4 item(s)
2026-07-30 16:06:57,286 [INFO] ApiDb:427 - User favorites MCUs=[STM32F103C8T6, STM32F405RGT6, STM32F411CEU6, STM32H523CET6]
2026-07-30 16:06:57,286 [INFO] DbMcus:223 - Set 4 / 4 favorites MCUs
2026-07-30 16:06:57,632 [INFO] BoardInfo:880 - No configuration file found for board B-WBA5M-WPAN
2026-07-30 16:06:57,632 [INFO] DbBoards:157 - Board is not supported: B-WBA5M-WPAN
2026-07-30 16:06:57,635 [INFO] BoardInfo:880 - No configuration file found for board NUCLEO-C051C8
2026-07-30 16:06:57,635 [INFO] DbBoards:157 - Board is not supported: NUCLEO-C051C8
2026-07-30 16:06:57,636 [INFO] BoardInfo:880 - No configuration file found for board NUCLEO-C071RB
2026-07-30 16:06:57,636 [INFO] DbBoards:157 - Board is not supported: NUCLEO-C071RB
2026-07-30 16:06:57,637 [INFO] BoardInfo:880 - No configuration file found for board NUCLEO-C092RC
2026-07-30 16:06:57,637 [INFO] DbBoards:157 - Board is not supported: NUCLEO-C092RC
2026-07-30 16:06:57,679 [INFO] BoardInfo:880 - No configuration file found for board NUCLEO-H533RE
2026-07-30 16:06:57,679 [INFO] DbBoards:157 - Board is not supported: NUCLEO-H533RE
2026-07-30 16:06:57,682 [INFO] BoardInfo:880 - No configuration file found for board NUCLEO-H5E5ZJ
2026-07-30 16:06:57,682 [INFO] DbBoards:157 - Board is not supported: NUCLEO-H5E5ZJ
2026-07-30 16:06:57,691 [INFO] BoardInfo:880 - No configuration file found for board NUCLEO-H7S3L8
2026-07-30 16:06:57,692 [INFO] DbBoards:157 - Board is not supported: NUCLEO-H7S3L8
2026-07-30 16:06:57,720 [INFO] BoardInfo:880 - No configuration file found for board NUCLEO-N657X0-Q
2026-07-30 16:06:57,720 [INFO] DbBoards:157 - Board is not supported: NUCLEO-N657X0-Q
2026-07-30 16:06:57,721 [INFO] BoardInfo:880 - No configuration file found for board NUCLEO-U031R8
2026-07-30 16:06:57,721 [INFO] DbBoards:157 - Board is not supported: NUCLEO-U031R8
2026-07-30 16:06:57,722 [INFO] BoardInfo:880 - No configuration file found for board NUCLEO-U083RC
2026-07-30 16:06:57,722 [INFO] DbBoards:157 - Board is not supported: NUCLEO-U083RC
2026-07-30 16:06:57,723 [INFO] BoardInfo:880 - No configuration file found for board NUCLEO-U385RG-Q
2026-07-30 16:06:57,723 [INFO] DbBoards:157 - Board is not supported: NUCLEO-U385RG-Q
2026-07-30 16:06:57,724 [INFO] BoardInfo:880 - No configuration file found for board NUCLEO-U3C5ZI-Q
2026-07-30 16:06:57,724 [INFO] DbBoards:157 - Board is not supported: NUCLEO-U3C5ZI-Q
2026-07-30 16:06:57,728 [INFO] BoardInfo:880 - No configuration file found for board NUCLEO-WB05KZ
2026-07-30 16:06:57,728 [INFO] DbBoards:157 - Board is not supported: NUCLEO-WB05KZ
2026-07-30 16:06:57,730 [INFO] BoardInfo:880 - No configuration file found for board NUCLEO-WB07CC
2026-07-30 16:06:57,730 [INFO] DbBoards:157 - Board is not supported: NUCLEO-WB07CC
2026-07-30 16:06:57,731 [INFO] BoardInfo:880 - No configuration file found for board NUCLEO-WB09KE
2026-07-30 16:06:57,731 [INFO] DbBoards:157 - Board is not supported: NUCLEO-WB09KE
2026-07-30 16:06:57,734 [INFO] BoardInfo:880 - No configuration file found for board NUCLEO-WBA25CE1
2026-07-30 16:06:57,734 [INFO] DbBoards:157 - Board is not supported: NUCLEO-WBA25CE1
2026-07-30 16:06:57,736 [INFO] BoardInfo:880 - No configuration file found for board NUCLEO-WBA55CG
2026-07-30 16:06:57,736 [INFO] DbBoards:157 - Board is not supported: NUCLEO-WBA55CG
2026-07-30 16:06:57,737 [INFO] BoardInfo:880 - No configuration file found for board NUCLEO-WBA65RI
2026-07-30 16:06:57,737 [INFO] DbBoards:157 - Board is not supported: NUCLEO-WBA65RI
2026-07-30 16:06:57,737 [INFO] BoardInfo:880 - No configuration file found for board NUCLEO-WL33CC1
2026-07-30 16:06:57,738 [INFO] DbBoards:157 - Board is not supported: NUCLEO-WL33CC1
2026-07-30 16:06:57,738 [INFO] BoardInfo:880 - No configuration file found for board NUCLEO-WL33CC2
2026-07-30 16:06:57,738 [INFO] DbBoards:157 - Board is not supported: NUCLEO-WL33CC2
2026-07-30 16:06:57,739 [INFO] BoardInfo:880 - No configuration file found for board NUCLEO-WL3RKB1
2026-07-30 16:06:57,739 [INFO] DbBoards:157 - Board is not supported: NUCLEO-WL3RKB1
2026-07-30 16:06:57,740 [INFO] BoardInfo:880 - No configuration file found for board NUCLEO-WL3RKB2
2026-07-30 16:06:57,740 [INFO] DbBoards:157 - Board is not supported: NUCLEO-WL3RKB2
2026-07-30 16:06:57,743 [INFO] BoardInfo:880 - No configuration file found for board P-NUCLEO-WB55
2026-07-30 16:06:57,743 [INFO] DbBoards:157 - Kit is not supported: P-NUCLEO-WB55
2026-07-30 16:06:57,746 [INFO] BoardInfo:880 - No configuration file found for board STEVAL-BFA001V1B
2026-07-30 16:06:57,746 [INFO] DbBoards:157 - Kit is not supported: STEVAL-BFA001V1B
2026-07-30 16:06:57,747 [INFO] BoardInfo:880 - No configuration file found for board STEVAL-BFA001V2B
2026-07-30 16:06:57,747 [INFO] DbBoards:157 - Kit is not supported: STEVAL-BFA001V2B
2026-07-30 16:06:57,749 [INFO] BoardInfo:880 - No configuration file found for board STEVAL-MKBOXPRO
2026-07-30 16:06:57,749 [INFO] DbBoards:157 - Board is not supported: STEVAL-MKBOXPRO
2026-07-30 16:06:57,792 [INFO] BoardInfo:880 - No configuration file found for board STM32H5F5J-DK
2026-07-30 16:06:57,792 [INFO] DbBoards:157 - Board is not supported: STM32H5F5J-DK
2026-07-30 16:06:57,804 [INFO] BoardInfo:880 - No configuration file found for board STM32H7S78-DK
2026-07-30 16:06:57,804 [INFO] DbBoards:157 - Board is not supported: STM32H7S78-DK
2026-07-30 16:06:57,819 [INFO] BoardInfo:880 - No configuration file found for board STM32MP215F-DK
2026-07-30 16:06:57,819 [INFO] DbBoards:157 - Board is not supported: STM32MP215F-DK
2026-07-30 16:06:57,820 [INFO] BoardInfo:880 - No configuration file found for board STM32MP257F-DK
2026-07-30 16:06:57,820 [INFO] DbBoards:157 - Board is not supported: STM32MP257F-DK
2026-07-30 16:06:57,821 [INFO] BoardInfo:880 - No configuration file found for board STM32MP257F-EV1
2026-07-30 16:06:57,821 [INFO] DbBoards:157 - Board is not supported: STM32MP257F-EV1
2026-07-30 16:06:57,822 [INFO] BoardInfo:880 - No configuration file found for board STM32N6570-DK
2026-07-30 16:06:57,822 [INFO] DbBoards:157 - Board is not supported: STM32N6570-DK
2026-07-30 16:06:57,822 [INFO] BoardInfo:880 - No configuration file found for board STM32U083C-DK
2026-07-30 16:06:57,822 [INFO] DbBoards:157 - Board is not supported: STM32U083C-DK
2026-07-30 16:06:57,827 [INFO] BoardInfo:880 - No configuration file found for board STM32WBA55G-DK1
2026-07-30 16:06:57,828 [INFO] DbBoards:157 - Board is not supported: STM32WBA55G-DK1
2026-07-30 16:06:57,828 [INFO] BoardInfo:880 - No configuration file found for board STM32WBA65I-DK1
2026-07-30 16:06:57,828 [INFO] DbBoards:157 - Board is not supported: STM32WBA65I-DK1
2026-07-30 16:06:57,829 [INFO] DbBoards:161 - Found 218 boards, 183 are supported
2026-07-30 16:06:57,831 [INFO] ApiDb:423 - Load user favorites file C:\Users\Admin/.stm32cubeide/favorites.boards.txt: 0 item(s)
2026-07-30 16:06:57,831 [INFO] ApiDb:427 - User favorites Boards=[]
2026-07-30 16:06:57,831 [INFO] DbBoards:190 - Set 0 / 0 favorites Boards
2026-07-30 16:06:57,832 [INFO] McuFinderGlobals:76 - Set McuFinderConnectedMode to true
2026-07-30 16:06:57,836 [INFO] MultiScanPanel:200 - Auto-refresh data requested => check proxy status ongoing
2026-07-30 16:06:57,838 [INFO] FinderPluginLoader:95 - Searching for filters in installed packs
2026-07-30 16:06:58,955 [INFO] LoadUrlFilesThread:185 - End of LoadServerUrlFiles without Thread
2026-07-30 16:06:58,968 [INFO] DetailPanel:341 - Set advertising image to C:/Users/Admin/STM32Cube/Repository/\en.stm32h5cubemxbanner.png
2026-07-30 16:10:13,403 [INFO] MainUpdater:2868 - connection check result : 10
2026-07-30 16:10:13,403 [INFO] MainUpdater:2868 - connection check result : 10
2026-07-30 16:10:13,414 [INFO] MicroXplorer:468 - Change Database Path : 
2026-07-30 16:10:13,414 [INFO] MicroXplorer:498 - Change Database Version : DB.6.0.91
2026-07-30 16:10:13,417 [WARN] ThirdParty:871 - waiting for thirdparty lock release [close project]
2026-07-30 16:10:13,417 [INFO] ThirdParty:873 - entering critical section [close project]
2026-07-30 16:10:13,418 [INFO] ThirdParty:883 - exiting critical section [close project]
2026-07-30 16:10:13,419 [INFO] PinOutPanel:1499 - setPackage(No Configuration,No Configuration)
2026-07-30 16:10:13,424 [INFO] UtilMem:75 - Begin LoadConfig() Used Memory: 806067728 Bytes (1073741824)
2026-07-30 16:10:13,425 [INFO] MicroXplorer:468 - Change Database Path : 
2026-07-30 16:10:13,425 [INFO] MicroXplorer:498 - Change Database Version : DB.6.0.91
2026-07-30 16:10:13,426 [INFO] OpenFileManager:308 - Change cursor
2026-07-30 16:10:13,450 [INFO] Mcu:1946 - Initializing MCU STM32F411CEUx STM32F411CEUx STM32F411CEU6
2026-07-30 16:10:14,461 [INFO] Context:659 - Trying to add GPIOservice into a context  which must be forbidden
2026-07-30 16:10:14,716 [INFO] ImportTextPane:194 - (OptionalMessage_ERROR) Unable to find key (Mcu.ThirdPartyNb) in loaded IOC file
2026-07-30 16:10:14,716 [INFO] ImportTextPane:194 - (OptionalMessage_ERROR) Unable to find key (Mcu.PinsNb) in loaded IOC file
2026-07-30 16:10:14,716 [INFO] ImportTextPane:194 - (OptionalMessage_ERROR) Unable to find key (Mcu.IPNb) in loaded IOC file
2026-07-30 16:10:14,787 [INFO] RtosManager:555 - Registered RTOS mode: class=CMSIS, group=RTOS, mode=CMSIS_V1, owner=FREERTOS
2026-07-30 16:10:14,787 [INFO] RtosManager:555 - Registered RTOS mode: class=CMSIS, group=RTOS2, mode=CMSIS_V2, owner=FREERTOS
2026-07-30 16:10:14,787 [INFO] RtosManager:555 - Registered RTOS mode: class=RTOS, group=Core, mode=CMSIS_V1, owner=FREERTOS
2026-07-30 16:10:14,788 [INFO] RtosManager:555 - Registered RTOS mode: class=RTOS, group=Core, mode=CMSIS_V2, owner=FREERTOS
2026-07-30 16:10:14,788 [WARN] ModelIntegratedComponent:184 - Missing modes for component STMicroelectronics:FreeRTOS:0.0.1:STMicroelectronics:RTOS:FreeRTOS:Core:::10.2.0:
2026-07-30 16:10:14,837 [WARN] ModelIntegratedComponent:182 - Modes not found for component STMicroelectronics:USB_HOST:1.0.0:STMicroelectronics:USB::USB Host:Audio HS::1.0:USB_HOST_1_0_RESTRICTED_HS
2026-07-30 16:10:14,837 [WARN] ModelIntegratedComponent:188 - Modes not found for component STMicroelectronics:USB_HOST:1.0.0:STMicroelectronics:USB::USB Host:Audio HS::1.0:USB_HOST_1_0_RESTRICTED_HS
2026-07-30 16:10:14,837 [WARN] ModelIntegratedComponent:182 - Modes not found for component STMicroelectronics:USB_HOST:1.0.0:STMicroelectronics:USB::USB Host:CDC HS::1.0:USB_HOST_1_0_RESTRICTED_HS
2026-07-30 16:10:14,837 [WARN] ModelIntegratedComponent:188 - Modes not found for component STMicroelectronics:USB_HOST:1.0.0:STMicroelectronics:USB::USB Host:CDC HS::1.0:USB_HOST_1_0_RESTRICTED_HS
2026-07-30 16:10:14,838 [WARN] ModelIntegratedComponent:182 - Modes not found for component STMicroelectronics:USB_HOST:1.0.0:STMicroelectronics:USB::USB Host:MSC HS::1.0:USB_HOST_1_0_RESTRICTED_HS
2026-07-30 16:10:14,838 [WARN] ModelIntegratedComponent:188 - Modes not found for component STMicroelectronics:USB_HOST:1.0.0:STMicroelectronics:USB::USB Host:MSC HS::1.0:USB_HOST_1_0_RESTRICTED_HS
2026-07-30 16:10:14,838 [WARN] ModelIntegratedComponent:182 - Modes not found for component STMicroelectronics:USB_HOST:1.0.0:STMicroelectronics:USB::USB Host:HID HS::1.0:USB_HOST_1_0_RESTRICTED_HS
2026-07-30 16:10:14,838 [WARN] ModelIntegratedComponent:188 - Modes not found for component STMicroelectronics:USB_HOST:1.0.0:STMicroelectronics:USB::USB Host:HID HS::1.0:USB_HOST_1_0_RESTRICTED_HS
2026-07-30 16:10:14,838 [WARN] ModelIntegratedComponent:182 - Modes not found for component STMicroelectronics:USB_HOST:1.0.0:STMicroelectronics:USB::USB Host:MTP HS::1.0:USB_HOST_1_0_RESTRICTED_HS
2026-07-30 16:10:14,838 [WARN] ModelIntegratedComponent:188 - Modes not found for component STMicroelectronics:USB_HOST:1.0.0:STMicroelectronics:USB::USB Host:MTP HS::1.0:USB_HOST_1_0_RESTRICTED_HS
2026-07-30 16:10:14,841 [WARN] ModelIntegratedComponent:63 - No mode defined for component null
2026-07-30 16:10:14,841 [WARN] ModelIntegratedComponent:63 - No mode defined for component null
2026-07-30 16:10:14,841 [WARN] ModelIntegratedComponent:63 - No mode defined for component null
2026-07-30 16:10:14,841 [WARN] ModelIntegratedComponent:63 - No mode defined for component null
2026-07-30 16:10:14,842 [WARN] ModelIntegratedComponent:63 - No mode defined for component null
2026-07-30 16:10:14,842 [WARN] ModelIntegratedComponent:63 - No mode defined for component null
2026-07-30 16:10:14,842 [WARN] ModelIntegratedComponent:63 - No mode defined for component null
2026-07-30 16:10:14,842 [WARN] ModelIntegratedComponent:63 - No mode defined for component null
2026-07-30 16:10:14,842 [WARN] ModelIntegratedComponent:63 - No mode defined for component null
2026-07-30 16:10:14,842 [WARN] ModelIntegratedComponent:63 - No mode defined for component null
2026-07-30 16:10:14,842 [WARN] ModelIntegratedComponent:63 - No mode defined for component null
2026-07-30 16:10:14,842 [WARN] ModelIntegratedComponent:63 - No mode defined for component null
2026-07-30 16:10:14,842 [WARN] ModelIntegratedComponent:63 - No mode defined for component null
2026-07-30 16:10:14,842 [WARN] ModelIntegratedComponent:63 - No mode defined for component null
2026-07-30 16:10:14,842 [WARN] ModelIntegratedComponent:63 - No mode defined for component null
2026-07-30 16:10:14,842 [WARN] ModelIntegratedComponent:63 - No mode defined for component null
2026-07-30 16:10:14,842 [WARN] ModelIntegratedComponent:63 - No mode defined for component null
2026-07-30 16:10:14,842 [WARN] ModelIntegratedComponent:63 - No mode defined for component null
2026-07-30 16:10:14,842 [WARN] ModelIntegratedComponent:63 - No mode defined for component null
2026-07-30 16:10:14,842 [WARN] ModelIntegratedComponent:63 - No mode defined for component null
2026-07-30 16:10:14,842 [WARN] ModelIntegratedComponent:63 - No mode defined for component null
2026-07-30 16:10:14,842 [WARN] ModelIntegratedComponent:63 - No mode defined for component null
2026-07-30 16:10:14,842 [WARN] ModelIntegratedComponent:63 - No mode defined for component null
2026-07-30 16:10:14,842 [WARN] ModelIntegratedComponent:63 - No mode defined for component null
2026-07-30 16:10:14,842 [WARN] ModelIntegratedComponent:63 - No mode defined for component null
2026-07-30 16:10:14,842 [WARN] ModelIntegratedComponent:63 - No mode defined for component null
2026-07-30 16:10:14,842 [WARN] ModelIntegratedComponent:63 - No mode defined for component null
2026-07-30 16:10:14,842 [WARN] ModelIntegratedComponent:63 - No mode defined for component null
2026-07-30 16:10:14,842 [WARN] ModelIntegratedComponent:63 - No mode defined for component null
2026-07-30 16:10:14,842 [WARN] ModelIntegratedComponent:63 - No mode defined for component null
2026-07-30 16:10:14,842 [WARN] ModelIntegratedComponent:63 - No mode defined for component null
2026-07-30 16:10:14,842 [WARN] ModelIntegratedComponent:63 - No mode defined for component null
2026-07-30 16:10:14,842 [WARN] ModelIntegratedComponent:63 - No mode defined for component null
2026-07-30 16:10:14,890 [WARN] ModelIntegratedComponent:182 - Modes not found for component STMicroelectronics:USB_DEVICE:1.0.0:STMicroelectronics:USB::USB Device:Audio HS::1.0:USB_DEVICE_1_0_RESTRICTED_HS
2026-07-30 16:10:14,890 [WARN] ModelIntegratedComponent:188 - Modes not found for component STMicroelectronics:USB_DEVICE:1.0.0:STMicroelectronics:USB::USB Device:Audio HS::1.0:USB_DEVICE_1_0_RESTRICTED_HS
2026-07-30 16:10:14,890 [WARN] ModelIntegratedComponent:182 - Modes not found for component STMicroelectronics:USB_DEVICE:1.0.0:STMicroelectronics:USB::USB Device:CDC HS::1.0:USB_DEVICE_1_0_RESTRICTED_HS
2026-07-30 16:10:14,890 [WARN] ModelIntegratedComponent:188 - Modes not found for component STMicroelectronics:USB_DEVICE:1.0.0:STMicroelectronics:USB::USB Device:CDC HS::1.0:USB_DEVICE_1_0_RESTRICTED_HS
2026-07-30 16:10:14,890 [WARN] ModelIntegratedComponent:182 - Modes not found for component STMicroelectronics:USB_DEVICE:1.0.0:STMicroelectronics:USB::USB Device:DFU HS::1.0:USB_DEVICE_1_0_RESTRICTED_HS
2026-07-30 16:10:14,890 [WARN] ModelIntegratedComponent:188 - Modes not found for component STMicroelectronics:USB_DEVICE:1.0.0:STMicroelectronics:USB::USB Device:DFU HS::1.0:USB_DEVICE_1_0_RESTRICTED_HS
2026-07-30 16:10:14,890 [WARN] ModelIntegratedComponent:182 - Modes not found for component STMicroelectronics:USB_DEVICE:1.0.0:STMicroelectronics:USB::USB Device:HID HS::1.0:USB_DEVICE_1_0_RESTRICTED_HS
2026-07-30 16:10:14,890 [WARN] ModelIntegratedComponent:188 - Modes not found for component STMicroelectronics:USB_DEVICE:1.0.0:STMicroelectronics:USB::USB Device:HID HS::1.0:USB_DEVICE_1_0_RESTRICTED_HS
2026-07-30 16:10:14,890 [WARN] ModelIntegratedComponent:182 - Modes not found for component STMicroelectronics:USB_DEVICE:1.0.0:STMicroelectronics:USB::USB Device:Custom HID HS::1.0:USB_DEVICE_1_0_RESTRICTED_HS
2026-07-30 16:10:14,890 [WARN] ModelIntegratedComponent:188 - Modes not found for component STMicroelectronics:USB_DEVICE:1.0.0:STMicroelectronics:USB::USB Device:Custom HID HS::1.0:USB_DEVICE_1_0_RESTRICTED_HS
2026-07-30 16:10:14,890 [WARN] ModelIntegratedComponent:182 - Modes not found for component STMicroelectronics:USB_DEVICE:1.0.0:STMicroelectronics:USB::USB Device:MSC HS::1.0:USB_DEVICE_1_0_RESTRICTED_HS
2026-07-30 16:10:14,890 [WARN] ModelIntegratedComponent:188 - Modes not found for component STMicroelectronics:USB_DEVICE:1.0.0:STMicroelectronics:USB::USB Device:MSC HS::1.0:USB_DEVICE_1_0_RESTRICTED_HS
2026-07-30 16:10:14,901 [INFO] ThirdPartyModel:298 - Start build external matchings
2026-07-30 16:10:15,102 [INFO] ThirdPartyModel:316 - End build external matchings
2026-07-30 16:10:15,281 [INFO] UtilMem:75 - End LoadConfig() Used Memory: 918538944 Bytes (1073741824)
2026-07-30 16:10:15,298 [WARN] ThirdParty:833 - waiting for thirdparty lock release [change project]
2026-07-30 16:10:15,298 [INFO] ThirdParty:835 - entering critical section [change project]
2026-07-30 16:10:15,298 [INFO] ThirdParty:1030 - CMSIS Pack Vendor :STMicroelectronics USBPD 4.1
2026-07-30 16:10:15,298 [INFO] ThirdParty:1030 - CMSIS Pack Vendor :STMicroelectronics USB_HOST 2.0.0
2026-07-30 16:10:15,298 [INFO] ThirdParty:1030 - CMSIS Pack Vendor :STMicroelectronics FP-ATR-ASTRA1 2.0.3
2026-07-30 16:10:15,298 [INFO] ThirdParty:1030 - CMSIS Pack Vendor :STMicroelectronics X-CUBE-AZRTOS-F4 1.1.0
2026-07-30 16:10:15,298 [INFO] ThirdParty:1030 - CMSIS Pack Vendor :STMicroelectronics LIBJPEG 8.0.0
2026-07-30 16:10:15,298 [INFO] ThirdParty:1030 - CMSIS Pack Vendor :STMicroelectronics FP-ATR-ASTRA1 2.0.2
2026-07-30 16:10:15,298 [INFO] ThirdParty:1030 - CMSIS Pack Vendor :STMicroelectronics X-CUBE-SMBUS 2.1.0
2026-07-30 16:10:15,298 [INFO] ThirdParty:1030 - CMSIS Pack Vendor :wolfSSL I-CUBE-wolfMQTT 1.19.2
2026-07-30 16:10:15,298 [INFO] ThirdParty:1030 - CMSIS Pack Vendor :STMicroelectronics USB_DEVICE 3.0.0
2026-07-30 16:10:15,298 [INFO] ThirdParty:1030 - CMSIS Pack Vendor :STMicroelectronics X-CUBE-AZRTOS-F7 1.1.0
2026-07-30 16:10:15,298 [INFO] ThirdParty:1030 - CMSIS Pack Vendor :STMicroelectronics USB_DEVICE 2.0.0
2026-07-30 16:10:15,298 [INFO] ThirdParty:1030 - CMSIS Pack Vendor :STMicroelectronics X-CUBE-ALGOBUILD 1.5.0
2026-07-30 16:10:15,299 [INFO] ThirdParty:1030 - CMSIS Pack Vendor :STMicroelectronics FreeRTOS 0.0.1
2026-07-30 16:10:15,299 [INFO] ThirdParty:1030 - CMSIS Pack Vendor :STMicroelectronics X-CUBE-AZRTOS-H7RS 1.3.0
2026-07-30 16:10:15,299 [INFO] ThirdParty:1030 - CMSIS Pack Vendor :STMicroelectronics X-CUBE-AZRTOS-G0 1.1.0
2026-07-30 16:10:15,299 [INFO] ThirdParty:1030 - CMSIS Pack Vendor :STMicroelectronics X-CUBE-NFC4 3.0.0
2026-07-30 16:10:15,299 [INFO] ThirdParty:1030 - CMSIS Pack Vendor :STMicroelectronics X-CUBE-SUBG2 5.0.0
2026-07-30 16:10:15,299 [INFO] ThirdParty:1030 - CMSIS Pack Vendor :STMicroelectronics STM32_WPAN 1.0.0
2026-07-30 16:10:15,299 [INFO] ThirdParty:1030 - CMSIS Pack Vendor :STMicroelectronics lwIP 2.0.3
2026-07-30 16:10:15,299 [INFO] ThirdParty:1030 - CMSIS Pack Vendor :STMicroelectronics X-CUBE-MEMS1 13.0.0
2026-07-30 16:10:15,299 [INFO] ThirdParty:1030 - CMSIS Pack Vendor :STMicroelectronics USB_HOST 1.0.0
2026-07-30 16:10:15,299 [INFO] ThirdParty:1030 - CMSIS Pack Vendor :STMicroelectronics X-CUBE-AZRTOS-G4 2.0.0
2026-07-30 16:10:15,299 [INFO] ThirdParty:1030 - CMSIS Pack Vendor :STMicroelectronics PDM2PCM 3.1.0
2026-07-30 16:10:15,299 [INFO] ThirdParty:1030 - CMSIS Pack Vendor :STMicroelectronics PDM2PCM 3.3.0
2026-07-30 16:10:15,299 [INFO] ThirdParty:1030 - CMSIS Pack Vendor :wolfSSL I-CUBE-wolfTPM 3.8.0
2026-07-30 16:10:15,299 [INFO] ThirdParty:1030 - CMSIS Pack Vendor :STMicroelectronics X-CUBE-DISPLAY 3.0.0
2026-07-30 16:10:15,299 [INFO] ThirdParty:1030 - CMSIS Pack Vendor :wolfSSL I-CUBE-wolfSSH 1.4.20
2026-07-30 16:10:15,299 [INFO] ThirdParty:1030 - CMSIS Pack Vendor :wolfSSL I-CUBE-wolfSSL 5.9.1
2026-07-30 16:10:15,299 [INFO] ThirdParty:1030 - CMSIS Pack Vendor :STMicroelectronics FP-ATR-SIGFOX1 3.2.0
2026-07-30 16:10:15,299 [INFO] ThirdParty:1030 - CMSIS Pack Vendor :STMicroelectronics HAL Drivers 0.0.0
2026-07-30 16:10:15,299 [INFO] ThirdParty:1030 - CMSIS Pack Vendor :STMicroelectronics MBEDTLS 2.16.2
2026-07-30 16:10:15,299 [INFO] ThirdParty:1030 - CMSIS Pack Vendor :emotas I-CUBE-CANOPEN 1.3.0
2026-07-30 16:10:15,299 [INFO] ThirdParty:1030 - CMSIS Pack Vendor :STMicroelectronics MBEDTLS 2.14.1
2026-07-30 16:10:15,299 [INFO] ThirdParty:1030 - CMSIS Pack Vendor :ITTIA_DB I-CUBE-ITTIADB 8.9.0
2026-07-30 16:10:15,299 [INFO] ThirdParty:1030 - CMSIS Pack Vendor :STMicroelectronics X-CUBE-TOUCHGFX 4.26.1
2026-07-30 16:10:15,299 [INFO] ThirdParty:1030 - CMSIS Pack Vendor :STMicroelectronics X-CUBE-AI 10.2.1
2026-07-30 16:10:15,299 [INFO] ThirdParty:1030 - CMSIS Pack Vendor :STMicroelectronics ThreadX 1.0.0
2026-07-30 16:10:15,299 [INFO] ThirdParty:1030 - CMSIS Pack Vendor :STMicroelectronics X-CUBE-MEMS1 12.1.0
2026-07-30 16:10:15,299 [INFO] ThirdParty:1030 - CMSIS Pack Vendor :STMicroelectronics X-CUBE-AZRTOS-WL 2.0.0
2026-07-30 16:10:15,299 [INFO] ThirdParty:1030 - CMSIS Pack Vendor :SEGGER I-CUBE-embOS 1.3.1
2026-07-30 16:10:15,299 [INFO] ThirdParty:1030 - CMSIS Pack Vendor :STMicroelectronics X-CUBE-ALGOBUILD 1.4.0
2026-07-30 16:10:15,299 [INFO] ThirdParty:1030 - CMSIS Pack Vendor :STMicroelectronics USB_DEVICE 1.0.0
2026-07-30 16:10:15,299 [INFO] ThirdParty:1030 - CMSIS Pack Vendor :STMicroelectronics X-CUBE-AZRTOS-H7RS 1.2.0
2026-07-30 16:10:15,299 [INFO] ThirdParty:1030 - CMSIS Pack Vendor :STMicroelectronics X-CUBE-AZRTOS-L4 2.0.0
2026-07-30 16:10:15,299 [INFO] ThirdParty:1030 - CMSIS Pack Vendor :STMicroelectronics ThreadX 0.0.2
2026-07-30 16:10:15,299 [INFO] ThirdParty:1030 - CMSIS Pack Vendor :STMicroelectronics lwIP 2.1.2
2026-07-30 16:10:15,299 [INFO] ThirdParty:1030 - CMSIS Pack Vendor :STMicroelectronics X-CUBE-SFXS2LP1 4.0.0
2026-07-30 16:10:15,299 [INFO] ThirdParty:1030 - CMSIS Pack Vendor :STMicroelectronics X-CUBE-BLE2 3.3.0
2026-07-30 16:10:15,299 [INFO] ThirdParty:1030 - CMSIS Pack Vendor :STMicroelectronics X-CUBE-NFC13 1.0.0
2026-07-30 16:10:15,299 [INFO] ThirdParty:1030 - CMSIS Pack Vendor :STMicroelectronics PDM2PCM 3.2.0
2026-07-30 16:10:15,300 [INFO] ThirdParty:841 - exiting critical section [change project]
2026-07-30 16:10:15,533 [INFO] PinOutPanel:1499 - setPackage(No Configuration,No Configuration)
2026-07-30 16:10:15,535 [INFO] PinOutPanel:1499 - setPackage(STM32F411CEUx,UFQFPN48)
2026-07-30 16:10:15,820 [INFO] UtilMem:75 - Before build in PCC Used Memory: 887320352 Bytes (1073741824)
2026-07-30 16:10:16,488 [INFO] UtilMem:75 - After build in PCC Used Memory: 738781008 Bytes (1073741824)
2026-07-30 16:10:16,507 [INFO] IPUIPlugin:80 - create IPUIPlugin
2026-07-30 16:10:16,508 [INFO] IPUIPlugin:80 - create IPUIPlugin
2026-07-30 16:10:16,508 [INFO] IPUIPlugin:80 - create IPUIPlugin
2026-07-30 16:10:16,508 [INFO] IPUIPlugin:80 - create IPUIPlugin
2026-07-30 16:10:16,508 [INFO] IPUIPlugin:80 - create IPUIPlugin
2026-07-30 16:10:16,508 [INFO] IPUIPlugin:80 - create IPUIPlugin
2026-07-30 16:10:16,508 [INFO] IPUIPlugin:80 - create IPUIPlugin
2026-07-30 16:10:16,508 [INFO] IPUIPlugin:80 - create IPUIPlugin
2026-07-30 16:10:16,508 [INFO] IPUIPlugin:80 - create IPUIPlugin
2026-07-30 16:10:16,508 [INFO] IPUIPlugin:80 - create IPUIPlugin
2026-07-30 16:10:16,508 [INFO] IPUIPlugin:80 - create IPUIPlugin
2026-07-30 16:10:16,508 [INFO] IPUIPlugin:80 - create IPUIPlugin
2026-07-30 16:10:16,509 [INFO] IPUIPlugin:80 - create IPUIPlugin
2026-07-30 16:10:16,509 [INFO] IPUIPlugin:80 - create IPUIPlugin
2026-07-30 16:10:16,509 [INFO] IPUIPlugin:80 - create IPUIPlugin
2026-07-30 16:10:16,509 [INFO] IPUIPlugin:80 - create IPUIPlugin
2026-07-30 16:10:16,509 [INFO] IPUIPlugin:80 - create IPUIPlugin
2026-07-30 16:10:16,509 [INFO] IPUIPlugin:80 - create IPUIPlugin
2026-07-30 16:10:16,510 [INFO] IPUIPlugin:80 - create IPUIPlugin
2026-07-30 16:10:16,510 [INFO] IPUIPlugin:80 - create IPUIPlugin
2026-07-30 16:10:16,510 [INFO] IPUIPlugin:80 - create IPUIPlugin
2026-07-30 16:10:16,510 [INFO] IPUIPlugin:80 - create IPUIPlugin
2026-07-30 16:10:16,510 [INFO] IPUIPlugin:80 - create IPUIPlugin
2026-07-30 16:10:16,510 [INFO] IPUIPlugin:80 - create IPUIPlugin
2026-07-30 16:10:16,511 [INFO] IPUIPlugin:80 - create IPUIPlugin
2026-07-30 16:10:16,511 [INFO] IPUIPlugin:80 - create IPUIPlugin
2026-07-30 16:10:16,511 [INFO] IPUIPlugin:80 - create IPUIPlugin
2026-07-30 16:10:16,511 [INFO] IPUIPlugin:80 - create IPUIPlugin
2026-07-30 16:10:16,511 [INFO] IPUIPlugin:80 - create IPUIPlugin
2026-07-30 16:10:16,511 [INFO] IPUIPlugin:80 - create IPUIPlugin
2026-07-30 16:10:16,511 [INFO] IPUIPlugin:80 - create IPUIPlugin
2026-07-30 16:10:16,512 [INFO] IPUIPlugin:80 - create IPUIPlugin
2026-07-30 16:10:16,512 [INFO] IPUIPlugin:80 - create IPUIPlugin
2026-07-30 16:10:16,512 [INFO] IPUIPlugin:80 - create IPUIPlugin
2026-07-30 16:10:16,512 [INFO] IPUIPlugin:80 - create IPUIPlugin
2026-07-30 16:10:16,513 [INFO] IPUIPlugin:80 - create IPUIPlugin
2026-07-30 16:10:16,513 [INFO] IPUIPlugin:80 - create IPUIPlugin
2026-07-30 16:10:16,513 [INFO] IPUIPlugin:80 - create IPUIPlugin
2026-07-30 16:10:16,513 [INFO] IPUIPlugin:80 - create IPUIPlugin
2026-07-30 16:10:16,514 [INFO] IPUIPlugin:80 - create IPUIPlugin
2026-07-30 16:10:16,514 [INFO] IPUIPlugin:80 - create IPUIPlugin
2026-07-30 16:10:16,514 [INFO] IPUIPlugin:80 - create IPUIPlugin
2026-07-30 16:10:16,514 [INFO] IPUIPlugin:80 - create IPUIPlugin
2026-07-30 16:10:16,622 [INFO] ApiDbMcu:507 - Load IP Config File for PDM2PCM
2026-07-30 16:10:16,787 [INFO] CADModel:165 - CPN selected for project levelSTM32F411CEU6
2026-07-30 16:10:16,787 [INFO] CADModel:114 - Register for checkConnection events
2026-07-30 16:10:16,831 [INFO] OpenFileManager:328 - Restore cursor
2026-07-30 16:10:17,315 [INFO] UtilMem:75 - End SaveConfig() Used Memory: 789736736 Bytes (1073741824)
2026-07-30 16:10:17,370 [INFO] UtilMem:75 - End SaveConfig() Used Memory: 804867648 Bytes (1073741824)
2026-07-30 16:10:17,756 [INFO] BlockDiagram:2759 - set Specific Code input for plugin: NVIC
2026-07-30 16:10:17,756 [INFO] BlockDiagram:2759 - set Specific Code input for plugin: RCC
2026-07-30 16:10:17,757 [INFO] CodeGenerator:799 - code generatio: config db path: C:\ST\STM32CubeIDE_1.13.1\STM32CubeIDE\plugins\com.st.stm32cube.common.mx_6.9.1.202307191849\\db\
2026-07-30 16:10:17,963 [INFO] CodeEngine:255 - oldGeneratedFile, C:\Users\Admin\Documents\GitHub\Drone-RTOS\Source\006MPU6050_Interrupt\MXTmpFiles\license.tmp_save
2026-07-30 16:10:18,241 [INFO] CodeEngine:279 - Generated code: C:\Users\Admin\Documents\GitHub\Drone-RTOS\Source\006MPU6050_Interrupt\MXTmpFiles\license.tmp
2026-07-30 16:10:18,254 [INFO] CodeEngine:255 - oldGeneratedFile, C:\Users\Admin\Documents\GitHub\Drone-RTOS\Source\006MPU6050_Interrupt\Core\Src\stm32f4xx_it.c_save
2026-07-30 16:10:18,393 [INFO] CodeEngine:279 - Generated code: C:\Users\Admin\Documents\GitHub\Drone-RTOS\Source\006MPU6050_Interrupt\Core\Src\stm32f4xx_it.c
2026-07-30 16:10:18,397 [INFO] CodeEngine:255 - oldGeneratedFile, C:\Users\Admin\Documents\GitHub\Drone-RTOS\Source\006MPU6050_Interrupt\Core\Inc\stm32f4xx_it.h_save
2026-07-30 16:10:18,471 [INFO] CodeEngine:279 - Generated code: C:\Users\Admin\Documents\GitHub\Drone-RTOS\Source\006MPU6050_Interrupt\Core\Inc\stm32f4xx_it.h
2026-07-30 16:10:18,536 [INFO] CodeEngine:255 - oldGeneratedFile, C:\Users\Admin\Documents\GitHub\Drone-RTOS\Source\006MPU6050_Interrupt\Core\Src\stm32f4xx_hal_msp.c_save
2026-07-30 16:10:18,640 [INFO] CodeEngine:279 - Generated code: C:\Users\Admin\Documents\GitHub\Drone-RTOS\Source\006MPU6050_Interrupt\Core\Src\stm32f4xx_hal_msp.c
2026-07-30 16:10:18,644 [INFO] CodeEngine:255 - oldGeneratedFile, C:\Users\Admin\Documents\GitHub\Drone-RTOS\Source\006MPU6050_Interrupt\MXTmpFiles\system.tmp_save
2026-07-30 16:10:18,712 [INFO] CodeEngine:279 - Generated code: C:\Users\Admin\Documents\GitHub\Drone-RTOS\Source\006MPU6050_Interrupt\MXTmpFiles\system.tmp
2026-07-30 16:10:18,722 [INFO] CodeEngine:311 - oldGeneratedFile, C:\Users\Admin\Documents\GitHub\Drone-RTOS\Source\006MPU6050_Interrupt\Core\Inc\stm32f4xx_hal_conf.h_save
2026-07-30 16:10:18,816 [INFO] CodeEngine:335 - Generated code: C:\Users\Admin\Documents\GitHub\Drone-RTOS\Source\006MPU6050_Interrupt\Core\Inc\stm32f4xx_hal_conf.h
2026-07-30 16:10:18,896 [INFO] CodeEngine:255 - oldGeneratedFile, C:\Users\Admin\Documents\GitHub\Drone-RTOS\Source\006MPU6050_Interrupt\Core\Inc\main.h_save
2026-07-30 16:10:18,981 [INFO] CodeEngine:279 - Generated code: C:\Users\Admin\Documents\GitHub\Drone-RTOS\Source\006MPU6050_Interrupt\Core\Inc\main.h
2026-07-30 16:10:18,985 [INFO] CodeEngine:255 - oldGeneratedFile, C:\Users\Admin\Documents\GitHub\Drone-RTOS\Source\006MPU6050_Interrupt\Core\Src\main.c_save
2026-07-30 16:10:19,102 [INFO] CodeEngine:279 - Generated code: C:\Users\Admin\Documents\GitHub\Drone-RTOS\Source\006MPU6050_Interrupt\Core\Src\main.c
2026-07-30 16:10:19,544 [INFO] ProjectBuilder:3064 - Time for Copy HAL[1] : 89mS.
2026-07-30 16:10:19,549 [INFO] ProjectBuilder:4404 - Project Generator version: 4.1.0
2026-07-30 16:10:19,732 [INFO] ConfigFileManager:1457 - The Die is : DIE431
2026-07-30 16:10:19,743 [INFO] ApiDbMcu:507 - Load IP Config File for FATFS
2026-07-30 16:10:19,789 [INFO] ApiDbMcu:507 - Load IP Config File for FREERTOS
2026-07-30 16:10:19,793 [INFO] ApiDbMcu:507 - Load IP Config File for LIBJPEG
2026-07-30 16:10:19,823 [INFO] ApiDbMcu:507 - Load IP Config File for MBEDTLS
2026-07-30 16:10:19,850 [INFO] ApiDbMcu:507 - Load IP Config File for USB_DEVICE
2026-07-30 16:10:19,858 [INFO] ApiDbMcu:507 - Load IP Config File for USB_HOST
2026-07-30 16:10:20,573 [INFO] LogOutputStream:77 - [STDOUT_REDIRECT] 
2026-07-30 16:10:21,601 [INFO] ProjectBuilder:4626 - Time for Generating toolchain IDE Files: 2051mS.
2026-07-30 16:10:21,601 [INFO] ProjectBuilder:2935 - Time for Copy CMSIS : 0mS.
2026-07-30 16:10:21,603 [INFO] ProjectBuilder:2935 - Time for Copy CMSIS : 0mS.
2026-07-30 16:10:22,589 [INFO] McuFinderGlobals:76 - Set McuFinderConnectedMode to true
2026-07-30 16:10:22,595 [INFO] ApiDb:448 - Save user favorites file C:\Users\Admin/.stm32cubeide/favorites.mcus.txt: 4 item(s)
2026-07-30 16:10:22,595 [INFO] ApiDb:452 - User favorites MCUs=[STM32F103C8T6, STM32F405RGT6, STM32F411CEU6, STM32H523CET6]
2026-07-30 16:10:57,091 [WARN] IP:2114 - I2C_Coeff_DF not found: check if there is a RefParameter without a condition.
2026-07-30 16:10:57,091 [WARN] IP:2114 - Analog_Filter not found: check if there is a RefParameter without a condition.
2026-07-30 16:10:57,102 [WARN] IP:2114 - I2C_Coeff_DF not found: check if there is a RefParameter without a condition.
2026-07-30 16:10:57,102 [WARN] IP:2114 - Analog_Filter not found: check if there is a RefParameter without a condition.
2026-07-30 16:10:57,102 [WARN] IP:2114 - I2C_Coeff_DF not found: check if there is a RefParameter without a condition.
2026-07-30 16:10:57,103 [WARN] IP:2114 - Analog_Filter not found: check if there is a RefParameter without a condition.
2026-07-30 16:10:57,188 [WARN] IP:2114 - I2C_Coeff_DF not found: check if there is a RefParameter without a condition.
2026-07-30 16:10:57,189 [WARN] IP:2114 - Analog_Filter not found: check if there is a RefParameter without a condition.
2026-07-30 16:10:57,190 [WARN] IP:2114 - I2C_Coeff_DF not found: check if there is a RefParameter without a condition.
2026-07-30 16:10:57,190 [WARN] IP:2114 - Analog_Filter not found: check if there is a RefParameter without a condition.
2026-07-30 16:11:13,585 [WARN] IP:2114 - I2C_Coeff_DF not found: check if there is a RefParameter without a condition.
2026-07-30 16:11:13,585 [WARN] IP:2114 - Analog_Filter not found: check if there is a RefParameter without a condition.
2026-07-30 16:11:13,585 [WARN] IP:2114 - I2C_Coeff_DF not found: check if there is a RefParameter without a condition.
2026-07-30 16:11:13,585 [WARN] IP:2114 - Analog_Filter not found: check if there is a RefParameter without a condition.
2026-07-30 16:11:13,596 [WARN] IP:2114 - I2C_Coeff_DF not found: check if there is a RefParameter without a condition.
2026-07-30 16:11:13,596 [WARN] IP:2114 - Analog_Filter not found: check if there is a RefParameter without a condition.
2026-07-30 16:11:13,607 [WARN] IP:2114 - I2C_Coeff_DF not found: check if there is a RefParameter without a condition.
2026-07-30 16:11:13,607 [WARN] IP:2114 - Analog_Filter not found: check if there is a RefParameter without a condition.
2026-07-30 16:11:23,382 [INFO] Gpio:273 - dependency for GPIO [I2C1, SYS]
2026-07-30 16:12:38,970 [INFO] Gpio:273 - dependency for GPIO [I2C1, SYS]
2026-07-30 16:12:48,789 [INFO] UtilMem:75 - End SaveConfig() Used Memory: 866886432 Bytes (1073741824)
2026-07-30 16:12:56,221 [INFO] UtilMem:75 - End SaveConfig() Used Memory: 775750824 Bytes (1073741824)
2026-07-30 16:12:56,518 [INFO] BlockDiagram:2759 - set Specific Code input for plugin: NVIC
2026-07-30 16:12:56,519 [INFO] BlockDiagram:2759 - set Specific Code input for plugin: SYS
2026-07-30 16:12:56,520 [INFO] BlockDiagram:2759 - set Specific Code input for plugin: GPIO
2026-07-30 16:12:56,520 [INFO] BlockDiagram:2759 - set Specific Code input for plugin: RCC
2026-07-30 16:12:56,520 [INFO] BlockDiagram:2759 - set Specific Code input for plugin: I2C
2026-07-30 16:12:56,521 [INFO] CodeGenerator:799 - code generatio: config db path: C:\ST\STM32CubeIDE_1.13.1\STM32CubeIDE\plugins\com.st.stm32cube.common.mx_6.9.1.202307191849\\db\
2026-07-30 16:12:56,522 [WARN] IP:2114 - I2C_Coeff_DF not found: check if there is a RefParameter without a condition.
2026-07-30 16:12:56,522 [WARN] IP:2114 - Analog_Filter not found: check if there is a RefParameter without a condition.
2026-07-30 16:12:56,651 [INFO] CodeEngine:255 - oldGeneratedFile, C:\Users\Admin\Documents\GitHub\Drone-RTOS\Source\006MPU6050_Interrupt\MXTmpFiles\license.tmp_save
2026-07-30 16:12:56,812 [INFO] CodeEngine:279 - Generated code: C:\Users\Admin\Documents\GitHub\Drone-RTOS\Source\006MPU6050_Interrupt\MXTmpFiles\license.tmp
2026-07-30 16:12:56,851 [INFO] CodeEngine:255 - oldGeneratedFile, C:\Users\Admin\Documents\GitHub\Drone-RTOS\Source\006MPU6050_Interrupt\MXTmpFiles\gpio.tmp_save
2026-07-30 16:12:56,949 [INFO] CodeEngine:279 - Generated code: C:\Users\Admin\Documents\GitHub\Drone-RTOS\Source\006MPU6050_Interrupt\MXTmpFiles\gpio.tmp
2026-07-30 16:12:57,039 [INFO] CodeEngine:255 - oldGeneratedFile, C:\Users\Admin\Documents\GitHub\Drone-RTOS\Source\006MPU6050_Interrupt\Core\Src\stm32f4xx_it.c_save
2026-07-30 16:12:57,259 [INFO] CodeEngine:279 - Generated code: C:\Users\Admin\Documents\GitHub\Drone-RTOS\Source\006MPU6050_Interrupt\Core\Src\stm32f4xx_it.c
2026-07-30 16:12:57,264 [INFO] CodeEngine:255 - oldGeneratedFile, C:\Users\Admin\Documents\GitHub\Drone-RTOS\Source\006MPU6050_Interrupt\Core\Inc\stm32f4xx_it.h_save
2026-07-30 16:12:57,313 [INFO] CodeEngine:279 - Generated code: C:\Users\Admin\Documents\GitHub\Drone-RTOS\Source\006MPU6050_Interrupt\Core\Inc\stm32f4xx_it.h
2026-07-30 16:12:57,327 [INFO] CodeEngine:255 - oldGeneratedFile, C:\Users\Admin\Documents\GitHub\Drone-RTOS\Source\006MPU6050_Interrupt\Core\Src\stm32f4xx_hal_msp.c_save
2026-07-30 16:12:57,403 [INFO] CodeEngine:279 - Generated code: C:\Users\Admin\Documents\GitHub\Drone-RTOS\Source\006MPU6050_Interrupt\Core\Src\stm32f4xx_hal_msp.c
2026-07-30 16:12:57,407 [INFO] CodeEngine:255 - oldGeneratedFile, C:\Users\Admin\Documents\GitHub\Drone-RTOS\Source\006MPU6050_Interrupt\MXTmpFiles\system.tmp_save
2026-07-30 16:12:57,453 [INFO] CodeEngine:279 - Generated code: C:\Users\Admin\Documents\GitHub\Drone-RTOS\Source\006MPU6050_Interrupt\MXTmpFiles\system.tmp
2026-07-30 16:12:57,460 [INFO] CodeEngine:311 - oldGeneratedFile, C:\Users\Admin\Documents\GitHub\Drone-RTOS\Source\006MPU6050_Interrupt\Core\Inc\stm32f4xx_hal_conf.h_save
2026-07-30 16:12:57,511 [INFO] CodeEngine:335 - Generated code: C:\Users\Admin\Documents\GitHub\Drone-RTOS\Source\006MPU6050_Interrupt\Core\Inc\stm32f4xx_hal_conf.h
2026-07-30 16:12:57,536 [INFO] CodeEngine:255 - oldGeneratedFile, C:\Users\Admin\Documents\GitHub\Drone-RTOS\Source\006MPU6050_Interrupt\Core\Inc\main.h_save
2026-07-30 16:12:57,596 [INFO] CodeEngine:279 - Generated code: C:\Users\Admin\Documents\GitHub\Drone-RTOS\Source\006MPU6050_Interrupt\Core\Inc\main.h
2026-07-30 16:12:57,600 [INFO] CodeEngine:255 - oldGeneratedFile, C:\Users\Admin\Documents\GitHub\Drone-RTOS\Source\006MPU6050_Interrupt\Core\Src\main.c_save
2026-07-30 16:12:57,676 [INFO] CodeEngine:279 - Generated code: C:\Users\Admin\Documents\GitHub\Drone-RTOS\Source\006MPU6050_Interrupt\Core\Src\main.c
2026-07-30 16:12:58,116 [INFO] ProjectBuilder:3064 - Time for Copy HAL[1] : 127mS.
2026-07-30 16:12:58,119 [INFO] ProjectBuilder:4404 - Project Generator version: 4.1.0
2026-07-30 16:12:58,265 [INFO] ConfigFileManager:1457 - The Die is : DIE431
2026-07-30 16:12:59,548 [INFO] ProjectBuilder:4626 - Time for Generating toolchain IDE Files: 1429mS.
2026-07-30 16:12:59,549 [INFO] ProjectBuilder:2935 - Time for Copy CMSIS : 1mS.
2026-07-30 16:12:59,551 [INFO] ProjectBuilder:2935 - Time for Copy CMSIS : 1mS.
2026-07-30 17:15:30,270 [INFO] MainUpdater:2868 - connection check result : 10
2026-07-30 17:15:30,270 [INFO] McuFinderGlobals:76 - Set McuFinderConnectedMode to true
2026-07-30 17:15:30,871 [INFO] ServerAccessManage:473 - Download File mcusAds.json._tmp_
2026-07-30 17:15:31,004 [INFO] LoadUrlFilesThread:156 - End of LoadUrlFiles Thread
2026-07-30 17:15:31,354 [INFO] ServerAccessManage:473 - Download File cube-finder-db.zip
2026-07-30 17:18:23,640 [INFO] FileExtend:240 - Unzip File : cube-finder-db.zip
2026-07-30 17:18:23,640 [INFO] FileExtend:255 - Standard Zip Deflate
2026-07-30 17:18:24,245 [INFO] LoadUrlFilesThread:156 - End of LoadUrlFiles Thread
2026-07-30 17:18:45,629 [ERROR] ServerAccessManage:1172 - Problem during Server Connection :  IO error Connection timed out: no further information
2026-07-30 17:18:45,629 [ERROR] ServerAccessManage:651 - Problem during Server Connection :  : crdb.zip.
2026-07-30 17:18:47,814 [INFO] LoadUrlFilesThread:156 - End of LoadUrlFiles Thread
2026-07-30 17:18:48,594 [INFO] DbMcusAds:53 - JSON generation date=Wed Jul 15 16:46:00 GMT+07:00 2026 (1784108760991)
2026-07-30 17:18:48,596 [INFO] ApiDb:448 - Save user favorites file C:\Users\Admin/.stm32cubeide/favorites.mcus.txt: 4 item(s)
2026-07-30 17:18:48,596 [INFO] ApiDb:452 - User favorites MCUs=[STM32F103C8T6, STM32F405RGT6, STM32F411CEU6, STM32H523CET6]
2026-07-30 17:18:48,597 [INFO] ApiDb:581 - Connected to CubeFinder SQLite database (C:\Users\Admin\.stmcufinder\plugins\mcufinder\mcu\cube-finder-db.db)
2026-07-30 17:18:48,661 [INFO] ApiDb:668 - CubeFinder database Data Model version=2.1
2026-07-30 17:18:48,661 [INFO] ApiDb:669 - CubeFinder database Configuration version=3.0.42
2026-07-30 17:18:48,661 [INFO] ApiDb:670 - CubeFinder database generation date=2026-06-23 (1782213372)
2026-07-30 17:18:48,661 [INFO] ApiDb:671 - CubeFinder database FW Pack versions=[FP-ATR-ASTRA1_V2.0.0, FP-SNS-FLIGHT1_V5.1.0, FP-SNS-MOTENV1_V5.1.0, FP-SNS-MOTENVWB1_V1.5.0, FP-SNS-SMARTAG2_V1.2.0, FP-SNS-STBOX1_V2.1.0, STM32Cube_FW_C0_V1.4.0, STM32Cube_FW_F4_V1.28.3, STM32Cube_FW_F7_V1.17.4, STM32Cube_FW_G0_V1.6.3, STM32Cube_FW_G4_V1.6.2, STM32Cube_FW_H5_V1.7.0, STM32Cube_FW_H7RS_V1.3.0, STM32Cube_FW_H7_V1.13.0, STM32Cube_FW_L0_V1.12.2, STM32Cube_FW_L4_V1.18.2, STM32Cube_FW_L5_V1.6.0, STM32Cube_FW_N6_V1.4.0, STM32Cube_FW_U0_V1.3.0, STM32Cube_FW_U3_V1.4.0, STM32Cube_FW_U5_V1.9.0, STM32Cube_FW_WB0_V1.5.0, STM32Cube_FW_WBA_V1.10.0, STM32Cube_FW_WB_V1.24.0, STM32Cube_FW_WL3_V1.5.0, STM32Cube_FW_WL_V1.6.0, X-CUBE-ALGOBUILD_V1.5.0, X-CUBE-ALS_V1.0.2, X-CUBE-AZRTOS-F4_V1.1.0, X-CUBE-AZRTOS-F7_V1.1.0, X-CUBE-AZRTOS-G0_V1.1.0, X-CUBE-AZRTOS-G4_V2.0.0, X-CUBE-AZRTOS-H7RS_V1.1.0, X-CUBE-AZRTOS-H7_V3.5.0, X-CUBE-AZRTOS-L4_V2.0.0, X-CUBE-AZRTOS-L5_V2.0.0, X-CUBE-AZRTOS-WB_V2.0.0, X-CUBE-AZRTOS-WL_V2.0.0, X-CUBE-BLE1_V7.1.0, X-CUBE-BLE2_V3.3.0, X-CUBE-BLEMGR_V4.1.0, X-CUBE-EEPRMA1_V5.2.0, X-CUBE-FREERTOS_V1.5.0, X-CUBE-GNSS1_V7.1.1, X-CUBE-MEMS1_V12.1.0, X-CUBE-NFC4_V3.0.0, X-CUBE-NFC7_V2.0.0, X-CUBE-SFXS2LP1_V4.0.0, X-CUBE-ST67W61_V1.3.0, X-CUBE-SUBG2_V5.0.0, X-CUBE-TOF1_V3.4.3]
2026-07-30 17:18:50,836 [INFO] ApiDb:240 - Found 323 in-development CPN: [B-G473E-ZEST1S, B-WB1M-WPAN1, B-WL5M-SUBG1, NUCLEO-C031C6, NUCLEO-H503RB, NUCLEO-H563ZI, NUCLEO-U545RE-Q, NUCLEO-U5A5ZJ-Q, NUCLEO-WBA52CG, STEVAL-PROTEUS1, STEVAL-SMARTAG2, STEVAL-STWINBX1, STM320518-EVAL, STM32C0116-DK, STM32C011D6Y3TR, STM32C011D6Y6TR, STM32C011F4P3, STM32C011F4P6, STM32C011F4U3, STM32C011F4U6TR, STM32C011F6P3, STM32C011F6P6, STM32C011F6U3, STM32C011F6U6TR, STM32C011J4M3, STM32C011J4M6, STM32C011J6M3, STM32C011J6M6, STM32C0316-DK, STM32C031C4T3, STM32C031C4T6, STM32C031C4U3, STM32C031C4U6, STM32C031C6T3, STM32C031C6T6, STM32C031C6U3, STM32C031C6U6, STM32C031F4P3, STM32C031F4P6, STM32C031F6P3, STM32C031F6P6, STM32C031G4U3, STM32C031G4U6, STM32C031G6U3, STM32C031G6U6, STM32C031K4T3, STM32C031K4T6, STM32C031K4U3, STM32C031K4U6, STM32C031K6T3, STM32C031K6T6, STM32C031K6U3, STM32C031K6U6, STM32G071K8TXN, STM32G071K8UXN, STM32G081GBU6N, STM32G081KBT6N, STM32G081KBUXN, STM32G0B1CCT6N, STM32G0B1KCT6, STM32G0B1NEY6TR, STM32G0B1RCT6N, STM32G0C1CCT6, STM32G0C1CCT6N, STM32G0C1CCU6N, STM32G0C1CET6N, STM32G0C1CEU6N, STM32G0C1KCT6, STM32G0C1NEY6TR, STM32G0C1RCI6N, STM32G0C1RCT6N, STM32G0C1REI6N, STM32G0C1RET6N, STM32G0C1VCI6, STM32G0C1VEI6, STM32G471CCT6, STM32G471CCU6, STM32G471CET3, STM32G471CET6, STM32G471CEU3, STM32G471CEU6, STM32G471MCT6, STM32G471MET3, STM32G471MET6, STM32G471MEY6TR, STM32G471QCT6, STM32G471QET3, STM32G471RCT6, STM32G471RET3, STM32G471RET6, STM32G471VCH6, STM32G471VCI6, STM32G471VCT6, STM32G471VEH3, STM32G471VEH6, STM32G471VEI3, STM32G471VEI6, STM32G471VET3, STM32G471VET6, STM32G474CCT6, STM32H503CBT6, STM32H503CBU6, STM32H503EBY6TR, STM32H503KBU6, STM32H503RBT6, STM32H562AGI6, STM32H562AII6, STM32H562IGK6, STM32H562IGT6, STM32H562IIK6, STM32H562IIT6, STM32H562RGT6, STM32H562RGV6, STM32H562RIT6, STM32H562RIV6, STM32H562VGT6, STM32H562VIT6, STM32H562ZGT6, STM32H562ZIT6, STM32H563AGI6, STM32H563AII3Q, STM32H563AII6, STM32H563IGK6, STM32H563IGT6, STM32H563IIK3Q, STM32H563IIK6, STM32H563IIT3Q, STM32H563IIT6, STM32H563MIY3QTR, STM32H563RGT6, STM32H563RGV6, STM32H563RIT6, STM32H563RIV6, STM32H563VGT6, STM32H563VIT3Q, STM32H563VIT6, STM32H563ZGT6, STM32H563ZIT3Q, STM32H563ZIT6, STM32H573AII3Q, STM32H573AII6, STM32H573I-DK, STM32H573IIK3Q, STM32H573IIK6, STM32H573IIT3Q, STM32H573IIT6, STM32H573MIY3QTR, STM32H573RIT6, STM32H573RIV6, STM32H573VIT3Q, STM32H573VIT6, STM32H573ZIT3Q, STM32H573ZIT6, STM32L4R5QGI6STR, STM32MP131AAE3, STM32MP131AAF3, STM32MP131AAG3, STM32MP131CAE3, STM32MP131CAF3, STM32MP131CAG3, STM32MP131DAE7, STM32MP131DAF7, STM32MP131DAG7, STM32MP131FAE7, STM32MP131FAF7, STM32MP131FAG7, STM32MP133AAE3, STM32MP133AAF3, STM32MP133AAG3, STM32MP133CAE3, STM32MP133CAF3, STM32MP133CAG3, STM32MP133DAE7, STM32MP133DAF7, STM32MP133DAG7, STM32MP133FAE7, STM32MP133FAF7, STM32MP133FAG7, STM32MP135AAE3, STM32MP135AAF3, STM32MP135AAG3, STM32MP135CAE3, STM32MP135CAF3, STM32MP135CAG3, STM32MP135DAE7, STM32MP135DAF7, STM32MP135DAG7, STM32MP135F-DK, STM32MP135FAE7, STM32MP135FAF7, STM32MP135FAF7T, STM32MP135FAF7U, STM32MP135FAG7, STM32U535CBT6, STM32U535CBT6Q, STM32U535CBU6, STM32U535CBU6Q, STM32U535CCT6, STM32U535CCT6Q, STM32U535CCU6, STM32U535CCU6Q, STM32U535CET6, STM32U535CET6Q, STM32U535CEU6, STM32U535CEU6Q, STM32U535JEY6QTR, STM32U535NCY6QTR, STM32U535NEY6QTR, STM32U535RBI6, STM32U535RBI6Q, STM32U535RBT6, STM32U535RBT6Q, STM32U535RCI6, STM32U535RCI6Q, STM32U535RCT6, STM32U535RCT6Q, STM32U535REI6, STM32U535REI6Q, STM32U535RET6, STM32U535RET6Q, STM32U535VCI6, STM32U535VCI6Q, STM32U535VCT6, STM32U535VCT6Q, STM32U535VEI6, STM32U535VEI6Q, STM32U535VET6, STM32U535VET6Q, STM32U545CET6, STM32U545CET6Q, STM32U545CEU6, STM32U545CEU6Q, STM32U545JEY6QTR, STM32U545NEY6QTR, STM32U545REI6, STM32U545REI6Q, STM32U545RET6, STM32U545RET6Q, STM32U545VEI6, STM32U545VEI6Q, STM32U545VET6, STM32U545VET6Q, STM32U595AIH6, STM32U595AIH6Q, STM32U595AJH6, STM32U595AJH6Q, STM32U595QII6, STM32U595QII6Q, STM32U595QJI6, STM32U595QJI6Q, STM32U595RIT6, STM32U595RIT6Q, STM32U595RJT6, STM32U595RJT6Q, STM32U595VIT6, STM32U595VIT6Q, STM32U595VJT6, STM32U595VJT6Q, STM32U595ZIT6, STM32U595ZIT6Q, STM32U595ZIY6QTR, STM32U595ZJT6, STM32U595ZJT6Q, STM32U595ZJY6QTR, STM32U599BJY6QTR, STM32U599NIH6Q, STM32U599NJH6Q, STM32U599VIT6Q, STM32U599VJT6, STM32U599VJT6Q, STM32U599ZIT6Q, STM32U599ZIY6QTR, STM32U599ZJT6Q, STM32U599ZJY6QTR, STM32U5A5AJH6, STM32U5A5AJH6Q, STM32U5A5QJI6, STM32U5A5QJI6Q, STM32U5A5RJT6, STM32U5A5RJT6Q, STM32U5A5VJT6, STM32U5A5VJT6Q, STM32U5A5ZJT6, STM32U5A5ZJT6Q, STM32U5A5ZJY6QTR, STM32U5A9BJY6QTR, STM32U5A9J-DK, STM32U5A9NJH6Q, STM32U5A9VJT6Q, STM32U5A9ZJT6Q, STM32U5A9ZJY6QTR, STM32U5F7VIT6, STM32U5F7VIT6Q, STM32U5F7VJT6, STM32U5F7VJT6Q, STM32U5F9BJY6QTR, STM32U5F9NJH6Q, STM32U5F9VIT6Q, STM32U5F9VJT6Q, STM32U5F9ZIJ6QTR, STM32U5F9ZIT6Q, STM32U5F9ZJJ6QTR, STM32U5F9ZJT6Q, STM32U5G7VJT6, STM32U5G7VJT6Q, STM32U5G9BJY6QTR, STM32U5G9J-DK1, STM32U5G9J-DK2, STM32U5G9NJH6Q, STM32U5G9VJT6Q, STM32U5G9ZJJ6QTR, STM32U5G9ZJT6Q, STM32WB1MMCH6, STM32WBA52CEU6, STM32WBA52CEU6T, STM32WBA52CGU6, STM32WBA52CGU6T, STM32WBA52KEU6, STM32WBA52KEU6T, STM32WBA52KGU6, STM32WBA52KGU6T, STM32WL5MOCH6, STM32WL5MOCH6TR]
2026-07-30 17:18:50,839 [INFO] DbMcus:217 - Found 5228 MCUs, 5075 are supported
2026-07-30 17:18:50,840 [INFO] ApiDb:423 - Load user favorites file C:\Users\Admin/.stm32cubeide/favorites.mcus.txt: 4 item(s)
2026-07-30 17:18:50,840 [INFO] ApiDb:427 - User favorites MCUs=[STM32F103C8T6, STM32F405RGT6, STM32F411CEU6, STM32H523CET6]
2026-07-30 17:18:50,840 [INFO] DbMcus:223 - Set 4 / 4 favorites MCUs
2026-07-30 17:18:51,147 [INFO] ApiDb:448 - Save user favorites file C:\Users\Admin/.stm32cubeide/favorites.boards.txt: 0 item(s)
2026-07-30 17:18:51,147 [INFO] ApiDb:452 - User favorites Boards=[]
2026-07-30 17:18:51,148 [INFO] ApiDb:581 - Connected to CubeFinder SQLite database (C:\Users\Admin\.stmcufinder\plugins\mcufinder\mcu\cube-finder-db.db)
2026-07-30 17:18:51,215 [INFO] ApiDb:668 - CubeFinder database Data Model version=2.1
2026-07-30 17:18:51,215 [INFO] ApiDb:669 - CubeFinder database Configuration version=3.0.42
2026-07-30 17:18:51,215 [INFO] ApiDb:670 - CubeFinder database generation date=2026-06-23 (1782213372)
2026-07-30 17:18:51,215 [INFO] ApiDb:671 - CubeFinder database FW Pack versions=[FP-ATR-ASTRA1_V2.0.0, FP-SNS-FLIGHT1_V5.1.0, FP-SNS-MOTENV1_V5.1.0, FP-SNS-MOTENVWB1_V1.5.0, FP-SNS-SMARTAG2_V1.2.0, FP-SNS-STBOX1_V2.1.0, STM32Cube_FW_C0_V1.4.0, STM32Cube_FW_F4_V1.28.3, STM32Cube_FW_F7_V1.17.4, STM32Cube_FW_G0_V1.6.3, STM32Cube_FW_G4_V1.6.2, STM32Cube_FW_H5_V1.7.0, STM32Cube_FW_H7RS_V1.3.0, STM32Cube_FW_H7_V1.13.0, STM32Cube_FW_L0_V1.12.2, STM32Cube_FW_L4_V1.18.2, STM32Cube_FW_L5_V1.6.0, STM32Cube_FW_N6_V1.4.0, STM32Cube_FW_U0_V1.3.0, STM32Cube_FW_U3_V1.4.0, STM32Cube_FW_U5_V1.9.0, STM32Cube_FW_WB0_V1.5.0, STM32Cube_FW_WBA_V1.10.0, STM32Cube_FW_WB_V1.24.0, STM32Cube_FW_WL3_V1.5.0, STM32Cube_FW_WL_V1.6.0, X-CUBE-ALGOBUILD_V1.5.0, X-CUBE-ALS_V1.0.2, X-CUBE-AZRTOS-F4_V1.1.0, X-CUBE-AZRTOS-F7_V1.1.0, X-CUBE-AZRTOS-G0_V1.1.0, X-CUBE-AZRTOS-G4_V2.0.0, X-CUBE-AZRTOS-H7RS_V1.1.0, X-CUBE-AZRTOS-H7_V3.5.0, X-CUBE-AZRTOS-L4_V2.0.0, X-CUBE-AZRTOS-L5_V2.0.0, X-CUBE-AZRTOS-WB_V2.0.0, X-CUBE-AZRTOS-WL_V2.0.0, X-CUBE-BLE1_V7.1.0, X-CUBE-BLE2_V3.3.0, X-CUBE-BLEMGR_V4.1.0, X-CUBE-EEPRMA1_V5.2.0, X-CUBE-FREERTOS_V1.5.0, X-CUBE-GNSS1_V7.1.1, X-CUBE-MEMS1_V12.1.0, X-CUBE-NFC4_V3.0.0, X-CUBE-NFC7_V2.0.0, X-CUBE-SFXS2LP1_V4.0.0, X-CUBE-ST67W61_V1.3.0, X-CUBE-SUBG2_V5.0.0, X-CUBE-TOF1_V3.4.3]
2026-07-30 17:18:51,255 [INFO] DbBoardsSqlite:226 - include board P-NUCLEO-WB55-NUCLEO as a kit item of type 'Nucleo-64'
2026-07-30 17:18:51,255 [INFO] DbBoardsSqlite:226 - include board P-NUCLEO-WB55-USBDONGLE as a kit item of type 'Nucleo USB Dongle'
2026-07-30 17:18:51,255 [INFO] DbBoardsSqlite:226 - include board STEVAL-IDP005V1 as a kit item of type 'Evaluation Board'
2026-07-30 17:18:51,255 [INFO] DbBoardsSqlite:226 - include board STEVAL-IDP005V2 as a kit item of type 'Evaluation Board'
2026-07-30 17:18:51,320 [INFO] ApiDb:240 - Found 323 in-development CPN: [B-G473E-ZEST1S, B-WB1M-WPAN1, B-WL5M-SUBG1, NUCLEO-C031C6, NUCLEO-H503RB, NUCLEO-H563ZI, NUCLEO-U545RE-Q, NUCLEO-U5A5ZJ-Q, NUCLEO-WBA52CG, STEVAL-PROTEUS1, STEVAL-SMARTAG2, STEVAL-STWINBX1, STM320518-EVAL, STM32C0116-DK, STM32C011D6Y3TR, STM32C011D6Y6TR, STM32C011F4P3, STM32C011F4P6, STM32C011F4U3, STM32C011F4U6TR, STM32C011F6P3, STM32C011F6P6, STM32C011F6U3, STM32C011F6U6TR, STM32C011J4M3, STM32C011J4M6, STM32C011J6M3, STM32C011J6M6, STM32C0316-DK, STM32C031C4T3, STM32C031C4T6, STM32C031C4U3, STM32C031C4U6, STM32C031C6T3, STM32C031C6T6, STM32C031C6U3, STM32C031C6U6, STM32C031F4P3, STM32C031F4P6, STM32C031F6P3, STM32C031F6P6, STM32C031G4U3, STM32C031G4U6, STM32C031G6U3, STM32C031G6U6, STM32C031K4T3, STM32C031K4T6, STM32C031K4U3, STM32C031K4U6, STM32C031K6T3, STM32C031K6T6, STM32C031K6U3, STM32C031K6U6, STM32G071K8TXN, STM32G071K8UXN, STM32G081GBU6N, STM32G081KBT6N, STM32G081KBUXN, STM32G0B1CCT6N, STM32G0B1KCT6, STM32G0B1NEY6TR, STM32G0B1RCT6N, STM32G0C1CCT6, STM32G0C1CCT6N, STM32G0C1CCU6N, STM32G0C1CET6N, STM32G0C1CEU6N, STM32G0C1KCT6, STM32G0C1NEY6TR, STM32G0C1RCI6N, STM32G0C1RCT6N, STM32G0C1REI6N, STM32G0C1RET6N, STM32G0C1VCI6, STM32G0C1VEI6, STM32G471CCT6, STM32G471CCU6, STM32G471CET3, STM32G471CET6, STM32G471CEU3, STM32G471CEU6, STM32G471MCT6, STM32G471MET3, STM32G471MET6, STM32G471MEY6TR, STM32G471QCT6, STM32G471QET3, STM32G471RCT6, STM32G471RET3, STM32G471RET6, STM32G471VCH6, STM32G471VCI6, STM32G471VCT6, STM32G471VEH3, STM32G471VEH6, STM32G471VEI3, STM32G471VEI6, STM32G471VET3, STM32G471VET6, STM32G474CCT6, STM32H503CBT6, STM32H503CBU6, STM32H503EBY6TR, STM32H503KBU6, STM32H503RBT6, STM32H562AGI6, STM32H562AII6, STM32H562IGK6, STM32H562IGT6, STM32H562IIK6, STM32H562IIT6, STM32H562RGT6, STM32H562RGV6, STM32H562RIT6, STM32H562RIV6, STM32H562VGT6, STM32H562VIT6, STM32H562ZGT6, STM32H562ZIT6, STM32H563AGI6, STM32H563AII3Q, STM32H563AII6, STM32H563IGK6, STM32H563IGT6, STM32H563IIK3Q, STM32H563IIK6, STM32H563IIT3Q, STM32H563IIT6, STM32H563MIY3QTR, STM32H563RGT6, STM32H563RGV6, STM32H563RIT6, STM32H563RIV6, STM32H563VGT6, STM32H563VIT3Q, STM32H563VIT6, STM32H563ZGT6, STM32H563ZIT3Q, STM32H563ZIT6, STM32H573AII3Q, STM32H573AII6, STM32H573I-DK, STM32H573IIK3Q, STM32H573IIK6, STM32H573IIT3Q, STM32H573IIT6, STM32H573MIY3QTR, STM32H573RIT6, STM32H573RIV6, STM32H573VIT3Q, STM32H573VIT6, STM32H573ZIT3Q, STM32H573ZIT6, STM32L4R5QGI6STR, STM32MP131AAE3, STM32MP131AAF3, STM32MP131AAG3, STM32MP131CAE3, STM32MP131CAF3, STM32MP131CAG3, STM32MP131DAE7, STM32MP131DAF7, STM32MP131DAG7, STM32MP131FAE7, STM32MP131FAF7, STM32MP131FAG7, STM32MP133AAE3, STM32MP133AAF3, STM32MP133AAG3, STM32MP133CAE3, STM32MP133CAF3, STM32MP133CAG3, STM32MP133DAE7, STM32MP133DAF7, STM32MP133DAG7, STM32MP133FAE7, STM32MP133FAF7, STM32MP133FAG7, STM32MP135AAE3, STM32MP135AAF3, STM32MP135AAG3, STM32MP135CAE3, STM32MP135CAF3, STM32MP135CAG3, STM32MP135DAE7, STM32MP135DAF7, STM32MP135DAG7, STM32MP135F-DK, STM32MP135FAE7, STM32MP135FAF7, STM32MP135FAF7T, STM32MP135FAF7U, STM32MP135FAG7, STM32U535CBT6, STM32U535CBT6Q, STM32U535CBU6, STM32U535CBU6Q, STM32U535CCT6, STM32U535CCT6Q, STM32U535CCU6, STM32U535CCU6Q, STM32U535CET6, STM32U535CET6Q, STM32U535CEU6, STM32U535CEU6Q, STM32U535JEY6QTR, STM32U535NCY6QTR, STM32U535NEY6QTR, STM32U535RBI6, STM32U535RBI6Q, STM32U535RBT6, STM32U535RBT6Q, STM32U535RCI6, STM32U535RCI6Q, STM32U535RCT6, STM32U535RCT6Q, STM32U535REI6, STM32U535REI6Q, STM32U535RET6, STM32U535RET6Q, STM32U535VCI6, STM32U535VCI6Q, STM32U535VCT6, STM32U535VCT6Q, STM32U535VEI6, STM32U535VEI6Q, STM32U535VET6, STM32U535VET6Q, STM32U545CET6, STM32U545CET6Q, STM32U545CEU6, STM32U545CEU6Q, STM32U545JEY6QTR, STM32U545NEY6QTR, STM32U545REI6, STM32U545REI6Q, STM32U545RET6, STM32U545RET6Q, STM32U545VEI6, STM32U545VEI6Q, STM32U545VET6, STM32U545VET6Q, STM32U595AIH6, STM32U595AIH6Q, STM32U595AJH6, STM32U595AJH6Q, STM32U595QII6, STM32U595QII6Q, STM32U595QJI6, STM32U595QJI6Q, STM32U595RIT6, STM32U595RIT6Q, STM32U595RJT6, STM32U595RJT6Q, STM32U595VIT6, STM32U595VIT6Q, STM32U595VJT6, STM32U595VJT6Q, STM32U595ZIT6, STM32U595ZIT6Q, STM32U595ZIY6QTR, STM32U595ZJT6, STM32U595ZJT6Q, STM32U595ZJY6QTR, STM32U599BJY6QTR, STM32U599NIH6Q, STM32U599NJH6Q, STM32U599VIT6Q, STM32U599VJT6, STM32U599VJT6Q, STM32U599ZIT6Q, STM32U599ZIY6QTR, STM32U599ZJT6Q, STM32U599ZJY6QTR, STM32U5A5AJH6, STM32U5A5AJH6Q, STM32U5A5QJI6, STM32U5A5QJI6Q, STM32U5A5RJT6, STM32U5A5RJT6Q, STM32U5A5VJT6, STM32U5A5VJT6Q, STM32U5A5ZJT6, STM32U5A5ZJT6Q, STM32U5A5ZJY6QTR, STM32U5A9BJY6QTR, STM32U5A9J-DK, STM32U5A9NJH6Q, STM32U5A9VJT6Q, STM32U5A9ZJT6Q, STM32U5A9ZJY6QTR, STM32U5F7VIT6, STM32U5F7VIT6Q, STM32U5F7VJT6, STM32U5F7VJT6Q, STM32U5F9BJY6QTR, STM32U5F9NJH6Q, STM32U5F9VIT6Q, STM32U5F9VJT6Q, STM32U5F9ZIJ6QTR, STM32U5F9ZIT6Q, STM32U5F9ZJJ6QTR, STM32U5F9ZJT6Q, STM32U5G7VJT6, STM32U5G7VJT6Q, STM32U5G9BJY6QTR, STM32U5G9J-DK1, STM32U5G9J-DK2, STM32U5G9NJH6Q, STM32U5G9VJT6Q, STM32U5G9ZJJ6QTR, STM32U5G9ZJT6Q, STM32WB1MMCH6, STM32WBA52CEU6, STM32WBA52CEU6T, STM32WBA52CGU6, STM32WBA52CGU6T, STM32WBA52KEU6, STM32WBA52KEU6T, STM32WBA52KGU6, STM32WBA52KGU6T, STM32WL5MOCH6, STM32WL5MOCH6TR]
2026-07-30 17:18:51,330 [INFO] BoardInfo:880 - No configuration file found for board B-WBA5M-WPAN
2026-07-30 17:18:51,330 [INFO] DbBoards:157 - Board is not supported: B-WBA5M-WPAN
2026-07-30 17:18:51,333 [INFO] BoardInfo:880 - No configuration file found for board NUCLEO-C051C8
2026-07-30 17:18:51,333 [INFO] DbBoards:157 - Board is not supported: NUCLEO-C051C8
2026-07-30 17:18:51,334 [INFO] BoardInfo:880 - No configuration file found for board NUCLEO-C071RB
2026-07-30 17:18:51,334 [INFO] DbBoards:157 - Board is not supported: NUCLEO-C071RB
2026-07-30 17:18:51,335 [INFO] BoardInfo:880 - No configuration file found for board NUCLEO-C092RC
2026-07-30 17:18:51,335 [INFO] DbBoards:157 - Board is not supported: NUCLEO-C092RC
2026-07-30 17:18:51,373 [INFO] BoardInfo:880 - No configuration file found for board NUCLEO-H533RE
2026-07-30 17:18:51,373 [INFO] DbBoards:157 - Board is not supported: NUCLEO-H533RE
2026-07-30 17:18:51,374 [INFO] BoardInfo:880 - No configuration file found for board NUCLEO-H5E5ZJ
2026-07-30 17:18:51,374 [INFO] DbBoards:157 - Board is not supported: NUCLEO-H5E5ZJ
2026-07-30 17:18:51,380 [INFO] BoardInfo:880 - No configuration file found for board NUCLEO-H7S3L8
2026-07-30 17:18:51,380 [INFO] DbBoards:157 - Board is not supported: NUCLEO-H7S3L8
2026-07-30 17:18:51,400 [INFO] BoardInfo:880 - No configuration file found for board NUCLEO-N657X0-Q
2026-07-30 17:18:51,400 [INFO] DbBoards:157 - Board is not supported: NUCLEO-N657X0-Q
2026-07-30 17:18:51,401 [INFO] BoardInfo:880 - No configuration file found for board NUCLEO-U031R8
2026-07-30 17:18:51,401 [INFO] DbBoards:157 - Board is not supported: NUCLEO-U031R8
2026-07-30 17:18:51,402 [INFO] BoardInfo:880 - No configuration file found for board NUCLEO-U083RC
2026-07-30 17:18:51,402 [INFO] DbBoards:157 - Board is not supported: NUCLEO-U083RC
2026-07-30 17:18:51,404 [INFO] BoardInfo:880 - No configuration file found for board NUCLEO-U385RG-Q
2026-07-30 17:18:51,404 [INFO] DbBoards:157 - Board is not supported: NUCLEO-U385RG-Q
2026-07-30 17:18:51,405 [INFO] BoardInfo:880 - No configuration file found for board NUCLEO-U3C5ZI-Q
2026-07-30 17:18:51,405 [INFO] DbBoards:157 - Board is not supported: NUCLEO-U3C5ZI-Q
2026-07-30 17:18:51,410 [INFO] BoardInfo:880 - No configuration file found for board NUCLEO-WB05KZ
2026-07-30 17:18:51,410 [INFO] DbBoards:157 - Board is not supported: NUCLEO-WB05KZ
2026-07-30 17:18:51,411 [INFO] BoardInfo:880 - No configuration file found for board NUCLEO-WB07CC
2026-07-30 17:18:51,411 [INFO] DbBoards:157 - Board is not supported: NUCLEO-WB07CC
2026-07-30 17:18:51,412 [INFO] BoardInfo:880 - No configuration file found for board NUCLEO-WB09KE
2026-07-30 17:18:51,412 [INFO] DbBoards:157 - Board is not supported: NUCLEO-WB09KE
2026-07-30 17:18:51,416 [INFO] BoardInfo:880 - No configuration file found for board NUCLEO-WBA25CE1
2026-07-30 17:18:51,416 [INFO] DbBoards:157 - Board is not supported: NUCLEO-WBA25CE1
2026-07-30 17:18:51,417 [INFO] BoardInfo:880 - No configuration file found for board NUCLEO-WBA55CG
2026-07-30 17:18:51,417 [INFO] DbBoards:157 - Board is not supported: NUCLEO-WBA55CG
2026-07-30 17:18:51,418 [INFO] BoardInfo:880 - No configuration file found for board NUCLEO-WBA65RI
2026-07-30 17:18:51,418 [INFO] DbBoards:157 - Board is not supported: NUCLEO-WBA65RI
2026-07-30 17:18:51,419 [INFO] BoardInfo:880 - No configuration file found for board NUCLEO-WL33CC1
2026-07-30 17:18:51,419 [INFO] DbBoards:157 - Board is not supported: NUCLEO-WL33CC1
2026-07-30 17:18:51,419 [INFO] BoardInfo:880 - No configuration file found for board NUCLEO-WL33CC2
2026-07-30 17:18:51,420 [INFO] DbBoards:157 - Board is not supported: NUCLEO-WL33CC2
2026-07-30 17:18:51,420 [INFO] BoardInfo:880 - No configuration file found for board NUCLEO-WL3RKB1
2026-07-30 17:18:51,420 [INFO] DbBoards:157 - Board is not supported: NUCLEO-WL3RKB1
2026-07-30 17:18:51,421 [INFO] BoardInfo:880 - No configuration file found for board NUCLEO-WL3RKB2
2026-07-30 17:18:51,421 [INFO] DbBoards:157 - Board is not supported: NUCLEO-WL3RKB2
2026-07-30 17:18:51,425 [INFO] BoardInfo:880 - No configuration file found for board P-NUCLEO-WB55
2026-07-30 17:18:51,425 [INFO] DbBoards:157 - Kit is not supported: P-NUCLEO-WB55
2026-07-30 17:18:51,428 [INFO] BoardInfo:880 - No configuration file found for board STEVAL-BFA001V1B
2026-07-30 17:18:51,428 [INFO] DbBoards:157 - Kit is not supported: STEVAL-BFA001V1B
2026-07-30 17:18:51,429 [INFO] BoardInfo:880 - No configuration file found for board STEVAL-BFA001V2B
2026-07-30 17:18:51,429 [INFO] DbBoards:157 - Kit is not supported: STEVAL-BFA001V2B
2026-07-30 17:18:51,431 [INFO] BoardInfo:880 - No configuration file found for board STEVAL-MKBOXPRO
2026-07-30 17:18:51,431 [INFO] DbBoards:157 - Board is not supported: STEVAL-MKBOXPRO
2026-07-30 17:18:51,489 [INFO] BoardInfo:880 - No configuration file found for board STM32H5F5J-DK
2026-07-30 17:18:51,489 [INFO] DbBoards:157 - Board is not supported: STM32H5F5J-DK
2026-07-30 17:18:51,501 [INFO] BoardInfo:880 - No configuration file found for board STM32H7S78-DK
2026-07-30 17:18:51,501 [INFO] DbBoards:157 - Board is not supported: STM32H7S78-DK
2026-07-30 17:18:51,518 [INFO] BoardInfo:880 - No configuration file found for board STM32MP215F-DK
2026-07-30 17:18:51,518 [INFO] DbBoards:157 - Board is not supported: STM32MP215F-DK
2026-07-30 17:18:51,519 [INFO] BoardInfo:880 - No configuration file found for board STM32MP257F-DK
2026-07-30 17:18:51,519 [INFO] DbBoards:157 - Board is not supported: STM32MP257F-DK
2026-07-30 17:18:51,520 [INFO] BoardInfo:880 - No configuration file found for board STM32MP257F-EV1
2026-07-30 17:18:51,520 [INFO] DbBoards:157 - Board is not supported: STM32MP257F-EV1
2026-07-30 17:18:51,520 [INFO] BoardInfo:880 - No configuration file found for board STM32N6570-DK
2026-07-30 17:18:51,520 [INFO] DbBoards:157 - Board is not supported: STM32N6570-DK
2026-07-30 17:18:51,521 [INFO] BoardInfo:880 - No configuration file found for board STM32U083C-DK
2026-07-30 17:18:51,521 [INFO] DbBoards:157 - Board is not supported: STM32U083C-DK
2026-07-30 17:18:51,526 [INFO] BoardInfo:880 - No configuration file found for board STM32WBA55G-DK1
2026-07-30 17:18:51,526 [INFO] DbBoards:157 - Board is not supported: STM32WBA55G-DK1
2026-07-30 17:18:51,527 [INFO] BoardInfo:880 - No configuration file found for board STM32WBA65I-DK1
2026-07-30 17:18:51,527 [INFO] DbBoards:157 - Board is not supported: STM32WBA65I-DK1
2026-07-30 17:18:51,527 [INFO] DbBoards:161 - Found 218 boards, 183 are supported
2026-07-30 17:18:51,529 [INFO] ApiDb:423 - Load user favorites file C:\Users\Admin/.stm32cubeide/favorites.boards.txt: 0 item(s)
2026-07-30 17:18:51,529 [INFO] ApiDb:427 - User favorites Boards=[]
2026-07-30 17:18:51,529 [INFO] DbBoards:190 - Set 0 / 0 favorites Boards
2026-07-30 17:18:51,541 [ERROR] TargetSelectorAdapter:267 - Unable to refresh data
2026-07-30 17:18:51,569 [INFO] McuFinderGlobals:76 - Set McuFinderConnectedMode to true
2026-07-30 17:18:51,570 [INFO] MultiScanPanel:200 - Auto-refresh data requested => check proxy status ongoing
2026-07-30 17:18:51,570 [INFO] FinderPluginLoader:95 - Searching for filters in installed packs
2026-07-30 17:18:52,450 [INFO] LoadUrlFilesThread:185 - End of LoadServerUrlFiles without Thread
2026-07-30 17:18:52,450 [INFO] DetailPanel:341 - Set advertising image to C:/Users/Admin/STM32Cube/Repository/\en.stm32h5cubemxbanner.png
2026-07-30 17:19:56,091 [INFO] MainUpdater:2868 - connection check result : 10
2026-07-30 17:19:56,092 [INFO] MainUpdater:2868 - connection check result : 10
2026-07-30 17:19:56,151 [INFO] MicroXplorer:468 - Change Database Path : 
2026-07-30 17:19:56,151 [INFO] MicroXplorer:498 - Change Database Version : DB.6.0.91
2026-07-30 17:19:56,171 [WARN] ThirdParty:871 - waiting for thirdparty lock release [close project]
2026-07-30 17:19:56,171 [INFO] ThirdParty:873 - entering critical section [close project]
2026-07-30 17:19:56,171 [INFO] ThirdParty:883 - exiting critical section [close project]
2026-07-30 17:19:56,172 [INFO] PinOutPanel:1499 - setPackage(No Configuration,No Configuration)
2026-07-30 17:19:56,184 [WARN] IpParametersView:151 - Warning: This peripheral hasn't parameters
2026-07-30 17:19:56,187 [WARN] MainPanel:272 - <html><b><center>Warning: This peripheral has no parameters to be configured<br></b></html>
2026-07-30 17:19:56,191 [INFO] UtilMem:75 - Begin LoadConfig() Used Memory: 947656160 Bytes (1073741824)
2026-07-30 17:19:56,192 [INFO] MicroXplorer:468 - Change Database Path : 
2026-07-30 17:19:56,193 [INFO] MicroXplorer:498 - Change Database Version : DB.6.0.91
2026-07-30 17:19:56,193 [INFO] OpenFileManager:308 - Change cursor
2026-07-30 17:19:56,202 [INFO] RulesReader:64 - Compatibility file has been processed (293 Rules)
2026-07-30 17:19:56,205 [INFO] Mcu:1946 - Initializing MCU STM32F411CEUx STM32F411CEUx STM32F411CEU6
2026-07-30 17:19:57,055 [INFO] Context:659 - Trying to add GPIOservice into a context  which must be forbidden
2026-07-30 17:19:57,283 [INFO] ImportTextPane:194 - (OptionalMessage_ERROR) Unable to find key (Mcu.ThirdPartyNb) in loaded IOC file
2026-07-30 17:19:57,283 [INFO] ImportTextPane:194 - (OptionalMessage_ERROR) Unable to find key (Mcu.PinsNb) in loaded IOC file
2026-07-30 17:19:57,283 [INFO] ImportTextPane:194 - (OptionalMessage_ERROR) Unable to find key (Mcu.IPNb) in loaded IOC file
2026-07-30 17:19:57,300 [INFO] RtosManager:555 - Registered RTOS mode: class=CMSIS, group=RTOS, mode=CMSIS_V1, owner=FREERTOS
2026-07-30 17:19:57,300 [INFO] RtosManager:555 - Registered RTOS mode: class=CMSIS, group=RTOS2, mode=CMSIS_V2, owner=FREERTOS
2026-07-30 17:19:57,300 [INFO] RtosManager:555 - Registered RTOS mode: class=RTOS, group=Core, mode=CMSIS_V1, owner=FREERTOS
2026-07-30 17:19:57,300 [INFO] RtosManager:555 - Registered RTOS mode: class=RTOS, group=Core, mode=CMSIS_V2, owner=FREERTOS
2026-07-30 17:19:57,300 [WARN] ModelIntegratedComponent:184 - Missing modes for component STMicroelectronics:FreeRTOS:0.0.1:STMicroelectronics:RTOS:FreeRTOS:Core:::10.2.0:
2026-07-30 17:19:57,347 [WARN] ModelIntegratedComponent:182 - Modes not found for component STMicroelectronics:USB_HOST:1.0.0:STMicroelectronics:USB::USB Host:Audio HS::1.0:USB_HOST_1_0_RESTRICTED_HS
2026-07-30 17:19:57,347 [WARN] ModelIntegratedComponent:188 - Modes not found for component STMicroelectronics:USB_HOST:1.0.0:STMicroelectronics:USB::USB Host:Audio HS::1.0:USB_HOST_1_0_RESTRICTED_HS
2026-07-30 17:19:57,347 [WARN] ModelIntegratedComponent:182 - Modes not found for component STMicroelectronics:USB_HOST:1.0.0:STMicroelectronics:USB::USB Host:CDC HS::1.0:USB_HOST_1_0_RESTRICTED_HS
2026-07-30 17:19:57,347 [WARN] ModelIntegratedComponent:188 - Modes not found for component STMicroelectronics:USB_HOST:1.0.0:STMicroelectronics:USB::USB Host:CDC HS::1.0:USB_HOST_1_0_RESTRICTED_HS
2026-07-30 17:19:57,347 [WARN] ModelIntegratedComponent:182 - Modes not found for component STMicroelectronics:USB_HOST:1.0.0:STMicroelectronics:USB::USB Host:MSC HS::1.0:USB_HOST_1_0_RESTRICTED_HS
2026-07-30 17:19:57,347 [WARN] ModelIntegratedComponent:188 - Modes not found for component STMicroelectronics:USB_HOST:1.0.0:STMicroelectronics:USB::USB Host:MSC HS::1.0:USB_HOST_1_0_RESTRICTED_HS
2026-07-30 17:19:57,347 [WARN] ModelIntegratedComponent:182 - Modes not found for component STMicroelectronics:USB_HOST:1.0.0:STMicroelectronics:USB::USB Host:HID HS::1.0:USB_HOST_1_0_RESTRICTED_HS
2026-07-30 17:19:57,347 [WARN] ModelIntegratedComponent:188 - Modes not found for component STMicroelectronics:USB_HOST:1.0.0:STMicroelectronics:USB::USB Host:HID HS::1.0:USB_HOST_1_0_RESTRICTED_HS
2026-07-30 17:19:57,347 [WARN] ModelIntegratedComponent:182 - Modes not found for component STMicroelectronics:USB_HOST:1.0.0:STMicroelectronics:USB::USB Host:MTP HS::1.0:USB_HOST_1_0_RESTRICTED_HS
2026-07-30 17:19:57,347 [WARN] ModelIntegratedComponent:188 - Modes not found for component STMicroelectronics:USB_HOST:1.0.0:STMicroelectronics:USB::USB Host:MTP HS::1.0:USB_HOST_1_0_RESTRICTED_HS
2026-07-30 17:19:57,349 [WARN] ModelIntegratedComponent:63 - No mode defined for component null
2026-07-30 17:19:57,349 [WARN] ModelIntegratedComponent:63 - No mode defined for component null
2026-07-30 17:19:57,349 [WARN] ModelIntegratedComponent:63 - No mode defined for component null
2026-07-30 17:19:57,349 [WARN] ModelIntegratedComponent:63 - No mode defined for component null
2026-07-30 17:19:57,349 [WARN] ModelIntegratedComponent:63 - No mode defined for component null
2026-07-30 17:19:57,349 [WARN] ModelIntegratedComponent:63 - No mode defined for component null
2026-07-30 17:19:57,349 [WARN] ModelIntegratedComponent:63 - No mode defined for component null
2026-07-30 17:19:57,349 [WARN] ModelIntegratedComponent:63 - No mode defined for component null
2026-07-30 17:19:57,349 [WARN] ModelIntegratedComponent:63 - No mode defined for component null
2026-07-30 17:19:57,349 [WARN] ModelIntegratedComponent:63 - No mode defined for component null
2026-07-30 17:19:57,349 [WARN] ModelIntegratedComponent:63 - No mode defined for component null
2026-07-30 17:19:57,349 [WARN] ModelIntegratedComponent:63 - No mode defined for component null
2026-07-30 17:19:57,349 [WARN] ModelIntegratedComponent:63 - No mode defined for component null
2026-07-30 17:19:57,349 [WARN] ModelIntegratedComponent:63 - No mode defined for component null
2026-07-30 17:19:57,349 [WARN] ModelIntegratedComponent:63 - No mode defined for component null
2026-07-30 17:19:57,349 [WARN] ModelIntegratedComponent:63 - No mode defined for component null
2026-07-30 17:19:57,349 [WARN] ModelIntegratedComponent:63 - No mode defined for component null
2026-07-30 17:19:57,349 [WARN] ModelIntegratedComponent:63 - No mode defined for component null
2026-07-30 17:19:57,349 [WARN] ModelIntegratedComponent:63 - No mode defined for component null
2026-07-30 17:19:57,349 [WARN] ModelIntegratedComponent:63 - No mode defined for component null
2026-07-30 17:19:57,349 [WARN] ModelIntegratedComponent:63 - No mode defined for component null
2026-07-30 17:19:57,349 [WARN] ModelIntegratedComponent:63 - No mode defined for component null
2026-07-30 17:19:57,349 [WARN] ModelIntegratedComponent:63 - No mode defined for component null
2026-07-30 17:19:57,349 [WARN] ModelIntegratedComponent:63 - No mode defined for component null
2026-07-30 17:19:57,349 [WARN] ModelIntegratedComponent:63 - No mode defined for component null
2026-07-30 17:19:57,349 [WARN] ModelIntegratedComponent:63 - No mode defined for component null
2026-07-30 17:19:57,349 [WARN] ModelIntegratedComponent:63 - No mode defined for component null
2026-07-30 17:19:57,349 [WARN] ModelIntegratedComponent:63 - No mode defined for component null
2026-07-30 17:19:57,349 [WARN] ModelIntegratedComponent:63 - No mode defined for component null
2026-07-30 17:19:57,349 [WARN] ModelIntegratedComponent:63 - No mode defined for component null
2026-07-30 17:19:57,349 [WARN] ModelIntegratedComponent:63 - No mode defined for component null
2026-07-30 17:19:57,350 [WARN] ModelIntegratedComponent:63 - No mode defined for component null
2026-07-30 17:19:57,350 [WARN] ModelIntegratedComponent:63 - No mode defined for component null
2026-07-30 17:19:57,397 [WARN] ModelIntegratedComponent:182 - Modes not found for component STMicroelectronics:USB_DEVICE:1.0.0:STMicroelectronics:USB::USB Device:Audio HS::1.0:USB_DEVICE_1_0_RESTRICTED_HS
2026-07-30 17:19:57,397 [WARN] ModelIntegratedComponent:188 - Modes not found for component STMicroelectronics:USB_DEVICE:1.0.0:STMicroelectronics:USB::USB Device:Audio HS::1.0:USB_DEVICE_1_0_RESTRICTED_HS
2026-07-30 17:19:57,397 [WARN] ModelIntegratedComponent:182 - Modes not found for component STMicroelectronics:USB_DEVICE:1.0.0:STMicroelectronics:USB::USB Device:CDC HS::1.0:USB_DEVICE_1_0_RESTRICTED_HS
2026-07-30 17:19:57,397 [WARN] ModelIntegratedComponent:188 - Modes not found for component STMicroelectronics:USB_DEVICE:1.0.0:STMicroelectronics:USB::USB Device:CDC HS::1.0:USB_DEVICE_1_0_RESTRICTED_HS
2026-07-30 17:19:57,397 [WARN] ModelIntegratedComponent:182 - Modes not found for component STMicroelectronics:USB_DEVICE:1.0.0:STMicroelectronics:USB::USB Device:DFU HS::1.0:USB_DEVICE_1_0_RESTRICTED_HS
2026-07-30 17:19:57,397 [WARN] ModelIntegratedComponent:188 - Modes not found for component STMicroelectronics:USB_DEVICE:1.0.0:STMicroelectronics:USB::USB Device:DFU HS::1.0:USB_DEVICE_1_0_RESTRICTED_HS
2026-07-30 17:19:57,397 [WARN] ModelIntegratedComponent:182 - Modes not found for component STMicroelectronics:USB_DEVICE:1.0.0:STMicroelectronics:USB::USB Device:HID HS::1.0:USB_DEVICE_1_0_RESTRICTED_HS
2026-07-30 17:19:57,397 [WARN] ModelIntegratedComponent:188 - Modes not found for component STMicroelectronics:USB_DEVICE:1.0.0:STMicroelectronics:USB::USB Device:HID HS::1.0:USB_DEVICE_1_0_RESTRICTED_HS
2026-07-30 17:19:57,397 [WARN] ModelIntegratedComponent:182 - Modes not found for component STMicroelectronics:USB_DEVICE:1.0.0:STMicroelectronics:USB::USB Device:Custom HID HS::1.0:USB_DEVICE_1_0_RESTRICTED_HS
2026-07-30 17:19:57,397 [WARN] ModelIntegratedComponent:188 - Modes not found for component STMicroelectronics:USB_DEVICE:1.0.0:STMicroelectronics:USB::USB Device:Custom HID HS::1.0:USB_DEVICE_1_0_RESTRICTED_HS
2026-07-30 17:19:57,397 [WARN] ModelIntegratedComponent:182 - Modes not found for component STMicroelectronics:USB_DEVICE:1.0.0:STMicroelectronics:USB::USB Device:MSC HS::1.0:USB_DEVICE_1_0_RESTRICTED_HS
2026-07-30 17:19:57,398 [WARN] ModelIntegratedComponent:188 - Modes not found for component STMicroelectronics:USB_DEVICE:1.0.0:STMicroelectronics:USB::USB Device:MSC HS::1.0:USB_DEVICE_1_0_RESTRICTED_HS
2026-07-30 17:19:57,405 [INFO] ThirdPartyModel:298 - Start build external matchings
2026-07-30 17:19:57,744 [INFO] ThirdPartyModel:316 - End build external matchings
2026-07-30 17:19:57,931 [INFO] UtilMem:75 - End LoadConfig() Used Memory: 888139408 Bytes (1073741824)
2026-07-30 17:19:57,952 [WARN] ThirdParty:833 - waiting for thirdparty lock release [change project]
2026-07-30 17:19:57,952 [INFO] ThirdParty:835 - entering critical section [change project]
2026-07-30 17:19:57,952 [INFO] ThirdParty:1030 - CMSIS Pack Vendor :STMicroelectronics USBPD 4.1
2026-07-30 17:19:57,952 [INFO] ThirdParty:1030 - CMSIS Pack Vendor :STMicroelectronics USB_HOST 2.0.0
2026-07-30 17:19:57,952 [INFO] ThirdParty:1030 - CMSIS Pack Vendor :STMicroelectronics FP-ATR-ASTRA1 2.0.3
2026-07-30 17:19:57,952 [INFO] ThirdParty:1030 - CMSIS Pack Vendor :STMicroelectronics X-CUBE-AZRTOS-F4 1.1.0
2026-07-30 17:19:57,952 [INFO] ThirdParty:1030 - CMSIS Pack Vendor :STMicroelectronics LIBJPEG 8.0.0
2026-07-30 17:19:57,952 [INFO] ThirdParty:1030 - CMSIS Pack Vendor :STMicroelectronics FP-ATR-ASTRA1 2.0.2
2026-07-30 17:19:57,952 [INFO] ThirdParty:1030 - CMSIS Pack Vendor :STMicroelectronics X-CUBE-SMBUS 2.1.0
2026-07-30 17:19:57,952 [INFO] ThirdParty:1030 - CMSIS Pack Vendor :wolfSSL I-CUBE-wolfMQTT 1.19.2
2026-07-30 17:19:57,952 [INFO] ThirdParty:1030 - CMSIS Pack Vendor :STMicroelectronics USB_DEVICE 3.0.0
2026-07-30 17:19:57,952 [INFO] ThirdParty:1030 - CMSIS Pack Vendor :STMicroelectronics X-CUBE-AZRTOS-F7 1.1.0
2026-07-30 17:19:57,952 [INFO] ThirdParty:1030 - CMSIS Pack Vendor :STMicroelectronics USB_DEVICE 2.0.0
2026-07-30 17:19:57,952 [INFO] ThirdParty:1030 - CMSIS Pack Vendor :STMicroelectronics X-CUBE-ALGOBUILD 1.5.0
2026-07-30 17:19:57,952 [INFO] ThirdParty:1030 - CMSIS Pack Vendor :STMicroelectronics FreeRTOS 0.0.1
2026-07-30 17:19:57,952 [INFO] ThirdParty:1030 - CMSIS Pack Vendor :STMicroelectronics X-CUBE-AZRTOS-H7RS 1.3.0
2026-07-30 17:19:57,952 [INFO] ThirdParty:1030 - CMSIS Pack Vendor :STMicroelectronics X-CUBE-AZRTOS-G0 1.1.0
2026-07-30 17:19:57,953 [INFO] ThirdParty:1030 - CMSIS Pack Vendor :STMicroelectronics X-CUBE-NFC4 3.0.0
2026-07-30 17:19:57,953 [INFO] ThirdParty:1030 - CMSIS Pack Vendor :STMicroelectronics X-CUBE-SUBG2 5.0.0
2026-07-30 17:19:57,953 [INFO] ThirdParty:1030 - CMSIS Pack Vendor :STMicroelectronics STM32_WPAN 1.0.0
2026-07-30 17:19:57,953 [INFO] ThirdParty:1030 - CMSIS Pack Vendor :STMicroelectronics lwIP 2.0.3
2026-07-30 17:19:57,953 [INFO] ThirdParty:1030 - CMSIS Pack Vendor :STMicroelectronics X-CUBE-MEMS1 13.0.0
2026-07-30 17:19:57,953 [INFO] ThirdParty:1030 - CMSIS Pack Vendor :STMicroelectronics USB_HOST 1.0.0
2026-07-30 17:19:57,953 [INFO] ThirdParty:1030 - CMSIS Pack Vendor :STMicroelectronics X-CUBE-AZRTOS-G4 2.0.0
2026-07-30 17:19:57,953 [INFO] ThirdParty:1030 - CMSIS Pack Vendor :STMicroelectronics PDM2PCM 3.1.0
2026-07-30 17:19:57,953 [INFO] ThirdParty:1030 - CMSIS Pack Vendor :STMicroelectronics PDM2PCM 3.3.0
2026-07-30 17:19:57,953 [INFO] ThirdParty:1030 - CMSIS Pack Vendor :wolfSSL I-CUBE-wolfTPM 3.8.0
2026-07-30 17:19:57,953 [INFO] ThirdParty:1030 - CMSIS Pack Vendor :STMicroelectronics X-CUBE-DISPLAY 3.0.0
2026-07-30 17:19:57,953 [INFO] ThirdParty:1030 - CMSIS Pack Vendor :wolfSSL I-CUBE-wolfSSH 1.4.20
2026-07-30 17:19:57,953 [INFO] ThirdParty:1030 - CMSIS Pack Vendor :wolfSSL I-CUBE-wolfSSL 5.9.1
2026-07-30 17:19:57,953 [INFO] ThirdParty:1030 - CMSIS Pack Vendor :STMicroelectronics FP-ATR-SIGFOX1 3.2.0
2026-07-30 17:19:57,953 [INFO] ThirdParty:1030 - CMSIS Pack Vendor :STMicroelectronics HAL Drivers 0.0.0
2026-07-30 17:19:57,953 [INFO] ThirdParty:1030 - CMSIS Pack Vendor :STMicroelectronics MBEDTLS 2.16.2
2026-07-30 17:19:57,953 [INFO] ThirdParty:1030 - CMSIS Pack Vendor :emotas I-CUBE-CANOPEN 1.3.0
2026-07-30 17:19:57,953 [INFO] ThirdParty:1030 - CMSIS Pack Vendor :STMicroelectronics MBEDTLS 2.14.1
2026-07-30 17:19:57,953 [INFO] ThirdParty:1030 - CMSIS Pack Vendor :ITTIA_DB I-CUBE-ITTIADB 8.9.0
2026-07-30 17:19:57,953 [INFO] ThirdParty:1030 - CMSIS Pack Vendor :STMicroelectronics X-CUBE-TOUCHGFX 4.26.1
2026-07-30 17:19:57,953 [INFO] ThirdParty:1030 - CMSIS Pack Vendor :STMicroelectronics X-CUBE-AI 10.2.1
2026-07-30 17:19:57,953 [INFO] ThirdParty:1030 - CMSIS Pack Vendor :STMicroelectronics ThreadX 1.0.0
2026-07-30 17:19:57,953 [INFO] ThirdParty:1030 - CMSIS Pack Vendor :STMicroelectronics X-CUBE-MEMS1 12.1.0
2026-07-30 17:19:57,953 [INFO] ThirdParty:1030 - CMSIS Pack Vendor :STMicroelectronics X-CUBE-AZRTOS-WL 2.0.0
2026-07-30 17:19:57,953 [INFO] ThirdParty:1030 - CMSIS Pack Vendor :SEGGER I-CUBE-embOS 1.3.1
2026-07-30 17:19:57,953 [INFO] ThirdParty:1030 - CMSIS Pack Vendor :STMicroelectronics X-CUBE-ALGOBUILD 1.4.0
2026-07-30 17:19:57,953 [INFO] ThirdParty:1030 - CMSIS Pack Vendor :STMicroelectronics USB_DEVICE 1.0.0
2026-07-30 17:19:57,953 [INFO] ThirdParty:1030 - CMSIS Pack Vendor :STMicroelectronics X-CUBE-AZRTOS-H7RS 1.2.0
2026-07-30 17:19:57,953 [INFO] ThirdParty:1030 - CMSIS Pack Vendor :STMicroelectronics X-CUBE-AZRTOS-L4 2.0.0
2026-07-30 17:19:57,953 [INFO] ThirdParty:1030 - CMSIS Pack Vendor :STMicroelectronics ThreadX 0.0.2
2026-07-30 17:19:57,953 [INFO] ThirdParty:1030 - CMSIS Pack Vendor :STMicroelectronics lwIP 2.1.2
2026-07-30 17:19:57,953 [INFO] ThirdParty:1030 - CMSIS Pack Vendor :STMicroelectronics X-CUBE-SFXS2LP1 4.0.0
2026-07-30 17:19:57,953 [INFO] ThirdParty:1030 - CMSIS Pack Vendor :STMicroelectronics X-CUBE-BLE2 3.3.0
2026-07-30 17:19:57,953 [INFO] ThirdParty:1030 - CMSIS Pack Vendor :STMicroelectronics X-CUBE-NFC13 1.0.0
2026-07-30 17:19:57,953 [INFO] ThirdParty:1030 - CMSIS Pack Vendor :STMicroelectronics PDM2PCM 3.2.0
2026-07-30 17:19:57,953 [INFO] ThirdParty:841 - exiting critical section [change project]
2026-07-30 17:19:58,109 [INFO] PinOutPanel:1499 - setPackage(No Configuration,No Configuration)
2026-07-30 17:19:58,109 [INFO] PinOutPanel:1499 - setPackage(STM32F411CEUx,UFQFPN48)
2026-07-30 17:19:58,287 [INFO] UtilMem:75 - Before build in PCC Used Memory: 922417000 Bytes (1073741824)
2026-07-30 17:19:58,477 [INFO] UtilMem:75 - After build in PCC Used Memory: 849046648 Bytes (1073741824)
2026-07-30 17:19:58,493 [INFO] IPUIPlugin:80 - create IPUIPlugin
2026-07-30 17:19:58,493 [INFO] IPUIPlugin:80 - create IPUIPlugin
2026-07-30 17:19:58,493 [INFO] IPUIPlugin:80 - create IPUIPlugin
2026-07-30 17:19:58,493 [INFO] IPUIPlugin:80 - create IPUIPlugin
2026-07-30 17:19:58,493 [INFO] IPUIPlugin:80 - create IPUIPlugin
2026-07-30 17:19:58,493 [INFO] IPUIPlugin:80 - create IPUIPlugin
2026-07-30 17:19:58,493 [INFO] IPUIPlugin:80 - create IPUIPlugin
2026-07-30 17:19:58,493 [INFO] IPUIPlugin:80 - create IPUIPlugin
2026-07-30 17:19:58,493 [INFO] IPUIPlugin:80 - create IPUIPlugin
2026-07-30 17:19:58,493 [INFO] IPUIPlugin:80 - create IPUIPlugin
2026-07-30 17:19:58,493 [INFO] IPUIPlugin:80 - create IPUIPlugin
2026-07-30 17:19:58,494 [INFO] IPUIPlugin:80 - create IPUIPlugin
2026-07-30 17:19:58,494 [INFO] IPUIPlugin:80 - create IPUIPlugin
2026-07-30 17:19:58,494 [INFO] IPUIPlugin:80 - create IPUIPlugin
2026-07-30 17:19:58,494 [INFO] IPUIPlugin:80 - create IPUIPlugin
2026-07-30 17:19:58,494 [INFO] IPUIPlugin:80 - create IPUIPlugin
2026-07-30 17:19:58,494 [INFO] IPUIPlugin:80 - create IPUIPlugin
2026-07-30 17:19:58,495 [INFO] IPUIPlugin:80 - create IPUIPlugin
2026-07-30 17:19:58,495 [INFO] IPUIPlugin:80 - create IPUIPlugin
2026-07-30 17:19:58,495 [INFO] IPUIPlugin:80 - create IPUIPlugin
2026-07-30 17:19:58,496 [INFO] IPUIPlugin:80 - create IPUIPlugin
2026-07-30 17:19:58,496 [INFO] IPUIPlugin:80 - create IPUIPlugin
2026-07-30 17:19:58,496 [INFO] IPUIPlugin:80 - create IPUIPlugin
2026-07-30 17:19:58,496 [INFO] IPUIPlugin:80 - create IPUIPlugin
2026-07-30 17:19:58,496 [INFO] IPUIPlugin:80 - create IPUIPlugin
2026-07-30 17:19:58,496 [INFO] IPUIPlugin:80 - create IPUIPlugin
2026-07-30 17:19:58,497 [INFO] IPUIPlugin:80 - create IPUIPlugin
2026-07-30 17:19:58,497 [INFO] IPUIPlugin:80 - create IPUIPlugin
2026-07-30 17:19:58,497 [INFO] IPUIPlugin:80 - create IPUIPlugin
2026-07-30 17:19:58,497 [INFO] IPUIPlugin:80 - create IPUIPlugin
2026-07-30 17:19:58,497 [INFO] IPUIPlugin:80 - create IPUIPlugin
2026-07-30 17:19:58,497 [INFO] IPUIPlugin:80 - create IPUIPlugin
2026-07-30 17:19:58,497 [INFO] IPUIPlugin:80 - create IPUIPlugin
2026-07-30 17:19:58,497 [INFO] IPUIPlugin:80 - create IPUIPlugin
2026-07-30 17:19:58,498 [INFO] IPUIPlugin:80 - create IPUIPlugin
2026-07-30 17:19:58,498 [INFO] IPUIPlugin:80 - create IPUIPlugin
2026-07-30 17:19:58,498 [INFO] IPUIPlugin:80 - create IPUIPlugin
2026-07-30 17:19:58,498 [INFO] IPUIPlugin:80 - create IPUIPlugin
2026-07-30 17:19:58,499 [INFO] IPUIPlugin:80 - create IPUIPlugin
2026-07-30 17:19:58,500 [INFO] IPUIPlugin:80 - create IPUIPlugin
2026-07-30 17:19:58,501 [INFO] IPUIPlugin:80 - create IPUIPlugin
2026-07-30 17:19:58,501 [INFO] IPUIPlugin:80 - create IPUIPlugin
2026-07-30 17:19:58,502 [INFO] IPUIPlugin:80 - create IPUIPlugin
2026-07-30 17:19:58,505 [INFO] ApiDbMcu:507 - Load IP Config File for PDM2PCM
2026-07-30 17:19:58,521 [INFO] CADModel:165 - CPN selected for project levelSTM32F411CEU6
2026-07-30 17:19:58,522 [INFO] CADModel:114 - Register for checkConnection events
2026-07-30 17:19:58,569 [INFO] OpenFileManager:328 - Restore cursor
2026-07-30 17:19:58,857 [INFO] UtilMem:75 - End SaveConfig() Used Memory: 866222568 Bytes (1073741824)
2026-07-30 17:19:58,915 [INFO] UtilMem:75 - End SaveConfig() Used Memory: 882976960 Bytes (1073741824)
2026-07-30 17:19:59,054 [INFO] BlockDiagram:2759 - set Specific Code input for plugin: NVIC
2026-07-30 17:19:59,054 [INFO] BlockDiagram:2759 - set Specific Code input for plugin: RCC
2026-07-30 17:19:59,055 [INFO] CodeGenerator:799 - code generatio: config db path: C:\ST\STM32CubeIDE_1.13.1\STM32CubeIDE\plugins\com.st.stm32cube.common.mx_6.9.1.202307191849\\db\
2026-07-30 17:19:59,206 [INFO] CodeEngine:255 - oldGeneratedFile, C:\Users\Admin\Documents\GitHub\Drone-RTOS\Source\007RTOS\MXTmpFiles\license.tmp_save
2026-07-30 17:19:59,293 [INFO] CodeEngine:279 - Generated code: C:\Users\Admin\Documents\GitHub\Drone-RTOS\Source\007RTOS\MXTmpFiles\license.tmp
2026-07-30 17:19:59,302 [INFO] CodeEngine:255 - oldGeneratedFile, C:\Users\Admin\Documents\GitHub\Drone-RTOS\Source\007RTOS\Core\Src\stm32f4xx_it.c_save
2026-07-30 17:19:59,466 [INFO] CodeEngine:279 - Generated code: C:\Users\Admin\Documents\GitHub\Drone-RTOS\Source\007RTOS\Core\Src\stm32f4xx_it.c
2026-07-30 17:19:59,469 [INFO] CodeEngine:255 - oldGeneratedFile, C:\Users\Admin\Documents\GitHub\Drone-RTOS\Source\007RTOS\Core\Inc\stm32f4xx_it.h_save
2026-07-30 17:19:59,537 [INFO] CodeEngine:279 - Generated code: C:\Users\Admin\Documents\GitHub\Drone-RTOS\Source\007RTOS\Core\Inc\stm32f4xx_it.h
2026-07-30 17:19:59,566 [INFO] CodeEngine:255 - oldGeneratedFile, C:\Users\Admin\Documents\GitHub\Drone-RTOS\Source\007RTOS\Core\Src\stm32f4xx_hal_msp.c_save
2026-07-30 17:19:59,644 [INFO] CodeEngine:279 - Generated code: C:\Users\Admin\Documents\GitHub\Drone-RTOS\Source\007RTOS\Core\Src\stm32f4xx_hal_msp.c
2026-07-30 17:19:59,647 [INFO] CodeEngine:255 - oldGeneratedFile, C:\Users\Admin\Documents\GitHub\Drone-RTOS\Source\007RTOS\MXTmpFiles\system.tmp_save
2026-07-30 17:19:59,697 [INFO] CodeEngine:279 - Generated code: C:\Users\Admin\Documents\GitHub\Drone-RTOS\Source\007RTOS\MXTmpFiles\system.tmp
2026-07-30 17:19:59,708 [INFO] CodeEngine:311 - oldGeneratedFile, C:\Users\Admin\Documents\GitHub\Drone-RTOS\Source\007RTOS\Core\Inc\stm32f4xx_hal_conf.h_save
2026-07-30 17:19:59,773 [INFO] CodeEngine:335 - Generated code: C:\Users\Admin\Documents\GitHub\Drone-RTOS\Source\007RTOS\Core\Inc\stm32f4xx_hal_conf.h
2026-07-30 17:19:59,799 [INFO] CodeEngine:255 - oldGeneratedFile, C:\Users\Admin\Documents\GitHub\Drone-RTOS\Source\007RTOS\Core\Inc\main.h_save
2026-07-30 17:19:59,865 [INFO] CodeEngine:279 - Generated code: C:\Users\Admin\Documents\GitHub\Drone-RTOS\Source\007RTOS\Core\Inc\main.h
2026-07-30 17:19:59,868 [INFO] CodeEngine:255 - oldGeneratedFile, C:\Users\Admin\Documents\GitHub\Drone-RTOS\Source\007RTOS\Core\Src\main.c_save
2026-07-30 17:19:59,946 [INFO] CodeEngine:279 - Generated code: C:\Users\Admin\Documents\GitHub\Drone-RTOS\Source\007RTOS\Core\Src\main.c
2026-07-30 17:20:00,425 [INFO] ProjectBuilder:3064 - Time for Copy HAL[1] : 104mS.
2026-07-30 17:20:00,428 [INFO] ProjectBuilder:4404 - Project Generator version: 4.1.0
2026-07-30 17:20:00,678 [INFO] ConfigFileManager:1457 - The Die is : DIE431
2026-07-30 17:20:00,689 [INFO] ApiDbMcu:507 - Load IP Config File for FATFS
2026-07-30 17:20:00,739 [INFO] ApiDbMcu:507 - Load IP Config File for FREERTOS
2026-07-30 17:20:00,745 [INFO] ApiDbMcu:507 - Load IP Config File for LIBJPEG
2026-07-30 17:20:00,793 [INFO] ApiDbMcu:507 - Load IP Config File for MBEDTLS
2026-07-30 17:20:00,828 [INFO] ApiDbMcu:507 - Load IP Config File for USB_DEVICE
2026-07-30 17:20:00,844 [INFO] ApiDbMcu:507 - Load IP Config File for USB_HOST
2026-07-30 17:20:02,758 [INFO] ProjectBuilder:4626 - Time for Generating toolchain IDE Files: 2330mS.
2026-07-30 17:20:02,758 [INFO] ProjectBuilder:2935 - Time for Copy CMSIS : 0mS.
2026-07-30 17:20:02,761 [INFO] ProjectBuilder:2935 - Time for Copy CMSIS : 0mS.
2026-07-30 17:20:06,506 [INFO] McuFinderGlobals:76 - Set McuFinderConnectedMode to true
2026-07-30 17:20:06,508 [INFO] ApiDb:448 - Save user favorites file C:\Users\Admin/.stm32cubeide/favorites.mcus.txt: 4 item(s)
2026-07-30 17:20:06,508 [INFO] ApiDb:452 - User favorites MCUs=[STM32F103C8T6, STM32F405RGT6, STM32F411CEU6, STM32H523CET6]
2026-07-30 17:27:05,534 [WARN] IP:2114 - SMBusAnalogFilter not found: check if there is a RefParameter without a condition.
2026-07-30 17:27:05,535 [WARN] IP:2114 - SMBusOwnAddress not found: check if there is a RefParameter without a condition.
2026-07-30 17:27:05,554 [WARN] IP:2114 - SMBusAnalogFilter not found: check if there is a RefParameter without a condition.
2026-07-30 17:27:05,554 [WARN] IP:2114 - SMBusOwnAddress not found: check if there is a RefParameter without a condition.
2026-07-30 17:27:05,554 [WARN] IP:2114 - SMBusAnalogFilter not found: check if there is a RefParameter without a condition.
2026-07-30 17:27:05,555 [WARN] IP:2114 - SMBusOwnAddress not found: check if there is a RefParameter without a condition.
2026-07-30 17:27:05,579 [WARN] IP:2114 - SMBusAnalogFilter not found: check if there is a RefParameter without a condition.
2026-07-30 17:27:05,580 [WARN] IP:2114 - SMBusOwnAddress not found: check if there is a RefParameter without a condition.
2026-07-30 17:27:05,581 [WARN] IP:2114 - SMBusAnalogFilter not found: check if there is a RefParameter without a condition.
2026-07-30 17:27:05,581 [WARN] IP:2114 - SMBusOwnAddress not found: check if there is a RefParameter without a condition.
2026-07-30 17:27:06,906 [WARN] IP:2114 - I2C_Coeff_DF not found: check if there is a RefParameter without a condition.
2026-07-30 17:27:06,906 [WARN] IP:2114 - Analog_Filter not found: check if there is a RefParameter without a condition.
2026-07-30 17:27:06,937 [WARN] IP:2114 - I2C_Coeff_DF not found: check if there is a RefParameter without a condition.
2026-07-30 17:27:06,937 [WARN] IP:2114 - Analog_Filter not found: check if there is a RefParameter without a condition.
2026-07-30 17:27:06,938 [WARN] IP:2114 - I2C_Coeff_DF not found: check if there is a RefParameter without a condition.
2026-07-30 17:27:06,938 [WARN] IP:2114 - Analog_Filter not found: check if there is a RefParameter without a condition.
2026-07-30 17:27:07,010 [WARN] IP:2114 - I2C_Coeff_DF not found: check if there is a RefParameter without a condition.
2026-07-30 17:27:07,010 [WARN] IP:2114 - Analog_Filter not found: check if there is a RefParameter without a condition.
2026-07-30 17:27:07,010 [WARN] IP:2114 - I2C_Coeff_DF not found: check if there is a RefParameter without a condition.
2026-07-30 17:27:07,010 [WARN] IP:2114 - Analog_Filter not found: check if there is a RefParameter without a condition.
2026-07-30 17:27:07,063 [WARN] IP:2114 - I2C_Coeff_DF not found: check if there is a RefParameter without a condition.
2026-07-30 17:27:07,063 [WARN] IP:2114 - Analog_Filter not found: check if there is a RefParameter without a condition.
2026-07-30 17:27:19,644 [WARN] IP:2114 - I2C_Coeff_DF not found: check if there is a RefParameter without a condition.
2026-07-30 17:27:19,644 [WARN] IP:2114 - Analog_Filter not found: check if there is a RefParameter without a condition.
2026-07-30 17:27:19,644 [WARN] IP:2114 - I2C_Coeff_DF not found: check if there is a RefParameter without a condition.
2026-07-30 17:27:19,644 [WARN] IP:2114 - Analog_Filter not found: check if there is a RefParameter without a condition.
2026-07-30 17:27:25,987 [INFO] UtilMem:75 - End SaveConfig() Used Memory: 818538368 Bytes (1073741824)
2026-07-30 17:27:32,789 [INFO] UtilMem:75 - End SaveConfig() Used Memory: 841249160 Bytes (1073741824)
2026-07-30 17:27:32,946 [INFO] BlockDiagram:2759 - set Specific Code input for plugin: NVIC
2026-07-30 17:27:32,946 [INFO] BlockDiagram:2759 - set Specific Code input for plugin: SYS
2026-07-30 17:27:32,946 [INFO] BlockDiagram:2759 - set Specific Code input for plugin: GPIO
2026-07-30 17:27:32,946 [INFO] BlockDiagram:2759 - set Specific Code input for plugin: RCC
2026-07-30 17:27:32,946 [INFO] BlockDiagram:2759 - set Specific Code input for plugin: I2C
2026-07-30 17:27:32,947 [INFO] CodeGenerator:799 - code generatio: config db path: C:\ST\STM32CubeIDE_1.13.1\STM32CubeIDE\plugins\com.st.stm32cube.common.mx_6.9.1.202307191849\\db\
2026-07-30 17:27:32,947 [WARN] IP:2114 - I2C_Coeff_DF not found: check if there is a RefParameter without a condition.
2026-07-30 17:27:32,947 [WARN] IP:2114 - Analog_Filter not found: check if there is a RefParameter without a condition.
2026-07-30 17:27:33,105 [INFO] CodeEngine:255 - oldGeneratedFile, C:\Users\Admin\Documents\GitHub\Drone-RTOS\Source\007RTOS\MXTmpFiles\license.tmp_save
2026-07-30 17:27:33,228 [INFO] CodeEngine:279 - Generated code: C:\Users\Admin\Documents\GitHub\Drone-RTOS\Source\007RTOS\MXTmpFiles\license.tmp
2026-07-30 17:27:33,254 [INFO] CodeEngine:255 - oldGeneratedFile, C:\Users\Admin\Documents\GitHub\Drone-RTOS\Source\007RTOS\MXTmpFiles\gpio.tmp_save
2026-07-30 17:27:33,318 [INFO] CodeEngine:279 - Generated code: C:\Users\Admin\Documents\GitHub\Drone-RTOS\Source\007RTOS\MXTmpFiles\gpio.tmp
2026-07-30 17:27:33,369 [INFO] CodeEngine:255 - oldGeneratedFile, C:\Users\Admin\Documents\GitHub\Drone-RTOS\Source\007RTOS\Core\Src\stm32f4xx_it.c_save
2026-07-30 17:27:33,577 [INFO] CodeEngine:279 - Generated code: C:\Users\Admin\Documents\GitHub\Drone-RTOS\Source\007RTOS\Core\Src\stm32f4xx_it.c
2026-07-30 17:27:33,583 [INFO] CodeEngine:255 - oldGeneratedFile, C:\Users\Admin\Documents\GitHub\Drone-RTOS\Source\007RTOS\Core\Inc\stm32f4xx_it.h_save
2026-07-30 17:27:33,653 [INFO] CodeEngine:279 - Generated code: C:\Users\Admin\Documents\GitHub\Drone-RTOS\Source\007RTOS\Core\Inc\stm32f4xx_it.h
2026-07-30 17:27:33,660 [INFO] CodeEngine:255 - oldGeneratedFile, C:\Users\Admin\Documents\GitHub\Drone-RTOS\Source\007RTOS\Core\Src\stm32f4xx_hal_msp.c_save
2026-07-30 17:27:33,769 [INFO] CodeEngine:279 - Generated code: C:\Users\Admin\Documents\GitHub\Drone-RTOS\Source\007RTOS\Core\Src\stm32f4xx_hal_msp.c
2026-07-30 17:27:33,773 [INFO] CodeEngine:255 - oldGeneratedFile, C:\Users\Admin\Documents\GitHub\Drone-RTOS\Source\007RTOS\MXTmpFiles\system.tmp_save
2026-07-30 17:27:33,845 [INFO] CodeEngine:279 - Generated code: C:\Users\Admin\Documents\GitHub\Drone-RTOS\Source\007RTOS\MXTmpFiles\system.tmp
2026-07-30 17:27:33,853 [INFO] CodeEngine:311 - oldGeneratedFile, C:\Users\Admin\Documents\GitHub\Drone-RTOS\Source\007RTOS\Core\Inc\stm32f4xx_hal_conf.h_save
2026-07-30 17:27:33,910 [INFO] CodeEngine:335 - Generated code: C:\Users\Admin\Documents\GitHub\Drone-RTOS\Source\007RTOS\Core\Inc\stm32f4xx_hal_conf.h
2026-07-30 17:27:33,937 [INFO] CodeEngine:255 - oldGeneratedFile, C:\Users\Admin\Documents\GitHub\Drone-RTOS\Source\007RTOS\Core\Inc\main.h_save
2026-07-30 17:27:34,004 [INFO] CodeEngine:279 - Generated code: C:\Users\Admin\Documents\GitHub\Drone-RTOS\Source\007RTOS\Core\Inc\main.h
2026-07-30 17:27:34,009 [INFO] CodeEngine:255 - oldGeneratedFile, C:\Users\Admin\Documents\GitHub\Drone-RTOS\Source\007RTOS\Core\Src\main.c_save
2026-07-30 17:27:34,092 [INFO] CodeEngine:279 - Generated code: C:\Users\Admin\Documents\GitHub\Drone-RTOS\Source\007RTOS\Core\Src\main.c
2026-07-30 17:27:34,617 [INFO] ProjectBuilder:3064 - Time for Copy HAL[1] : 128mS.
2026-07-30 17:27:34,620 [INFO] ProjectBuilder:4404 - Project Generator version: 4.1.0
2026-07-30 17:27:34,901 [INFO] ConfigFileManager:1457 - The Die is : DIE431
2026-07-30 17:27:36,346 [INFO] ProjectBuilder:4626 - Time for Generating toolchain IDE Files: 1727mS.
2026-07-30 17:27:36,347 [INFO] ProjectBuilder:2935 - Time for Copy CMSIS : 0mS.
2026-07-30 17:27:36,350 [INFO] ProjectBuilder:2935 - Time for Copy CMSIS : 0mS.
2026-07-30 17:28:06,392 [INFO] RtosManager:919 - Current active RTOS is FREERTOS [Cortex-M4NS]
2026-07-30 17:28:06,600 [WARN] FreeRTOS:563 - Case being investigated as it may cause exception (when called to early by set config state
2026-07-30 17:28:06,727 [ERROR] RtosPanel:558 - Can not restore the selected Tab for FREERTOS(A reason can be that the tab is no more available.)
2026-07-30 17:28:06,776 [ERROR] RtosPanel:558 - Can not restore the selected Tab for FREERTOS(A reason can be that the tab is no more available.)
2026-07-30 17:28:23,450 [INFO] UtilMem:75 - End SaveConfig() Used Memory: 855804440 Bytes (1073741824)
2026-07-30 17:28:29,939 [INFO] UtilMem:75 - End SaveConfig() Used Memory: 835392344 Bytes (1073741824)
2026-07-30 17:28:38,535 [INFO] BlockDiagram:2759 - set Specific Code input for plugin: NVIC
2026-07-30 17:28:38,535 [INFO] BlockDiagram:2759 - set Specific Code input for plugin: FREERTOS
2026-07-30 17:28:38,535 [INFO] BlockDiagram:2759 - set Specific Code input for plugin: SYS
2026-07-30 17:28:38,536 [INFO] BlockDiagram:2759 - set Specific Code input for plugin: GPIO
2026-07-30 17:28:38,536 [INFO] BlockDiagram:2759 - set Specific Code input for plugin: RCC
2026-07-30 17:28:38,536 [INFO] BlockDiagram:2759 - set Specific Code input for plugin: I2C
2026-07-30 17:28:38,536 [INFO] CodeGenerator:799 - code generatio: config db path: C:\ST\STM32CubeIDE_1.13.1\STM32CubeIDE\plugins\com.st.stm32cube.common.mx_6.9.1.202307191849\\db\
2026-07-30 17:28:38,538 [WARN] IP:2114 - I2C_Coeff_DF not found: check if there is a RefParameter without a condition.
2026-07-30 17:28:38,538 [WARN] IP:2114 - Analog_Filter not found: check if there is a RefParameter without a condition.
2026-07-30 17:28:38,650 [INFO] CodeEngine:255 - oldGeneratedFile, C:\Users\Admin\Documents\GitHub\Drone-RTOS\Source\007RTOS\MXTmpFiles\license.tmp_save
2026-07-30 17:28:38,731 [INFO] CodeEngine:279 - Generated code: C:\Users\Admin\Documents\GitHub\Drone-RTOS\Source\007RTOS\MXTmpFiles\license.tmp
2026-07-30 17:28:38,743 [INFO] CodeEngine:255 - oldGeneratedFile, C:\Users\Admin\Documents\GitHub\Drone-RTOS\Source\007RTOS\MXTmpFiles\gpio.tmp_save
2026-07-30 17:28:38,793 [INFO] CodeEngine:279 - Generated code: C:\Users\Admin\Documents\GitHub\Drone-RTOS\Source\007RTOS\MXTmpFiles\gpio.tmp
2026-07-30 17:28:38,860 [INFO] Middleware:1439 - No code input for Bsp Dependency
2026-07-30 17:28:38,866 [INFO] CodeEngine:255 - oldGeneratedFile, C:\Users\Admin\Documents\GitHub\Drone-RTOS\Source\007RTOS\MXTmpFiles\rtos_inc.tmp_save
2026-07-30 17:28:38,926 [INFO] CodeEngine:279 - Generated code: C:\Users\Admin\Documents\GitHub\Drone-RTOS\Source\007RTOS\MXTmpFiles\rtos_inc.tmp
2026-07-30 17:28:38,929 [INFO] CodeEngine:255 - oldGeneratedFile, C:\Users\Admin\Documents\GitHub\Drone-RTOS\Source\007RTOS\MXTmpFiles\rtos_kernelInit.tmp_save
2026-07-30 17:28:38,990 [INFO] CodeEngine:279 - Generated code: C:\Users\Admin\Documents\GitHub\Drone-RTOS\Source\007RTOS\MXTmpFiles\rtos_kernelInit.tmp
2026-07-30 17:28:38,994 [INFO] CodeEngine:255 - oldGeneratedFile, C:\Users\Admin\Documents\GitHub\Drone-RTOS\Source\007RTOS\MXTmpFiles\rtos_kernelStart.tmp_save
2026-07-30 17:28:39,048 [INFO] CodeEngine:279 - Generated code: C:\Users\Admin\Documents\GitHub\Drone-RTOS\Source\007RTOS\MXTmpFiles\rtos_kernelStart.tmp
2026-07-30 17:28:39,053 [INFO] CodeEngine:255 - oldGeneratedFile, C:\Users\Admin\Documents\GitHub\Drone-RTOS\Source\007RTOS\MXTmpFiles\rtos_typedefs.tmp_save
2026-07-30 17:28:39,104 [INFO] CodeEngine:279 - Generated code: C:\Users\Admin\Documents\GitHub\Drone-RTOS\Source\007RTOS\MXTmpFiles\rtos_typedefs.tmp
2026-07-30 17:28:39,107 [INFO] CodeEngine:255 - oldGeneratedFile, C:\Users\Admin\Documents\GitHub\Drone-RTOS\Source\007RTOS\MXTmpFiles\rtos_vars.tmp_save
2026-07-30 17:28:39,169 [INFO] CodeEngine:279 - Generated code: C:\Users\Admin\Documents\GitHub\Drone-RTOS\Source\007RTOS\MXTmpFiles\rtos_vars.tmp
2026-07-30 17:28:39,174 [INFO] CodeEngine:255 - oldGeneratedFile, C:\Users\Admin\Documents\GitHub\Drone-RTOS\Source\007RTOS\MXTmpFiles\rtos_pfp.tmp_save
2026-07-30 17:28:39,224 [INFO] CodeEngine:279 - Generated code: C:\Users\Admin\Documents\GitHub\Drone-RTOS\Source\007RTOS\MXTmpFiles\rtos_pfp.tmp
2026-07-30 17:28:39,229 [INFO] CodeEngine:255 - oldGeneratedFile, C:\Users\Admin\Documents\GitHub\Drone-RTOS\Source\007RTOS\MXTmpFiles\rtos_obj_creat.tmp_save
2026-07-30 17:28:39,292 [INFO] CodeEngine:279 - Generated code: C:\Users\Admin\Documents\GitHub\Drone-RTOS\Source\007RTOS\MXTmpFiles\rtos_obj_creat.tmp
2026-07-30 17:28:39,295 [INFO] CodeEngine:255 - oldGeneratedFile, C:\Users\Admin\Documents\GitHub\Drone-RTOS\Source\007RTOS\MXTmpFiles\rtos_default_thread.tmp_save
2026-07-30 17:28:39,367 [INFO] CodeEngine:279 - Generated code: C:\Users\Admin\Documents\GitHub\Drone-RTOS\Source\007RTOS\MXTmpFiles\rtos_default_thread.tmp
2026-07-30 17:28:39,370 [INFO] CodeEngine:255 - oldGeneratedFile, C:\Users\Admin\Documents\GitHub\Drone-RTOS\Source\007RTOS\MXTmpFiles\rtos_threads.tmp_save
2026-07-30 17:28:39,430 [INFO] CodeEngine:279 - Generated code: C:\Users\Admin\Documents\GitHub\Drone-RTOS\Source\007RTOS\MXTmpFiles\rtos_threads.tmp
2026-07-30 17:28:39,439 [INFO] Middleware:1439 - No code input for Bsp Dependency
2026-07-30 17:28:39,447 [INFO] CodeEngine:255 - oldGeneratedFile, C:\Users\Admin\Documents\GitHub\Drone-RTOS\Source\007RTOS\MXTmpFiles\rtos_inc.tmp_save
2026-07-30 17:28:39,499 [INFO] CodeEngine:279 - Generated code: C:\Users\Admin\Documents\GitHub\Drone-RTOS\Source\007RTOS\MXTmpFiles\rtos_inc.tmp
2026-07-30 17:28:39,503 [INFO] CodeEngine:255 - oldGeneratedFile, C:\Users\Admin\Documents\GitHub\Drone-RTOS\Source\007RTOS\MXTmpFiles\rtos_kernelInit.tmp_save
2026-07-30 17:28:39,549 [INFO] CodeEngine:279 - Generated code: C:\Users\Admin\Documents\GitHub\Drone-RTOS\Source\007RTOS\MXTmpFiles\rtos_kernelInit.tmp
2026-07-30 17:28:39,552 [INFO] CodeEngine:255 - oldGeneratedFile, C:\Users\Admin\Documents\GitHub\Drone-RTOS\Source\007RTOS\MXTmpFiles\rtos_kernelStart.tmp_save
2026-07-30 17:28:39,597 [INFO] CodeEngine:279 - Generated code: C:\Users\Admin\Documents\GitHub\Drone-RTOS\Source\007RTOS\MXTmpFiles\rtos_kernelStart.tmp
2026-07-30 17:28:39,601 [INFO] CodeEngine:255 - oldGeneratedFile, C:\Users\Admin\Documents\GitHub\Drone-RTOS\Source\007RTOS\MXTmpFiles\rtos_typedefs.tmp_save
2026-07-30 17:28:39,649 [INFO] CodeEngine:279 - Generated code: C:\Users\Admin\Documents\GitHub\Drone-RTOS\Source\007RTOS\MXTmpFiles\rtos_typedefs.tmp
2026-07-30 17:28:39,653 [INFO] CodeEngine:255 - oldGeneratedFile, C:\Users\Admin\Documents\GitHub\Drone-RTOS\Source\007RTOS\MXTmpFiles\rtos_vars.tmp_save
2026-07-30 17:28:39,702 [INFO] CodeEngine:279 - Generated code: C:\Users\Admin\Documents\GitHub\Drone-RTOS\Source\007RTOS\MXTmpFiles\rtos_vars.tmp
2026-07-30 17:28:39,706 [INFO] CodeEngine:255 - oldGeneratedFile, C:\Users\Admin\Documents\GitHub\Drone-RTOS\Source\007RTOS\MXTmpFiles\rtos_pfp.tmp_save
2026-07-30 17:28:39,752 [INFO] CodeEngine:279 - Generated code: C:\Users\Admin\Documents\GitHub\Drone-RTOS\Source\007RTOS\MXTmpFiles\rtos_pfp.tmp
2026-07-30 17:28:39,756 [INFO] CodeEngine:255 - oldGeneratedFile, C:\Users\Admin\Documents\GitHub\Drone-RTOS\Source\007RTOS\MXTmpFiles\rtos_obj_creat.tmp_save
2026-07-30 17:28:39,804 [INFO] CodeEngine:279 - Generated code: C:\Users\Admin\Documents\GitHub\Drone-RTOS\Source\007RTOS\MXTmpFiles\rtos_obj_creat.tmp
2026-07-30 17:28:39,807 [INFO] CodeEngine:255 - oldGeneratedFile, C:\Users\Admin\Documents\GitHub\Drone-RTOS\Source\007RTOS\MXTmpFiles\rtos_default_thread.tmp_save
2026-07-30 17:28:39,854 [INFO] CodeEngine:279 - Generated code: C:\Users\Admin\Documents\GitHub\Drone-RTOS\Source\007RTOS\MXTmpFiles\rtos_default_thread.tmp
2026-07-30 17:28:39,857 [INFO] CodeEngine:255 - oldGeneratedFile, C:\Users\Admin\Documents\GitHub\Drone-RTOS\Source\007RTOS\MXTmpFiles\rtos_threads.tmp_save
2026-07-30 17:28:39,906 [INFO] CodeEngine:279 - Generated code: C:\Users\Admin\Documents\GitHub\Drone-RTOS\Source\007RTOS\MXTmpFiles\rtos_threads.tmp
2026-07-30 17:28:39,920 [INFO] CodeEngine:255 - oldGeneratedFile, C:\Users\Admin\Documents\GitHub\Drone-RTOS\Source\007RTOS\Core\Inc\FreeRTOSConfig.h_save
2026-07-30 17:28:39,980 [INFO] CodeEngine:279 - Generated code: C:\Users\Admin\Documents\GitHub\Drone-RTOS\Source\007RTOS\Core\Inc\FreeRTOSConfig.h
2026-07-30 17:28:39,985 [INFO] CodeEngine:255 - oldGeneratedFile, C:\Users\Admin\Documents\GitHub\Drone-RTOS\Source\007RTOS\Core\Src\freertos.c_save
2026-07-30 17:28:40,034 [INFO] CodeEngine:279 - Generated code: C:\Users\Admin\Documents\GitHub\Drone-RTOS\Source\007RTOS\Core\Src\freertos.c
2026-07-30 17:28:40,044 [INFO] CodeEngine:255 - oldGeneratedFile, C:\Users\Admin\Documents\GitHub\Drone-RTOS\Source\007RTOS\Core\Src\stm32f4xx_it.c_save
2026-07-30 17:28:40,153 [INFO] CodeEngine:279 - Generated code: C:\Users\Admin\Documents\GitHub\Drone-RTOS\Source\007RTOS\Core\Src\stm32f4xx_it.c
2026-07-30 17:28:40,157 [INFO] CodeEngine:255 - oldGeneratedFile, C:\Users\Admin\Documents\GitHub\Drone-RTOS\Source\007RTOS\Core\Inc\stm32f4xx_it.h_save
2026-07-30 17:28:40,212 [INFO] CodeEngine:279 - Generated code: C:\Users\Admin\Documents\GitHub\Drone-RTOS\Source\007RTOS\Core\Inc\stm32f4xx_it.h
2026-07-30 17:28:40,223 [INFO] CodeEngine:255 - oldGeneratedFile, C:\Users\Admin\Documents\GitHub\Drone-RTOS\Source\007RTOS\Core\Src\stm32f4xx_hal_msp.c_save
2026-07-30 17:28:40,313 [INFO] CodeEngine:279 - Generated code: C:\Users\Admin\Documents\GitHub\Drone-RTOS\Source\007RTOS\Core\Src\stm32f4xx_hal_msp.c
2026-07-30 17:28:40,317 [INFO] CodeEngine:255 - oldGeneratedFile, C:\Users\Admin\Documents\GitHub\Drone-RTOS\Source\007RTOS\MXTmpFiles\system.tmp_save
2026-07-30 17:28:40,371 [INFO] CodeEngine:279 - Generated code: C:\Users\Admin\Documents\GitHub\Drone-RTOS\Source\007RTOS\MXTmpFiles\system.tmp
2026-07-30 17:28:40,380 [INFO] CodeEngine:311 - oldGeneratedFile, C:\Users\Admin\Documents\GitHub\Drone-RTOS\Source\007RTOS\Core\Inc\stm32f4xx_hal_conf.h_save
2026-07-30 17:28:40,457 [INFO] CodeEngine:335 - Generated code: C:\Users\Admin\Documents\GitHub\Drone-RTOS\Source\007RTOS\Core\Inc\stm32f4xx_hal_conf.h
2026-07-30 17:28:40,486 [INFO] CodeEngine:255 - oldGeneratedFile, C:\Users\Admin\Documents\GitHub\Drone-RTOS\Source\007RTOS\Core\Inc\main.h_save
2026-07-30 17:28:40,549 [INFO] CodeEngine:279 - Generated code: C:\Users\Admin\Documents\GitHub\Drone-RTOS\Source\007RTOS\Core\Inc\main.h
2026-07-30 17:28:40,554 [INFO] CodeEngine:255 - oldGeneratedFile, C:\Users\Admin\Documents\GitHub\Drone-RTOS\Source\007RTOS\Core\Src\main.c_save
2026-07-30 17:28:40,655 [INFO] CodeEngine:279 - Generated code: C:\Users\Admin\Documents\GitHub\Drone-RTOS\Source\007RTOS\Core\Src\main.c
2026-07-30 17:28:41,097 [INFO] ProjectBuilder:3064 - Time for Copy HAL[1] : 177mS.
2026-07-30 17:28:41,100 [INFO] ProjectBuilder:4404 - Project Generator version: 4.1.0
2026-07-30 17:28:41,308 [INFO] ConfigFileManager:1457 - The Die is : DIE431
2026-07-30 17:28:42,571 [INFO] ProjectBuilder:4626 - Time for Generating toolchain IDE Files: 1471mS.
2026-07-30 17:28:42,572 [INFO] ProjectBuilder:2935 - Time for Copy CMSIS : 1mS.
2026-07-30 17:28:42,583 [INFO] ProjectBuilder:2935 - Time for Copy CMSIS : 0mS.
2026-07-30 17:33:47,898 [INFO] UtilMem:75 - End SaveConfig() Used Memory: 865313624 Bytes (1073741824)
2026-07-30 17:33:52,656 [INFO] UtilMem:75 - End SaveConfig() Used Memory: 841129008 Bytes (1073741824)
2026-07-30 17:33:55,746 [INFO] BlockDiagram:2759 - set Specific Code input for plugin: NVIC
2026-07-30 17:33:55,746 [INFO] BlockDiagram:2759 - set Specific Code input for plugin: FREERTOS
2026-07-30 17:33:55,746 [INFO] BlockDiagram:2759 - set Specific Code input for plugin: SYS
2026-07-30 17:33:55,747 [INFO] BlockDiagram:2759 - set Specific Code input for plugin: GPIO
2026-07-30 17:33:55,747 [INFO] BlockDiagram:2759 - set Specific Code input for plugin: RCC
2026-07-30 17:33:55,747 [INFO] BlockDiagram:2759 - set Specific Code input for plugin: I2C
2026-07-30 17:33:55,747 [INFO] CodeGenerator:799 - code generatio: config db path: C:\ST\STM32CubeIDE_1.13.1\STM32CubeIDE\plugins\com.st.stm32cube.common.mx_6.9.1.202307191849\\db\
2026-07-30 17:33:55,749 [WARN] IP:2114 - I2C_Coeff_DF not found: check if there is a RefParameter without a condition.
2026-07-30 17:33:55,749 [WARN] IP:2114 - Analog_Filter not found: check if there is a RefParameter without a condition.
2026-07-30 17:33:55,891 [INFO] CodeEngine:255 - oldGeneratedFile, C:\Users\Admin\Documents\GitHub\Drone-RTOS\Source\007RTOS\MXTmpFiles\license.tmp_save
2026-07-30 17:33:55,966 [INFO] CodeEngine:279 - Generated code: C:\Users\Admin\Documents\GitHub\Drone-RTOS\Source\007RTOS\MXTmpFiles\license.tmp
2026-07-30 17:33:55,982 [INFO] CodeEngine:255 - oldGeneratedFile, C:\Users\Admin\Documents\GitHub\Drone-RTOS\Source\007RTOS\MXTmpFiles\gpio.tmp_save
2026-07-30 17:33:56,057 [INFO] CodeEngine:279 - Generated code: C:\Users\Admin\Documents\GitHub\Drone-RTOS\Source\007RTOS\MXTmpFiles\gpio.tmp
2026-07-30 17:33:56,147 [INFO] Middleware:1439 - No code input for Bsp Dependency
2026-07-30 17:33:56,153 [INFO] CodeEngine:255 - oldGeneratedFile, C:\Users\Admin\Documents\GitHub\Drone-RTOS\Source\007RTOS\MXTmpFiles\rtos_inc.tmp_save
2026-07-30 17:33:56,205 [INFO] CodeEngine:279 - Generated code: C:\Users\Admin\Documents\GitHub\Drone-RTOS\Source\007RTOS\MXTmpFiles\rtos_inc.tmp
2026-07-30 17:33:56,208 [INFO] CodeEngine:255 - oldGeneratedFile, C:\Users\Admin\Documents\GitHub\Drone-RTOS\Source\007RTOS\MXTmpFiles\rtos_kernelInit.tmp_save
2026-07-30 17:33:56,288 [INFO] CodeEngine:279 - Generated code: C:\Users\Admin\Documents\GitHub\Drone-RTOS\Source\007RTOS\MXTmpFiles\rtos_kernelInit.tmp
2026-07-30 17:33:56,292 [INFO] CodeEngine:255 - oldGeneratedFile, C:\Users\Admin\Documents\GitHub\Drone-RTOS\Source\007RTOS\MXTmpFiles\rtos_kernelStart.tmp_save
2026-07-30 17:33:56,353 [INFO] CodeEngine:279 - Generated code: C:\Users\Admin\Documents\GitHub\Drone-RTOS\Source\007RTOS\MXTmpFiles\rtos_kernelStart.tmp
2026-07-30 17:33:56,357 [INFO] CodeEngine:255 - oldGeneratedFile, C:\Users\Admin\Documents\GitHub\Drone-RTOS\Source\007RTOS\MXTmpFiles\rtos_typedefs.tmp_save
2026-07-30 17:33:56,434 [INFO] CodeEngine:279 - Generated code: C:\Users\Admin\Documents\GitHub\Drone-RTOS\Source\007RTOS\MXTmpFiles\rtos_typedefs.tmp
2026-07-30 17:33:56,437 [INFO] CodeEngine:255 - oldGeneratedFile, C:\Users\Admin\Documents\GitHub\Drone-RTOS\Source\007RTOS\MXTmpFiles\rtos_vars.tmp_save
2026-07-30 17:33:56,485 [INFO] CodeEngine:279 - Generated code: C:\Users\Admin\Documents\GitHub\Drone-RTOS\Source\007RTOS\MXTmpFiles\rtos_vars.tmp
2026-07-30 17:33:56,488 [INFO] CodeEngine:255 - oldGeneratedFile, C:\Users\Admin\Documents\GitHub\Drone-RTOS\Source\007RTOS\MXTmpFiles\rtos_pfp.tmp_save
2026-07-30 17:33:56,541 [INFO] CodeEngine:279 - Generated code: C:\Users\Admin\Documents\GitHub\Drone-RTOS\Source\007RTOS\MXTmpFiles\rtos_pfp.tmp
2026-07-30 17:33:56,545 [INFO] CodeEngine:255 - oldGeneratedFile, C:\Users\Admin\Documents\GitHub\Drone-RTOS\Source\007RTOS\MXTmpFiles\rtos_obj_creat.tmp_save
2026-07-30 17:33:56,597 [INFO] CodeEngine:279 - Generated code: C:\Users\Admin\Documents\GitHub\Drone-RTOS\Source\007RTOS\MXTmpFiles\rtos_obj_creat.tmp
2026-07-30 17:33:56,601 [INFO] CodeEngine:255 - oldGeneratedFile, C:\Users\Admin\Documents\GitHub\Drone-RTOS\Source\007RTOS\MXTmpFiles\rtos_default_thread.tmp_save
2026-07-30 17:33:56,659 [INFO] CodeEngine:279 - Generated code: C:\Users\Admin\Documents\GitHub\Drone-RTOS\Source\007RTOS\MXTmpFiles\rtos_default_thread.tmp
2026-07-30 17:33:56,661 [INFO] CodeEngine:255 - oldGeneratedFile, C:\Users\Admin\Documents\GitHub\Drone-RTOS\Source\007RTOS\MXTmpFiles\rtos_threads.tmp_save
2026-07-30 17:33:56,709 [INFO] CodeEngine:279 - Generated code: C:\Users\Admin\Documents\GitHub\Drone-RTOS\Source\007RTOS\MXTmpFiles\rtos_threads.tmp
2026-07-30 17:33:56,715 [INFO] Middleware:1439 - No code input for Bsp Dependency
2026-07-30 17:33:56,720 [INFO] CodeEngine:255 - oldGeneratedFile, C:\Users\Admin\Documents\GitHub\Drone-RTOS\Source\007RTOS\MXTmpFiles\rtos_inc.tmp_save
2026-07-30 17:33:56,775 [INFO] CodeEngine:279 - Generated code: C:\Users\Admin\Documents\GitHub\Drone-RTOS\Source\007RTOS\MXTmpFiles\rtos_inc.tmp
2026-07-30 17:33:56,778 [INFO] CodeEngine:255 - oldGeneratedFile, C:\Users\Admin\Documents\GitHub\Drone-RTOS\Source\007RTOS\MXTmpFiles\rtos_kernelInit.tmp_save
2026-07-30 17:33:56,826 [INFO] CodeEngine:279 - Generated code: C:\Users\Admin\Documents\GitHub\Drone-RTOS\Source\007RTOS\MXTmpFiles\rtos_kernelInit.tmp
2026-07-30 17:33:56,830 [INFO] CodeEngine:255 - oldGeneratedFile, C:\Users\Admin\Documents\GitHub\Drone-RTOS\Source\007RTOS\MXTmpFiles\rtos_kernelStart.tmp_save
2026-07-30 17:33:56,882 [INFO] CodeEngine:279 - Generated code: C:\Users\Admin\Documents\GitHub\Drone-RTOS\Source\007RTOS\MXTmpFiles\rtos_kernelStart.tmp
2026-07-30 17:33:56,888 [INFO] CodeEngine:255 - oldGeneratedFile, C:\Users\Admin\Documents\GitHub\Drone-RTOS\Source\007RTOS\MXTmpFiles\rtos_typedefs.tmp_save
2026-07-30 17:33:56,940 [INFO] CodeEngine:279 - Generated code: C:\Users\Admin\Documents\GitHub\Drone-RTOS\Source\007RTOS\MXTmpFiles\rtos_typedefs.tmp
2026-07-30 17:33:56,943 [INFO] CodeEngine:255 - oldGeneratedFile, C:\Users\Admin\Documents\GitHub\Drone-RTOS\Source\007RTOS\MXTmpFiles\rtos_vars.tmp_save
2026-07-30 17:33:56,997 [INFO] CodeEngine:279 - Generated code: C:\Users\Admin\Documents\GitHub\Drone-RTOS\Source\007RTOS\MXTmpFiles\rtos_vars.tmp
2026-07-30 17:33:57,002 [INFO] CodeEngine:255 - oldGeneratedFile, C:\Users\Admin\Documents\GitHub\Drone-RTOS\Source\007RTOS\MXTmpFiles\rtos_pfp.tmp_save
2026-07-30 17:33:57,048 [INFO] CodeEngine:279 - Generated code: C:\Users\Admin\Documents\GitHub\Drone-RTOS\Source\007RTOS\MXTmpFiles\rtos_pfp.tmp
2026-07-30 17:33:57,053 [INFO] CodeEngine:255 - oldGeneratedFile, C:\Users\Admin\Documents\GitHub\Drone-RTOS\Source\007RTOS\MXTmpFiles\rtos_obj_creat.tmp_save
2026-07-30 17:33:57,104 [INFO] CodeEngine:279 - Generated code: C:\Users\Admin\Documents\GitHub\Drone-RTOS\Source\007RTOS\MXTmpFiles\rtos_obj_creat.tmp
2026-07-30 17:33:57,108 [INFO] CodeEngine:255 - oldGeneratedFile, C:\Users\Admin\Documents\GitHub\Drone-RTOS\Source\007RTOS\MXTmpFiles\rtos_default_thread.tmp_save
2026-07-30 17:33:57,167 [INFO] CodeEngine:279 - Generated code: C:\Users\Admin\Documents\GitHub\Drone-RTOS\Source\007RTOS\MXTmpFiles\rtos_default_thread.tmp
2026-07-30 17:33:57,172 [INFO] CodeEngine:255 - oldGeneratedFile, C:\Users\Admin\Documents\GitHub\Drone-RTOS\Source\007RTOS\MXTmpFiles\rtos_threads.tmp_save
2026-07-30 17:33:57,220 [INFO] CodeEngine:279 - Generated code: C:\Users\Admin\Documents\GitHub\Drone-RTOS\Source\007RTOS\MXTmpFiles\rtos_threads.tmp
2026-07-30 17:33:57,223 [INFO] CodeEngine:255 - oldGeneratedFile, C:\Users\Admin\Documents\GitHub\Drone-RTOS\Source\007RTOS\Core\Inc\FreeRTOSConfig.h_save
2026-07-30 17:33:57,287 [INFO] CodeEngine:279 - Generated code: C:\Users\Admin\Documents\GitHub\Drone-RTOS\Source\007RTOS\Core\Inc\FreeRTOSConfig.h
2026-07-30 17:33:57,296 [INFO] CodeEngine:255 - oldGeneratedFile, C:\Users\Admin\Documents\GitHub\Drone-RTOS\Source\007RTOS\Core\Src\freertos.c_save
2026-07-30 17:33:57,348 [INFO] CodeEngine:279 - Generated code: C:\Users\Admin\Documents\GitHub\Drone-RTOS\Source\007RTOS\Core\Src\freertos.c
2026-07-30 17:33:57,355 [INFO] CodeEngine:255 - oldGeneratedFile, C:\Users\Admin\Documents\GitHub\Drone-RTOS\Source\007RTOS\Core\Src\stm32f4xx_it.c_save
2026-07-30 17:33:57,495 [INFO] CodeEngine:279 - Generated code: C:\Users\Admin\Documents\GitHub\Drone-RTOS\Source\007RTOS\Core\Src\stm32f4xx_it.c
2026-07-30 17:33:57,503 [INFO] CodeEngine:255 - oldGeneratedFile, C:\Users\Admin\Documents\GitHub\Drone-RTOS\Source\007RTOS\Core\Inc\stm32f4xx_it.h_save
2026-07-30 17:33:57,564 [INFO] CodeEngine:279 - Generated code: C:\Users\Admin\Documents\GitHub\Drone-RTOS\Source\007RTOS\Core\Inc\stm32f4xx_it.h
2026-07-30 17:33:57,575 [INFO] CodeEngine:255 - oldGeneratedFile, C:\Users\Admin\Documents\GitHub\Drone-RTOS\Source\007RTOS\Core\Src\stm32f4xx_hal_msp.c_save
2026-07-30 17:33:57,676 [INFO] CodeEngine:279 - Generated code: C:\Users\Admin\Documents\GitHub\Drone-RTOS\Source\007RTOS\Core\Src\stm32f4xx_hal_msp.c
2026-07-30 17:33:57,680 [INFO] CodeEngine:255 - oldGeneratedFile, C:\Users\Admin\Documents\GitHub\Drone-RTOS\Source\007RTOS\MXTmpFiles\system.tmp_save
2026-07-30 17:33:57,748 [INFO] CodeEngine:279 - Generated code: C:\Users\Admin\Documents\GitHub\Drone-RTOS\Source\007RTOS\MXTmpFiles\system.tmp
2026-07-30 17:33:57,753 [INFO] CodeEngine:255 - oldGeneratedFile, C:\Users\Admin\Documents\GitHub\Drone-RTOS\Source\007RTOS\Core\Src\stm32f4xx_hal_timebase_tim.c_save
2026-07-30 17:33:57,824 [INFO] CodeEngine:279 - Generated code: C:\Users\Admin\Documents\GitHub\Drone-RTOS\Source\007RTOS\Core\Src\stm32f4xx_hal_timebase_tim.c
2026-07-30 17:33:57,834 [INFO] CodeEngine:311 - oldGeneratedFile, C:\Users\Admin\Documents\GitHub\Drone-RTOS\Source\007RTOS\Core\Inc\stm32f4xx_hal_conf.h_save
2026-07-30 17:33:57,928 [INFO] CodeEngine:335 - Generated code: C:\Users\Admin\Documents\GitHub\Drone-RTOS\Source\007RTOS\Core\Inc\stm32f4xx_hal_conf.h
2026-07-30 17:33:57,970 [INFO] CodeEngine:255 - oldGeneratedFile, C:\Users\Admin\Documents\GitHub\Drone-RTOS\Source\007RTOS\Core\Inc\main.h_save
2026-07-30 17:33:58,042 [INFO] CodeEngine:279 - Generated code: C:\Users\Admin\Documents\GitHub\Drone-RTOS\Source\007RTOS\Core\Inc\main.h
2026-07-30 17:33:58,047 [INFO] CodeEngine:255 - oldGeneratedFile, C:\Users\Admin\Documents\GitHub\Drone-RTOS\Source\007RTOS\Core\Src\main.c_save
2026-07-30 17:33:58,137 [INFO] CodeEngine:279 - Generated code: C:\Users\Admin\Documents\GitHub\Drone-RTOS\Source\007RTOS\Core\Src\main.c
2026-07-30 17:33:58,671 [INFO] ProjectBuilder:3064 - Time for Copy HAL[1] : 191mS.
2026-07-30 17:33:58,674 [INFO] ProjectBuilder:4404 - Project Generator version: 4.1.0
2026-07-30 17:33:58,946 [INFO] ConfigFileManager:1457 - The Die is : DIE431
2026-07-30 17:34:00,367 [INFO] ProjectBuilder:4626 - Time for Generating toolchain IDE Files: 1693mS.
2026-07-30 17:34:00,368 [INFO] ProjectBuilder:2935 - Time for Copy CMSIS : 0mS.
2026-07-30 17:34:00,376 [INFO] ProjectBuilder:2935 - Time for Copy CMSIS : 0mS.
2026-07-30 17:56:53,138 [INFO] WebApp:330 - JxBrowser engine has been closed 
2026-07-30 17:56:56,087 [ERROR] LogOutputStream:75 - [STDERR_REDIRECT] 
