2026-07-25 11:29:50,728 [INFO] Activator:176 - 


2026-07-25 11:29:50,730 [INFO] Activator:177 - !SESSION log4j initialized
2026-07-25 11:29:52,629 [INFO] LogOutputStream:77 - [STDOUT_REDIRECT] 
2026-07-25 11:29:54,058 [INFO] ApplicationProperties:184 - Using Application install path: C:\ST\STM32CubeIDE_1.13.1\STM32CubeIDE\plugins\com.st.stm32cube.common.mx_6.9.1.202307191849
2026-07-25 11:29:54,073 [INFO] DbMcusXml:78 - Set database path to: C:\ST\STM32CubeIDE_1.13.1\STM32CubeIDE\plugins\com.st.stm32cube.common.mx_6.9.1.202307191849\\db\/mcu/
2026-07-25 11:29:54,073 [INFO] ApiDb:274 - Set plugin database path to: C:\ST\STM32CubeIDE_1.13.1\STM32CubeIDE\plugins\com.st.stm32cube.common.mx_6.9.1.202307191849\\db\/plugins/boardmanager/
2026-07-25 11:29:54,073 [WARN] ApiDb:259 - Overriding images path with different value:  => C:\ST\STM32CubeIDE_1.13.1\STM32CubeIDE\plugins\com.st.stm32cube.common.mx_6.9.1.202307191849\\db\/plugins/mcufinder/images/
2026-07-25 11:29:54,083 [INFO] ApiDb:250 - Set database path to: C:\Users\Admin\.stmcufinder\plugins\mcufinder//mcu/
2026-07-25 11:29:54,084 [INFO] DbMcusAds:125 - Set database path to: C:\Users\Admin\.stmcufinder\plugins\mcufinder//mcu/
2026-07-25 11:29:54,086 [INFO] CrossReferenceDbSqlite:203 - Set database path to: C:\Users\Admin\.stmcufinder\plugins\mcufinder//mcu/cs/
2026-07-25 11:29:54,161 [INFO] RulesReader:64 - Compatibility file has been processed (293 Rules)
2026-07-25 11:29:54,224 [INFO] DbMcusXml:78 - Set database path to: C:\ST\STM32CubeIDE_1.13.1\STM32CubeIDE\plugins\com.st.stm32cube.common.mx_6.9.1.202307191849\\db\/mcu/
2026-07-25 11:29:54,224 [INFO] ApiDb:274 - Set plugin database path to: C:\ST\STM32CubeIDE_1.13.1\STM32CubeIDE\plugins\com.st.stm32cube.common.mx_6.9.1.202307191849\\db\/plugins/boardmanager/
2026-07-25 11:29:54,224 [INFO] ApiDb:261 - Set plugin images path to: C:\ST\STM32CubeIDE_1.13.1\STM32CubeIDE\plugins\com.st.stm32cube.common.mx_6.9.1.202307191849\\db\/plugins/mcufinder/images/
2026-07-25 11:29:54,224 [WARN] DbFile:41 - Overriding database path with different value: C:\Users\Admin\.stmcufinder\plugins\mcufinder/ => C:\Users\Admin\.stmcufinder\plugins\mcufinder
2026-07-25 11:29:54,224 [INFO] ApiDb:250 - Set database path to: C:\Users\Admin\.stmcufinder\plugins\mcufinder//mcu/
2026-07-25 11:29:54,225 [WARN] DbFile:41 - Overriding database path with different value: C:\Users\Admin\.stmcufinder\plugins\mcufinder/ => C:\Users\Admin\.stmcufinder\plugins\mcufinder
2026-07-25 11:29:54,225 [INFO] DbMcusAds:125 - Set database path to: C:\Users\Admin\.stmcufinder\plugins\mcufinder//mcu/
2026-07-25 11:29:54,225 [WARN] DbFile:41 - Overriding database path with different value: C:\Users\Admin\.stmcufinder\plugins\mcufinder/ => C:\Users\Admin\.stmcufinder\plugins\mcufinder
2026-07-25 11:29:54,225 [WARN] DbFile:41 - Overriding database path with different value: C:\Users\Admin\.stmcufinder\plugins\mcufinder/ => C:\Users\Admin\.stmcufinder\plugins\mcufinder
2026-07-25 11:29:54,225 [INFO] CrossReferenceDbSqlite:203 - Set database path to: C:\Users\Admin\.stmcufinder\plugins\mcufinder//mcu/cs/
2026-07-25 11:29:54,287 [INFO] MainPanel:262 - HeapMemory: 268435456
2026-07-25 11:29:54,373 [INFO] DbMcusXml:78 - Set database path to: C:\ST\STM32CubeIDE_1.13.1\STM32CubeIDE\plugins\com.st.stm32cube.common.mx_6.9.1.202307191849\\db\/mcu/
2026-07-25 11:29:54,373 [INFO] ApiDb:274 - Set plugin database path to: C:\ST\STM32CubeIDE_1.13.1\STM32CubeIDE\plugins\com.st.stm32cube.common.mx_6.9.1.202307191849\\db\/plugins/boardmanager/
2026-07-25 11:29:54,373 [INFO] ApiDb:261 - Set plugin images path to: C:\ST\STM32CubeIDE_1.13.1\STM32CubeIDE\plugins\com.st.stm32cube.common.mx_6.9.1.202307191849\\db\/plugins/mcufinder/images/
2026-07-25 11:29:54,373 [WARN] DbFile:41 - Overriding database path with different value: C:\Users\Admin\.stmcufinder\plugins\mcufinder/ => C:\Users\Admin\.stmcufinder\plugins\mcufinder
2026-07-25 11:29:54,373 [INFO] ApiDb:250 - Set database path to: C:\Users\Admin\.stmcufinder\plugins\mcufinder//mcu/
2026-07-25 11:29:54,373 [WARN] DbFile:41 - Overriding database path with different value: C:\Users\Admin\.stmcufinder\plugins\mcufinder/ => C:\Users\Admin\.stmcufinder\plugins\mcufinder
2026-07-25 11:29:54,373 [INFO] DbMcusAds:125 - Set database path to: C:\Users\Admin\.stmcufinder\plugins\mcufinder//mcu/
2026-07-25 11:29:54,373 [WARN] DbFile:41 - Overriding database path with different value: C:\Users\Admin\.stmcufinder\plugins\mcufinder/ => C:\Users\Admin\.stmcufinder\plugins\mcufinder
2026-07-25 11:29:54,374 [WARN] DbFile:41 - Overriding database path with different value: C:\Users\Admin\.stmcufinder\plugins\mcufinder/ => C:\Users\Admin\.stmcufinder\plugins\mcufinder
2026-07-25 11:29:54,374 [INFO] CrossReferenceDbSqlite:203 - Set database path to: C:\Users\Admin\.stmcufinder\plugins\mcufinder//mcu/cs/
2026-07-25 11:29:54,389 [INFO] ApplicationProperties:184 - Using Application install path: C:\ST\STM32CubeIDE_1.13.1\STM32CubeIDE\plugins\com.st.stm32cube.common.mx_6.9.1.202307191849
2026-07-25 11:29:54,390 [INFO] PluginManage:196 - Search for loadable plugins [exclusion list=, ]
2026-07-25 11:29:54,392 [INFO] PluginManage:310 - Check plugin analytics
2026-07-25 11:29:54,505 [INFO] AnalyticsPlugin:253 - Accepted Software Licenses: STM32CubeMX.6.18.0
2026-07-25 11:29:54,505 [INFO] AnalyticsPlugin:255 - Accepted CMSIS Pack Licenses: 
2026-07-25 11:29:54,505 [INFO] AnalyticsPlugin:257 - Accepted Firmware Licenses: FW.F4.1.27.0,FW.F4.1.28.0,FW.F4.1.28.3
2026-07-25 11:29:54,508 [INFO] PluginManage:359 - Loaded plugin analytics (category:tool,tabindex:-1)
2026-07-25 11:29:54,508 [INFO] PluginManage:310 - Check plugin cadmodel
2026-07-25 11:29:54,514 [INFO] CADModel:105 - Init CAD model plugin
2026-07-25 11:29:54,514 [INFO] PluginManage:359 - Loaded plugin cadmodel (category:power,tabindex:5)
2026-07-25 11:29:54,514 [INFO] PluginManage:310 - Check plugin clock
2026-07-25 11:29:54,523 [INFO] PluginManage:359 - Loaded plugin clock (category:base,tabindex:2)
2026-07-25 11:29:54,523 [INFO] PluginManage:310 - Check plugin ddr
2026-07-25 11:29:54,525 [INFO] PluginManage:359 - Loaded plugin ddr (category:tool,tabindex:6)
2026-07-25 11:29:54,525 [INFO] PluginManage:310 - Check plugin filemanager
2026-07-25 11:29:54,631 [INFO] PluginManage:359 - Loaded plugin filemanager (category:base,tabindex:10)
2026-07-25 11:29:54,631 [INFO] PluginManage:310 - Check plugin ipmanager
2026-07-25 11:29:54,637 [INFO] PluginManage:359 - Loaded plugin ipmanager (category:base,tabindex:5)
2026-07-25 11:29:54,637 [INFO] PluginManage:310 - Check plugin lpbam
2026-07-25 11:29:54,644 [INFO] PluginManage:359 - Loaded plugin lpbam (category:base,tabindex:0)
2026-07-25 11:29:54,644 [INFO] PluginManage:310 - Check plugin memorymap
2026-07-25 11:29:54,655 [INFO] PluginManage:359 - Loaded plugin memorymap (category:base,tabindex:4)
2026-07-25 11:29:54,655 [INFO] PluginManage:310 - Check plugin pinoutandconfiguration
2026-07-25 11:29:54,661 [INFO] PluginManage:359 - Loaded plugin pinoutandconfiguration (category:base,tabindex:1)
2026-07-25 11:29:54,661 [INFO] PluginManage:310 - Check plugin pinoutconfig
2026-07-25 11:29:54,721 [WARN] SupportedApi:132 - Cannot load RTOS API schema: s4s-elt-must-match.1: The content of 'definitions' must match (annotation?, (simpleType | complexType)?, (unique | key | keyref)*)). A problem was found starting at: attribute.
2026-07-25 11:29:54,852 [INFO] PluginManage:359 - Loaded plugin pinoutconfig (category:base,tabindex:0)
2026-07-25 11:29:54,852 [INFO] PluginManage:310 - Check plugin power
2026-07-25 11:29:54,861 [INFO] PluginManage:359 - Loaded plugin power (category:power,tabindex:4)
2026-07-25 11:29:54,861 [INFO] PluginManage:310 - Check plugin projectmanager
2026-07-25 11:29:54,872 [INFO] PluginManage:359 - Loaded plugin projectmanager (category:projectmanager,tabindex:3)
2026-07-25 11:29:54,872 [INFO] PluginManage:310 - Check plugin thirdparty
2026-07-25 11:29:54,975 [INFO] PluginManage:359 - Loaded plugin thirdparty (category:base,tabindex:-1)
2026-07-25 11:29:54,975 [WARN] IntegrityCheckThread:84 - waiting for thirdparty lock release [integrity check]
2026-07-25 11:29:54,976 [INFO] IntegrityCheckThread:86 - entering critical section [integrity check]
2026-07-25 11:29:54,976 [INFO] PluginManage:310 - Check plugin tools
2026-07-25 11:29:54,976 [INFO] ThirdPartyUpdaterWithRetryManager:70 - Updater plugin not ready yet. [1/15]
2026-07-25 11:29:54,978 [INFO] PluginManage:359 - Loaded plugin tools (category:base,tabindex:7)
2026-07-25 11:29:54,978 [INFO] PluginManage:310 - Check plugin tutovideos
2026-07-25 11:29:55,114 [INFO] PluginManage:359 - Loaded plugin tutovideos (category:base,tabindex:-1)
2026-07-25 11:29:55,115 [INFO] PluginManage:310 - Check plugin updater
2026-07-25 11:29:55,124 [INFO] PluginManage:359 - Loaded plugin updater (category:base,tabindex:12)
2026-07-25 11:29:55,124 [INFO] PluginManage:310 - Check plugin userauth
2026-07-25 11:29:55,129 [INFO] UserAuth:113 - Init User Auth plugin
2026-07-25 11:29:55,129 [INFO] PluginManage:359 - Loaded plugin userauth (category:base,tabindex:14)
2026-07-25 11:29:55,129 [INFO] PluginManage:283 - PluginManage : Loaded plugins [17]
2026-07-25 11:29:55,289 [INFO] PinOutPanel:1499 - setPackage(No Configuration,No Configuration)
2026-07-25 11:29:55,363 [INFO] CADModel:165 - CPN selected for project level
2026-07-25 11:29:55,363 [INFO] CADModel:114 - Register for checkConnection events
2026-07-25 11:29:55,377 [INFO] IPUIPlugin:80 - create IPUIPlugin
2026-07-25 11:29:55,377 [INFO] PluginManager:220 - loadIPPluginJar : add adc
2026-07-25 11:29:55,379 [INFO] IPUIPlugin:80 - create IPUIPlugin
2026-07-25 11:29:55,379 [INFO] PluginManager:220 - loadIPPluginJar : add aes
2026-07-25 11:29:55,381 [INFO] IPUIPlugin:80 - create IPUIPlugin
2026-07-25 11:29:55,381 [INFO] PluginManager:220 - loadIPPluginJar : add can
2026-07-25 11:29:55,382 [INFO] IPUIPlugin:80 - create IPUIPlugin
2026-07-25 11:29:55,383 [INFO] PluginManager:220 - loadIPPluginJar : add comp
2026-07-25 11:29:55,384 [INFO] IPUIPlugin:80 - create IPUIPlugin
2026-07-25 11:29:55,385 [INFO] PluginManager:220 - loadIPPluginJar : add cryp
2026-07-25 11:29:55,386 [INFO] IPUIPlugin:80 - create IPUIPlugin
2026-07-25 11:29:55,386 [INFO] PluginManager:220 - loadIPPluginJar : add dfsdm
2026-07-25 11:29:55,390 [INFO] IPUIPlugin:80 - create IPUIPlugin
2026-07-25 11:29:55,391 [INFO] PluginManager:220 - loadIPPluginJar : add dma
2026-07-25 11:29:55,393 [INFO] IPUIPlugin:80 - create IPUIPlugin
2026-07-25 11:29:55,393 [INFO] PluginManager:220 - loadIPPluginJar : add dma3
2026-07-25 11:29:55,394 [INFO] IPUIPlugin:80 - create IPUIPlugin
2026-07-25 11:29:55,394 [INFO] PluginManager:220 - loadIPPluginJar : add fatfs
2026-07-25 11:29:55,397 [INFO] IPUIPlugin:80 - create IPUIPlugin
2026-07-25 11:29:55,397 [INFO] PluginManager:220 - loadIPPluginJar : add fmc
2026-07-25 11:29:55,401 [INFO] IPUIPlugin:80 - create IPUIPlugin
2026-07-25 11:29:55,401 [INFO] PluginManager:220 - loadIPPluginJar : add freertos
2026-07-25 11:29:55,402 [INFO] IPUIPlugin:80 - create IPUIPlugin
2026-07-25 11:29:55,402 [INFO] PluginManager:220 - loadIPPluginJar : add genericplugin
2026-07-25 11:29:55,404 [INFO] IPUIPlugin:80 - create IPUIPlugin
2026-07-25 11:29:55,404 [INFO] PluginManager:220 - loadIPPluginJar : add gfxmmu
2026-07-25 11:29:55,408 [INFO] IPUIPlugin:80 - create IPUIPlugin
2026-07-25 11:29:55,408 [INFO] PluginManager:220 - loadIPPluginJar : add gic
2026-07-25 11:29:55,411 [INFO] IPUIPlugin:80 - create IPUIPlugin
2026-07-25 11:29:55,411 [INFO] PluginManager:220 - loadIPPluginJar : add gpio
2026-07-25 11:29:55,413 [INFO] IPUIPlugin:80 - create IPUIPlugin
2026-07-25 11:29:55,413 [INFO] PluginManager:220 - loadIPPluginJar : add gtzc
2026-07-25 11:29:55,414 [INFO] IPUIPlugin:80 - create IPUIPlugin
2026-07-25 11:29:55,415 [INFO] PluginManager:220 - loadIPPluginJar : add hash
2026-07-25 11:29:55,416 [INFO] IPUIPlugin:80 - create IPUIPlugin
2026-07-25 11:29:55,417 [INFO] PluginManager:220 - loadIPPluginJar : add i2c
2026-07-25 11:29:55,418 [INFO] IPUIPlugin:80 - create IPUIPlugin
2026-07-25 11:29:55,418 [INFO] PluginManager:220 - loadIPPluginJar : add i2s
2026-07-25 11:29:55,420 [INFO] IPUIPlugin:80 - create IPUIPlugin
2026-07-25 11:29:55,420 [INFO] PluginManager:220 - loadIPPluginJar : add i3c
2026-07-25 11:29:55,422 [INFO] IPUIPlugin:80 - create IPUIPlugin
2026-07-25 11:29:55,422 [INFO] PluginManager:220 - loadIPPluginJar : add ipddr
2026-07-25 11:29:55,428 [INFO] IPUIPlugin:80 - create IPUIPlugin
2026-07-25 11:29:55,428 [INFO] PluginManager:220 - loadIPPluginJar : add linkedlist
2026-07-25 11:29:55,430 [INFO] IPUIPlugin:80 - create IPUIPlugin
2026-07-25 11:29:55,430 [INFO] PluginManager:220 - loadIPPluginJar : add lorawan
2026-07-25 11:29:55,432 [INFO] IPUIPlugin:80 - create IPUIPlugin
2026-07-25 11:29:55,432 [INFO] PluginManager:220 - loadIPPluginJar : add ltdc
2026-07-25 11:29:55,436 [INFO] IPUIPlugin:80 - create IPUIPlugin
2026-07-25 11:29:55,436 [INFO] PluginManager:220 - loadIPPluginJar : add mdma
2026-07-25 11:29:55,439 [INFO] IPUIPlugin:80 - create IPUIPlugin
2026-07-25 11:29:55,439 [INFO] PluginManager:220 - loadIPPluginJar : add nvic
2026-07-25 11:29:55,441 [INFO] IPUIPlugin:80 - create IPUIPlugin
2026-07-25 11:29:55,441 [INFO] PluginManager:220 - loadIPPluginJar : add opamp
2026-07-25 11:29:55,443 [INFO] IPUIPlugin:80 - create IPUIPlugin
2026-07-25 11:29:55,443 [INFO] PluginManager:220 - loadIPPluginJar : add openamp
2026-07-25 11:29:55,445 [INFO] IPUIPlugin:80 - create IPUIPlugin
2026-07-25 11:29:55,446 [INFO] PluginManager:220 - loadIPPluginJar : add pdm2pcm
2026-07-25 11:29:55,450 [INFO] IPUIPlugin:80 - create IPUIPlugin
2026-07-25 11:29:55,451 [INFO] PluginManager:220 - loadIPPluginJar : add plateformsettings
2026-07-25 11:29:55,453 [INFO] IPUIPlugin:80 - create IPUIPlugin
2026-07-25 11:29:55,453 [INFO] PluginManager:220 - loadIPPluginJar : add quadspi
2026-07-25 11:29:55,456 [INFO] IPUIPlugin:80 - create IPUIPlugin
2026-07-25 11:29:55,456 [INFO] PluginManager:220 - loadIPPluginJar : add resmgrutility
2026-07-25 11:29:55,458 [INFO] IPUIPlugin:80 - create IPUIPlugin
2026-07-25 11:29:55,458 [INFO] PluginManager:220 - loadIPPluginJar : add sai
2026-07-25 11:29:55,460 [INFO] IPUIPlugin:80 - create IPUIPlugin
2026-07-25 11:29:55,460 [INFO] PluginManager:220 - loadIPPluginJar : add spi
2026-07-25 11:29:55,463 [INFO] IPUIPlugin:80 - create IPUIPlugin
2026-07-25 11:29:55,463 [INFO] PluginManager:220 - loadIPPluginJar : add stm32_wpan
2026-07-25 11:29:55,464 [INFO] IPUIPlugin:80 - create IPUIPlugin
2026-07-25 11:29:55,464 [INFO] PluginManager:220 - loadIPPluginJar : add tim
2026-07-25 11:29:55,466 [INFO] IPUIPlugin:80 - create IPUIPlugin
2026-07-25 11:29:55,466 [INFO] PluginManager:220 - loadIPPluginJar : add touchsensing
2026-07-25 11:29:55,468 [INFO] IPUIPlugin:80 - create IPUIPlugin
2026-07-25 11:29:55,468 [INFO] PluginManager:220 - loadIPPluginJar : add tracer_emb
2026-07-25 11:29:55,469 [INFO] IPUIPlugin:80 - create IPUIPlugin
2026-07-25 11:29:55,469 [INFO] PluginManager:220 - loadIPPluginJar : add ts
2026-07-25 11:29:55,470 [INFO] IPUIPlugin:80 - create IPUIPlugin
2026-07-25 11:29:55,470 [INFO] PluginManager:220 - loadIPPluginJar : add tsc
2026-07-25 11:29:55,471 [INFO] IPUIPlugin:80 - create IPUIPlugin
2026-07-25 11:29:55,471 [INFO] PluginManager:220 - loadIPPluginJar : add ucpd
2026-07-25 11:29:55,473 [INFO] IPUIPlugin:80 - create IPUIPlugin
2026-07-25 11:29:55,473 [INFO] PluginManager:220 - loadIPPluginJar : add usart
2026-07-25 11:29:55,475 [INFO] IPUIPlugin:80 - create IPUIPlugin
2026-07-25 11:29:55,475 [INFO] PluginManager:220 - loadIPPluginJar : add usbx
2026-07-25 11:29:55,587 [INFO] CADModel:165 - CPN selected for project level
2026-07-25 11:29:55,587 [INFO] CADModel:114 - Register for checkConnection events
2026-07-25 11:29:55,587 [FATAL] Updater:308 - Updater called before beeing initialized
2026-07-25 11:29:55,587 [ERROR] CADModel:125 - Updater not yet initialized, retry later 
2026-07-25 11:29:55,702 [INFO] CADModel:165 - CPN selected for project level
2026-07-25 11:29:55,702 [INFO] CADModel:114 - Register for checkConnection events
2026-07-25 11:29:55,702 [FATAL] Updater:308 - Updater called before beeing initialized
2026-07-25 11:29:55,702 [ERROR] CADModel:125 - Updater not yet initialized, retry later 
2026-07-25 11:29:55,705 [FATAL] Updater:308 - Updater called before beeing initialized
2026-07-25 11:29:55,789 [FATAL] Updater:308 - Updater called before beeing initialized
2026-07-25 11:29:55,794 [INFO] DbMcusAds:53 - JSON generation date=Wed Jul 15 16:46:00 GMT+07:00 2026 (1784108760991)
2026-07-25 11:29:55,794 [FATAL] Updater:308 - Updater called before beeing initialized
2026-07-25 11:29:55,827 [WARN] DetailPanel:346 - Failed to get advertising image, set to default
2026-07-25 11:29:55,907 [FATAL] Updater:308 - Updater called before beeing initialized
2026-07-25 11:29:55,908 [FATAL] Updater:308 - Updater called before beeing initialized
2026-07-25 11:29:55,908 [FATAL] Updater:308 - Updater called before beeing initialized
2026-07-25 11:29:55,908 [WARN] DetailPanel:346 - Failed to get advertising image, set to default
2026-07-25 11:29:55,909 [FATAL] Updater:308 - Updater called before beeing initialized
2026-07-25 11:29:55,946 [ERROR] Updater:1120 - MainUpdater not yet initialized. External WinMGr cannot be set.
2026-07-25 11:29:55,948 [INFO] Updater:1056 - Updater Version found : 6.9.1
2026-07-25 11:29:55,967 [INFO] ApplicationProperties:184 - Using Application install path: C:\ST\STM32CubeIDE_1.13.1\STM32CubeIDE\plugins\com.st.stm32cube.common.mx_6.9.1.202307191849
2026-07-25 11:29:56,954 [INFO] MainUpdater:2868 - connection check result : 10
2026-07-25 11:29:56,955 [INFO] MainUpdater:285 - Updater Check For Update Now.
2026-07-25 11:29:56,955 [INFO] MicroXplorer:498 - Change Database Version : DB.6.0.91
2026-07-25 11:29:56,972 [INFO] McuFinderGlobals:63 - Set McuFinder mode to 2 (CubeIDE integrated)
2026-07-25 11:29:56,972 [INFO] UserAuth:179 - activating auth plugin
2026-07-25 11:29:56,974 [INFO] UserAuth:393 - Internet connection configuration mode: 1
2026-07-25 11:29:56,991 [INFO] JxBrowserEngine:151 - Initiate JxBrowser Engine with user profile folder
2026-07-25 11:29:57,136 [INFO] CheckServerUpdateThread:120 - End of CheckServer Thread
2026-07-25 11:29:57,626 [INFO] WebApp:157 - Instantiating new browser for Auth
2026-07-25 11:29:58,052 [INFO] WebApp:753 - Register for checkConnection events
2026-07-25 11:29:58,052 [INFO] WebApp:390 - Apply proxy settings
2026-07-25 11:29:58,052 [INFO] WebApp:475 - Chromium requires no authentication
2026-07-25 11:29:58,060 [INFO] WebApp:418 - Direct internet connection detected
2026-07-25 11:29:58,119 [WARN] PackLoader:240 - Cannot read IP mode file for STMicroelectronics.FP-ATR-ASTRA1.2.0.3
2026-07-25 11:29:58,123 [WARN] PackLoader:240 - Cannot read IP mode file for STMicroelectronics.FP-ATR-ASTRA1.2.0.2
2026-07-25 11:29:58,128 [ERROR] Engine:466 - C:\Users\Admin\.stm32cubemx\thirdparties\pdsc\STMicroelectronics.X-CUBE-SMBUS.2.1.1.pdsc: PDSC version is not supported
2026-07-25 11:29:58,132 [WARN] PackLoader:240 - Cannot read IP mode file for STMicroelectronics.X-CUBE-SMBUS.2.1.0
2026-07-25 11:29:58,157 [WARN] PackLoader:240 - Cannot read IP mode file for STMicroelectronics.X-CUBE-AZRTOS-F7.1.1.0
2026-07-25 11:29:58,167 [ERROR] Engine:466 - C:\Users\Admin\.stm32cubemx\thirdparties\pdsc\STMicroelectronics.X-CUBE-FREERTOS.1.6.0.pdsc: PDSC version is not supported
2026-07-25 11:29:58,195 [WARN] PackLoader:240 - Cannot read IP mode file for STMicroelectronics.X-CUBE-AZRTOS-H7RS.1.3.0
2026-07-25 11:29:58,205 [ERROR] Engine:466 - C:\Users\Admin\.stm32cubemx\thirdparties\pdsc\WES.I-CUBE-Cesium.1.4.0.pdsc: PDSC version is not supported
2026-07-25 11:29:58,215 [WARN] PackLoader:240 - Cannot read IP mode file for STMicroelectronics.X-CUBE-DISPLAY.3.0.0
2026-07-25 11:29:58,227 [WARN] PackLoader:240 - Cannot read IP mode file for wolfSSL.I-CUBE-wolfSSL.5.9.1
2026-07-25 11:29:58,235 [WARN] PackLoader:240 - Cannot read IP mode file for emotas.I-CUBE-CANOPEN.1.3.0
2026-07-25 11:29:58,238 [ERROR] Engine:466 - C:\Users\Admin\.stm32cubemx\thirdparties\pdsc\STMicroelectronics.X-CUBE-WBA.1.1.0.pdsc: PDSC version is not supported
2026-07-25 11:29:58,248 [INFO] LogOutputStream:77 - [STDOUT_REDIRECT] 1 : Invalid condition id : UX_CORESTACK_Condition cause : null
2026-07-25 11:29:58,249 [INFO] LogOutputStream:77 - [STDOUT_REDIRECT] 1 : Invalid condition id : UX_CORESTACK_Condition cause : null
2026-07-25 11:29:58,251 [INFO] LogOutputStream:77 - [STDOUT_REDIRECT] 1 : Invalid condition id : UX_CORESTACK_Condition cause : null
2026-07-25 11:29:58,252 [INFO] LogOutputStream:77 - [STDOUT_REDIRECT] 1 : Invalid condition id : UX_CORESTACK_Condition cause : null
2026-07-25 11:29:58,253 [INFO] LogOutputStream:77 - [STDOUT_REDIRECT] 1 : Invalid condition id : UX_CORESTACK_Condition cause : null
2026-07-25 11:29:58,258 [WARN] PackLoader:240 - Cannot read IP mode file for STMicroelectronics.X-CUBE-AZRTOS-WL.2.0.0
2026-07-25 11:29:58,294 [WARN] PackLoader:240 - Cannot read IP mode file for STMicroelectronics.X-CUBE-AZRTOS-H7RS.1.2.0
2026-07-25 11:29:58,311 [WARN] PackLoader:240 - Cannot read IP mode file for STMicroelectronics.X-CUBE-BLE2.3.3.0
2026-07-25 11:29:58,327 [ERROR] Engine:466 - C:\Users\Admin\.stm32cubemx\thirdparties\pdsc\Avnet-IOTCONNECT.X-CUBE-iotc-st67-sdk.1.0.0.pdsc: PDSC version is not supported
2026-07-25 11:29:58,334 [ERROR] Engine:466 - C:\Users\Admin\.stm32cubemx\thirdparties\pdsc\Infineon.AIROC-Wi-Fi-Bluetooth-STM32.1.8.0.pdsc: PDSC version is not supported
2026-07-25 11:29:58,339 [WARN] PackLoader:240 - Cannot read IP mode file for wolfSSL.I-CUBE-wolfMQTT.1.19.2
2026-07-25 11:29:58,355 [WARN] PackLoader:240 - Cannot read IP mode file for STMicroelectronics.X-CUBE-AZRTOS-G0.1.1.0
2026-07-25 11:29:58,362 [WARN] PackLoader:240 - Cannot read IP mode file for STMicroelectronics.X-CUBE-NFC4.3.0.0
2026-07-25 11:29:58,366 [ERROR] Engine:466 - C:\Users\Admin\.stm32cubemx\thirdparties\pdsc\EmbeddedOffice.I-CUBE-FS-RTOS.1.0.1.pdsc: PDSC version is not supported
2026-07-25 11:29:58,369 [WARN] PackLoader:240 - Cannot read IP mode file for wolfSSL.I-CUBE-wolfTPM.3.8.0
2026-07-25 11:29:58,371 [ERROR] Engine:466 - C:\Users\Admin\.stm32cubemx\thirdparties\pdsc\RealThread.X-CUBE-RT-Thread_Nano.4.1.1.pdsc: PDSC version is not supported
2026-07-25 11:29:58,374 [WARN] PackLoader:240 - Cannot read IP mode file for STMicroelectronics.FP-ATR-SIGFOX1.3.2.0
2026-07-25 11:29:58,376 [ERROR] Engine:466 - C:\Users\Admin\.stm32cubemx\thirdparties\pdsc\STMicroelectronics.X-CUBE-FREERTOS.1.5.0.pdsc: PDSC version is not supported
2026-07-25 11:29:58,379 [INFO] WebApp:188 - Starting web application
2026-07-25 11:29:58,379 [INFO] WebApp:520 - Web application path used C:\ST\STM32CubeIDE_1.13.1\STM32CubeIDE\plugins\com.st.stm32cube.common.mx_6.9.1.202307191849\db\plugins\mcufinder\reactClient1\index.html
2026-07-25 11:29:58,381 [WARN] PackLoader:240 - Cannot read IP mode file for ITTIA_DB.I-CUBE-ITTIADB.8.9.0
2026-07-25 11:29:58,383 [ERROR] Engine:466 - C:\Users\Admin\.stm32cubemx\thirdparties\pdsc\Cesanta.I-CUBE-Mongoose.7.21.7.pdsc: PDSC version is not supported
2026-07-25 11:29:58,387 [WARN] PackLoader:240 - Cannot read IP mode file for STMicroelectronics.X-CUBE-AI.10.2.1
2026-07-25 11:29:58,409 [WARN] PackLoader:240 - Cannot read IP mode file for SEGGER.I-CUBE-embOS.1.3.1
2026-07-25 11:29:58,455 [WARN] PackLoader:240 - Cannot read IP mode file for STMicroelectronics.X-CUBE-ALGOBUILD.1.4.0
2026-07-25 11:29:58,463 [WARN] PackLoader:240 - Cannot read IP mode file for STMicroelectronics.X-CUBE-NFC13.1.0.0
2026-07-25 11:29:58,484 [WARN] PackLoader:240 - Cannot read IP mode file for STMicroelectronics.X-CUBE-AZRTOS-F4.1.1.0
2026-07-25 11:29:58,493 [ERROR] Engine:466 - C:\Users\Admin\.stm32cubemx\thirdparties\pdsc\STMicroelectronics.eDS-WB_DPC_TT-BIDIR.2.1.1.pdsc: PDSC version is not supported
2026-07-25 11:29:58,503 [WARN] PackLoader:240 - Cannot read IP mode file for STMicroelectronics.X-CUBE-ALGOBUILD.1.5.0
2026-07-25 11:29:58,507 [ERROR] Engine:466 - C:\Users\Admin\.stm32cubemx\thirdparties\pdsc\STMicroelectronics.eDS-WB_DPC_3PH2L-BIDIR.1.1.1.pdsc: PDSC version is not supported
2026-07-25 11:29:58,513 [WARN] PackLoader:240 - Cannot read IP mode file for STMicroelectronics.X-CUBE-TOUCHGFX.4.26.1
2026-07-25 11:29:58,536 [WARN] ConditionMgr:438 - getConditionDescription Invalid condition id : LAN8742 Phy interface Condition cause : null
2026-07-25 11:29:58,538 [WARN] PackLoader:240 - Cannot read IP mode file for STMicroelectronics.X-CUBE-AZRTOS-L4.2.0.0
2026-07-25 11:29:58,541 [WARN] ConditionMgr:1039 - genDependencies : Invalid condition id : LAN8742 Phy interface Condition cause : null
2026-07-25 11:29:58,541 [WARN] ConditionMgr:1039 - genDependencies : Invalid condition id : LAN8742 Phy interface Condition cause : null
2026-07-25 11:29:58,542 [WARN] ConditionMgr:1039 - genDependencies : Invalid condition id : LAN8742 Phy interface Condition cause : null
2026-07-25 11:29:58,551 [WARN] PackLoader:240 - Cannot read IP mode file for STMicroelectronics.X-CUBE-SFXS2LP1.4.0.0
2026-07-25 11:29:58,556 [ERROR] Engine:466 - C:\Users\Admin\.stm32cubemx\thirdparties\pdsc\quantropi.X-CUBE-qispace-sdk-base.2.1.0.pdsc: PDSC version is not supported
2026-07-25 11:29:58,565 [WARN] PackLoader:240 - Cannot read IP mode file for STMicroelectronics.X-CUBE-SUBG2.5.0.0
2026-07-25 11:29:58,582 [WARN] PackLoader:240 - Cannot read IP mode file for STMicroelectronics.X-CUBE-AZRTOS-G4.2.0.0
2026-07-25 11:29:58,588 [WARN] PackLoader:240 - Cannot read IP mode file for wolfSSL.I-CUBE-wolfSSH.1.4.20
2026-07-25 11:29:58,589 [INFO] ThirdParty:978 - Integrity check success = true
2026-07-25 11:29:58,590 [INFO] IntegrityCheckThread:100 - exiting critical section [integrity check]
2026-07-25 11:29:58,590 [INFO] IntegrityCheckThread:103 - End integrity checks thread
2026-07-25 11:30:08,414 [INFO] McuFinderGlobals:63 - Set McuFinder mode to 2 (CubeIDE integrated)
2026-07-25 11:30:08,417 [INFO] MainUpdater:2868 - connection check result : 10
2026-07-25 11:30:08,418 [INFO] McuFinderGlobals:76 - Set McuFinderConnectedMode to true
2026-07-25 11:30:08,796 [INFO] ServerAccessManage:473 - Download File mcusAds.json._tmp_
2026-07-25 11:30:08,919 [INFO] LoadUrlFilesThread:156 - End of LoadUrlFiles Thread
2026-07-25 11:30:09,133 [INFO] ServerAccessManage:473 - Download File cube-finder-db.zip
2026-07-25 11:30:14,063 [INFO] FileExtend:240 - Unzip File : cube-finder-db.zip
2026-07-25 11:30:14,064 [INFO] FileExtend:255 - Standard Zip Deflate
2026-07-25 11:30:14,634 [INFO] LoadUrlFilesThread:156 - End of LoadUrlFiles Thread
2026-07-25 11:30:19,085 [ERROR] LogOutputStream:75 - [STDERR_REDIRECT] SLF4J: Failed to load class "org.slf4j.impl.StaticLoggerBinder".
2026-07-25 11:30:19,086 [ERROR] LogOutputStream:75 - [STDERR_REDIRECT] SLF4J: Defaulting to no-operation (NOP) logger implementation
2026-07-25 11:30:19,087 [ERROR] LogOutputStream:75 - [STDERR_REDIRECT] SLF4J: See http://www.slf4j.org/codes.html#StaticLoggerBinder for further details.
2026-07-25 11:30:35,916 [ERROR] ServerAccessManage:1172 - Problem during Server Connection :  IO error Connection timed out: no further information
2026-07-25 11:30:35,916 [ERROR] ServerAccessManage:651 - Problem during Server Connection :  : crdb.zip.
2026-07-25 11:30:37,416 [INFO] LoadUrlFilesThread:156 - End of LoadUrlFiles Thread
2026-07-25 11:30:38,042 [INFO] DbMcusAds:53 - JSON generation date=Wed Jul 15 16:46:00 GMT+07:00 2026 (1784108760991)
2026-07-25 11:30:38,053 [ERROR] TargetSelectorAdapter:267 - Unable to refresh data
2026-07-25 11:30:38,232 [INFO] ApiDb:581 - Connected to CubeFinder SQLite database (C:\Users\Admin\.stmcufinder\plugins\mcufinder\mcu\cube-finder-db.db)
2026-07-25 11:30:38,320 [INFO] ApiDb:668 - CubeFinder database Data Model version=2.1
2026-07-25 11:30:38,320 [INFO] ApiDb:669 - CubeFinder database Configuration version=3.0.42
2026-07-25 11:30:38,321 [INFO] ApiDb:670 - CubeFinder database generation date=2026-06-23 (1782213372)
2026-07-25 11:30:38,321 [INFO] ApiDb:671 - CubeFinder database FW Pack versions=[FP-ATR-ASTRA1_V2.0.0, FP-SNS-FLIGHT1_V5.1.0, FP-SNS-MOTENV1_V5.1.0, FP-SNS-MOTENVWB1_V1.5.0, FP-SNS-SMARTAG2_V1.2.0, FP-SNS-STBOX1_V2.1.0, STM32Cube_FW_C0_V1.4.0, STM32Cube_FW_F4_V1.28.3, STM32Cube_FW_F7_V1.17.4, STM32Cube_FW_G0_V1.6.3, STM32Cube_FW_G4_V1.6.2, STM32Cube_FW_H5_V1.7.0, STM32Cube_FW_H7RS_V1.3.0, STM32Cube_FW_H7_V1.13.0, STM32Cube_FW_L0_V1.12.2, STM32Cube_FW_L4_V1.18.2, STM32Cube_FW_L5_V1.6.0, STM32Cube_FW_N6_V1.4.0, STM32Cube_FW_U0_V1.3.0, STM32Cube_FW_U3_V1.4.0, STM32Cube_FW_U5_V1.9.0, STM32Cube_FW_WB0_V1.5.0, STM32Cube_FW_WBA_V1.10.0, STM32Cube_FW_WB_V1.24.0, STM32Cube_FW_WL3_V1.5.0, STM32Cube_FW_WL_V1.6.0, X-CUBE-ALGOBUILD_V1.5.0, X-CUBE-ALS_V1.0.2, X-CUBE-AZRTOS-F4_V1.1.0, X-CUBE-AZRTOS-F7_V1.1.0, X-CUBE-AZRTOS-G0_V1.1.0, X-CUBE-AZRTOS-G4_V2.0.0, X-CUBE-AZRTOS-H7RS_V1.1.0, X-CUBE-AZRTOS-H7_V3.5.0, X-CUBE-AZRTOS-L4_V2.0.0, X-CUBE-AZRTOS-L5_V2.0.0, X-CUBE-AZRTOS-WB_V2.0.0, X-CUBE-AZRTOS-WL_V2.0.0, X-CUBE-BLE1_V7.1.0, X-CUBE-BLE2_V3.3.0, X-CUBE-BLEMGR_V4.1.0, X-CUBE-EEPRMA1_V5.2.0, X-CUBE-FREERTOS_V1.5.0, X-CUBE-GNSS1_V7.1.1, X-CUBE-MEMS1_V12.1.0, X-CUBE-NFC4_V3.0.0, X-CUBE-NFC7_V2.0.0, X-CUBE-SFXS2LP1_V4.0.0, X-CUBE-ST67W61_V1.3.0, X-CUBE-SUBG2_V5.0.0, X-CUBE-TOF1_V3.4.3]
2026-07-25 11:30:38,372 [INFO] DbBoardsSqlite:226 - include board P-NUCLEO-WB55-NUCLEO as a kit item of type 'Nucleo-64'
2026-07-25 11:30:38,373 [INFO] DbBoardsSqlite:226 - include board P-NUCLEO-WB55-USBDONGLE as a kit item of type 'Nucleo USB Dongle'
2026-07-25 11:30:38,373 [INFO] DbBoardsSqlite:226 - include board STEVAL-IDP005V1 as a kit item of type 'Evaluation Board'
2026-07-25 11:30:38,373 [INFO] DbBoardsSqlite:226 - include board STEVAL-IDP005V2 as a kit item of type 'Evaluation Board'
2026-07-25 11:30:38,447 [INFO] ApiDb:240 - Found 323 in-development CPN: [B-G473E-ZEST1S, B-WB1M-WPAN1, B-WL5M-SUBG1, NUCLEO-C031C6, NUCLEO-H503RB, NUCLEO-H563ZI, NUCLEO-U545RE-Q, NUCLEO-U5A5ZJ-Q, NUCLEO-WBA52CG, STEVAL-PROTEUS1, STEVAL-SMARTAG2, STEVAL-STWINBX1, STM320518-EVAL, STM32C0116-DK, STM32C011D6Y3TR, STM32C011D6Y6TR, STM32C011F4P3, STM32C011F4P6, STM32C011F4U3, STM32C011F4U6TR, STM32C011F6P3, STM32C011F6P6, STM32C011F6U3, STM32C011F6U6TR, STM32C011J4M3, STM32C011J4M6, STM32C011J6M3, STM32C011J6M6, STM32C0316-DK, STM32C031C4T3, STM32C031C4T6, STM32C031C4U3, STM32C031C4U6, STM32C031C6T3, STM32C031C6T6, STM32C031C6U3, STM32C031C6U6, STM32C031F4P3, STM32C031F4P6, STM32C031F6P3, STM32C031F6P6, STM32C031G4U3, STM32C031G4U6, STM32C031G6U3, STM32C031G6U6, STM32C031K4T3, STM32C031K4T6, STM32C031K4U3, STM32C031K4U6, STM32C031K6T3, STM32C031K6T6, STM32C031K6U3, STM32C031K6U6, STM32G071K8TXN, STM32G071K8UXN, STM32G081GBU6N, STM32G081KBT6N, STM32G081KBUXN, STM32G0B1CCT6N, STM32G0B1KCT6, STM32G0B1NEY6TR, STM32G0B1RCT6N, STM32G0C1CCT6, STM32G0C1CCT6N, STM32G0C1CCU6N, STM32G0C1CET6N, STM32G0C1CEU6N, STM32G0C1KCT6, STM32G0C1NEY6TR, STM32G0C1RCI6N, STM32G0C1RCT6N, STM32G0C1REI6N, STM32G0C1RET6N, STM32G0C1VCI6, STM32G0C1VEI6, STM32G471CCT6, STM32G471CCU6, STM32G471CET3, STM32G471CET6, STM32G471CEU3, STM32G471CEU6, STM32G471MCT6, STM32G471MET3, STM32G471MET6, STM32G471MEY6TR, STM32G471QCT6, STM32G471QET3, STM32G471RCT6, STM32G471RET3, STM32G471RET6, STM32G471VCH6, STM32G471VCI6, STM32G471VCT6, STM32G471VEH3, STM32G471VEH6, STM32G471VEI3, STM32G471VEI6, STM32G471VET3, STM32G471VET6, STM32G474CCT6, STM32H503CBT6, STM32H503CBU6, STM32H503EBY6TR, STM32H503KBU6, STM32H503RBT6, STM32H562AGI6, STM32H562AII6, STM32H562IGK6, STM32H562IGT6, STM32H562IIK6, STM32H562IIT6, STM32H562RGT6, STM32H562RGV6, STM32H562RIT6, STM32H562RIV6, STM32H562VGT6, STM32H562VIT6, STM32H562ZGT6, STM32H562ZIT6, STM32H563AGI6, STM32H563AII3Q, STM32H563AII6, STM32H563IGK6, STM32H563IGT6, STM32H563IIK3Q, STM32H563IIK6, STM32H563IIT3Q, STM32H563IIT6, STM32H563MIY3QTR, STM32H563RGT6, STM32H563RGV6, STM32H563RIT6, STM32H563RIV6, STM32H563VGT6, STM32H563VIT3Q, STM32H563VIT6, STM32H563ZGT6, STM32H563ZIT3Q, STM32H563ZIT6, STM32H573AII3Q, STM32H573AII6, STM32H573I-DK, STM32H573IIK3Q, STM32H573IIK6, STM32H573IIT3Q, STM32H573IIT6, STM32H573MIY3QTR, STM32H573RIT6, STM32H573RIV6, STM32H573VIT3Q, STM32H573VIT6, STM32H573ZIT3Q, STM32H573ZIT6, STM32L4R5QGI6STR, STM32MP131AAE3, STM32MP131AAF3, STM32MP131AAG3, STM32MP131CAE3, STM32MP131CAF3, STM32MP131CAG3, STM32MP131DAE7, STM32MP131DAF7, STM32MP131DAG7, STM32MP131FAE7, STM32MP131FAF7, STM32MP131FAG7, STM32MP133AAE3, STM32MP133AAF3, STM32MP133AAG3, STM32MP133CAE3, STM32MP133CAF3, STM32MP133CAG3, STM32MP133DAE7, STM32MP133DAF7, STM32MP133DAG7, STM32MP133FAE7, STM32MP133FAF7, STM32MP133FAG7, STM32MP135AAE3, STM32MP135AAF3, STM32MP135AAG3, STM32MP135CAE3, STM32MP135CAF3, STM32MP135CAG3, STM32MP135DAE7, STM32MP135DAF7, STM32MP135DAG7, STM32MP135F-DK, STM32MP135FAE7, STM32MP135FAF7, STM32MP135FAF7T, STM32MP135FAF7U, STM32MP135FAG7, STM32U535CBT6, STM32U535CBT6Q, STM32U535CBU6, STM32U535CBU6Q, STM32U535CCT6, STM32U535CCT6Q, STM32U535CCU6, STM32U535CCU6Q, STM32U535CET6, STM32U535CET6Q, STM32U535CEU6, STM32U535CEU6Q, STM32U535JEY6QTR, STM32U535NCY6QTR, STM32U535NEY6QTR, STM32U535RBI6, STM32U535RBI6Q, STM32U535RBT6, STM32U535RBT6Q, STM32U535RCI6, STM32U535RCI6Q, STM32U535RCT6, STM32U535RCT6Q, STM32U535REI6, STM32U535REI6Q, STM32U535RET6, STM32U535RET6Q, STM32U535VCI6, STM32U535VCI6Q, STM32U535VCT6, STM32U535VCT6Q, STM32U535VEI6, STM32U535VEI6Q, STM32U535VET6, STM32U535VET6Q, STM32U545CET6, STM32U545CET6Q, STM32U545CEU6, STM32U545CEU6Q, STM32U545JEY6QTR, STM32U545NEY6QTR, STM32U545REI6, STM32U545REI6Q, STM32U545RET6, STM32U545RET6Q, STM32U545VEI6, STM32U545VEI6Q, STM32U545VET6, STM32U545VET6Q, STM32U595AIH6, STM32U595AIH6Q, STM32U595AJH6, STM32U595AJH6Q, STM32U595QII6, STM32U595QII6Q, STM32U595QJI6, STM32U595QJI6Q, STM32U595RIT6, STM32U595RIT6Q, STM32U595RJT6, STM32U595RJT6Q, STM32U595VIT6, STM32U595VIT6Q, STM32U595VJT6, STM32U595VJT6Q, STM32U595ZIT6, STM32U595ZIT6Q, STM32U595ZIY6QTR, STM32U595ZJT6, STM32U595ZJT6Q, STM32U595ZJY6QTR, STM32U599BJY6QTR, STM32U599NIH6Q, STM32U599NJH6Q, STM32U599VIT6Q, STM32U599VJT6, STM32U599VJT6Q, STM32U599ZIT6Q, STM32U599ZIY6QTR, STM32U599ZJT6Q, STM32U599ZJY6QTR, STM32U5A5AJH6, STM32U5A5AJH6Q, STM32U5A5QJI6, STM32U5A5QJI6Q, STM32U5A5RJT6, STM32U5A5RJT6Q, STM32U5A5VJT6, STM32U5A5VJT6Q, STM32U5A5ZJT6, STM32U5A5ZJT6Q, STM32U5A5ZJY6QTR, STM32U5A9BJY6QTR, STM32U5A9J-DK, STM32U5A9NJH6Q, STM32U5A9VJT6Q, STM32U5A9ZJT6Q, STM32U5A9ZJY6QTR, STM32U5F7VIT6, STM32U5F7VIT6Q, STM32U5F7VJT6, STM32U5F7VJT6Q, STM32U5F9BJY6QTR, STM32U5F9NJH6Q, STM32U5F9VIT6Q, STM32U5F9VJT6Q, STM32U5F9ZIJ6QTR, STM32U5F9ZIT6Q, STM32U5F9ZJJ6QTR, STM32U5F9ZJT6Q, STM32U5G7VJT6, STM32U5G7VJT6Q, STM32U5G9BJY6QTR, STM32U5G9J-DK1, STM32U5G9J-DK2, STM32U5G9NJH6Q, STM32U5G9VJT6Q, STM32U5G9ZJJ6QTR, STM32U5G9ZJT6Q, STM32WB1MMCH6, STM32WBA52CEU6, STM32WBA52CEU6T, STM32WBA52CGU6, STM32WBA52CGU6T, STM32WBA52KEU6, STM32WBA52KEU6T, STM32WBA52KGU6, STM32WBA52KGU6T, STM32WL5MOCH6, STM32WL5MOCH6TR]
2026-07-25 11:30:38,450 [INFO] ApiDb:668 - CubeFinder database Data Model version=2.1
2026-07-25 11:30:38,451 [INFO] ApiDb:669 - CubeFinder database Configuration version=3.0.42
2026-07-25 11:30:38,451 [INFO] ApiDb:670 - CubeFinder database generation date=2026-06-23 (1782213372)
2026-07-25 11:30:38,451 [INFO] ApiDb:671 - CubeFinder database FW Pack versions=[FP-ATR-ASTRA1_V2.0.0, FP-SNS-FLIGHT1_V5.1.0, FP-SNS-MOTENV1_V5.1.0, FP-SNS-MOTENVWB1_V1.5.0, FP-SNS-SMARTAG2_V1.2.0, FP-SNS-STBOX1_V2.1.0, STM32Cube_FW_C0_V1.4.0, STM32Cube_FW_F4_V1.28.3, STM32Cube_FW_F7_V1.17.4, STM32Cube_FW_G0_V1.6.3, STM32Cube_FW_G4_V1.6.2, STM32Cube_FW_H5_V1.7.0, STM32Cube_FW_H7RS_V1.3.0, STM32Cube_FW_H7_V1.13.0, STM32Cube_FW_L0_V1.12.2, STM32Cube_FW_L4_V1.18.2, STM32Cube_FW_L5_V1.6.0, STM32Cube_FW_N6_V1.4.0, STM32Cube_FW_U0_V1.3.0, STM32Cube_FW_U3_V1.4.0, STM32Cube_FW_U5_V1.9.0, STM32Cube_FW_WB0_V1.5.0, STM32Cube_FW_WBA_V1.10.0, STM32Cube_FW_WB_V1.24.0, STM32Cube_FW_WL3_V1.5.0, STM32Cube_FW_WL_V1.6.0, X-CUBE-ALGOBUILD_V1.5.0, X-CUBE-ALS_V1.0.2, X-CUBE-AZRTOS-F4_V1.1.0, X-CUBE-AZRTOS-F7_V1.1.0, X-CUBE-AZRTOS-G0_V1.1.0, X-CUBE-AZRTOS-G4_V2.0.0, X-CUBE-AZRTOS-H7RS_V1.1.0, X-CUBE-AZRTOS-H7_V3.5.0, X-CUBE-AZRTOS-L4_V2.0.0, X-CUBE-AZRTOS-L5_V2.0.0, X-CUBE-AZRTOS-WB_V2.0.0, X-CUBE-AZRTOS-WL_V2.0.0, X-CUBE-BLE1_V7.1.0, X-CUBE-BLE2_V3.3.0, X-CUBE-BLEMGR_V4.1.0, X-CUBE-EEPRMA1_V5.2.0, X-CUBE-FREERTOS_V1.5.0, X-CUBE-GNSS1_V7.1.1, X-CUBE-MEMS1_V12.1.0, X-CUBE-NFC4_V3.0.0, X-CUBE-NFC7_V2.0.0, X-CUBE-SFXS2LP1_V4.0.0, X-CUBE-ST67W61_V1.3.0, X-CUBE-SUBG2_V5.0.0, X-CUBE-TOF1_V3.4.3]
2026-07-25 11:30:40,426 [INFO] ApiDb:240 - Found 323 in-development CPN: [B-G473E-ZEST1S, B-WB1M-WPAN1, B-WL5M-SUBG1, NUCLEO-C031C6, NUCLEO-H503RB, NUCLEO-H563ZI, NUCLEO-U545RE-Q, NUCLEO-U5A5ZJ-Q, NUCLEO-WBA52CG, STEVAL-PROTEUS1, STEVAL-SMARTAG2, STEVAL-STWINBX1, STM320518-EVAL, STM32C0116-DK, STM32C011D6Y3TR, STM32C011D6Y6TR, STM32C011F4P3, STM32C011F4P6, STM32C011F4U3, STM32C011F4U6TR, STM32C011F6P3, STM32C011F6P6, STM32C011F6U3, STM32C011F6U6TR, STM32C011J4M3, STM32C011J4M6, STM32C011J6M3, STM32C011J6M6, STM32C0316-DK, STM32C031C4T3, STM32C031C4T6, STM32C031C4U3, STM32C031C4U6, STM32C031C6T3, STM32C031C6T6, STM32C031C6U3, STM32C031C6U6, STM32C031F4P3, STM32C031F4P6, STM32C031F6P3, STM32C031F6P6, STM32C031G4U3, STM32C031G4U6, STM32C031G6U3, STM32C031G6U6, STM32C031K4T3, STM32C031K4T6, STM32C031K4U3, STM32C031K4U6, STM32C031K6T3, STM32C031K6T6, STM32C031K6U3, STM32C031K6U6, STM32G071K8TXN, STM32G071K8UXN, STM32G081GBU6N, STM32G081KBT6N, STM32G081KBUXN, STM32G0B1CCT6N, STM32G0B1KCT6, STM32G0B1NEY6TR, STM32G0B1RCT6N, STM32G0C1CCT6, STM32G0C1CCT6N, STM32G0C1CCU6N, STM32G0C1CET6N, STM32G0C1CEU6N, STM32G0C1KCT6, STM32G0C1NEY6TR, STM32G0C1RCI6N, STM32G0C1RCT6N, STM32G0C1REI6N, STM32G0C1RET6N, STM32G0C1VCI6, STM32G0C1VEI6, STM32G471CCT6, STM32G471CCU6, STM32G471CET3, STM32G471CET6, STM32G471CEU3, STM32G471CEU6, STM32G471MCT6, STM32G471MET3, STM32G471MET6, STM32G471MEY6TR, STM32G471QCT6, STM32G471QET3, STM32G471RCT6, STM32G471RET3, STM32G471RET6, STM32G471VCH6, STM32G471VCI6, STM32G471VCT6, STM32G471VEH3, STM32G471VEH6, STM32G471VEI3, STM32G471VEI6, STM32G471VET3, STM32G471VET6, STM32G474CCT6, STM32H503CBT6, STM32H503CBU6, STM32H503EBY6TR, STM32H503KBU6, STM32H503RBT6, STM32H562AGI6, STM32H562AII6, STM32H562IGK6, STM32H562IGT6, STM32H562IIK6, STM32H562IIT6, STM32H562RGT6, STM32H562RGV6, STM32H562RIT6, STM32H562RIV6, STM32H562VGT6, STM32H562VIT6, STM32H562ZGT6, STM32H562ZIT6, STM32H563AGI6, STM32H563AII3Q, STM32H563AII6, STM32H563IGK6, STM32H563IGT6, STM32H563IIK3Q, STM32H563IIK6, STM32H563IIT3Q, STM32H563IIT6, STM32H563MIY3QTR, STM32H563RGT6, STM32H563RGV6, STM32H563RIT6, STM32H563RIV6, STM32H563VGT6, STM32H563VIT3Q, STM32H563VIT6, STM32H563ZGT6, STM32H563ZIT3Q, STM32H563ZIT6, STM32H573AII3Q, STM32H573AII6, STM32H573I-DK, STM32H573IIK3Q, STM32H573IIK6, STM32H573IIT3Q, STM32H573IIT6, STM32H573MIY3QTR, STM32H573RIT6, STM32H573RIV6, STM32H573VIT3Q, STM32H573VIT6, STM32H573ZIT3Q, STM32H573ZIT6, STM32L4R5QGI6STR, STM32MP131AAE3, STM32MP131AAF3, STM32MP131AAG3, STM32MP131CAE3, STM32MP131CAF3, STM32MP131CAG3, STM32MP131DAE7, STM32MP131DAF7, STM32MP131DAG7, STM32MP131FAE7, STM32MP131FAF7, STM32MP131FAG7, STM32MP133AAE3, STM32MP133AAF3, STM32MP133AAG3, STM32MP133CAE3, STM32MP133CAF3, STM32MP133CAG3, STM32MP133DAE7, STM32MP133DAF7, STM32MP133DAG7, STM32MP133FAE7, STM32MP133FAF7, STM32MP133FAG7, STM32MP135AAE3, STM32MP135AAF3, STM32MP135AAG3, STM32MP135CAE3, STM32MP135CAF3, STM32MP135CAG3, STM32MP135DAE7, STM32MP135DAF7, STM32MP135DAG7, STM32MP135F-DK, STM32MP135FAE7, STM32MP135FAF7, STM32MP135FAF7T, STM32MP135FAF7U, STM32MP135FAG7, STM32U535CBT6, STM32U535CBT6Q, STM32U535CBU6, STM32U535CBU6Q, STM32U535CCT6, STM32U535CCT6Q, STM32U535CCU6, STM32U535CCU6Q, STM32U535CET6, STM32U535CET6Q, STM32U535CEU6, STM32U535CEU6Q, STM32U535JEY6QTR, STM32U535NCY6QTR, STM32U535NEY6QTR, STM32U535RBI6, STM32U535RBI6Q, STM32U535RBT6, STM32U535RBT6Q, STM32U535RCI6, STM32U535RCI6Q, STM32U535RCT6, STM32U535RCT6Q, STM32U535REI6, STM32U535REI6Q, STM32U535RET6, STM32U535RET6Q, STM32U535VCI6, STM32U535VCI6Q, STM32U535VCT6, STM32U535VCT6Q, STM32U535VEI6, STM32U535VEI6Q, STM32U535VET6, STM32U535VET6Q, STM32U545CET6, STM32U545CET6Q, STM32U545CEU6, STM32U545CEU6Q, STM32U545JEY6QTR, STM32U545NEY6QTR, STM32U545REI6, STM32U545REI6Q, STM32U545RET6, STM32U545RET6Q, STM32U545VEI6, STM32U545VEI6Q, STM32U545VET6, STM32U545VET6Q, STM32U595AIH6, STM32U595AIH6Q, STM32U595AJH6, STM32U595AJH6Q, STM32U595QII6, STM32U595QII6Q, STM32U595QJI6, STM32U595QJI6Q, STM32U595RIT6, STM32U595RIT6Q, STM32U595RJT6, STM32U595RJT6Q, STM32U595VIT6, STM32U595VIT6Q, STM32U595VJT6, STM32U595VJT6Q, STM32U595ZIT6, STM32U595ZIT6Q, STM32U595ZIY6QTR, STM32U595ZJT6, STM32U595ZJT6Q, STM32U595ZJY6QTR, STM32U599BJY6QTR, STM32U599NIH6Q, STM32U599NJH6Q, STM32U599VIT6Q, STM32U599VJT6, STM32U599VJT6Q, STM32U599ZIT6Q, STM32U599ZIY6QTR, STM32U599ZJT6Q, STM32U599ZJY6QTR, STM32U5A5AJH6, STM32U5A5AJH6Q, STM32U5A5QJI6, STM32U5A5QJI6Q, STM32U5A5RJT6, STM32U5A5RJT6Q, STM32U5A5VJT6, STM32U5A5VJT6Q, STM32U5A5ZJT6, STM32U5A5ZJT6Q, STM32U5A5ZJY6QTR, STM32U5A9BJY6QTR, STM32U5A9J-DK, STM32U5A9NJH6Q, STM32U5A9VJT6Q, STM32U5A9ZJT6Q, STM32U5A9ZJY6QTR, STM32U5F7VIT6, STM32U5F7VIT6Q, STM32U5F7VJT6, STM32U5F7VJT6Q, STM32U5F9BJY6QTR, STM32U5F9NJH6Q, STM32U5F9VIT6Q, STM32U5F9VJT6Q, STM32U5F9ZIJ6QTR, STM32U5F9ZIT6Q, STM32U5F9ZJJ6QTR, STM32U5F9ZJT6Q, STM32U5G7VJT6, STM32U5G7VJT6Q, STM32U5G9BJY6QTR, STM32U5G9J-DK1, STM32U5G9J-DK2, STM32U5G9NJH6Q, STM32U5G9VJT6Q, STM32U5G9ZJJ6QTR, STM32U5G9ZJT6Q, STM32WB1MMCH6, STM32WBA52CEU6, STM32WBA52CEU6T, STM32WBA52CGU6, STM32WBA52CGU6T, STM32WBA52KEU6, STM32WBA52KEU6T, STM32WBA52KGU6, STM32WBA52KGU6T, STM32WL5MOCH6, STM32WL5MOCH6TR]
2026-07-25 11:30:40,432 [INFO] DbMcus:217 - Found 5228 MCUs, 5075 are supported
2026-07-25 11:30:40,433 [INFO] ApiDb:423 - Load user favorites file C:\Users\Admin/.stm32cubeide/favorites.mcus.txt: 3 item(s)
2026-07-25 11:30:40,433 [INFO] ApiDb:427 - User favorites MCUs=[STM32F103C8T6, STM32F405RGT6, STM32H523CET6]
2026-07-25 11:30:40,433 [INFO] DbMcus:223 - Set 3 / 3 favorites MCUs
2026-07-25 11:30:40,815 [INFO] BoardInfo:880 - No configuration file found for board B-WBA5M-WPAN
2026-07-25 11:30:40,815 [INFO] DbBoards:157 - Board is not supported: B-WBA5M-WPAN
2026-07-25 11:30:40,817 [INFO] BoardInfo:880 - No configuration file found for board NUCLEO-C051C8
2026-07-25 11:30:40,817 [INFO] DbBoards:157 - Board is not supported: NUCLEO-C051C8
2026-07-25 11:30:40,818 [INFO] BoardInfo:880 - No configuration file found for board NUCLEO-C071RB
2026-07-25 11:30:40,818 [INFO] DbBoards:157 - Board is not supported: NUCLEO-C071RB
2026-07-25 11:30:40,819 [INFO] BoardInfo:880 - No configuration file found for board NUCLEO-C092RC
2026-07-25 11:30:40,819 [INFO] DbBoards:157 - Board is not supported: NUCLEO-C092RC
2026-07-25 11:30:40,849 [INFO] BoardInfo:880 - No configuration file found for board NUCLEO-H533RE
2026-07-25 11:30:40,849 [INFO] DbBoards:157 - Board is not supported: NUCLEO-H533RE
2026-07-25 11:30:40,852 [INFO] BoardInfo:880 - No configuration file found for board NUCLEO-H5E5ZJ
2026-07-25 11:30:40,852 [INFO] DbBoards:157 - Board is not supported: NUCLEO-H5E5ZJ
2026-07-25 11:30:40,859 [INFO] BoardInfo:880 - No configuration file found for board NUCLEO-H7S3L8
2026-07-25 11:30:40,859 [INFO] DbBoards:157 - Board is not supported: NUCLEO-H7S3L8
2026-07-25 11:30:40,879 [INFO] BoardInfo:880 - No configuration file found for board NUCLEO-N657X0-Q
2026-07-25 11:30:40,879 [INFO] DbBoards:157 - Board is not supported: NUCLEO-N657X0-Q
2026-07-25 11:30:40,880 [INFO] BoardInfo:880 - No configuration file found for board NUCLEO-U031R8
2026-07-25 11:30:40,880 [INFO] DbBoards:157 - Board is not supported: NUCLEO-U031R8
2026-07-25 11:30:40,881 [INFO] BoardInfo:880 - No configuration file found for board NUCLEO-U083RC
2026-07-25 11:30:40,881 [INFO] DbBoards:157 - Board is not supported: NUCLEO-U083RC
2026-07-25 11:30:40,882 [INFO] BoardInfo:880 - No configuration file found for board NUCLEO-U385RG-Q
2026-07-25 11:30:40,882 [INFO] DbBoards:157 - Board is not supported: NUCLEO-U385RG-Q
2026-07-25 11:30:40,883 [INFO] BoardInfo:880 - No configuration file found for board NUCLEO-U3C5ZI-Q
2026-07-25 11:30:40,883 [INFO] DbBoards:157 - Board is not supported: NUCLEO-U3C5ZI-Q
2026-07-25 11:30:40,887 [INFO] BoardInfo:880 - No configuration file found for board NUCLEO-WB05KZ
2026-07-25 11:30:40,887 [INFO] DbBoards:157 - Board is not supported: NUCLEO-WB05KZ
2026-07-25 11:30:40,888 [INFO] BoardInfo:880 - No configuration file found for board NUCLEO-WB07CC
2026-07-25 11:30:40,888 [INFO] DbBoards:157 - Board is not supported: NUCLEO-WB07CC
2026-07-25 11:30:40,889 [INFO] BoardInfo:880 - No configuration file found for board NUCLEO-WB09KE
2026-07-25 11:30:40,889 [INFO] DbBoards:157 - Board is not supported: NUCLEO-WB09KE
2026-07-25 11:30:40,892 [INFO] BoardInfo:880 - No configuration file found for board NUCLEO-WBA25CE1
2026-07-25 11:30:40,892 [INFO] DbBoards:157 - Board is not supported: NUCLEO-WBA25CE1
2026-07-25 11:30:40,894 [INFO] BoardInfo:880 - No configuration file found for board NUCLEO-WBA55CG
2026-07-25 11:30:40,894 [INFO] DbBoards:157 - Board is not supported: NUCLEO-WBA55CG
2026-07-25 11:30:40,895 [INFO] BoardInfo:880 - No configuration file found for board NUCLEO-WBA65RI
2026-07-25 11:30:40,895 [INFO] DbBoards:157 - Board is not supported: NUCLEO-WBA65RI
2026-07-25 11:30:40,896 [INFO] BoardInfo:880 - No configuration file found for board NUCLEO-WL33CC1
2026-07-25 11:30:40,896 [INFO] DbBoards:157 - Board is not supported: NUCLEO-WL33CC1
2026-07-25 11:30:40,897 [INFO] BoardInfo:880 - No configuration file found for board NUCLEO-WL33CC2
2026-07-25 11:30:40,897 [INFO] DbBoards:157 - Board is not supported: NUCLEO-WL33CC2
2026-07-25 11:30:40,898 [INFO] BoardInfo:880 - No configuration file found for board NUCLEO-WL3RKB1
2026-07-25 11:30:40,898 [INFO] DbBoards:157 - Board is not supported: NUCLEO-WL3RKB1
2026-07-25 11:30:40,899 [INFO] BoardInfo:880 - No configuration file found for board NUCLEO-WL3RKB2
2026-07-25 11:30:40,899 [INFO] DbBoards:157 - Board is not supported: NUCLEO-WL3RKB2
2026-07-25 11:30:40,904 [INFO] BoardInfo:880 - No configuration file found for board P-NUCLEO-WB55
2026-07-25 11:30:40,904 [INFO] DbBoards:157 - Kit is not supported: P-NUCLEO-WB55
2026-07-25 11:30:40,907 [INFO] BoardInfo:880 - No configuration file found for board STEVAL-BFA001V1B
2026-07-25 11:30:40,907 [INFO] DbBoards:157 - Kit is not supported: STEVAL-BFA001V1B
2026-07-25 11:30:40,908 [INFO] BoardInfo:880 - No configuration file found for board STEVAL-BFA001V2B
2026-07-25 11:30:40,908 [INFO] DbBoards:157 - Kit is not supported: STEVAL-BFA001V2B
2026-07-25 11:30:40,922 [INFO] BoardInfo:880 - No configuration file found for board STEVAL-MKBOXPRO
2026-07-25 11:30:40,923 [INFO] DbBoards:157 - Board is not supported: STEVAL-MKBOXPRO
2026-07-25 11:30:40,964 [INFO] BoardInfo:880 - No configuration file found for board STM32H5F5J-DK
2026-07-25 11:30:40,964 [INFO] DbBoards:157 - Board is not supported: STM32H5F5J-DK
2026-07-25 11:30:40,974 [INFO] BoardInfo:880 - No configuration file found for board STM32H7S78-DK
2026-07-25 11:30:40,974 [INFO] DbBoards:157 - Board is not supported: STM32H7S78-DK
2026-07-25 11:30:40,989 [INFO] BoardInfo:880 - No configuration file found for board STM32MP215F-DK
2026-07-25 11:30:40,989 [INFO] DbBoards:157 - Board is not supported: STM32MP215F-DK
2026-07-25 11:30:40,990 [INFO] BoardInfo:880 - No configuration file found for board STM32MP257F-DK
2026-07-25 11:30:40,990 [INFO] DbBoards:157 - Board is not supported: STM32MP257F-DK
2026-07-25 11:30:40,990 [INFO] BoardInfo:880 - No configuration file found for board STM32MP257F-EV1
2026-07-25 11:30:40,990 [INFO] DbBoards:157 - Board is not supported: STM32MP257F-EV1
2026-07-25 11:30:40,991 [INFO] BoardInfo:880 - No configuration file found for board STM32N6570-DK
2026-07-25 11:30:40,991 [INFO] DbBoards:157 - Board is not supported: STM32N6570-DK
2026-07-25 11:30:40,992 [INFO] BoardInfo:880 - No configuration file found for board STM32U083C-DK
2026-07-25 11:30:40,992 [INFO] DbBoards:157 - Board is not supported: STM32U083C-DK
2026-07-25 11:30:40,997 [INFO] BoardInfo:880 - No configuration file found for board STM32WBA55G-DK1
2026-07-25 11:30:40,998 [INFO] DbBoards:157 - Board is not supported: STM32WBA55G-DK1
2026-07-25 11:30:40,998 [INFO] BoardInfo:880 - No configuration file found for board STM32WBA65I-DK1
2026-07-25 11:30:40,998 [INFO] DbBoards:157 - Board is not supported: STM32WBA65I-DK1
2026-07-25 11:30:40,999 [INFO] DbBoards:161 - Found 218 boards, 183 are supported
2026-07-25 11:30:41,001 [INFO] ApiDb:423 - Load user favorites file C:\Users\Admin/.stm32cubeide/favorites.boards.txt: 0 item(s)
2026-07-25 11:30:41,001 [INFO] ApiDb:427 - User favorites Boards=[]
2026-07-25 11:30:41,001 [INFO] DbBoards:190 - Set 0 / 0 favorites Boards
2026-07-25 11:30:41,002 [INFO] McuFinderGlobals:76 - Set McuFinderConnectedMode to true
2026-07-25 11:30:41,007 [INFO] MultiScanPanel:200 - Auto-refresh data requested => check proxy status ongoing
2026-07-25 11:30:41,009 [INFO] FinderPluginLoader:95 - Searching for filters in installed packs
2026-07-25 11:30:42,227 [INFO] LoadUrlFilesThread:185 - End of LoadServerUrlFiles without Thread
2026-07-25 11:30:42,247 [INFO] DetailPanel:341 - Set advertising image to C:/Users/Admin/STM32Cube/Repository/\en.stm32h5cubemxbanner.png
2026-07-25 11:32:13,102 [INFO] McuResultTable:1395 - Mark MCU STM32F411CEU6 as favorite
2026-07-25 11:33:18,086 [INFO] MainUpdater:2868 - connection check result : 10
2026-07-25 11:33:18,086 [INFO] MainUpdater:2868 - connection check result : 10
2026-07-25 11:33:18,099 [INFO] MicroXplorer:468 - Change Database Path : 
2026-07-25 11:33:18,099 [INFO] MicroXplorer:498 - Change Database Version : DB.6.0.91
2026-07-25 11:33:18,102 [WARN] ThirdParty:871 - waiting for thirdparty lock release [close project]
2026-07-25 11:33:18,103 [INFO] ThirdParty:873 - entering critical section [close project]
2026-07-25 11:33:18,103 [INFO] ThirdParty:883 - exiting critical section [close project]
2026-07-25 11:33:18,105 [INFO] PinOutPanel:1499 - setPackage(No Configuration,No Configuration)
2026-07-25 11:33:18,110 [INFO] UtilMem:75 - Begin LoadConfig() Used Memory: 829154696 Bytes (1073741824)
2026-07-25 11:33:18,111 [INFO] MicroXplorer:468 - Change Database Path : 
2026-07-25 11:33:18,111 [INFO] MicroXplorer:498 - Change Database Version : DB.6.0.91
2026-07-25 11:33:18,111 [INFO] OpenFileManager:308 - Change cursor
2026-07-25 11:33:18,132 [INFO] Mcu:1946 - Initializing MCU STM32F405RGTx STM32F405RGTx STM32F405RGT6
2026-07-25 11:33:19,336 [INFO] Context:659 - Trying to add GPIOservice into a context  which must be forbidden
2026-07-25 11:33:19,634 [INFO] ImportTextPane:194 - (OptionalMessage_ERROR) Unable to find key (Mcu.ThirdPartyNb) in loaded IOC file
2026-07-25 11:33:19,634 [INFO] ImportTextPane:194 - (OptionalMessage_ERROR) Unable to find key (Mcu.PinsNb) in loaded IOC file
2026-07-25 11:33:19,634 [INFO] ImportTextPane:194 - (OptionalMessage_ERROR) Unable to find key (Mcu.IPNb) in loaded IOC file
2026-07-25 11:33:19,695 [WARN] ModelIntegratedComponent:63 - No mode defined for component null
2026-07-25 11:33:19,695 [WARN] ModelIntegratedComponent:63 - No mode defined for component null
2026-07-25 11:33:19,695 [WARN] ModelIntegratedComponent:63 - No mode defined for component null
2026-07-25 11:33:19,695 [WARN] ModelIntegratedComponent:63 - No mode defined for component null
2026-07-25 11:33:19,695 [WARN] ModelIntegratedComponent:63 - No mode defined for component null
2026-07-25 11:33:19,695 [WARN] ModelIntegratedComponent:63 - No mode defined for component null
2026-07-25 11:33:19,695 [WARN] ModelIntegratedComponent:63 - No mode defined for component null
2026-07-25 11:33:19,695 [WARN] ModelIntegratedComponent:63 - No mode defined for component null
2026-07-25 11:33:19,695 [WARN] ModelIntegratedComponent:63 - No mode defined for component null
2026-07-25 11:33:19,695 [WARN] ModelIntegratedComponent:63 - No mode defined for component null
2026-07-25 11:33:19,695 [WARN] ModelIntegratedComponent:63 - No mode defined for component null
2026-07-25 11:33:19,695 [WARN] ModelIntegratedComponent:63 - No mode defined for component null
2026-07-25 11:33:19,695 [WARN] ModelIntegratedComponent:63 - No mode defined for component null
2026-07-25 11:33:19,696 [WARN] ModelIntegratedComponent:63 - No mode defined for component null
2026-07-25 11:33:19,696 [WARN] ModelIntegratedComponent:63 - No mode defined for component null
2026-07-25 11:33:19,696 [WARN] ModelIntegratedComponent:63 - No mode defined for component null
2026-07-25 11:33:19,696 [WARN] ModelIntegratedComponent:63 - No mode defined for component null
2026-07-25 11:33:19,696 [WARN] ModelIntegratedComponent:63 - No mode defined for component null
2026-07-25 11:33:19,696 [WARN] ModelIntegratedComponent:63 - No mode defined for component null
2026-07-25 11:33:19,696 [WARN] ModelIntegratedComponent:63 - No mode defined for component null
2026-07-25 11:33:19,696 [WARN] ModelIntegratedComponent:63 - No mode defined for component null
2026-07-25 11:33:19,696 [WARN] ModelIntegratedComponent:63 - No mode defined for component null
2026-07-25 11:33:19,696 [WARN] ModelIntegratedComponent:63 - No mode defined for component null
2026-07-25 11:33:19,696 [WARN] ModelIntegratedComponent:63 - No mode defined for component null
2026-07-25 11:33:19,696 [WARN] ModelIntegratedComponent:63 - No mode defined for component null
2026-07-25 11:33:19,696 [WARN] ModelIntegratedComponent:63 - No mode defined for component null
2026-07-25 11:33:19,696 [WARN] ModelIntegratedComponent:63 - No mode defined for component null
2026-07-25 11:33:19,697 [WARN] ModelIntegratedComponent:63 - No mode defined for component null
2026-07-25 11:33:19,697 [WARN] ModelIntegratedComponent:63 - No mode defined for component null
2026-07-25 11:33:19,697 [WARN] ModelIntegratedComponent:63 - No mode defined for component null
2026-07-25 11:33:19,697 [WARN] ModelIntegratedComponent:63 - No mode defined for component null
2026-07-25 11:33:19,697 [WARN] ModelIntegratedComponent:63 - No mode defined for component null
2026-07-25 11:33:19,697 [WARN] ModelIntegratedComponent:63 - No mode defined for component null
2026-07-25 11:33:19,711 [INFO] RtosManager:555 - Registered RTOS mode: class=CMSIS, group=RTOS, mode=CMSIS_V1, owner=FREERTOS
2026-07-25 11:33:19,711 [INFO] RtosManager:555 - Registered RTOS mode: class=CMSIS, group=RTOS2, mode=CMSIS_V2, owner=FREERTOS
2026-07-25 11:33:19,711 [INFO] RtosManager:555 - Registered RTOS mode: class=RTOS, group=Core, mode=CMSIS_V1, owner=FREERTOS
2026-07-25 11:33:19,711 [INFO] RtosManager:555 - Registered RTOS mode: class=RTOS, group=Core, mode=CMSIS_V2, owner=FREERTOS
2026-07-25 11:33:19,711 [WARN] ModelIntegratedComponent:184 - Missing modes for component STMicroelectronics:FreeRTOS:0.0.1:STMicroelectronics:RTOS:FreeRTOS:Core:::10.2.0:
2026-07-25 11:33:19,731 [INFO] ThirdPartyModel:298 - Start build external matchings
2026-07-25 11:33:19,771 [INFO] ThirdPartyModel:316 - End build external matchings
2026-07-25 11:33:20,004 [INFO] UtilMem:75 - End LoadConfig() Used Memory: 899380808 Bytes (1073741824)
2026-07-25 11:33:20,020 [WARN] ThirdParty:833 - waiting for thirdparty lock release [change project]
2026-07-25 11:33:20,020 [INFO] ThirdParty:835 - entering critical section [change project]
2026-07-25 11:33:20,020 [INFO] ThirdParty:1030 - CMSIS Pack Vendor :wolfSSL I-CUBE-wolfTPM 3.8.0
2026-07-25 11:33:20,020 [INFO] ThirdParty:1030 - CMSIS Pack Vendor :STMicroelectronics USBPD 4.1
2026-07-25 11:33:20,020 [INFO] ThirdParty:1030 - CMSIS Pack Vendor :STMicroelectronics X-CUBE-DISPLAY 3.0.0
2026-07-25 11:33:20,020 [INFO] ThirdParty:1030 - CMSIS Pack Vendor :wolfSSL I-CUBE-wolfSSH 1.4.20
2026-07-25 11:33:20,020 [INFO] ThirdParty:1030 - CMSIS Pack Vendor :STMicroelectronics USB_HOST 2.0.0
2026-07-25 11:33:20,020 [INFO] ThirdParty:1030 - CMSIS Pack Vendor :STMicroelectronics FP-ATR-ASTRA1 2.0.3
2026-07-25 11:33:20,020 [INFO] ThirdParty:1030 - CMSIS Pack Vendor :STMicroelectronics X-CUBE-AZRTOS-F4 1.1.0
2026-07-25 11:33:20,020 [INFO] ThirdParty:1030 - CMSIS Pack Vendor :STMicroelectronics LIBJPEG 8.0.0
2026-07-25 11:33:20,020 [INFO] ThirdParty:1030 - CMSIS Pack Vendor :STMicroelectronics FP-ATR-ASTRA1 2.0.2
2026-07-25 11:33:20,021 [INFO] ThirdParty:1030 - CMSIS Pack Vendor :wolfSSL I-CUBE-wolfSSL 5.9.1
2026-07-25 11:33:20,021 [INFO] ThirdParty:1030 - CMSIS Pack Vendor :STMicroelectronics FP-ATR-SIGFOX1 3.2.0
2026-07-25 11:33:20,021 [INFO] ThirdParty:1030 - CMSIS Pack Vendor :STMicroelectronics X-CUBE-SMBUS 2.1.0
2026-07-25 11:33:20,021 [INFO] ThirdParty:1030 - CMSIS Pack Vendor :wolfSSL I-CUBE-wolfMQTT 1.19.2
2026-07-25 11:33:20,021 [INFO] ThirdParty:1030 - CMSIS Pack Vendor :STMicroelectronics USB_DEVICE 3.0.0
2026-07-25 11:33:20,021 [INFO] ThirdParty:1030 - CMSIS Pack Vendor :STMicroelectronics HAL Drivers 0.0.0
2026-07-25 11:33:20,021 [INFO] ThirdParty:1030 - CMSIS Pack Vendor :STMicroelectronics MBEDTLS 2.16.2
2026-07-25 11:33:20,021 [INFO] ThirdParty:1030 - CMSIS Pack Vendor :emotas I-CUBE-CANOPEN 1.3.0
2026-07-25 11:33:20,021 [INFO] ThirdParty:1030 - CMSIS Pack Vendor :STMicroelectronics MBEDTLS 2.14.1
2026-07-25 11:33:20,021 [INFO] ThirdParty:1030 - CMSIS Pack Vendor :ITTIA_DB I-CUBE-ITTIADB 8.9.0
2026-07-25 11:33:20,021 [INFO] ThirdParty:1030 - CMSIS Pack Vendor :STMicroelectronics X-CUBE-AZRTOS-F7 1.1.0
2026-07-25 11:33:20,021 [INFO] ThirdParty:1030 - CMSIS Pack Vendor :STMicroelectronics X-CUBE-TOUCHGFX 4.26.1
2026-07-25 11:33:20,021 [INFO] ThirdParty:1030 - CMSIS Pack Vendor :STMicroelectronics USB_DEVICE 2.0.0
2026-07-25 11:33:20,021 [INFO] ThirdParty:1030 - CMSIS Pack Vendor :STMicroelectronics X-CUBE-AI 10.2.1
2026-07-25 11:33:20,021 [INFO] ThirdParty:1030 - CMSIS Pack Vendor :STMicroelectronics ThreadX 1.0.0
2026-07-25 11:33:20,021 [INFO] ThirdParty:1030 - CMSIS Pack Vendor :STMicroelectronics X-CUBE-AZRTOS-WL 2.0.0
2026-07-25 11:33:20,021 [INFO] ThirdParty:1030 - CMSIS Pack Vendor :SEGGER I-CUBE-embOS 1.3.1
2026-07-25 11:33:20,021 [INFO] ThirdParty:1030 - CMSIS Pack Vendor :STMicroelectronics X-CUBE-ALGOBUILD 1.4.0
2026-07-25 11:33:20,021 [INFO] ThirdParty:1030 - CMSIS Pack Vendor :STMicroelectronics X-CUBE-ALGOBUILD 1.5.0
2026-07-25 11:33:20,021 [INFO] ThirdParty:1030 - CMSIS Pack Vendor :STMicroelectronics FreeRTOS 0.0.1
2026-07-25 11:33:20,021 [INFO] ThirdParty:1030 - CMSIS Pack Vendor :STMicroelectronics X-CUBE-AZRTOS-H7RS 1.3.0
2026-07-25 11:33:20,021 [INFO] ThirdParty:1030 - CMSIS Pack Vendor :STMicroelectronics X-CUBE-AZRTOS-G0 1.1.0
2026-07-25 11:33:20,021 [INFO] ThirdParty:1030 - CMSIS Pack Vendor :STMicroelectronics USB_DEVICE 1.0.0
2026-07-25 11:33:20,021 [INFO] ThirdParty:1030 - CMSIS Pack Vendor :STMicroelectronics X-CUBE-AZRTOS-H7RS 1.2.0
2026-07-25 11:33:20,021 [INFO] ThirdParty:1030 - CMSIS Pack Vendor :STMicroelectronics X-CUBE-NFC4 3.0.0
2026-07-25 11:33:20,021 [INFO] ThirdParty:1030 - CMSIS Pack Vendor :STMicroelectronics X-CUBE-SUBG2 5.0.0
2026-07-25 11:33:20,021 [INFO] ThirdParty:1030 - CMSIS Pack Vendor :STMicroelectronics STM32_WPAN 1.0.0
2026-07-25 11:33:20,022 [INFO] ThirdParty:1030 - CMSIS Pack Vendor :STMicroelectronics X-CUBE-AZRTOS-L4 2.0.0
2026-07-25 11:33:20,022 [INFO] ThirdParty:1030 - CMSIS Pack Vendor :STMicroelectronics ThreadX 0.0.2
2026-07-25 11:33:20,022 [INFO] ThirdParty:1030 - CMSIS Pack Vendor :STMicroelectronics lwIP 2.0.3
2026-07-25 11:33:20,022 [INFO] ThirdParty:1030 - CMSIS Pack Vendor :STMicroelectronics lwIP 2.1.2
2026-07-25 11:33:20,022 [INFO] ThirdParty:1030 - CMSIS Pack Vendor :STMicroelectronics X-CUBE-SFXS2LP1 4.0.0
2026-07-25 11:33:20,022 [INFO] ThirdParty:1030 - CMSIS Pack Vendor :STMicroelectronics X-CUBE-BLE2 3.3.0
2026-07-25 11:33:20,022 [INFO] ThirdParty:1030 - CMSIS Pack Vendor :STMicroelectronics USB_HOST 1.0.0
2026-07-25 11:33:20,022 [INFO] ThirdParty:1030 - CMSIS Pack Vendor :STMicroelectronics X-CUBE-AZRTOS-G4 2.0.0
2026-07-25 11:33:20,022 [INFO] ThirdParty:1030 - CMSIS Pack Vendor :STMicroelectronics PDM2PCM 3.1.0
2026-07-25 11:33:20,022 [INFO] ThirdParty:1030 - CMSIS Pack Vendor :STMicroelectronics X-CUBE-NFC13 1.0.0
2026-07-25 11:33:20,022 [INFO] ThirdParty:1030 - CMSIS Pack Vendor :STMicroelectronics PDM2PCM 3.2.0
2026-07-25 11:33:20,022 [INFO] ThirdParty:1030 - CMSIS Pack Vendor :STMicroelectronics PDM2PCM 3.3.0
2026-07-25 11:33:20,022 [INFO] ThirdParty:841 - exiting critical section [change project]
2026-07-25 11:33:20,266 [INFO] PinOutPanel:1499 - setPackage(No Configuration,No Configuration)
2026-07-25 11:33:20,267 [INFO] PinOutPanel:1499 - setPackage(STM32F405RGTx,LQFP64)
2026-07-25 11:33:20,572 [INFO] UtilMem:75 - Before build in PCC Used Memory: 905494896 Bytes (1073741824)
2026-07-25 11:33:21,254 [INFO] UtilMem:75 - After build in PCC Used Memory: 756494232 Bytes (1073741824)
2026-07-25 11:33:21,286 [INFO] IPUIPlugin:80 - create IPUIPlugin
2026-07-25 11:33:21,286 [INFO] IPUIPlugin:80 - create IPUIPlugin
2026-07-25 11:33:21,286 [INFO] IPUIPlugin:80 - create IPUIPlugin
2026-07-25 11:33:21,286 [INFO] IPUIPlugin:80 - create IPUIPlugin
2026-07-25 11:33:21,286 [INFO] IPUIPlugin:80 - create IPUIPlugin
2026-07-25 11:33:21,286 [INFO] IPUIPlugin:80 - create IPUIPlugin
2026-07-25 11:33:21,286 [INFO] IPUIPlugin:80 - create IPUIPlugin
2026-07-25 11:33:21,286 [INFO] IPUIPlugin:80 - create IPUIPlugin
2026-07-25 11:33:21,286 [INFO] IPUIPlugin:80 - create IPUIPlugin
2026-07-25 11:33:21,286 [INFO] IPUIPlugin:80 - create IPUIPlugin
2026-07-25 11:33:21,286 [INFO] IPUIPlugin:80 - create IPUIPlugin
2026-07-25 11:33:21,287 [INFO] IPUIPlugin:80 - create IPUIPlugin
2026-07-25 11:33:21,287 [INFO] IPUIPlugin:80 - create IPUIPlugin
2026-07-25 11:33:21,287 [INFO] IPUIPlugin:80 - create IPUIPlugin
2026-07-25 11:33:21,287 [INFO] IPUIPlugin:80 - create IPUIPlugin
2026-07-25 11:33:21,287 [INFO] IPUIPlugin:80 - create IPUIPlugin
2026-07-25 11:33:21,287 [INFO] IPUIPlugin:80 - create IPUIPlugin
2026-07-25 11:33:21,287 [INFO] IPUIPlugin:80 - create IPUIPlugin
2026-07-25 11:33:21,287 [INFO] IPUIPlugin:80 - create IPUIPlugin
2026-07-25 11:33:21,287 [INFO] IPUIPlugin:80 - create IPUIPlugin
2026-07-25 11:33:21,288 [INFO] IPUIPlugin:80 - create IPUIPlugin
2026-07-25 11:33:21,288 [INFO] IPUIPlugin:80 - create IPUIPlugin
2026-07-25 11:33:21,288 [INFO] IPUIPlugin:80 - create IPUIPlugin
2026-07-25 11:33:21,288 [INFO] IPUIPlugin:80 - create IPUIPlugin
2026-07-25 11:33:21,288 [INFO] IPUIPlugin:80 - create IPUIPlugin
2026-07-25 11:33:21,288 [INFO] IPUIPlugin:80 - create IPUIPlugin
2026-07-25 11:33:21,288 [INFO] IPUIPlugin:80 - create IPUIPlugin
2026-07-25 11:33:21,288 [INFO] IPUIPlugin:80 - create IPUIPlugin
2026-07-25 11:33:21,289 [INFO] IPUIPlugin:80 - create IPUIPlugin
2026-07-25 11:33:21,289 [INFO] IPUIPlugin:80 - create IPUIPlugin
2026-07-25 11:33:21,289 [INFO] IPUIPlugin:80 - create IPUIPlugin
2026-07-25 11:33:21,289 [INFO] IPUIPlugin:80 - create IPUIPlugin
2026-07-25 11:33:21,289 [INFO] IPUIPlugin:80 - create IPUIPlugin
2026-07-25 11:33:21,289 [INFO] IPUIPlugin:80 - create IPUIPlugin
2026-07-25 11:33:21,290 [INFO] IPUIPlugin:80 - create IPUIPlugin
2026-07-25 11:33:21,290 [INFO] IPUIPlugin:80 - create IPUIPlugin
2026-07-25 11:33:21,290 [INFO] IPUIPlugin:80 - create IPUIPlugin
2026-07-25 11:33:21,290 [INFO] IPUIPlugin:80 - create IPUIPlugin
2026-07-25 11:33:21,291 [INFO] IPUIPlugin:80 - create IPUIPlugin
2026-07-25 11:33:21,291 [INFO] IPUIPlugin:80 - create IPUIPlugin
2026-07-25 11:33:21,291 [INFO] IPUIPlugin:80 - create IPUIPlugin
2026-07-25 11:33:21,291 [INFO] IPUIPlugin:80 - create IPUIPlugin
2026-07-25 11:33:21,291 [INFO] IPUIPlugin:80 - create IPUIPlugin
2026-07-25 11:33:21,292 [INFO] IPUIPlugin:80 - create IPUIPlugin
2026-07-25 11:33:21,292 [INFO] IPUIPlugin:80 - create IPUIPlugin
2026-07-25 11:33:21,292 [INFO] IPUIPlugin:80 - create IPUIPlugin
2026-07-25 11:33:21,292 [INFO] IPUIPlugin:80 - create IPUIPlugin
2026-07-25 11:33:21,292 [INFO] IPUIPlugin:80 - create IPUIPlugin
2026-07-25 11:33:21,292 [INFO] IPUIPlugin:80 - create IPUIPlugin
2026-07-25 11:33:21,293 [INFO] IPUIPlugin:80 - create IPUIPlugin
2026-07-25 11:33:21,293 [INFO] IPUIPlugin:80 - create IPUIPlugin
2026-07-25 11:33:21,293 [INFO] IPUIPlugin:80 - create IPUIPlugin
2026-07-25 11:33:21,293 [INFO] IPUIPlugin:80 - create IPUIPlugin
2026-07-25 11:33:21,294 [INFO] IPUIPlugin:80 - create IPUIPlugin
2026-07-25 11:33:21,382 [INFO] ApiDbMcu:507 - Load IP Config File for PDM2PCM
2026-07-25 11:33:21,541 [INFO] CADModel:165 - CPN selected for project levelSTM32F405RGT6
2026-07-25 11:33:21,541 [INFO] CADModel:114 - Register for checkConnection events
2026-07-25 11:33:21,584 [INFO] OpenFileManager:328 - Restore cursor
2026-07-25 11:33:22,020 [INFO] UtilMem:75 - End SaveConfig() Used Memory: 832538984 Bytes (1073741824)
2026-07-25 11:33:22,072 [INFO] UtilMem:75 - End SaveConfig() Used Memory: 854292280 Bytes (1073741824)
2026-07-25 11:33:22,436 [INFO] BlockDiagram:2759 - set Specific Code input for plugin: RCC
2026-07-25 11:33:22,437 [INFO] BlockDiagram:2759 - set Specific Code input for plugin: NVIC
2026-07-25 11:33:22,438 [INFO] CodeGenerator:799 - code generatio: config db path: C:\ST\STM32CubeIDE_1.13.1\STM32CubeIDE\plugins\com.st.stm32cube.common.mx_6.9.1.202307191849\\db\
2026-07-25 11:33:22,619 [INFO] CodeEngine:255 - oldGeneratedFile, C:\Users\Admin\Documents\GitHub\Drone-RTOS\Source\001MPU6050\MXTmpFiles\license.tmp_save
2026-07-25 11:33:22,950 [INFO] CodeEngine:279 - Generated code: C:\Users\Admin\Documents\GitHub\Drone-RTOS\Source\001MPU6050\MXTmpFiles\license.tmp
2026-07-25 11:33:22,966 [INFO] CodeEngine:255 - oldGeneratedFile, C:\Users\Admin\Documents\GitHub\Drone-RTOS\Source\001MPU6050\Core\Src\stm32f4xx_it.c_save
2026-07-25 11:33:23,114 [INFO] CodeEngine:279 - Generated code: C:\Users\Admin\Documents\GitHub\Drone-RTOS\Source\001MPU6050\Core\Src\stm32f4xx_it.c
2026-07-25 11:33:23,118 [INFO] CodeEngine:255 - oldGeneratedFile, C:\Users\Admin\Documents\GitHub\Drone-RTOS\Source\001MPU6050\Core\Inc\stm32f4xx_it.h_save
2026-07-25 11:33:23,199 [INFO] CodeEngine:279 - Generated code: C:\Users\Admin\Documents\GitHub\Drone-RTOS\Source\001MPU6050\Core\Inc\stm32f4xx_it.h
2026-07-25 11:33:23,266 [INFO] CodeEngine:255 - oldGeneratedFile, C:\Users\Admin\Documents\GitHub\Drone-RTOS\Source\001MPU6050\Core\Src\stm32f4xx_hal_msp.c_save
2026-07-25 11:33:23,389 [INFO] CodeEngine:279 - Generated code: C:\Users\Admin\Documents\GitHub\Drone-RTOS\Source\001MPU6050\Core\Src\stm32f4xx_hal_msp.c
2026-07-25 11:33:23,394 [INFO] CodeEngine:255 - oldGeneratedFile, C:\Users\Admin\Documents\GitHub\Drone-RTOS\Source\001MPU6050\MXTmpFiles\system.tmp_save
2026-07-25 11:33:23,477 [INFO] CodeEngine:279 - Generated code: C:\Users\Admin\Documents\GitHub\Drone-RTOS\Source\001MPU6050\MXTmpFiles\system.tmp
2026-07-25 11:33:23,485 [INFO] CodeEngine:311 - oldGeneratedFile, C:\Users\Admin\Documents\GitHub\Drone-RTOS\Source\001MPU6050\Core\Inc\stm32f4xx_hal_conf.h_save
2026-07-25 11:33:23,555 [INFO] CodeEngine:335 - Generated code: C:\Users\Admin\Documents\GitHub\Drone-RTOS\Source\001MPU6050\Core\Inc\stm32f4xx_hal_conf.h
2026-07-25 11:33:23,598 [INFO] CodeEngine:255 - oldGeneratedFile, C:\Users\Admin\Documents\GitHub\Drone-RTOS\Source\001MPU6050\Core\Inc\main.h_save
2026-07-25 11:33:23,679 [INFO] CodeEngine:279 - Generated code: C:\Users\Admin\Documents\GitHub\Drone-RTOS\Source\001MPU6050\Core\Inc\main.h
2026-07-25 11:33:23,684 [INFO] CodeEngine:255 - oldGeneratedFile, C:\Users\Admin\Documents\GitHub\Drone-RTOS\Source\001MPU6050\Core\Src\main.c_save
2026-07-25 11:33:23,837 [INFO] CodeEngine:279 - Generated code: C:\Users\Admin\Documents\GitHub\Drone-RTOS\Source\001MPU6050\Core\Src\main.c
2026-07-25 11:33:24,371 [INFO] ProjectBuilder:3064 - Time for Copy HAL[1] : 134mS.
2026-07-25 11:33:24,377 [INFO] ProjectBuilder:4404 - Project Generator version: 4.1.0
2026-07-25 11:33:24,550 [INFO] ConfigFileManager:1457 - The Die is : DIE413
2026-07-25 11:33:24,559 [INFO] ApiDbMcu:507 - Load IP Config File for FATFS
2026-07-25 11:33:24,566 [INFO] ApiDbMcu:507 - Load IP Config File for FREERTOS
2026-07-25 11:33:24,569 [INFO] ApiDbMcu:507 - Load IP Config File for LIBJPEG
2026-07-25 11:33:24,575 [INFO] ApiDbMcu:507 - Load IP Config File for MBEDTLS
2026-07-25 11:33:24,583 [INFO] ApiDbMcu:507 - Load IP Config File for USB_DEVICE
2026-07-25 11:33:24,586 [INFO] ApiDbMcu:507 - Load IP Config File for USB_HOST
2026-07-25 11:33:25,342 [INFO] LogOutputStream:77 - [STDOUT_REDIRECT] 
2026-07-25 11:33:26,854 [INFO] ProjectBuilder:4626 - Time for Generating toolchain IDE Files: 2475mS.
2026-07-25 11:33:26,855 [INFO] ProjectBuilder:2935 - Time for Copy CMSIS : 1mS.
2026-07-25 11:33:26,858 [INFO] ProjectBuilder:2935 - Time for Copy CMSIS : 0mS.
2026-07-25 11:33:27,428 [INFO] McuFinderGlobals:76 - Set McuFinderConnectedMode to true
2026-07-25 11:33:27,435 [INFO] ApiDb:448 - Save user favorites file C:\Users\Admin/.stm32cubeide/favorites.mcus.txt: 4 item(s)
2026-07-25 11:33:27,435 [INFO] ApiDb:452 - User favorites MCUs=[STM32F103C8T6, STM32F405RGT6, STM32F411CEU6, STM32H523CET6]
2026-07-25 11:40:12,997 [WARN] IP:2114 - I2C_Coeff_DF not found: check if there is a RefParameter without a condition.
2026-07-25 11:40:12,997 [WARN] IP:2114 - Analog_Filter not found: check if there is a RefParameter without a condition.
2026-07-25 11:40:13,015 [WARN] IP:2114 - I2C_Coeff_DF not found: check if there is a RefParameter without a condition.
2026-07-25 11:40:13,015 [WARN] IP:2114 - Analog_Filter not found: check if there is a RefParameter without a condition.
2026-07-25 11:40:13,015 [WARN] IP:2114 - I2C_Coeff_DF not found: check if there is a RefParameter without a condition.
2026-07-25 11:40:13,015 [WARN] IP:2114 - Analog_Filter not found: check if there is a RefParameter without a condition.
2026-07-25 11:40:13,061 [WARN] IP:2114 - I2C_Coeff_DF not found: check if there is a RefParameter without a condition.
2026-07-25 11:40:13,061 [WARN] IP:2114 - Analog_Filter not found: check if there is a RefParameter without a condition.
2026-07-25 11:40:13,062 [WARN] IP:2114 - I2C_Coeff_DF not found: check if there is a RefParameter without a condition.
2026-07-25 11:40:13,062 [WARN] IP:2114 - Analog_Filter not found: check if there is a RefParameter without a condition.
2026-07-25 11:41:27,669 [WARN] IP:2114 - I2C_Coeff_DF not found: check if there is a RefParameter without a condition.
2026-07-25 11:41:27,670 [WARN] IP:2114 - Analog_Filter not found: check if there is a RefParameter without a condition.
2026-07-25 11:41:27,670 [WARN] IP:2114 - I2C_Coeff_DF not found: check if there is a RefParameter without a condition.
2026-07-25 11:41:27,670 [WARN] IP:2114 - Analog_Filter not found: check if there is a RefParameter without a condition.
2026-07-25 11:43:24,037 [WARN] IP:2114 - I2C_Coeff_DF not found: check if there is a RefParameter without a condition.
2026-07-25 11:43:24,037 [WARN] IP:2114 - Analog_Filter not found: check if there is a RefParameter without a condition.
2026-07-25 11:43:24,038 [WARN] IP:2114 - I2C_Coeff_DF not found: check if there is a RefParameter without a condition.
2026-07-25 11:43:24,038 [WARN] IP:2114 - Analog_Filter not found: check if there is a RefParameter without a condition.
2026-07-25 11:44:08,604 [INFO] UtilMem:75 - End SaveConfig() Used Memory: 726366880 Bytes (1073741824)
2026-07-25 11:45:07,148 [WARN] IP:2114 - I2C_Coeff_DF not found: check if there is a RefParameter without a condition.
2026-07-25 11:45:07,148 [WARN] IP:2114 - Analog_Filter not found: check if there is a RefParameter without a condition.
2026-07-25 11:45:07,149 [WARN] IP:2114 - I2C_Coeff_DF not found: check if there is a RefParameter without a condition.
2026-07-25 11:45:07,149 [WARN] IP:2114 - Analog_Filter not found: check if there is a RefParameter without a condition.
2026-07-25 11:45:07,161 [WARN] IP:2114 - I2C_Coeff_DF not found: check if there is a RefParameter without a condition.
2026-07-25 11:45:07,161 [WARN] IP:2114 - Analog_Filter not found: check if there is a RefParameter without a condition.
2026-07-25 11:45:07,173 [WARN] IP:2114 - I2C_Coeff_DF not found: check if there is a RefParameter without a condition.
2026-07-25 11:45:07,173 [WARN] IP:2114 - Analog_Filter not found: check if there is a RefParameter without a condition.
2026-07-25 11:52:35,630 [INFO] Gpio:273 - dependency for GPIO [I2C1, RCC, SYS]
2026-07-25 11:54:46,568 [INFO] Gpio:273 - dependency for GPIO [I2C1, RCC, SYS]
2026-07-25 11:54:58,140 [WARN] IP:2114 - I2C_Coeff_DF not found: check if there is a RefParameter without a condition.
2026-07-25 11:54:58,140 [WARN] IP:2114 - Analog_Filter not found: check if there is a RefParameter without a condition.
2026-07-25 11:55:06,429 [WARN] IP:2114 - I2C_Coeff_DF not found: check if there is a RefParameter without a condition.
2026-07-25 11:55:06,429 [WARN] IP:2114 - Analog_Filter not found: check if there is a RefParameter without a condition.
2026-07-25 11:55:06,433 [WARN] IP:2114 - I2C_Coeff_DF not found: check if there is a RefParameter without a condition.
2026-07-25 11:55:06,433 [WARN] IP:2114 - Analog_Filter not found: check if there is a RefParameter without a condition.
2026-07-25 11:55:06,436 [WARN] IP:2114 - I2C_Coeff_DF not found: check if there is a RefParameter without a condition.
2026-07-25 11:55:06,437 [WARN] IP:2114 - Analog_Filter not found: check if there is a RefParameter without a condition.
2026-07-25 11:55:06,440 [WARN] IP:2114 - I2C_Coeff_DF not found: check if there is a RefParameter without a condition.
2026-07-25 11:55:06,440 [WARN] IP:2114 - Analog_Filter not found: check if there is a RefParameter without a condition.
2026-07-25 11:55:09,607 [INFO] UtilMem:75 - End SaveConfig() Used Memory: 839364768 Bytes (1073741824)
2026-07-25 11:55:16,780 [WARN] IP:2114 - I2C_Coeff_DF not found: check if there is a RefParameter without a condition.
2026-07-25 11:55:16,780 [WARN] IP:2114 - Analog_Filter not found: check if there is a RefParameter without a condition.
2026-07-25 11:55:16,782 [WARN] IP:2114 - I2C_Coeff_DF not found: check if there is a RefParameter without a condition.
2026-07-25 11:55:16,782 [WARN] IP:2114 - Analog_Filter not found: check if there is a RefParameter without a condition.
2026-07-25 11:55:16,786 [WARN] IP:2114 - I2C_Coeff_DF not found: check if there is a RefParameter without a condition.
2026-07-25 11:55:16,786 [WARN] IP:2114 - Analog_Filter not found: check if there is a RefParameter without a condition.
2026-07-25 11:55:16,789 [WARN] IP:2114 - I2C_Coeff_DF not found: check if there is a RefParameter without a condition.
2026-07-25 11:55:16,789 [WARN] IP:2114 - Analog_Filter not found: check if there is a RefParameter without a condition.
2026-07-25 11:55:16,792 [WARN] IP:2114 - I2C_Coeff_DF not found: check if there is a RefParameter without a condition.
2026-07-25 11:55:16,792 [WARN] IP:2114 - Analog_Filter not found: check if there is a RefParameter without a condition.
2026-07-25 11:55:20,367 [WARN] IP:2114 - I2C_Coeff_DF not found: check if there is a RefParameter without a condition.
2026-07-25 11:55:20,367 [WARN] IP:2114 - Analog_Filter not found: check if there is a RefParameter without a condition.
2026-07-25 11:55:20,367 [WARN] IP:2114 - I2C_Coeff_DF not found: check if there is a RefParameter without a condition.
2026-07-25 11:55:20,367 [WARN] IP:2114 - Analog_Filter not found: check if there is a RefParameter without a condition.
2026-07-25 11:55:20,383 [INFO] NvicIntPanel:101 - NVIC parent = com.st.microxplorer.plugins.ip.nvic.MultiNvicIntPanel[,0,0,0x0,invalid,layout=javax.swing.BoxLayout,alignmentX=0.0,alignmentY=0.0,border=,flags=9,maximumSize=,minimumSize=,preferredSize=]
2026-07-25 11:55:20,397 [WARN] IP:2114 - I2C_Coeff_DF not found: check if there is a RefParameter without a condition.
2026-07-25 11:55:20,397 [WARN] IP:2114 - Analog_Filter not found: check if there is a RefParameter without a condition.
2026-07-25 11:55:20,401 [WARN] IP:2114 - I2C_Coeff_DF not found: check if there is a RefParameter without a condition.
2026-07-25 11:55:20,401 [WARN] IP:2114 - Analog_Filter not found: check if there is a RefParameter without a condition.
2026-07-25 11:55:33,646 [WARN] IP:2114 - I2C_Coeff_DF not found: check if there is a RefParameter without a condition.
2026-07-25 11:55:33,647 [WARN] IP:2114 - Analog_Filter not found: check if there is a RefParameter without a condition.
2026-07-25 11:55:33,647 [WARN] IP:2114 - I2C_Coeff_DF not found: check if there is a RefParameter without a condition.
2026-07-25 11:55:33,647 [WARN] IP:2114 - Analog_Filter not found: check if there is a RefParameter without a condition.
2026-07-25 11:55:33,663 [INFO] NvicIntPanel:101 - NVIC parent = com.st.microxplorer.plugins.ip.nvic.MultiNvicIntPanel[,0,0,0x0,invalid,layout=javax.swing.BoxLayout,alignmentX=0.0,alignmentY=0.0,border=,flags=9,maximumSize=,minimumSize=,preferredSize=]
2026-07-25 11:55:33,678 [WARN] IP:2114 - I2C_Coeff_DF not found: check if there is a RefParameter without a condition.
2026-07-25 11:55:33,678 [WARN] IP:2114 - Analog_Filter not found: check if there is a RefParameter without a condition.
2026-07-25 11:55:33,682 [WARN] IP:2114 - I2C_Coeff_DF not found: check if there is a RefParameter without a condition.
2026-07-25 11:55:33,682 [WARN] IP:2114 - Analog_Filter not found: check if there is a RefParameter without a condition.
2026-07-25 11:55:35,761 [INFO] UtilMem:75 - End SaveConfig() Used Memory: 811657848 Bytes (1073741824)
2026-07-25 11:57:08,713 [ERROR] LogOutputStream:75 - [STDERR_REDIRECT] 
2026-07-25 12:03:41,485 [INFO] Activator:176 - 


2026-07-25 12:03:41,486 [INFO] Activator:177 - !SESSION log4j initialized
2026-07-25 12:03:45,611 [INFO] LogOutputStream:77 - [STDOUT_REDIRECT] 
2026-07-25 12:03:46,269 [INFO] ApplicationProperties:184 - Using Application install path: C:\ST\STM32CubeIDE_1.13.1\STM32CubeIDE\plugins\com.st.stm32cube.common.mx_6.9.1.202307191849
2026-07-25 12:03:46,287 [INFO] DbMcusXml:78 - Set database path to: C:\ST\STM32CubeIDE_1.13.1\STM32CubeIDE\plugins\com.st.stm32cube.common.mx_6.9.1.202307191849\\db\/mcu/
2026-07-25 12:03:46,287 [INFO] ApiDb:274 - Set plugin database path to: C:\ST\STM32CubeIDE_1.13.1\STM32CubeIDE\plugins\com.st.stm32cube.common.mx_6.9.1.202307191849\\db\/plugins/boardmanager/
2026-07-25 12:03:46,288 [WARN] ApiDb:259 - Overriding images path with different value:  => C:\ST\STM32CubeIDE_1.13.1\STM32CubeIDE\plugins\com.st.stm32cube.common.mx_6.9.1.202307191849\\db\/plugins/mcufinder/images/
2026-07-25 12:03:46,296 [INFO] ApiDb:250 - Set database path to: C:\Users\Admin\.stmcufinder\plugins\mcufinder//mcu/
2026-07-25 12:03:46,298 [INFO] DbMcusAds:125 - Set database path to: C:\Users\Admin\.stmcufinder\plugins\mcufinder//mcu/
2026-07-25 12:03:46,300 [INFO] CrossReferenceDbSqlite:203 - Set database path to: C:\Users\Admin\.stmcufinder\plugins\mcufinder//mcu/cs/
2026-07-25 12:03:46,396 [INFO] RulesReader:64 - Compatibility file has been processed (293 Rules)
2026-07-25 12:03:46,476 [INFO] DbMcusXml:78 - Set database path to: C:\ST\STM32CubeIDE_1.13.1\STM32CubeIDE\plugins\com.st.stm32cube.common.mx_6.9.1.202307191849\\db\/mcu/
2026-07-25 12:03:46,477 [INFO] ApiDb:274 - Set plugin database path to: C:\ST\STM32CubeIDE_1.13.1\STM32CubeIDE\plugins\com.st.stm32cube.common.mx_6.9.1.202307191849\\db\/plugins/boardmanager/
2026-07-25 12:03:46,477 [INFO] ApiDb:261 - Set plugin images path to: C:\ST\STM32CubeIDE_1.13.1\STM32CubeIDE\plugins\com.st.stm32cube.common.mx_6.9.1.202307191849\\db\/plugins/mcufinder/images/
2026-07-25 12:03:46,477 [WARN] DbFile:41 - Overriding database path with different value: C:\Users\Admin\.stmcufinder\plugins\mcufinder/ => C:\Users\Admin\.stmcufinder\plugins\mcufinder
2026-07-25 12:03:46,477 [INFO] ApiDb:250 - Set database path to: C:\Users\Admin\.stmcufinder\plugins\mcufinder//mcu/
2026-07-25 12:03:46,478 [WARN] DbFile:41 - Overriding database path with different value: C:\Users\Admin\.stmcufinder\plugins\mcufinder/ => C:\Users\Admin\.stmcufinder\plugins\mcufinder
2026-07-25 12:03:46,478 [INFO] DbMcusAds:125 - Set database path to: C:\Users\Admin\.stmcufinder\plugins\mcufinder//mcu/
2026-07-25 12:03:46,478 [WARN] DbFile:41 - Overriding database path with different value: C:\Users\Admin\.stmcufinder\plugins\mcufinder/ => C:\Users\Admin\.stmcufinder\plugins\mcufinder
2026-07-25 12:03:46,478 [WARN] DbFile:41 - Overriding database path with different value: C:\Users\Admin\.stmcufinder\plugins\mcufinder/ => C:\Users\Admin\.stmcufinder\plugins\mcufinder
2026-07-25 12:03:46,478 [INFO] CrossReferenceDbSqlite:203 - Set database path to: C:\Users\Admin\.stmcufinder\plugins\mcufinder//mcu/cs/
2026-07-25 12:03:46,534 [INFO] MainPanel:262 - HeapMemory: 268435456
2026-07-25 12:03:46,598 [INFO] DbMcusXml:78 - Set database path to: C:\ST\STM32CubeIDE_1.13.1\STM32CubeIDE\plugins\com.st.stm32cube.common.mx_6.9.1.202307191849\\db\/mcu/
2026-07-25 12:03:46,598 [INFO] ApiDb:274 - Set plugin database path to: C:\ST\STM32CubeIDE_1.13.1\STM32CubeIDE\plugins\com.st.stm32cube.common.mx_6.9.1.202307191849\\db\/plugins/boardmanager/
2026-07-25 12:03:46,598 [INFO] ApiDb:261 - Set plugin images path to: C:\ST\STM32CubeIDE_1.13.1\STM32CubeIDE\plugins\com.st.stm32cube.common.mx_6.9.1.202307191849\\db\/plugins/mcufinder/images/
2026-07-25 12:03:46,598 [WARN] DbFile:41 - Overriding database path with different value: C:\Users\Admin\.stmcufinder\plugins\mcufinder/ => C:\Users\Admin\.stmcufinder\plugins\mcufinder
2026-07-25 12:03:46,598 [INFO] ApiDb:250 - Set database path to: C:\Users\Admin\.stmcufinder\plugins\mcufinder//mcu/
2026-07-25 12:03:46,599 [WARN] DbFile:41 - Overriding database path with different value: C:\Users\Admin\.stmcufinder\plugins\mcufinder/ => C:\Users\Admin\.stmcufinder\plugins\mcufinder
2026-07-25 12:03:46,599 [INFO] DbMcusAds:125 - Set database path to: C:\Users\Admin\.stmcufinder\plugins\mcufinder//mcu/
2026-07-25 12:03:46,599 [WARN] DbFile:41 - Overriding database path with different value: C:\Users\Admin\.stmcufinder\plugins\mcufinder/ => C:\Users\Admin\.stmcufinder\plugins\mcufinder
2026-07-25 12:03:46,599 [WARN] DbFile:41 - Overriding database path with different value: C:\Users\Admin\.stmcufinder\plugins\mcufinder/ => C:\Users\Admin\.stmcufinder\plugins\mcufinder
2026-07-25 12:03:46,599 [INFO] CrossReferenceDbSqlite:203 - Set database path to: C:\Users\Admin\.stmcufinder\plugins\mcufinder//mcu/cs/
2026-07-25 12:03:46,613 [INFO] ApplicationProperties:184 - Using Application install path: C:\ST\STM32CubeIDE_1.13.1\STM32CubeIDE\plugins\com.st.stm32cube.common.mx_6.9.1.202307191849
2026-07-25 12:03:46,615 [INFO] PluginManage:196 - Search for loadable plugins [exclusion list=, ]
2026-07-25 12:03:46,616 [INFO] PluginManage:310 - Check plugin analytics
2026-07-25 12:03:46,739 [INFO] AnalyticsPlugin:253 - Accepted Software Licenses: STM32CubeMX.6.18.0
2026-07-25 12:03:46,739 [INFO] AnalyticsPlugin:255 - Accepted CMSIS Pack Licenses: 
2026-07-25 12:03:46,739 [INFO] AnalyticsPlugin:257 - Accepted Firmware Licenses: FW.F4.1.27.0,FW.F4.1.28.0,FW.F4.1.28.3
2026-07-25 12:03:46,741 [INFO] PluginManage:359 - Loaded plugin analytics (category:tool,tabindex:-1)
2026-07-25 12:03:46,742 [INFO] PluginManage:310 - Check plugin cadmodel
2026-07-25 12:03:46,746 [INFO] CADModel:105 - Init CAD model plugin
2026-07-25 12:03:46,746 [INFO] PluginManage:359 - Loaded plugin cadmodel (category:power,tabindex:5)
2026-07-25 12:03:46,746 [INFO] PluginManage:310 - Check plugin clock
2026-07-25 12:03:46,755 [INFO] PluginManage:359 - Loaded plugin clock (category:base,tabindex:2)
2026-07-25 12:03:46,755 [INFO] PluginManage:310 - Check plugin ddr
2026-07-25 12:03:46,757 [INFO] PluginManage:359 - Loaded plugin ddr (category:tool,tabindex:6)
2026-07-25 12:03:46,757 [INFO] PluginManage:310 - Check plugin filemanager
2026-07-25 12:03:46,860 [INFO] PluginManage:359 - Loaded plugin filemanager (category:base,tabindex:10)
2026-07-25 12:03:46,860 [INFO] PluginManage:310 - Check plugin ipmanager
2026-07-25 12:03:46,866 [INFO] PluginManage:359 - Loaded plugin ipmanager (category:base,tabindex:5)
2026-07-25 12:03:46,866 [INFO] PluginManage:310 - Check plugin lpbam
2026-07-25 12:03:46,873 [INFO] PluginManage:359 - Loaded plugin lpbam (category:base,tabindex:0)
2026-07-25 12:03:46,874 [INFO] PluginManage:310 - Check plugin memorymap
2026-07-25 12:03:46,881 [INFO] PluginManage:359 - Loaded plugin memorymap (category:base,tabindex:4)
2026-07-25 12:03:46,881 [INFO] PluginManage:310 - Check plugin pinoutandconfiguration
2026-07-25 12:03:46,887 [INFO] PluginManage:359 - Loaded plugin pinoutandconfiguration (category:base,tabindex:1)
2026-07-25 12:03:46,887 [INFO] PluginManage:310 - Check plugin pinoutconfig
2026-07-25 12:03:46,958 [WARN] SupportedApi:132 - Cannot load RTOS API schema: s4s-elt-must-match.1: The content of 'definitions' must match (annotation?, (simpleType | complexType)?, (unique | key | keyref)*)). A problem was found starting at: attribute.
2026-07-25 12:03:47,066 [INFO] PluginManage:359 - Loaded plugin pinoutconfig (category:base,tabindex:0)
2026-07-25 12:03:47,066 [INFO] PluginManage:310 - Check plugin power
2026-07-25 12:03:47,076 [INFO] PluginManage:359 - Loaded plugin power (category:power,tabindex:4)
2026-07-25 12:03:47,076 [INFO] PluginManage:310 - Check plugin projectmanager
2026-07-25 12:03:47,088 [INFO] PluginManage:359 - Loaded plugin projectmanager (category:projectmanager,tabindex:3)
2026-07-25 12:03:47,088 [INFO] PluginManage:310 - Check plugin thirdparty
2026-07-25 12:03:47,192 [INFO] PluginManage:359 - Loaded plugin thirdparty (category:base,tabindex:-1)
2026-07-25 12:03:47,192 [WARN] IntegrityCheckThread:84 - waiting for thirdparty lock release [integrity check]
2026-07-25 12:03:47,192 [INFO] PluginManage:310 - Check plugin tools
2026-07-25 12:03:47,192 [INFO] IntegrityCheckThread:86 - entering critical section [integrity check]
2026-07-25 12:03:47,193 [INFO] ThirdPartyUpdaterWithRetryManager:70 - Updater plugin not ready yet. [1/15]
2026-07-25 12:03:47,196 [INFO] PluginManage:359 - Loaded plugin tools (category:base,tabindex:7)
2026-07-25 12:03:47,197 [INFO] PluginManage:310 - Check plugin tutovideos
2026-07-25 12:03:47,357 [INFO] PluginManage:359 - Loaded plugin tutovideos (category:base,tabindex:-1)
2026-07-25 12:03:47,358 [INFO] PluginManage:310 - Check plugin updater
2026-07-25 12:03:47,365 [INFO] PluginManage:359 - Loaded plugin updater (category:base,tabindex:12)
2026-07-25 12:03:47,365 [INFO] PluginManage:310 - Check plugin userauth
2026-07-25 12:03:47,369 [INFO] UserAuth:113 - Init User Auth plugin
2026-07-25 12:03:47,369 [INFO] PluginManage:359 - Loaded plugin userauth (category:base,tabindex:14)
2026-07-25 12:03:47,369 [INFO] PluginManage:283 - PluginManage : Loaded plugins [17]
2026-07-25 12:03:47,545 [INFO] PinOutPanel:1499 - setPackage(No Configuration,No Configuration)
2026-07-25 12:03:47,640 [INFO] CADModel:165 - CPN selected for project level
2026-07-25 12:03:47,640 [INFO] CADModel:114 - Register for checkConnection events
2026-07-25 12:03:47,651 [INFO] IPUIPlugin:80 - create IPUIPlugin
2026-07-25 12:03:47,651 [INFO] PluginManager:220 - loadIPPluginJar : add adc
2026-07-25 12:03:47,653 [INFO] IPUIPlugin:80 - create IPUIPlugin
2026-07-25 12:03:47,653 [INFO] PluginManager:220 - loadIPPluginJar : add aes
2026-07-25 12:03:47,654 [INFO] IPUIPlugin:80 - create IPUIPlugin
2026-07-25 12:03:47,655 [INFO] PluginManager:220 - loadIPPluginJar : add can
2026-07-25 12:03:47,657 [INFO] IPUIPlugin:80 - create IPUIPlugin
2026-07-25 12:03:47,657 [INFO] PluginManager:220 - loadIPPluginJar : add comp
2026-07-25 12:03:47,658 [INFO] IPUIPlugin:80 - create IPUIPlugin
2026-07-25 12:03:47,658 [INFO] PluginManager:220 - loadIPPluginJar : add cryp
2026-07-25 12:03:47,660 [INFO] IPUIPlugin:80 - create IPUIPlugin
2026-07-25 12:03:47,660 [INFO] PluginManager:220 - loadIPPluginJar : add dfsdm
2026-07-25 12:03:47,665 [INFO] IPUIPlugin:80 - create IPUIPlugin
2026-07-25 12:03:47,665 [INFO] PluginManager:220 - loadIPPluginJar : add dma
2026-07-25 12:03:47,667 [INFO] IPUIPlugin:80 - create IPUIPlugin
2026-07-25 12:03:47,667 [INFO] PluginManager:220 - loadIPPluginJar : add dma3
2026-07-25 12:03:47,668 [INFO] IPUIPlugin:80 - create IPUIPlugin
2026-07-25 12:03:47,668 [INFO] PluginManager:220 - loadIPPluginJar : add fatfs
2026-07-25 12:03:47,671 [INFO] IPUIPlugin:80 - create IPUIPlugin
2026-07-25 12:03:47,671 [INFO] PluginManager:220 - loadIPPluginJar : add fmc
2026-07-25 12:03:47,674 [INFO] IPUIPlugin:80 - create IPUIPlugin
2026-07-25 12:03:47,674 [INFO] PluginManager:220 - loadIPPluginJar : add freertos
2026-07-25 12:03:47,675 [INFO] IPUIPlugin:80 - create IPUIPlugin
2026-07-25 12:03:47,675 [INFO] PluginManager:220 - loadIPPluginJar : add genericplugin
2026-07-25 12:03:47,676 [INFO] IPUIPlugin:80 - create IPUIPlugin
2026-07-25 12:03:47,676 [INFO] PluginManager:220 - loadIPPluginJar : add gfxmmu
2026-07-25 12:03:47,678 [INFO] IPUIPlugin:80 - create IPUIPlugin
2026-07-25 12:03:47,679 [INFO] PluginManager:220 - loadIPPluginJar : add gic
2026-07-25 12:03:47,681 [INFO] IPUIPlugin:80 - create IPUIPlugin
2026-07-25 12:03:47,681 [INFO] PluginManager:220 - loadIPPluginJar : add gpio
2026-07-25 12:03:47,683 [INFO] IPUIPlugin:80 - create IPUIPlugin
2026-07-25 12:03:47,683 [INFO] PluginManager:220 - loadIPPluginJar : add gtzc
2026-07-25 12:03:47,686 [INFO] IPUIPlugin:80 - create IPUIPlugin
2026-07-25 12:03:47,686 [INFO] PluginManager:220 - loadIPPluginJar : add hash
2026-07-25 12:03:47,688 [INFO] IPUIPlugin:80 - create IPUIPlugin
2026-07-25 12:03:47,688 [INFO] PluginManager:220 - loadIPPluginJar : add i2c
2026-07-25 12:03:47,690 [INFO] IPUIPlugin:80 - create IPUIPlugin
2026-07-25 12:03:47,690 [INFO] PluginManager:220 - loadIPPluginJar : add i2s
2026-07-25 12:03:47,691 [INFO] IPUIPlugin:80 - create IPUIPlugin
2026-07-25 12:03:47,691 [INFO] PluginManager:220 - loadIPPluginJar : add i3c
2026-07-25 12:03:47,693 [INFO] IPUIPlugin:80 - create IPUIPlugin
2026-07-25 12:03:47,693 [INFO] PluginManager:220 - loadIPPluginJar : add ipddr
2026-07-25 12:03:47,699 [INFO] IPUIPlugin:80 - create IPUIPlugin
2026-07-25 12:03:47,699 [INFO] PluginManager:220 - loadIPPluginJar : add linkedlist
2026-07-25 12:03:47,701 [INFO] IPUIPlugin:80 - create IPUIPlugin
2026-07-25 12:03:47,701 [INFO] PluginManager:220 - loadIPPluginJar : add lorawan
2026-07-25 12:03:47,702 [INFO] IPUIPlugin:80 - create IPUIPlugin
2026-07-25 12:03:47,702 [INFO] PluginManager:220 - loadIPPluginJar : add ltdc
2026-07-25 12:03:47,706 [INFO] IPUIPlugin:80 - create IPUIPlugin
2026-07-25 12:03:47,706 [INFO] PluginManager:220 - loadIPPluginJar : add mdma
2026-07-25 12:03:47,708 [INFO] IPUIPlugin:80 - create IPUIPlugin
2026-07-25 12:03:47,708 [INFO] PluginManager:220 - loadIPPluginJar : add nvic
2026-07-25 12:03:47,709 [INFO] IPUIPlugin:80 - create IPUIPlugin
2026-07-25 12:03:47,709 [INFO] PluginManager:220 - loadIPPluginJar : add opamp
2026-07-25 12:03:47,711 [INFO] IPUIPlugin:80 - create IPUIPlugin
2026-07-25 12:03:47,711 [INFO] PluginManager:220 - loadIPPluginJar : add openamp
2026-07-25 12:03:47,713 [INFO] IPUIPlugin:80 - create IPUIPlugin
2026-07-25 12:03:47,713 [INFO] PluginManager:220 - loadIPPluginJar : add pdm2pcm
2026-07-25 12:03:47,718 [INFO] IPUIPlugin:80 - create IPUIPlugin
2026-07-25 12:03:47,720 [INFO] PluginManager:220 - loadIPPluginJar : add plateformsettings
2026-07-25 12:03:47,721 [INFO] IPUIPlugin:80 - create IPUIPlugin
2026-07-25 12:03:47,721 [INFO] PluginManager:220 - loadIPPluginJar : add quadspi
2026-07-25 12:03:47,723 [INFO] IPUIPlugin:80 - create IPUIPlugin
2026-07-25 12:03:47,723 [INFO] PluginManager:220 - loadIPPluginJar : add resmgrutility
2026-07-25 12:03:47,725 [INFO] IPUIPlugin:80 - create IPUIPlugin
2026-07-25 12:03:47,725 [INFO] PluginManager:220 - loadIPPluginJar : add sai
2026-07-25 12:03:47,726 [INFO] IPUIPlugin:80 - create IPUIPlugin
2026-07-25 12:03:47,726 [INFO] PluginManager:220 - loadIPPluginJar : add spi
2026-07-25 12:03:47,729 [INFO] IPUIPlugin:80 - create IPUIPlugin
2026-07-25 12:03:47,729 [INFO] PluginManager:220 - loadIPPluginJar : add stm32_wpan
2026-07-25 12:03:47,730 [INFO] IPUIPlugin:80 - create IPUIPlugin
2026-07-25 12:03:47,730 [INFO] PluginManager:220 - loadIPPluginJar : add tim
2026-07-25 12:03:47,733 [INFO] IPUIPlugin:80 - create IPUIPlugin
2026-07-25 12:03:47,733 [INFO] PluginManager:220 - loadIPPluginJar : add touchsensing
2026-07-25 12:03:47,734 [INFO] IPUIPlugin:80 - create IPUIPlugin
2026-07-25 12:03:47,735 [INFO] PluginManager:220 - loadIPPluginJar : add tracer_emb
2026-07-25 12:03:47,737 [INFO] IPUIPlugin:80 - create IPUIPlugin
2026-07-25 12:03:47,737 [INFO] PluginManager:220 - loadIPPluginJar : add ts
2026-07-25 12:03:47,738 [INFO] IPUIPlugin:80 - create IPUIPlugin
2026-07-25 12:03:47,738 [INFO] PluginManager:220 - loadIPPluginJar : add tsc
2026-07-25 12:03:47,739 [INFO] IPUIPlugin:80 - create IPUIPlugin
2026-07-25 12:03:47,739 [INFO] PluginManager:220 - loadIPPluginJar : add ucpd
2026-07-25 12:03:47,740 [INFO] IPUIPlugin:80 - create IPUIPlugin
2026-07-25 12:03:47,741 [INFO] PluginManager:220 - loadIPPluginJar : add usart
2026-07-25 12:03:47,743 [INFO] IPUIPlugin:80 - create IPUIPlugin
2026-07-25 12:03:47,744 [INFO] PluginManager:220 - loadIPPluginJar : add usbx
2026-07-25 12:03:47,852 [INFO] CADModel:165 - CPN selected for project level
2026-07-25 12:03:47,852 [INFO] CADModel:114 - Register for checkConnection events
2026-07-25 12:03:47,852 [FATAL] Updater:308 - Updater called before beeing initialized
2026-07-25 12:03:47,852 [ERROR] CADModel:125 - Updater not yet initialized, retry later 
2026-07-25 12:03:47,966 [INFO] CADModel:165 - CPN selected for project level
2026-07-25 12:03:47,966 [INFO] CADModel:114 - Register for checkConnection events
2026-07-25 12:03:47,966 [FATAL] Updater:308 - Updater called before beeing initialized
2026-07-25 12:03:47,966 [ERROR] CADModel:125 - Updater not yet initialized, retry later 
2026-07-25 12:03:47,969 [FATAL] Updater:308 - Updater called before beeing initialized
2026-07-25 12:03:48,052 [FATAL] Updater:308 - Updater called before beeing initialized
2026-07-25 12:03:48,057 [INFO] DbMcusAds:53 - JSON generation date=Wed Jul 15 16:46:00 GMT+07:00 2026 (1784108760991)
2026-07-25 12:03:48,057 [FATAL] Updater:308 - Updater called before beeing initialized
2026-07-25 12:03:48,086 [WARN] DetailPanel:346 - Failed to get advertising image, set to default
2026-07-25 12:03:48,170 [FATAL] Updater:308 - Updater called before beeing initialized
2026-07-25 12:03:48,171 [FATAL] Updater:308 - Updater called before beeing initialized
2026-07-25 12:03:48,172 [FATAL] Updater:308 - Updater called before beeing initialized
2026-07-25 12:03:48,172 [WARN] DetailPanel:346 - Failed to get advertising image, set to default
2026-07-25 12:03:48,173 [FATAL] Updater:308 - Updater called before beeing initialized
2026-07-25 12:03:48,208 [ERROR] Updater:1120 - MainUpdater not yet initialized. External WinMGr cannot be set.
2026-07-25 12:03:48,210 [INFO] Updater:1056 - Updater Version found : 6.9.1
2026-07-25 12:03:48,224 [INFO] ApplicationProperties:184 - Using Application install path: C:\ST\STM32CubeIDE_1.13.1\STM32CubeIDE\plugins\com.st.stm32cube.common.mx_6.9.1.202307191849
2026-07-25 12:03:48,255 [INFO] MainUpdater:521 - Copy updater definitions from MX database
2026-07-25 12:03:48,370 [INFO] MainUpdater:2868 - connection check result : 10
2026-07-25 12:03:48,371 [INFO] MainUpdater:3562 - Updater definition file requires update
2026-07-25 12:03:48,371 [INFO] MainUpdater:285 - Updater Check For Update Now.
2026-07-25 12:03:48,371 [INFO] MicroXplorer:498 - Change Database Version : DB.6.0.91
2026-07-25 12:03:48,375 [INFO] McuFinderGlobals:63 - Set McuFinder mode to 2 (CubeIDE integrated)
2026-07-25 12:03:48,375 [INFO] UserAuth:179 - activating auth plugin
2026-07-25 12:03:48,377 [INFO] UserAuth:393 - Internet connection configuration mode: 1
2026-07-25 12:03:48,388 [INFO] JxBrowserEngine:151 - Initiate JxBrowser Engine with user profile folder
2026-07-25 12:03:48,412 [INFO] ServerAccessManage:473 - Download File updaters.zip
2026-07-25 12:03:48,585 [INFO] FileExtend:240 - Unzip File : updaters.zip
2026-07-25 12:03:48,586 [INFO] FileExtend:255 - Standard Zip Deflate
2026-07-25 12:03:48,949 [INFO] ServerAccessManage:473 - Download File PacksControlFlags.xml
2026-07-25 12:03:48,960 [INFO] WebApp:157 - Instantiating new browser for Auth
2026-07-25 12:03:49,042 [INFO] ServerAccessManage:473 - Download File cubemx.pidx
2026-07-25 12:03:49,137 [INFO] LoadServerUpdatesThread:373 - End of LoadServerUpdate Thread
2026-07-25 12:03:49,307 [INFO] CheckServerUpdateThread:120 - End of CheckServer Thread
2026-07-25 12:03:49,466 [INFO] WebApp:753 - Register for checkConnection events
2026-07-25 12:03:49,466 [INFO] WebApp:390 - Apply proxy settings
2026-07-25 12:03:49,467 [INFO] WebApp:475 - Chromium requires no authentication
2026-07-25 12:03:49,473 [INFO] WebApp:418 - Direct internet connection detected
2026-07-25 12:03:49,595 [INFO] WebApp:188 - Starting web application
2026-07-25 12:03:49,595 [INFO] WebApp:520 - Web application path used C:\ST\STM32CubeIDE_1.13.1\STM32CubeIDE\plugins\com.st.stm32cube.common.mx_6.9.1.202307191849\db\plugins\mcufinder\reactClient1\index.html
2026-07-25 12:03:50,339 [WARN] PackLoader:240 - Cannot read IP mode file for STMicroelectronics.FP-ATR-ASTRA1.2.0.3
2026-07-25 12:03:50,343 [WARN] PackLoader:240 - Cannot read IP mode file for STMicroelectronics.FP-ATR-ASTRA1.2.0.2
2026-07-25 12:03:50,349 [ERROR] Engine:466 - C:\Users\Admin\.stm32cubemx\thirdparties\pdsc\STMicroelectronics.X-CUBE-SMBUS.2.1.1.pdsc: PDSC version is not supported
2026-07-25 12:03:50,352 [WARN] PackLoader:240 - Cannot read IP mode file for STMicroelectronics.X-CUBE-SMBUS.2.1.0
2026-07-25 12:03:50,389 [WARN] PackLoader:240 - Cannot read IP mode file for STMicroelectronics.X-CUBE-AZRTOS-F7.1.1.0
2026-07-25 12:03:50,399 [ERROR] Engine:466 - C:\Users\Admin\.stm32cubemx\thirdparties\pdsc\STMicroelectronics.X-CUBE-FREERTOS.1.6.0.pdsc: PDSC version is not supported
2026-07-25 12:03:50,434 [WARN] PackLoader:240 - Cannot read IP mode file for STMicroelectronics.X-CUBE-AZRTOS-H7RS.1.3.0
2026-07-25 12:03:50,441 [ERROR] Engine:466 - C:\Users\Admin\.stm32cubemx\thirdparties\pdsc\WES.I-CUBE-Cesium.1.4.0.pdsc: PDSC version is not supported
2026-07-25 12:03:50,448 [WARN] PackLoader:240 - Cannot read IP mode file for STMicroelectronics.X-CUBE-DISPLAY.3.0.0
2026-07-25 12:03:50,459 [WARN] PackLoader:240 - Cannot read IP mode file for wolfSSL.I-CUBE-wolfSSL.5.9.1
2026-07-25 12:03:50,464 [WARN] PackLoader:240 - Cannot read IP mode file for emotas.I-CUBE-CANOPEN.1.3.0
2026-07-25 12:03:50,466 [ERROR] Engine:466 - C:\Users\Admin\.stm32cubemx\thirdparties\pdsc\STMicroelectronics.X-CUBE-WBA.1.1.0.pdsc: PDSC version is not supported
2026-07-25 12:03:50,471 [INFO] LogOutputStream:77 - [STDOUT_REDIRECT] 1 : Invalid condition id : UX_CORESTACK_Condition cause : null
2026-07-25 12:03:50,471 [INFO] LogOutputStream:77 - [STDOUT_REDIRECT] 1 : Invalid condition id : UX_CORESTACK_Condition cause : null
2026-07-25 12:03:50,472 [INFO] LogOutputStream:77 - [STDOUT_REDIRECT] 1 : Invalid condition id : UX_CORESTACK_Condition cause : null
2026-07-25 12:03:50,472 [INFO] LogOutputStream:77 - [STDOUT_REDIRECT] 1 : Invalid condition id : UX_CORESTACK_Condition cause : null
2026-07-25 12:03:50,474 [INFO] LogOutputStream:77 - [STDOUT_REDIRECT] 1 : Invalid condition id : UX_CORESTACK_Condition cause : null
2026-07-25 12:03:50,481 [WARN] PackLoader:240 - Cannot read IP mode file for STMicroelectronics.X-CUBE-AZRTOS-WL.2.0.0
2026-07-25 12:03:50,498 [WARN] PackLoader:240 - Cannot read IP mode file for STMicroelectronics.X-CUBE-AZRTOS-H7RS.1.2.0
2026-07-25 12:03:50,510 [WARN] PackLoader:240 - Cannot read IP mode file for STMicroelectronics.X-CUBE-BLE2.3.3.0
2026-07-25 12:03:50,513 [ERROR] Engine:466 - C:\Users\Admin\.stm32cubemx\thirdparties\pdsc\Avnet-IOTCONNECT.X-CUBE-iotc-st67-sdk.1.0.0.pdsc: PDSC version is not supported
2026-07-25 12:03:50,516 [ERROR] Engine:466 - C:\Users\Admin\.stm32cubemx\thirdparties\pdsc\Infineon.AIROC-Wi-Fi-Bluetooth-STM32.1.8.0.pdsc: PDSC version is not supported
2026-07-25 12:03:50,519 [WARN] PackLoader:240 - Cannot read IP mode file for wolfSSL.I-CUBE-wolfMQTT.1.19.2
2026-07-25 12:03:50,530 [WARN] PackLoader:240 - Cannot read IP mode file for STMicroelectronics.X-CUBE-AZRTOS-G0.1.1.0
2026-07-25 12:03:50,536 [WARN] PackLoader:240 - Cannot read IP mode file for STMicroelectronics.X-CUBE-NFC4.3.0.0
2026-07-25 12:03:50,539 [ERROR] Engine:466 - C:\Users\Admin\.stm32cubemx\thirdparties\pdsc\EmbeddedOffice.I-CUBE-FS-RTOS.1.0.1.pdsc: PDSC version is not supported
2026-07-25 12:03:50,542 [WARN] PackLoader:240 - Cannot read IP mode file for wolfSSL.I-CUBE-wolfTPM.3.8.0
2026-07-25 12:03:50,544 [ERROR] Engine:466 - C:\Users\Admin\.stm32cubemx\thirdparties\pdsc\RealThread.X-CUBE-RT-Thread_Nano.4.1.1.pdsc: PDSC version is not supported
2026-07-25 12:03:50,548 [WARN] PackLoader:240 - Cannot read IP mode file for STMicroelectronics.FP-ATR-SIGFOX1.3.2.0
2026-07-25 12:03:50,554 [ERROR] Engine:466 - C:\Users\Admin\.stm32cubemx\thirdparties\pdsc\STMicroelectronics.X-CUBE-FREERTOS.1.5.0.pdsc: PDSC version is not supported
2026-07-25 12:03:50,560 [WARN] PackLoader:240 - Cannot read IP mode file for ITTIA_DB.I-CUBE-ITTIADB.8.9.0
2026-07-25 12:03:50,563 [ERROR] Engine:466 - C:\Users\Admin\.stm32cubemx\thirdparties\pdsc\Cesanta.I-CUBE-Mongoose.7.21.7.pdsc: PDSC version is not supported
2026-07-25 12:03:50,566 [WARN] PackLoader:240 - Cannot read IP mode file for STMicroelectronics.X-CUBE-AI.10.2.1
2026-07-25 12:03:50,589 [WARN] PackLoader:240 - Cannot read IP mode file for SEGGER.I-CUBE-embOS.1.3.1
2026-07-25 12:03:50,665 [WARN] PackLoader:240 - Cannot read IP mode file for STMicroelectronics.X-CUBE-ALGOBUILD.1.4.0
2026-07-25 12:03:50,671 [WARN] PackLoader:240 - Cannot read IP mode file for STMicroelectronics.X-CUBE-NFC13.1.0.0
2026-07-25 12:03:50,683 [WARN] PackLoader:240 - Cannot read IP mode file for STMicroelectronics.X-CUBE-AZRTOS-F4.1.1.0
2026-07-25 12:03:50,688 [ERROR] Engine:466 - C:\Users\Admin\.stm32cubemx\thirdparties\pdsc\STMicroelectronics.eDS-WB_DPC_TT-BIDIR.2.1.1.pdsc: PDSC version is not supported
2026-07-25 12:03:50,692 [WARN] PackLoader:240 - Cannot read IP mode file for STMicroelectronics.X-CUBE-ALGOBUILD.1.5.0
2026-07-25 12:03:50,695 [ERROR] Engine:466 - C:\Users\Admin\.stm32cubemx\thirdparties\pdsc\STMicroelectronics.eDS-WB_DPC_3PH2L-BIDIR.1.1.1.pdsc: PDSC version is not supported
2026-07-25 12:03:50,699 [WARN] PackLoader:240 - Cannot read IP mode file for STMicroelectronics.X-CUBE-TOUCHGFX.4.26.1
2026-07-25 12:03:50,713 [WARN] ConditionMgr:438 - getConditionDescription Invalid condition id : LAN8742 Phy interface Condition cause : null
2026-07-25 12:03:50,715 [WARN] PackLoader:240 - Cannot read IP mode file for STMicroelectronics.X-CUBE-AZRTOS-L4.2.0.0
2026-07-25 12:03:50,717 [WARN] ConditionMgr:1039 - genDependencies : Invalid condition id : LAN8742 Phy interface Condition cause : null
2026-07-25 12:03:50,718 [WARN] ConditionMgr:1039 - genDependencies : Invalid condition id : LAN8742 Phy interface Condition cause : null
2026-07-25 12:03:50,718 [WARN] ConditionMgr:1039 - genDependencies : Invalid condition id : LAN8742 Phy interface Condition cause : null
2026-07-25 12:03:50,724 [WARN] PackLoader:240 - Cannot read IP mode file for STMicroelectronics.X-CUBE-SFXS2LP1.4.0.0
2026-07-25 12:03:50,727 [ERROR] Engine:466 - C:\Users\Admin\.stm32cubemx\thirdparties\pdsc\quantropi.X-CUBE-qispace-sdk-base.2.1.0.pdsc: PDSC version is not supported
2026-07-25 12:03:50,736 [WARN] PackLoader:240 - Cannot read IP mode file for STMicroelectronics.X-CUBE-SUBG2.5.0.0
2026-07-25 12:03:50,752 [WARN] PackLoader:240 - Cannot read IP mode file for STMicroelectronics.X-CUBE-AZRTOS-G4.2.0.0
2026-07-25 12:03:50,763 [WARN] PackLoader:240 - Cannot read IP mode file for wolfSSL.I-CUBE-wolfSSH.1.4.20
2026-07-25 12:03:50,763 [INFO] ThirdParty:978 - Integrity check success = true
2026-07-25 12:03:50,764 [INFO] IntegrityCheckThread:100 - exiting critical section [integrity check]
2026-07-25 12:03:50,764 [INFO] IntegrityCheckThread:103 - End integrity checks thread
2026-07-25 12:04:10,157 [ERROR] LogOutputStream:75 - [STDERR_REDIRECT] SLF4J: Failed to load class "org.slf4j.impl.StaticLoggerBinder".
2026-07-25 12:04:10,157 [ERROR] LogOutputStream:75 - [STDERR_REDIRECT] SLF4J: Defaulting to no-operation (NOP) logger implementation
2026-07-25 12:04:10,158 [ERROR] LogOutputStream:75 - [STDERR_REDIRECT] SLF4J: See http://www.slf4j.org/codes.html#StaticLoggerBinder for further details.
2026-07-25 12:05:58,174 [INFO] McuFinderGlobals:63 - Set McuFinder mode to 2 (CubeIDE integrated)
2026-07-25 12:05:58,179 [INFO] MainUpdater:2868 - connection check result : 10
2026-07-25 12:05:58,179 [INFO] MainUpdater:2868 - connection check result : 10
2026-07-25 12:05:58,209 [INFO] MicroXplorer:468 - Change Database Path : 
2026-07-25 12:05:58,210 [INFO] MicroXplorer:498 - Change Database Version : DB.6.0.91
2026-07-25 12:05:58,216 [WARN] ThirdParty:871 - waiting for thirdparty lock release [close project]
2026-07-25 12:05:58,216 [INFO] ThirdParty:873 - entering critical section [close project]
2026-07-25 12:05:58,217 [INFO] ThirdParty:883 - exiting critical section [close project]
2026-07-25 12:05:58,218 [INFO] PinOutPanel:1499 - setPackage(No Configuration,No Configuration)
2026-07-25 12:05:58,227 [INFO] UtilMem:75 - Begin LoadConfig() Used Memory: 803694984 Bytes (1073741824)
2026-07-25 12:05:58,228 [INFO] MicroXplorer:468 - Change Database Path : 
2026-07-25 12:05:58,228 [INFO] MicroXplorer:498 - Change Database Version : DB.6.0.91
2026-07-25 12:05:58,229 [INFO] OpenFileManager:308 - Change cursor
2026-07-25 12:05:58,261 [INFO] Mcu:1946 - Initializing MCU STM32F405RGTx STM32F405RGTx STM32F405RGT6
2026-07-25 12:05:59,549 [INFO] Context:659 - Trying to add GPIOservice into a context  which must be forbidden
2026-07-25 12:06:00,028 [WARN] ModelIntegratedComponent:63 - No mode defined for component null
2026-07-25 12:06:00,028 [WARN] ModelIntegratedComponent:63 - No mode defined for component null
2026-07-25 12:06:00,028 [WARN] ModelIntegratedComponent:63 - No mode defined for component null
2026-07-25 12:06:00,029 [WARN] ModelIntegratedComponent:63 - No mode defined for component null
2026-07-25 12:06:00,029 [WARN] ModelIntegratedComponent:63 - No mode defined for component null
2026-07-25 12:06:00,029 [WARN] ModelIntegratedComponent:63 - No mode defined for component null
2026-07-25 12:06:00,029 [WARN] ModelIntegratedComponent:63 - No mode defined for component null
2026-07-25 12:06:00,029 [WARN] ModelIntegratedComponent:63 - No mode defined for component null
2026-07-25 12:06:00,029 [WARN] ModelIntegratedComponent:63 - No mode defined for component null
2026-07-25 12:06:00,029 [WARN] ModelIntegratedComponent:63 - No mode defined for component null
2026-07-25 12:06:00,029 [WARN] ModelIntegratedComponent:63 - No mode defined for component null
2026-07-25 12:06:00,029 [WARN] ModelIntegratedComponent:63 - No mode defined for component null
2026-07-25 12:06:00,029 [WARN] ModelIntegratedComponent:63 - No mode defined for component null
2026-07-25 12:06:00,029 [WARN] ModelIntegratedComponent:63 - No mode defined for component null
2026-07-25 12:06:00,029 [WARN] ModelIntegratedComponent:63 - No mode defined for component null
2026-07-25 12:06:00,029 [WARN] ModelIntegratedComponent:63 - No mode defined for component null
2026-07-25 12:06:00,030 [WARN] ModelIntegratedComponent:63 - No mode defined for component null
2026-07-25 12:06:00,030 [WARN] ModelIntegratedComponent:63 - No mode defined for component null
2026-07-25 12:06:00,030 [WARN] ModelIntegratedComponent:63 - No mode defined for component null
2026-07-25 12:06:00,030 [WARN] ModelIntegratedComponent:63 - No mode defined for component null
2026-07-25 12:06:00,030 [WARN] ModelIntegratedComponent:63 - No mode defined for component null
2026-07-25 12:06:00,030 [WARN] ModelIntegratedComponent:63 - No mode defined for component null
2026-07-25 12:06:00,030 [WARN] ModelIntegratedComponent:63 - No mode defined for component null
2026-07-25 12:06:00,030 [WARN] ModelIntegratedComponent:63 - No mode defined for component null
2026-07-25 12:06:00,030 [WARN] ModelIntegratedComponent:63 - No mode defined for component null
2026-07-25 12:06:00,031 [WARN] ModelIntegratedComponent:63 - No mode defined for component null
2026-07-25 12:06:00,031 [WARN] ModelIntegratedComponent:63 - No mode defined for component null
2026-07-25 12:06:00,031 [WARN] ModelIntegratedComponent:63 - No mode defined for component null
2026-07-25 12:06:00,031 [WARN] ModelIntegratedComponent:63 - No mode defined for component null
2026-07-25 12:06:00,031 [WARN] ModelIntegratedComponent:63 - No mode defined for component null
2026-07-25 12:06:00,031 [WARN] ModelIntegratedComponent:63 - No mode defined for component null
2026-07-25 12:06:00,031 [WARN] ModelIntegratedComponent:63 - No mode defined for component null
2026-07-25 12:06:00,031 [WARN] ModelIntegratedComponent:63 - No mode defined for component null
2026-07-25 12:06:00,048 [INFO] RtosManager:555 - Registered RTOS mode: class=CMSIS, group=RTOS, mode=CMSIS_V1, owner=FREERTOS
2026-07-25 12:06:00,049 [INFO] RtosManager:555 - Registered RTOS mode: class=CMSIS, group=RTOS2, mode=CMSIS_V2, owner=FREERTOS
2026-07-25 12:06:00,049 [INFO] RtosManager:555 - Registered RTOS mode: class=RTOS, group=Core, mode=CMSIS_V1, owner=FREERTOS
2026-07-25 12:06:00,049 [INFO] RtosManager:555 - Registered RTOS mode: class=RTOS, group=Core, mode=CMSIS_V2, owner=FREERTOS
2026-07-25 12:06:00,049 [WARN] ModelIntegratedComponent:184 - Missing modes for component STMicroelectronics:FreeRTOS:0.0.1:STMicroelectronics:RTOS:FreeRTOS:Core:::10.2.0:
2026-07-25 12:06:00,079 [INFO] ThirdPartyModel:298 - Start build external matchings
2026-07-25 12:06:00,112 [INFO] ThirdPartyModel:316 - End build external matchings
2026-07-25 12:06:00,120 [WARN] IP:2114 - I2C_Coeff_DF not found: check if there is a RefParameter without a condition.
2026-07-25 12:06:00,120 [WARN] IP:2114 - Analog_Filter not found: check if there is a RefParameter without a condition.
2026-07-25 12:06:00,121 [INFO] ImportTextPane:194 - (OptionalMessage_ERROR) IP (RCC) : Parameter (48MHZClocksFreq_Value) has invalid value (84000000)
2026-07-25 12:06:00,123 [INFO] ImportTextPane:194 - (OptionalMessage_ERROR) IP (RCC) : Parameter (RTCHSEDivFreq_Value) has invalid value (4000000)
2026-07-25 12:06:00,414 [INFO] UtilMem:75 - End LoadConfig() Used Memory: 814033944 Bytes (1073741824)
2026-07-25 12:06:00,492 [INFO] ApiDb:581 - Connected to CubeFinder SQLite database (C:\Users\Admin\.stmcufinder\plugins\mcufinder\mcu\cube-finder-db.db)
2026-07-25 12:06:00,581 [INFO] ApiDb:668 - CubeFinder database Data Model version=2.1
2026-07-25 12:06:00,581 [INFO] ApiDb:669 - CubeFinder database Configuration version=3.0.42
2026-07-25 12:06:00,581 [INFO] ApiDb:670 - CubeFinder database generation date=2026-06-23 (1782213372)
2026-07-25 12:06:00,581 [INFO] ApiDb:671 - CubeFinder database FW Pack versions=[FP-ATR-ASTRA1_V2.0.0, FP-SNS-FLIGHT1_V5.1.0, FP-SNS-MOTENV1_V5.1.0, FP-SNS-MOTENVWB1_V1.5.0, FP-SNS-SMARTAG2_V1.2.0, FP-SNS-STBOX1_V2.1.0, STM32Cube_FW_C0_V1.4.0, STM32Cube_FW_F4_V1.28.3, STM32Cube_FW_F7_V1.17.4, STM32Cube_FW_G0_V1.6.3, STM32Cube_FW_G4_V1.6.2, STM32Cube_FW_H5_V1.7.0, STM32Cube_FW_H7RS_V1.3.0, STM32Cube_FW_H7_V1.13.0, STM32Cube_FW_L0_V1.12.2, STM32Cube_FW_L4_V1.18.2, STM32Cube_FW_L5_V1.6.0, STM32Cube_FW_N6_V1.4.0, STM32Cube_FW_U0_V1.3.0, STM32Cube_FW_U3_V1.4.0, STM32Cube_FW_U5_V1.9.0, STM32Cube_FW_WB0_V1.5.0, STM32Cube_FW_WBA_V1.10.0, STM32Cube_FW_WB_V1.24.0, STM32Cube_FW_WL3_V1.5.0, STM32Cube_FW_WL_V1.6.0, X-CUBE-ALGOBUILD_V1.5.0, X-CUBE-ALS_V1.0.2, X-CUBE-AZRTOS-F4_V1.1.0, X-CUBE-AZRTOS-F7_V1.1.0, X-CUBE-AZRTOS-G0_V1.1.0, X-CUBE-AZRTOS-G4_V2.0.0, X-CUBE-AZRTOS-H7RS_V1.1.0, X-CUBE-AZRTOS-H7_V3.5.0, X-CUBE-AZRTOS-L4_V2.0.0, X-CUBE-AZRTOS-L5_V2.0.0, X-CUBE-AZRTOS-WB_V2.0.0, X-CUBE-AZRTOS-WL_V2.0.0, X-CUBE-BLE1_V7.1.0, X-CUBE-BLE2_V3.3.0, X-CUBE-BLEMGR_V4.1.0, X-CUBE-EEPRMA1_V5.2.0, X-CUBE-FREERTOS_V1.5.0, X-CUBE-GNSS1_V7.1.1, X-CUBE-MEMS1_V12.1.0, X-CUBE-NFC4_V3.0.0, X-CUBE-NFC7_V2.0.0, X-CUBE-SFXS2LP1_V4.0.0, X-CUBE-ST67W61_V1.3.0, X-CUBE-SUBG2_V5.0.0, X-CUBE-TOF1_V3.4.3]
2026-07-25 12:06:02,923 [INFO] ApiDb:240 - Found 323 in-development CPN: [B-G473E-ZEST1S, B-WB1M-WPAN1, B-WL5M-SUBG1, NUCLEO-C031C6, NUCLEO-H503RB, NUCLEO-H563ZI, NUCLEO-U545RE-Q, NUCLEO-U5A5ZJ-Q, NUCLEO-WBA52CG, STEVAL-PROTEUS1, STEVAL-SMARTAG2, STEVAL-STWINBX1, STM320518-EVAL, STM32C0116-DK, STM32C011D6Y3TR, STM32C011D6Y6TR, STM32C011F4P3, STM32C011F4P6, STM32C011F4U3, STM32C011F4U6TR, STM32C011F6P3, STM32C011F6P6, STM32C011F6U3, STM32C011F6U6TR, STM32C011J4M3, STM32C011J4M6, STM32C011J6M3, STM32C011J6M6, STM32C0316-DK, STM32C031C4T3, STM32C031C4T6, STM32C031C4U3, STM32C031C4U6, STM32C031C6T3, STM32C031C6T6, STM32C031C6U3, STM32C031C6U6, STM32C031F4P3, STM32C031F4P6, STM32C031F6P3, STM32C031F6P6, STM32C031G4U3, STM32C031G4U6, STM32C031G6U3, STM32C031G6U6, STM32C031K4T3, STM32C031K4T6, STM32C031K4U3, STM32C031K4U6, STM32C031K6T3, STM32C031K6T6, STM32C031K6U3, STM32C031K6U6, STM32G071K8TXN, STM32G071K8UXN, STM32G081GBU6N, STM32G081KBT6N, STM32G081KBUXN, STM32G0B1CCT6N, STM32G0B1KCT6, STM32G0B1NEY6TR, STM32G0B1RCT6N, STM32G0C1CCT6, STM32G0C1CCT6N, STM32G0C1CCU6N, STM32G0C1CET6N, STM32G0C1CEU6N, STM32G0C1KCT6, STM32G0C1NEY6TR, STM32G0C1RCI6N, STM32G0C1RCT6N, STM32G0C1REI6N, STM32G0C1RET6N, STM32G0C1VCI6, STM32G0C1VEI6, STM32G471CCT6, STM32G471CCU6, STM32G471CET3, STM32G471CET6, STM32G471CEU3, STM32G471CEU6, STM32G471MCT6, STM32G471MET3, STM32G471MET6, STM32G471MEY6TR, STM32G471QCT6, STM32G471QET3, STM32G471RCT6, STM32G471RET3, STM32G471RET6, STM32G471VCH6, STM32G471VCI6, STM32G471VCT6, STM32G471VEH3, STM32G471VEH6, STM32G471VEI3, STM32G471VEI6, STM32G471VET3, STM32G471VET6, STM32G474CCT6, STM32H503CBT6, STM32H503CBU6, STM32H503EBY6TR, STM32H503KBU6, STM32H503RBT6, STM32H562AGI6, STM32H562AII6, STM32H562IGK6, STM32H562IGT6, STM32H562IIK6, STM32H562IIT6, STM32H562RGT6, STM32H562RGV6, STM32H562RIT6, STM32H562RIV6, STM32H562VGT6, STM32H562VIT6, STM32H562ZGT6, STM32H562ZIT6, STM32H563AGI6, STM32H563AII3Q, STM32H563AII6, STM32H563IGK6, STM32H563IGT6, STM32H563IIK3Q, STM32H563IIK6, STM32H563IIT3Q, STM32H563IIT6, STM32H563MIY3QTR, STM32H563RGT6, STM32H563RGV6, STM32H563RIT6, STM32H563RIV6, STM32H563VGT6, STM32H563VIT3Q, STM32H563VIT6, STM32H563ZGT6, STM32H563ZIT3Q, STM32H563ZIT6, STM32H573AII3Q, STM32H573AII6, STM32H573I-DK, STM32H573IIK3Q, STM32H573IIK6, STM32H573IIT3Q, STM32H573IIT6, STM32H573MIY3QTR, STM32H573RIT6, STM32H573RIV6, STM32H573VIT3Q, STM32H573VIT6, STM32H573ZIT3Q, STM32H573ZIT6, STM32L4R5QGI6STR, STM32MP131AAE3, STM32MP131AAF3, STM32MP131AAG3, STM32MP131CAE3, STM32MP131CAF3, STM32MP131CAG3, STM32MP131DAE7, STM32MP131DAF7, STM32MP131DAG7, STM32MP131FAE7, STM32MP131FAF7, STM32MP131FAG7, STM32MP133AAE3, STM32MP133AAF3, STM32MP133AAG3, STM32MP133CAE3, STM32MP133CAF3, STM32MP133CAG3, STM32MP133DAE7, STM32MP133DAF7, STM32MP133DAG7, STM32MP133FAE7, STM32MP133FAF7, STM32MP133FAG7, STM32MP135AAE3, STM32MP135AAF3, STM32MP135AAG3, STM32MP135CAE3, STM32MP135CAF3, STM32MP135CAG3, STM32MP135DAE7, STM32MP135DAF7, STM32MP135DAG7, STM32MP135F-DK, STM32MP135FAE7, STM32MP135FAF7, STM32MP135FAF7T, STM32MP135FAF7U, STM32MP135FAG7, STM32U535CBT6, STM32U535CBT6Q, STM32U535CBU6, STM32U535CBU6Q, STM32U535CCT6, STM32U535CCT6Q, STM32U535CCU6, STM32U535CCU6Q, STM32U535CET6, STM32U535CET6Q, STM32U535CEU6, STM32U535CEU6Q, STM32U535JEY6QTR, STM32U535NCY6QTR, STM32U535NEY6QTR, STM32U535RBI6, STM32U535RBI6Q, STM32U535RBT6, STM32U535RBT6Q, STM32U535RCI6, STM32U535RCI6Q, STM32U535RCT6, STM32U535RCT6Q, STM32U535REI6, STM32U535REI6Q, STM32U535RET6, STM32U535RET6Q, STM32U535VCI6, STM32U535VCI6Q, STM32U535VCT6, STM32U535VCT6Q, STM32U535VEI6, STM32U535VEI6Q, STM32U535VET6, STM32U535VET6Q, STM32U545CET6, STM32U545CET6Q, STM32U545CEU6, STM32U545CEU6Q, STM32U545JEY6QTR, STM32U545NEY6QTR, STM32U545REI6, STM32U545REI6Q, STM32U545RET6, STM32U545RET6Q, STM32U545VEI6, STM32U545VEI6Q, STM32U545VET6, STM32U545VET6Q, STM32U595AIH6, STM32U595AIH6Q, STM32U595AJH6, STM32U595AJH6Q, STM32U595QII6, STM32U595QII6Q, STM32U595QJI6, STM32U595QJI6Q, STM32U595RIT6, STM32U595RIT6Q, STM32U595RJT6, STM32U595RJT6Q, STM32U595VIT6, STM32U595VIT6Q, STM32U595VJT6, STM32U595VJT6Q, STM32U595ZIT6, STM32U595ZIT6Q, STM32U595ZIY6QTR, STM32U595ZJT6, STM32U595ZJT6Q, STM32U595ZJY6QTR, STM32U599BJY6QTR, STM32U599NIH6Q, STM32U599NJH6Q, STM32U599VIT6Q, STM32U599VJT6, STM32U599VJT6Q, STM32U599ZIT6Q, STM32U599ZIY6QTR, STM32U599ZJT6Q, STM32U599ZJY6QTR, STM32U5A5AJH6, STM32U5A5AJH6Q, STM32U5A5QJI6, STM32U5A5QJI6Q, STM32U5A5RJT6, STM32U5A5RJT6Q, STM32U5A5VJT6, STM32U5A5VJT6Q, STM32U5A5ZJT6, STM32U5A5ZJT6Q, STM32U5A5ZJY6QTR, STM32U5A9BJY6QTR, STM32U5A9J-DK, STM32U5A9NJH6Q, STM32U5A9VJT6Q, STM32U5A9ZJT6Q, STM32U5A9ZJY6QTR, STM32U5F7VIT6, STM32U5F7VIT6Q, STM32U5F7VJT6, STM32U5F7VJT6Q, STM32U5F9BJY6QTR, STM32U5F9NJH6Q, STM32U5F9VIT6Q, STM32U5F9VJT6Q, STM32U5F9ZIJ6QTR, STM32U5F9ZIT6Q, STM32U5F9ZJJ6QTR, STM32U5F9ZJT6Q, STM32U5G7VJT6, STM32U5G7VJT6Q, STM32U5G9BJY6QTR, STM32U5G9J-DK1, STM32U5G9J-DK2, STM32U5G9NJH6Q, STM32U5G9VJT6Q, STM32U5G9ZJJ6QTR, STM32U5G9ZJT6Q, STM32WB1MMCH6, STM32WBA52CEU6, STM32WBA52CEU6T, STM32WBA52CGU6, STM32WBA52CGU6T, STM32WBA52KEU6, STM32WBA52KEU6T, STM32WBA52KGU6, STM32WBA52KGU6T, STM32WL5MOCH6, STM32WL5MOCH6TR]
2026-07-25 12:06:02,928 [INFO] DbMcus:217 - Found 5228 MCUs, 5075 are supported
2026-07-25 12:06:02,929 [INFO] ApiDb:423 - Load user favorites file C:\Users\Admin/.stm32cubeide/favorites.mcus.txt: 4 item(s)
2026-07-25 12:06:02,929 [INFO] ApiDb:427 - User favorites MCUs=[STM32F103C8T6, STM32F405RGT6, STM32F411CEU6, STM32H523CET6]
2026-07-25 12:06:02,929 [INFO] DbMcus:223 - Set 4 / 4 favorites MCUs
2026-07-25 12:06:03,410 [WARN] ThirdParty:833 - waiting for thirdparty lock release [change project]
2026-07-25 12:06:03,410 [INFO] ThirdParty:835 - entering critical section [change project]
2026-07-25 12:06:03,410 [INFO] ThirdParty:1030 - CMSIS Pack Vendor :wolfSSL I-CUBE-wolfTPM 3.8.0
2026-07-25 12:06:03,410 [INFO] ThirdParty:1030 - CMSIS Pack Vendor :STMicroelectronics USBPD 4.1
2026-07-25 12:06:03,410 [INFO] ThirdParty:1030 - CMSIS Pack Vendor :STMicroelectronics X-CUBE-DISPLAY 3.0.0
2026-07-25 12:06:03,410 [INFO] ThirdParty:1030 - CMSIS Pack Vendor :wolfSSL I-CUBE-wolfSSH 1.4.20
2026-07-25 12:06:03,410 [INFO] ThirdParty:1030 - CMSIS Pack Vendor :STMicroelectronics USB_HOST 2.0.0
2026-07-25 12:06:03,410 [INFO] ThirdParty:1030 - CMSIS Pack Vendor :STMicroelectronics FP-ATR-ASTRA1 2.0.3
2026-07-25 12:06:03,410 [INFO] ThirdParty:1030 - CMSIS Pack Vendor :STMicroelectronics X-CUBE-AZRTOS-F4 1.1.0
2026-07-25 12:06:03,410 [INFO] ThirdParty:1030 - CMSIS Pack Vendor :STMicroelectronics LIBJPEG 8.0.0
2026-07-25 12:06:03,410 [INFO] ThirdParty:1030 - CMSIS Pack Vendor :STMicroelectronics FP-ATR-ASTRA1 2.0.2
2026-07-25 12:06:03,410 [INFO] ThirdParty:1030 - CMSIS Pack Vendor :wolfSSL I-CUBE-wolfSSL 5.9.1
2026-07-25 12:06:03,410 [INFO] ThirdParty:1030 - CMSIS Pack Vendor :STMicroelectronics FP-ATR-SIGFOX1 3.2.0
2026-07-25 12:06:03,410 [INFO] ThirdParty:1030 - CMSIS Pack Vendor :STMicroelectronics X-CUBE-SMBUS 2.1.0
2026-07-25 12:06:03,410 [INFO] ThirdParty:1030 - CMSIS Pack Vendor :wolfSSL I-CUBE-wolfMQTT 1.19.2
2026-07-25 12:06:03,410 [INFO] ThirdParty:1030 - CMSIS Pack Vendor :STMicroelectronics USB_DEVICE 3.0.0
2026-07-25 12:06:03,410 [INFO] ThirdParty:1030 - CMSIS Pack Vendor :STMicroelectronics HAL Drivers 0.0.0
2026-07-25 12:06:03,411 [INFO] ThirdParty:1030 - CMSIS Pack Vendor :STMicroelectronics MBEDTLS 2.16.2
2026-07-25 12:06:03,411 [INFO] ThirdParty:1030 - CMSIS Pack Vendor :emotas I-CUBE-CANOPEN 1.3.0
2026-07-25 12:06:03,411 [INFO] ThirdParty:1030 - CMSIS Pack Vendor :STMicroelectronics MBEDTLS 2.14.1
2026-07-25 12:06:03,411 [INFO] ThirdParty:1030 - CMSIS Pack Vendor :ITTIA_DB I-CUBE-ITTIADB 8.9.0
2026-07-25 12:06:03,411 [INFO] ThirdParty:1030 - CMSIS Pack Vendor :STMicroelectronics X-CUBE-AZRTOS-F7 1.1.0
2026-07-25 12:06:03,411 [INFO] ThirdParty:1030 - CMSIS Pack Vendor :STMicroelectronics X-CUBE-TOUCHGFX 4.26.1
2026-07-25 12:06:03,411 [INFO] ThirdParty:1030 - CMSIS Pack Vendor :STMicroelectronics USB_DEVICE 2.0.0
2026-07-25 12:06:03,411 [INFO] ThirdParty:1030 - CMSIS Pack Vendor :STMicroelectronics X-CUBE-AI 10.2.1
2026-07-25 12:06:03,411 [INFO] ThirdParty:1030 - CMSIS Pack Vendor :STMicroelectronics ThreadX 1.0.0
2026-07-25 12:06:03,411 [INFO] ThirdParty:1030 - CMSIS Pack Vendor :STMicroelectronics X-CUBE-AZRTOS-WL 2.0.0
2026-07-25 12:06:03,411 [INFO] ThirdParty:1030 - CMSIS Pack Vendor :SEGGER I-CUBE-embOS 1.3.1
2026-07-25 12:06:03,411 [INFO] ThirdParty:1030 - CMSIS Pack Vendor :STMicroelectronics X-CUBE-ALGOBUILD 1.4.0
2026-07-25 12:06:03,411 [INFO] ThirdParty:1030 - CMSIS Pack Vendor :STMicroelectronics X-CUBE-ALGOBUILD 1.5.0
2026-07-25 12:06:03,411 [INFO] ThirdParty:1030 - CMSIS Pack Vendor :STMicroelectronics FreeRTOS 0.0.1
2026-07-25 12:06:03,411 [INFO] ThirdParty:1030 - CMSIS Pack Vendor :STMicroelectronics X-CUBE-AZRTOS-H7RS 1.3.0
2026-07-25 12:06:03,411 [INFO] ThirdParty:1030 - CMSIS Pack Vendor :STMicroelectronics X-CUBE-AZRTOS-G0 1.1.0
2026-07-25 12:06:03,411 [INFO] ThirdParty:1030 - CMSIS Pack Vendor :STMicroelectronics USB_DEVICE 1.0.0
2026-07-25 12:06:03,411 [INFO] ThirdParty:1030 - CMSIS Pack Vendor :STMicroelectronics X-CUBE-AZRTOS-H7RS 1.2.0
2026-07-25 12:06:03,411 [INFO] ThirdParty:1030 - CMSIS Pack Vendor :STMicroelectronics X-CUBE-NFC4 3.0.0
2026-07-25 12:06:03,411 [INFO] ThirdParty:1030 - CMSIS Pack Vendor :STMicroelectronics X-CUBE-SUBG2 5.0.0
2026-07-25 12:06:03,411 [INFO] ThirdParty:1030 - CMSIS Pack Vendor :STMicroelectronics STM32_WPAN 1.0.0
2026-07-25 12:06:03,411 [INFO] ThirdParty:1030 - CMSIS Pack Vendor :STMicroelectronics X-CUBE-AZRTOS-L4 2.0.0
2026-07-25 12:06:03,411 [INFO] ThirdParty:1030 - CMSIS Pack Vendor :STMicroelectronics ThreadX 0.0.2
2026-07-25 12:06:03,411 [INFO] ThirdParty:1030 - CMSIS Pack Vendor :STMicroelectronics lwIP 2.0.3
2026-07-25 12:06:03,411 [INFO] ThirdParty:1030 - CMSIS Pack Vendor :STMicroelectronics lwIP 2.1.2
2026-07-25 12:06:03,411 [INFO] ThirdParty:1030 - CMSIS Pack Vendor :STMicroelectronics X-CUBE-SFXS2LP1 4.0.0
2026-07-25 12:06:03,411 [INFO] ThirdParty:1030 - CMSIS Pack Vendor :STMicroelectronics X-CUBE-BLE2 3.3.0
2026-07-25 12:06:03,411 [INFO] ThirdParty:1030 - CMSIS Pack Vendor :STMicroelectronics USB_HOST 1.0.0
2026-07-25 12:06:03,411 [INFO] ThirdParty:1030 - CMSIS Pack Vendor :STMicroelectronics X-CUBE-AZRTOS-G4 2.0.0
2026-07-25 12:06:03,411 [INFO] ThirdParty:1030 - CMSIS Pack Vendor :STMicroelectronics PDM2PCM 3.1.0
2026-07-25 12:06:03,411 [INFO] ThirdParty:1030 - CMSIS Pack Vendor :STMicroelectronics X-CUBE-NFC13 1.0.0
2026-07-25 12:06:03,411 [INFO] ThirdParty:1030 - CMSIS Pack Vendor :STMicroelectronics PDM2PCM 3.2.0
2026-07-25 12:06:03,412 [INFO] ThirdParty:1030 - CMSIS Pack Vendor :STMicroelectronics PDM2PCM 3.3.0
2026-07-25 12:06:03,420 [INFO] ThirdParty:841 - exiting critical section [change project]
2026-07-25 12:06:03,719 [INFO] PinOutPanel:1499 - setPackage(No Configuration,No Configuration)
2026-07-25 12:06:03,720 [INFO] PinOutPanel:1499 - setPackage(STM32F405RGTx,LQFP64)
2026-07-25 12:06:04,201 [INFO] UtilMem:75 - Before build in PCC Used Memory: 778057152 Bytes (1073741824)
2026-07-25 12:06:05,189 [INFO] UtilMem:75 - After build in PCC Used Memory: 851683944 Bytes (1073741824)
2026-07-25 12:06:05,225 [INFO] IPUIPlugin:80 - create IPUIPlugin
2026-07-25 12:06:05,225 [INFO] IPUIPlugin:80 - create IPUIPlugin
2026-07-25 12:06:05,226 [INFO] IPUIPlugin:80 - create IPUIPlugin
2026-07-25 12:06:05,226 [INFO] IPUIPlugin:80 - create IPUIPlugin
2026-07-25 12:06:05,226 [INFO] IPUIPlugin:80 - create IPUIPlugin
2026-07-25 12:06:05,226 [INFO] IPUIPlugin:80 - create IPUIPlugin
2026-07-25 12:06:05,226 [INFO] IPUIPlugin:80 - create IPUIPlugin
2026-07-25 12:06:05,227 [INFO] IPUIPlugin:80 - create IPUIPlugin
2026-07-25 12:06:05,227 [INFO] IPUIPlugin:80 - create IPUIPlugin
2026-07-25 12:06:05,227 [INFO] IPUIPlugin:80 - create IPUIPlugin
2026-07-25 12:06:05,227 [INFO] IPUIPlugin:80 - create IPUIPlugin
2026-07-25 12:06:05,227 [INFO] IPUIPlugin:80 - create IPUIPlugin
2026-07-25 12:06:05,227 [INFO] IPUIPlugin:80 - create IPUIPlugin
2026-07-25 12:06:05,228 [INFO] IPUIPlugin:80 - create IPUIPlugin
2026-07-25 12:06:05,228 [INFO] IPUIPlugin:80 - create IPUIPlugin
2026-07-25 12:06:05,228 [INFO] IPUIPlugin:80 - create IPUIPlugin
2026-07-25 12:06:05,228 [INFO] IPUIPlugin:80 - create IPUIPlugin
2026-07-25 12:06:05,228 [INFO] IPUIPlugin:80 - create IPUIPlugin
2026-07-25 12:06:05,229 [INFO] IPUIPlugin:80 - create IPUIPlugin
2026-07-25 12:06:05,229 [INFO] IPUIPlugin:80 - create IPUIPlugin
2026-07-25 12:06:05,229 [INFO] IPUIPlugin:80 - create IPUIPlugin
2026-07-25 12:06:05,229 [INFO] IPUIPlugin:80 - create IPUIPlugin
2026-07-25 12:06:05,230 [INFO] IPUIPlugin:80 - create IPUIPlugin
2026-07-25 12:06:05,230 [INFO] IPUIPlugin:80 - create IPUIPlugin
2026-07-25 12:06:05,230 [INFO] IPUIPlugin:80 - create IPUIPlugin
2026-07-25 12:06:05,230 [INFO] IPUIPlugin:80 - create IPUIPlugin
2026-07-25 12:06:05,230 [INFO] IPUIPlugin:80 - create IPUIPlugin
2026-07-25 12:06:05,231 [INFO] IPUIPlugin:80 - create IPUIPlugin
2026-07-25 12:06:05,231 [INFO] IPUIPlugin:80 - create IPUIPlugin
2026-07-25 12:06:05,231 [INFO] IPUIPlugin:80 - create IPUIPlugin
2026-07-25 12:06:05,231 [INFO] IPUIPlugin:80 - create IPUIPlugin
2026-07-25 12:06:05,232 [INFO] IPUIPlugin:80 - create IPUIPlugin
2026-07-25 12:06:05,232 [INFO] IPUIPlugin:80 - create IPUIPlugin
2026-07-25 12:06:05,232 [INFO] IPUIPlugin:80 - create IPUIPlugin
2026-07-25 12:06:05,232 [INFO] IPUIPlugin:80 - create IPUIPlugin
2026-07-25 12:06:05,233 [INFO] IPUIPlugin:80 - create IPUIPlugin
2026-07-25 12:06:05,233 [INFO] IPUIPlugin:80 - create IPUIPlugin
2026-07-25 12:06:05,234 [INFO] IPUIPlugin:80 - create IPUIPlugin
2026-07-25 12:06:05,234 [INFO] IPUIPlugin:80 - create IPUIPlugin
2026-07-25 12:06:05,235 [INFO] IPUIPlugin:80 - create IPUIPlugin
2026-07-25 12:06:05,235 [INFO] IPUIPlugin:80 - create IPUIPlugin
2026-07-25 12:06:05,235 [INFO] IPUIPlugin:80 - create IPUIPlugin
2026-07-25 12:06:05,236 [INFO] IPUIPlugin:80 - create IPUIPlugin
2026-07-25 12:06:05,236 [INFO] IPUIPlugin:80 - create IPUIPlugin
2026-07-25 12:06:05,237 [INFO] IPUIPlugin:80 - create IPUIPlugin
2026-07-25 12:06:05,237 [INFO] IPUIPlugin:80 - create IPUIPlugin
2026-07-25 12:06:05,238 [INFO] IPUIPlugin:80 - create IPUIPlugin
2026-07-25 12:06:05,238 [INFO] IPUIPlugin:80 - create IPUIPlugin
2026-07-25 12:06:05,238 [INFO] IPUIPlugin:80 - create IPUIPlugin
2026-07-25 12:06:05,239 [INFO] IPUIPlugin:80 - create IPUIPlugin
2026-07-25 12:06:05,239 [INFO] IPUIPlugin:80 - create IPUIPlugin
2026-07-25 12:06:05,239 [INFO] IPUIPlugin:80 - create IPUIPlugin
2026-07-25 12:06:05,240 [INFO] IPUIPlugin:80 - create IPUIPlugin
2026-07-25 12:06:05,241 [INFO] IPUIPlugin:80 - create IPUIPlugin
2026-07-25 12:06:05,325 [INFO] ApiDbMcu:507 - Load IP Config File for PDM2PCM
2026-07-25 12:06:05,338 [WARN] IP:2114 - I2C_Coeff_DF not found: check if there is a RefParameter without a condition.
2026-07-25 12:06:05,338 [WARN] IP:2114 - Analog_Filter not found: check if there is a RefParameter without a condition.
2026-07-25 12:06:05,585 [INFO] CADModel:165 - CPN selected for project levelSTM32F405RGT6
2026-07-25 12:06:05,585 [INFO] CADModel:114 - Register for checkConnection events
2026-07-25 12:06:05,637 [INFO] OpenFileManager:328 - Restore cursor
2026-07-25 12:06:05,780 [WARN] IP:2114 - I2C_Coeff_DF not found: check if there is a RefParameter without a condition.
2026-07-25 12:06:05,780 [WARN] IP:2114 - Analog_Filter not found: check if there is a RefParameter without a condition.
2026-07-25 12:06:05,780 [WARN] IP:2114 - I2C_Coeff_DF not found: check if there is a RefParameter without a condition.
2026-07-25 12:06:05,780 [WARN] IP:2114 - Analog_Filter not found: check if there is a RefParameter without a condition.
2026-07-25 12:06:33,644 [INFO] CADModel:198 - CPN selected (Project mode): STM32F405RGT6
2026-07-25 12:06:33,645 [INFO] CADModel:200 - Internet connection configuration mode: 1
2026-07-25 12:06:33,645 [INFO] CADModel:203 - rpn retrievedSTM32F405RG
2026-07-25 12:06:33,649 [INFO] WebAppUi:272 - Instantiating new browser for Project
2026-07-25 12:06:33,760 [INFO] WebAppUi:1170 - Register for checkConnection events
2026-07-25 12:06:33,761 [INFO] WebAppUi:1205 - Apply proxy settings
2026-07-25 12:06:33,761 [INFO] WebAppUi:1243 - Chromium requires no authentication
2026-07-25 12:06:33,761 [INFO] WebAppUi:1229 - Direct internet connection detected
2026-07-25 12:06:33,764 [INFO] WebAppUi:297 - Starting web application
2026-07-25 12:06:33,765 [INFO] WebAppUi:1101 - Web application path used C:\ST\STM32CubeIDE_1.13.1\STM32CubeIDE\plugins\com.st.stm32cube.common.mx_6.9.1.202307191849\db\plugins\mcufinder\reactClient\index.html
2026-07-25 12:06:33,775 [INFO] WebAppUi:870 - Path where api_config.json is located C:\Users\Admin\.stmcufinder\plugins\mcufinder//mcu/api_config.json
2026-07-25 12:06:33,775 [INFO] WebAppUi:871 - Setting api config in window object
2026-07-25 12:06:33,791 [WARN] WebAppUi:908 - Cannot access cad_preferences.json
2026-07-25 12:06:33,791 [WARN] WebAppUi:911 - Fallback to default consent
2026-07-25 12:06:33,792 [INFO] WebAppUi:879 - Path where cad_preferences.json is located C:\Users\Admin/.stm32cubeide/
2026-07-25 12:06:33,792 [INFO] WebAppUi:880 - Setting consent info in window object
2026-07-25 12:06:34,437 [INFO] WebAppUi:775 - Allow Downloads
2026-07-25 12:06:34,438 [INFO] WebAppUi:272 - Instantiating new browser for Finder
2026-07-25 12:06:34,540 [INFO] WebAppUi:1170 - Register for checkConnection events
2026-07-25 12:06:34,540 [INFO] WebAppUi:1205 - Apply proxy settings
2026-07-25 12:06:34,540 [INFO] WebAppUi:1243 - Chromium requires no authentication
2026-07-25 12:06:34,541 [INFO] WebAppUi:1229 - Direct internet connection detected
2026-07-25 12:06:34,545 [INFO] WebAppUi:297 - Starting web application
2026-07-25 12:06:34,545 [INFO] WebAppUi:1101 - Web application path used C:\ST\STM32CubeIDE_1.13.1\STM32CubeIDE\plugins\com.st.stm32cube.common.mx_6.9.1.202307191849\db\plugins\mcufinder\reactClient\index.html
2026-07-25 12:06:34,561 [INFO] WebAppUi:870 - Path where api_config.json is located C:\Users\Admin\.stmcufinder\plugins\mcufinder//mcu/api_config.json
2026-07-25 12:06:34,561 [INFO] WebAppUi:871 - Setting api config in window object
2026-07-25 12:06:34,576 [INFO] WebAppUi:879 - Path where cad_preferences.json is located C:\Users\Admin/.stm32cubeide/
2026-07-25 12:06:34,577 [INFO] WebAppUi:880 - Setting consent info in window object
2026-07-25 12:06:35,182 [INFO] WebAppUi:775 - Allow Downloads
2026-07-25 12:06:35,183 [INFO] WebAppUi:596 - RPN selected STM32F405RG
2026-07-25 12:06:35,183 [INFO] WebAppUi:597 - RefName selected STM32F405RGTx
2026-07-25 12:06:35,183 [INFO] WebAppUi:598 - CPN selected STM32F405RGT6
2026-07-25 12:06:35,186 [INFO] WebAppUi:761 - Which Bigleton in use 2 and which CPN is about STM32F405RGT6
2026-07-25 12:06:35,186 [INFO] WebAppUi:635 - Have injected Javascript into web application
2026-07-25 12:06:35,186 [INFO] WebAppUiContainer:153 - Web application run mode: Project CPN: STM32F405RGT6
2026-07-25 12:06:35,530 [INFO] WebAppUi:1035 - Web application message: [UlApiManager component] Connected to Ultra Librarian SSO
2026-07-25 12:06:35,530 [INFO] WebAppUi:1035 - Web application message: [UlApiManager component] Connected to Ultra Librarian API
2026-07-25 12:06:36,116 [INFO] CADModel:198 - CPN selected (Project mode): STM32F405RGT6
2026-07-25 12:06:36,116 [INFO] CADModel:200 - Internet connection configuration mode: 1
2026-07-25 12:06:36,116 [INFO] CADModel:203 - rpn retrievedSTM32F405RG
2026-07-25 12:06:36,117 [INFO] WebAppUi:596 - RPN selected STM32F405RG
2026-07-25 12:06:36,117 [INFO] WebAppUi:597 - RefName selected STM32F405RGTx
2026-07-25 12:06:36,117 [INFO] WebAppUi:598 - CPN selected STM32F405RGT6
2026-07-25 12:06:36,118 [INFO] WebAppUi:761 - Which Bigleton in use 2 and which CPN is about STM32F405RGT6
2026-07-25 12:06:36,121 [INFO] WebAppUi:635 - Have injected Javascript into web application
2026-07-25 12:06:36,121 [INFO] WebAppUiContainer:153 - Web application run mode: Project CPN: STM32F405RGT6
2026-07-25 12:06:36,178 [INFO] WebAppUi:1035 - Web application message: [UlApiManager component] Connected to Ultra Librarian SSO
2026-07-25 12:06:36,180 [INFO] WebAppUi:1035 - Web application message: [UlApiManager component] Connected to Ultra Librarian API
2026-07-25 12:06:36,690 [INFO] WebAppUi:1035 - Web application message: CAD resources feature launch attempt
2026-07-25 12:06:38,769 [INFO] WebAppUi:1035 - Web application message: Project naming
2026-07-25 12:06:39,600 [INFO] WebAppUi:870 - Path where api_config.json is located C:\Users\Admin\.stmcufinder\plugins\mcufinder//mcu/api_config.json
2026-07-25 12:06:39,600 [INFO] WebAppUi:871 - Setting api config in window object
2026-07-25 12:06:39,616 [INFO] WebAppUi:879 - Path where cad_preferences.json is located C:\Users\Admin/.stm32cubeide/
2026-07-25 12:06:39,617 [INFO] WebAppUi:880 - Setting consent info in window object
2026-07-25 12:06:44,079 [INFO] WebAppUi:1035 - Web application message: THREE.WebGLRenderer 101
2026-07-25 12:07:12,261 [INFO] UtilMem:75 - End SaveConfig() Used Memory: 758605288 Bytes (1073741824)
2026-07-25 12:07:29,861 [INFO] UtilMem:75 - End SaveConfig() Used Memory: 741943648 Bytes (1073741824)
2026-07-25 12:07:30,334 [INFO] BlockDiagram:2759 - set Specific Code input for plugin: SYS
2026-07-25 12:07:30,334 [INFO] BlockDiagram:2759 - set Specific Code input for plugin: RCC
2026-07-25 12:07:30,335 [INFO] BlockDiagram:2759 - set Specific Code input for plugin: I2C
2026-07-25 12:07:30,335 [INFO] BlockDiagram:2759 - set Specific Code input for plugin: NVIC
2026-07-25 12:07:30,335 [INFO] BlockDiagram:2759 - set Specific Code input for plugin: GPIO
2026-07-25 12:07:30,336 [INFO] CodeGenerator:799 - code generatio: config db path: C:\ST\STM32CubeIDE_1.13.1\STM32CubeIDE\plugins\com.st.stm32cube.common.mx_6.9.1.202307191849\\db\
2026-07-25 12:07:30,340 [WARN] IP:2114 - I2C_Coeff_DF not found: check if there is a RefParameter without a condition.
2026-07-25 12:07:30,341 [WARN] IP:2114 - Analog_Filter not found: check if there is a RefParameter without a condition.
2026-07-25 12:07:30,481 [INFO] CodeEngine:255 - oldGeneratedFile, C:\Users\Admin\Documents\GitHub\Drone-RTOS\Source\001MPU6050\MXTmpFiles\license.tmp_save
2026-07-25 12:07:30,789 [INFO] CodeEngine:279 - Generated code: C:\Users\Admin\Documents\GitHub\Drone-RTOS\Source\001MPU6050\MXTmpFiles\license.tmp
2026-07-25 12:07:30,869 [INFO] CodeEngine:255 - oldGeneratedFile, C:\Users\Admin\Documents\GitHub\Drone-RTOS\Source\001MPU6050\MXTmpFiles\gpio.tmp_save
2026-07-25 12:07:31,042 [INFO] CodeEngine:279 - Generated code: C:\Users\Admin\Documents\GitHub\Drone-RTOS\Source\001MPU6050\MXTmpFiles\gpio.tmp
2026-07-25 12:07:31,190 [INFO] CodeEngine:255 - oldGeneratedFile, C:\Users\Admin\Documents\GitHub\Drone-RTOS\Source\001MPU6050\Core\Src\stm32f4xx_it.c_save
2026-07-25 12:07:31,372 [INFO] CodeEngine:279 - Generated code: C:\Users\Admin\Documents\GitHub\Drone-RTOS\Source\001MPU6050\Core\Src\stm32f4xx_it.c
2026-07-25 12:07:31,385 [INFO] CodeEngine:255 - oldGeneratedFile, C:\Users\Admin\Documents\GitHub\Drone-RTOS\Source\001MPU6050\Core\Inc\stm32f4xx_it.h_save
2026-07-25 12:07:31,488 [INFO] CodeEngine:279 - Generated code: C:\Users\Admin\Documents\GitHub\Drone-RTOS\Source\001MPU6050\Core\Inc\stm32f4xx_it.h
2026-07-25 12:07:31,503 [INFO] CodeEngine:255 - oldGeneratedFile, C:\Users\Admin\Documents\GitHub\Drone-RTOS\Source\001MPU6050\Core\Src\stm32f4xx_hal_msp.c_save
2026-07-25 12:07:31,658 [INFO] CodeEngine:279 - Generated code: C:\Users\Admin\Documents\GitHub\Drone-RTOS\Source\001MPU6050\Core\Src\stm32f4xx_hal_msp.c
2026-07-25 12:07:31,664 [INFO] CodeEngine:255 - oldGeneratedFile, C:\Users\Admin\Documents\GitHub\Drone-RTOS\Source\001MPU6050\MXTmpFiles\system.tmp_save
2026-07-25 12:07:31,749 [INFO] CodeEngine:279 - Generated code: C:\Users\Admin\Documents\GitHub\Drone-RTOS\Source\001MPU6050\MXTmpFiles\system.tmp
2026-07-25 12:07:31,767 [INFO] CodeEngine:311 - oldGeneratedFile, C:\Users\Admin\Documents\GitHub\Drone-RTOS\Source\001MPU6050\Core\Inc\stm32f4xx_hal_conf.h_save
2026-07-25 12:07:31,858 [INFO] CodeEngine:335 - Generated code: C:\Users\Admin\Documents\GitHub\Drone-RTOS\Source\001MPU6050\Core\Inc\stm32f4xx_hal_conf.h
2026-07-25 12:07:31,898 [INFO] CodeEngine:255 - oldGeneratedFile, C:\Users\Admin\Documents\GitHub\Drone-RTOS\Source\001MPU6050\Core\Inc\main.h_save
2026-07-25 12:07:31,979 [INFO] CodeEngine:279 - Generated code: C:\Users\Admin\Documents\GitHub\Drone-RTOS\Source\001MPU6050\Core\Inc\main.h
2026-07-25 12:07:31,984 [INFO] CodeEngine:255 - oldGeneratedFile, C:\Users\Admin\Documents\GitHub\Drone-RTOS\Source\001MPU6050\Core\Src\main.c_save
2026-07-25 12:07:32,098 [INFO] CodeEngine:279 - Generated code: C:\Users\Admin\Documents\GitHub\Drone-RTOS\Source\001MPU6050\Core\Src\main.c
2026-07-25 12:07:32,627 [INFO] ProjectBuilder:3064 - Time for Copy HAL[1] : 151mS.
2026-07-25 12:07:32,635 [INFO] ProjectBuilder:4404 - Project Generator version: 4.1.0
2026-07-25 12:07:32,858 [INFO] ConfigFileManager:1457 - The Die is : DIE413
2026-07-25 12:07:32,863 [INFO] ApiDbMcu:507 - Load IP Config File for FATFS
2026-07-25 12:07:32,868 [INFO] ApiDbMcu:507 - Load IP Config File for FREERTOS
2026-07-25 12:07:32,872 [INFO] ApiDbMcu:507 - Load IP Config File for LIBJPEG
2026-07-25 12:07:32,879 [INFO] ApiDbMcu:507 - Load IP Config File for MBEDTLS
2026-07-25 12:07:32,884 [INFO] ApiDbMcu:507 - Load IP Config File for USB_DEVICE
2026-07-25 12:07:32,886 [INFO] ApiDbMcu:507 - Load IP Config File for USB_HOST
2026-07-25 12:07:33,834 [INFO] LogOutputStream:77 - [STDOUT_REDIRECT] 
2026-07-25 12:07:35,229 [INFO] ProjectBuilder:4626 - Time for Generating toolchain IDE Files: 2591mS.
2026-07-25 12:07:35,230 [INFO] ProjectBuilder:2935 - Time for Copy CMSIS : 1mS.
2026-07-25 12:07:35,232 [INFO] ProjectBuilder:2935 - Time for Copy CMSIS : 0mS.
2026-07-25 14:39:10,456 [WARN] IP:2114 - I2C_Coeff_DF not found: check if there is a RefParameter without a condition.
2026-07-25 14:39:10,456 [WARN] IP:2114 - Analog_Filter not found: check if there is a RefParameter without a condition.
2026-07-25 19:45:29,193 [INFO] MainUpdater:2868 - connection check result : 10
2026-07-25 19:45:29,197 [INFO] McuFinderGlobals:76 - Set McuFinderConnectedMode to true
2026-07-25 19:45:29,569 [INFO] ServerAccessManage:473 - Download File mcusAds.json._tmp_
2026-07-25 19:45:29,702 [INFO] LoadUrlFilesThread:156 - End of LoadUrlFiles Thread
2026-07-25 19:45:29,849 [INFO] ServerAccessManage:473 - Download File cube-finder-db.zip
2026-07-25 19:45:40,494 [INFO] FileExtend:240 - Unzip File : cube-finder-db.zip
2026-07-25 19:45:40,494 [INFO] FileExtend:255 - Standard Zip Deflate
2026-07-25 19:45:41,255 [INFO] LoadUrlFilesThread:156 - End of LoadUrlFiles Thread
2026-07-25 19:46:02,532 [ERROR] ServerAccessManage:1172 - Problem during Server Connection :  IO error Connection timed out: no further information
2026-07-25 19:46:02,533 [ERROR] ServerAccessManage:651 - Problem during Server Connection :  : crdb.zip.
2026-07-25 19:46:12,532 [INFO] LoadUrlFilesThread:156 - End of LoadUrlFiles Thread
2026-07-25 19:46:13,358 [INFO] DbMcusAds:53 - JSON generation date=Wed Jul 15 16:46:00 GMT+07:00 2026 (1784108760991)
2026-07-25 19:46:13,361 [INFO] ApiDb:448 - Save user favorites file C:\Users\Admin/.stm32cubeide/favorites.mcus.txt: 4 item(s)
2026-07-25 19:46:13,362 [INFO] ApiDb:452 - User favorites MCUs=[STM32F103C8T6, STM32F405RGT6, STM32F411CEU6, STM32H523CET6]
2026-07-25 19:46:13,366 [INFO] ApiDb:581 - Connected to CubeFinder SQLite database (C:\Users\Admin\.stmcufinder\plugins\mcufinder\mcu\cube-finder-db.db)
2026-07-25 19:46:13,426 [INFO] ApiDb:668 - CubeFinder database Data Model version=2.1
2026-07-25 19:46:13,426 [INFO] ApiDb:669 - CubeFinder database Configuration version=3.0.42
2026-07-25 19:46:13,426 [INFO] ApiDb:670 - CubeFinder database generation date=2026-06-23 (1782213372)
2026-07-25 19:46:13,426 [INFO] ApiDb:671 - CubeFinder database FW Pack versions=[FP-ATR-ASTRA1_V2.0.0, FP-SNS-FLIGHT1_V5.1.0, FP-SNS-MOTENV1_V5.1.0, FP-SNS-MOTENVWB1_V1.5.0, FP-SNS-SMARTAG2_V1.2.0, FP-SNS-STBOX1_V2.1.0, STM32Cube_FW_C0_V1.4.0, STM32Cube_FW_F4_V1.28.3, STM32Cube_FW_F7_V1.17.4, STM32Cube_FW_G0_V1.6.3, STM32Cube_FW_G4_V1.6.2, STM32Cube_FW_H5_V1.7.0, STM32Cube_FW_H7RS_V1.3.0, STM32Cube_FW_H7_V1.13.0, STM32Cube_FW_L0_V1.12.2, STM32Cube_FW_L4_V1.18.2, STM32Cube_FW_L5_V1.6.0, STM32Cube_FW_N6_V1.4.0, STM32Cube_FW_U0_V1.3.0, STM32Cube_FW_U3_V1.4.0, STM32Cube_FW_U5_V1.9.0, STM32Cube_FW_WB0_V1.5.0, STM32Cube_FW_WBA_V1.10.0, STM32Cube_FW_WB_V1.24.0, STM32Cube_FW_WL3_V1.5.0, STM32Cube_FW_WL_V1.6.0, X-CUBE-ALGOBUILD_V1.5.0, X-CUBE-ALS_V1.0.2, X-CUBE-AZRTOS-F4_V1.1.0, X-CUBE-AZRTOS-F7_V1.1.0, X-CUBE-AZRTOS-G0_V1.1.0, X-CUBE-AZRTOS-G4_V2.0.0, X-CUBE-AZRTOS-H7RS_V1.1.0, X-CUBE-AZRTOS-H7_V3.5.0, X-CUBE-AZRTOS-L4_V2.0.0, X-CUBE-AZRTOS-L5_V2.0.0, X-CUBE-AZRTOS-WB_V2.0.0, X-CUBE-AZRTOS-WL_V2.0.0, X-CUBE-BLE1_V7.1.0, X-CUBE-BLE2_V3.3.0, X-CUBE-BLEMGR_V4.1.0, X-CUBE-EEPRMA1_V5.2.0, X-CUBE-FREERTOS_V1.5.0, X-CUBE-GNSS1_V7.1.1, X-CUBE-MEMS1_V12.1.0, X-CUBE-NFC4_V3.0.0, X-CUBE-NFC7_V2.0.0, X-CUBE-SFXS2LP1_V4.0.0, X-CUBE-ST67W61_V1.3.0, X-CUBE-SUBG2_V5.0.0, X-CUBE-TOF1_V3.4.3]
2026-07-25 19:46:15,381 [INFO] ApiDb:240 - Found 323 in-development CPN: [B-G473E-ZEST1S, B-WB1M-WPAN1, B-WL5M-SUBG1, NUCLEO-C031C6, NUCLEO-H503RB, NUCLEO-H563ZI, NUCLEO-U545RE-Q, NUCLEO-U5A5ZJ-Q, NUCLEO-WBA52CG, STEVAL-PROTEUS1, STEVAL-SMARTAG2, STEVAL-STWINBX1, STM320518-EVAL, STM32C0116-DK, STM32C011D6Y3TR, STM32C011D6Y6TR, STM32C011F4P3, STM32C011F4P6, STM32C011F4U3, STM32C011F4U6TR, STM32C011F6P3, STM32C011F6P6, STM32C011F6U3, STM32C011F6U6TR, STM32C011J4M3, STM32C011J4M6, STM32C011J6M3, STM32C011J6M6, STM32C0316-DK, STM32C031C4T3, STM32C031C4T6, STM32C031C4U3, STM32C031C4U6, STM32C031C6T3, STM32C031C6T6, STM32C031C6U3, STM32C031C6U6, STM32C031F4P3, STM32C031F4P6, STM32C031F6P3, STM32C031F6P6, STM32C031G4U3, STM32C031G4U6, STM32C031G6U3, STM32C031G6U6, STM32C031K4T3, STM32C031K4T6, STM32C031K4U3, STM32C031K4U6, STM32C031K6T3, STM32C031K6T6, STM32C031K6U3, STM32C031K6U6, STM32G071K8TXN, STM32G071K8UXN, STM32G081GBU6N, STM32G081KBT6N, STM32G081KBUXN, STM32G0B1CCT6N, STM32G0B1KCT6, STM32G0B1NEY6TR, STM32G0B1RCT6N, STM32G0C1CCT6, STM32G0C1CCT6N, STM32G0C1CCU6N, STM32G0C1CET6N, STM32G0C1CEU6N, STM32G0C1KCT6, STM32G0C1NEY6TR, STM32G0C1RCI6N, STM32G0C1RCT6N, STM32G0C1REI6N, STM32G0C1RET6N, STM32G0C1VCI6, STM32G0C1VEI6, STM32G471CCT6, STM32G471CCU6, STM32G471CET3, STM32G471CET6, STM32G471CEU3, STM32G471CEU6, STM32G471MCT6, STM32G471MET3, STM32G471MET6, STM32G471MEY6TR, STM32G471QCT6, STM32G471QET3, STM32G471RCT6, STM32G471RET3, STM32G471RET6, STM32G471VCH6, STM32G471VCI6, STM32G471VCT6, STM32G471VEH3, STM32G471VEH6, STM32G471VEI3, STM32G471VEI6, STM32G471VET3, STM32G471VET6, STM32G474CCT6, STM32H503CBT6, STM32H503CBU6, STM32H503EBY6TR, STM32H503KBU6, STM32H503RBT6, STM32H562AGI6, STM32H562AII6, STM32H562IGK6, STM32H562IGT6, STM32H562IIK6, STM32H562IIT6, STM32H562RGT6, STM32H562RGV6, STM32H562RIT6, STM32H562RIV6, STM32H562VGT6, STM32H562VIT6, STM32H562ZGT6, STM32H562ZIT6, STM32H563AGI6, STM32H563AII3Q, STM32H563AII6, STM32H563IGK6, STM32H563IGT6, STM32H563IIK3Q, STM32H563IIK6, STM32H563IIT3Q, STM32H563IIT6, STM32H563MIY3QTR, STM32H563RGT6, STM32H563RGV6, STM32H563RIT6, STM32H563RIV6, STM32H563VGT6, STM32H563VIT3Q, STM32H563VIT6, STM32H563ZGT6, STM32H563ZIT3Q, STM32H563ZIT6, STM32H573AII3Q, STM32H573AII6, STM32H573I-DK, STM32H573IIK3Q, STM32H573IIK6, STM32H573IIT3Q, STM32H573IIT6, STM32H573MIY3QTR, STM32H573RIT6, STM32H573RIV6, STM32H573VIT3Q, STM32H573VIT6, STM32H573ZIT3Q, STM32H573ZIT6, STM32L4R5QGI6STR, STM32MP131AAE3, STM32MP131AAF3, STM32MP131AAG3, STM32MP131CAE3, STM32MP131CAF3, STM32MP131CAG3, STM32MP131DAE7, STM32MP131DAF7, STM32MP131DAG7, STM32MP131FAE7, STM32MP131FAF7, STM32MP131FAG7, STM32MP133AAE3, STM32MP133AAF3, STM32MP133AAG3, STM32MP133CAE3, STM32MP133CAF3, STM32MP133CAG3, STM32MP133DAE7, STM32MP133DAF7, STM32MP133DAG7, STM32MP133FAE7, STM32MP133FAF7, STM32MP133FAG7, STM32MP135AAE3, STM32MP135AAF3, STM32MP135AAG3, STM32MP135CAE3, STM32MP135CAF3, STM32MP135CAG3, STM32MP135DAE7, STM32MP135DAF7, STM32MP135DAG7, STM32MP135F-DK, STM32MP135FAE7, STM32MP135FAF7, STM32MP135FAF7T, STM32MP135FAF7U, STM32MP135FAG7, STM32U535CBT6, STM32U535CBT6Q, STM32U535CBU6, STM32U535CBU6Q, STM32U535CCT6, STM32U535CCT6Q, STM32U535CCU6, STM32U535CCU6Q, STM32U535CET6, STM32U535CET6Q, STM32U535CEU6, STM32U535CEU6Q, STM32U535JEY6QTR, STM32U535NCY6QTR, STM32U535NEY6QTR, STM32U535RBI6, STM32U535RBI6Q, STM32U535RBT6, STM32U535RBT6Q, STM32U535RCI6, STM32U535RCI6Q, STM32U535RCT6, STM32U535RCT6Q, STM32U535REI6, STM32U535REI6Q, STM32U535RET6, STM32U535RET6Q, STM32U535VCI6, STM32U535VCI6Q, STM32U535VCT6, STM32U535VCT6Q, STM32U535VEI6, STM32U535VEI6Q, STM32U535VET6, STM32U535VET6Q, STM32U545CET6, STM32U545CET6Q, STM32U545CEU6, STM32U545CEU6Q, STM32U545JEY6QTR, STM32U545NEY6QTR, STM32U545REI6, STM32U545REI6Q, STM32U545RET6, STM32U545RET6Q, STM32U545VEI6, STM32U545VEI6Q, STM32U545VET6, STM32U545VET6Q, STM32U595AIH6, STM32U595AIH6Q, STM32U595AJH6, STM32U595AJH6Q, STM32U595QII6, STM32U595QII6Q, STM32U595QJI6, STM32U595QJI6Q, STM32U595RIT6, STM32U595RIT6Q, STM32U595RJT6, STM32U595RJT6Q, STM32U595VIT6, STM32U595VIT6Q, STM32U595VJT6, STM32U595VJT6Q, STM32U595ZIT6, STM32U595ZIT6Q, STM32U595ZIY6QTR, STM32U595ZJT6, STM32U595ZJT6Q, STM32U595ZJY6QTR, STM32U599BJY6QTR, STM32U599NIH6Q, STM32U599NJH6Q, STM32U599VIT6Q, STM32U599VJT6, STM32U599VJT6Q, STM32U599ZIT6Q, STM32U599ZIY6QTR, STM32U599ZJT6Q, STM32U599ZJY6QTR, STM32U5A5AJH6, STM32U5A5AJH6Q, STM32U5A5QJI6, STM32U5A5QJI6Q, STM32U5A5RJT6, STM32U5A5RJT6Q, STM32U5A5VJT6, STM32U5A5VJT6Q, STM32U5A5ZJT6, STM32U5A5ZJT6Q, STM32U5A5ZJY6QTR, STM32U5A9BJY6QTR, STM32U5A9J-DK, STM32U5A9NJH6Q, STM32U5A9VJT6Q, STM32U5A9ZJT6Q, STM32U5A9ZJY6QTR, STM32U5F7VIT6, STM32U5F7VIT6Q, STM32U5F7VJT6, STM32U5F7VJT6Q, STM32U5F9BJY6QTR, STM32U5F9NJH6Q, STM32U5F9VIT6Q, STM32U5F9VJT6Q, STM32U5F9ZIJ6QTR, STM32U5F9ZIT6Q, STM32U5F9ZJJ6QTR, STM32U5F9ZJT6Q, STM32U5G7VJT6, STM32U5G7VJT6Q, STM32U5G9BJY6QTR, STM32U5G9J-DK1, STM32U5G9J-DK2, STM32U5G9NJH6Q, STM32U5G9VJT6Q, STM32U5G9ZJJ6QTR, STM32U5G9ZJT6Q, STM32WB1MMCH6, STM32WBA52CEU6, STM32WBA52CEU6T, STM32WBA52CGU6, STM32WBA52CGU6T, STM32WBA52KEU6, STM32WBA52KEU6T, STM32WBA52KGU6, STM32WBA52KGU6T, STM32WL5MOCH6, STM32WL5MOCH6TR]
2026-07-25 19:46:15,385 [INFO] DbMcus:217 - Found 5228 MCUs, 5075 are supported
2026-07-25 19:46:15,385 [INFO] ApiDb:423 - Load user favorites file C:\Users\Admin/.stm32cubeide/favorites.mcus.txt: 4 item(s)
2026-07-25 19:46:15,385 [INFO] ApiDb:427 - User favorites MCUs=[STM32F103C8T6, STM32F405RGT6, STM32F411CEU6, STM32H523CET6]
2026-07-25 19:46:15,385 [INFO] DbMcus:223 - Set 4 / 4 favorites MCUs
2026-07-25 19:46:15,719 [ERROR] TargetSelectorAdapter:267 - Unable to refresh data
2026-07-25 19:46:15,816 [INFO] ApiDb:668 - CubeFinder database Data Model version=2.1
2026-07-25 19:46:15,816 [INFO] ApiDb:669 - CubeFinder database Configuration version=3.0.42
2026-07-25 19:46:15,816 [INFO] ApiDb:670 - CubeFinder database generation date=2026-06-23 (1782213372)
2026-07-25 19:46:15,816 [INFO] ApiDb:671 - CubeFinder database FW Pack versions=[FP-ATR-ASTRA1_V2.0.0, FP-SNS-FLIGHT1_V5.1.0, FP-SNS-MOTENV1_V5.1.0, FP-SNS-MOTENVWB1_V1.5.0, FP-SNS-SMARTAG2_V1.2.0, FP-SNS-STBOX1_V2.1.0, STM32Cube_FW_C0_V1.4.0, STM32Cube_FW_F4_V1.28.3, STM32Cube_FW_F7_V1.17.4, STM32Cube_FW_G0_V1.6.3, STM32Cube_FW_G4_V1.6.2, STM32Cube_FW_H5_V1.7.0, STM32Cube_FW_H7RS_V1.3.0, STM32Cube_FW_H7_V1.13.0, STM32Cube_FW_L0_V1.12.2, STM32Cube_FW_L4_V1.18.2, STM32Cube_FW_L5_V1.6.0, STM32Cube_FW_N6_V1.4.0, STM32Cube_FW_U0_V1.3.0, STM32Cube_FW_U3_V1.4.0, STM32Cube_FW_U5_V1.9.0, STM32Cube_FW_WB0_V1.5.0, STM32Cube_FW_WBA_V1.10.0, STM32Cube_FW_WB_V1.24.0, STM32Cube_FW_WL3_V1.5.0, STM32Cube_FW_WL_V1.6.0, X-CUBE-ALGOBUILD_V1.5.0, X-CUBE-ALS_V1.0.2, X-CUBE-AZRTOS-F4_V1.1.0, X-CUBE-AZRTOS-F7_V1.1.0, X-CUBE-AZRTOS-G0_V1.1.0, X-CUBE-AZRTOS-G4_V2.0.0, X-CUBE-AZRTOS-H7RS_V1.1.0, X-CUBE-AZRTOS-H7_V3.5.0, X-CUBE-AZRTOS-L4_V2.0.0, X-CUBE-AZRTOS-L5_V2.0.0, X-CUBE-AZRTOS-WB_V2.0.0, X-CUBE-AZRTOS-WL_V2.0.0, X-CUBE-BLE1_V7.1.0, X-CUBE-BLE2_V3.3.0, X-CUBE-BLEMGR_V4.1.0, X-CUBE-EEPRMA1_V5.2.0, X-CUBE-FREERTOS_V1.5.0, X-CUBE-GNSS1_V7.1.1, X-CUBE-MEMS1_V12.1.0, X-CUBE-NFC4_V3.0.0, X-CUBE-NFC7_V2.0.0, X-CUBE-SFXS2LP1_V4.0.0, X-CUBE-ST67W61_V1.3.0, X-CUBE-SUBG2_V5.0.0, X-CUBE-TOF1_V3.4.3]
2026-07-25 19:46:15,855 [INFO] DbBoardsSqlite:226 - include board P-NUCLEO-WB55-NUCLEO as a kit item of type 'Nucleo-64'
2026-07-25 19:46:15,856 [INFO] DbBoardsSqlite:226 - include board P-NUCLEO-WB55-USBDONGLE as a kit item of type 'Nucleo USB Dongle'
2026-07-25 19:46:15,856 [INFO] DbBoardsSqlite:226 - include board STEVAL-IDP005V1 as a kit item of type 'Evaluation Board'
2026-07-25 19:46:15,856 [INFO] DbBoardsSqlite:226 - include board STEVAL-IDP005V2 as a kit item of type 'Evaluation Board'
2026-07-25 19:46:15,911 [INFO] ApiDb:240 - Found 323 in-development CPN: [B-G473E-ZEST1S, B-WB1M-WPAN1, B-WL5M-SUBG1, NUCLEO-C031C6, NUCLEO-H503RB, NUCLEO-H563ZI, NUCLEO-U545RE-Q, NUCLEO-U5A5ZJ-Q, NUCLEO-WBA52CG, STEVAL-PROTEUS1, STEVAL-SMARTAG2, STEVAL-STWINBX1, STM320518-EVAL, STM32C0116-DK, STM32C011D6Y3TR, STM32C011D6Y6TR, STM32C011F4P3, STM32C011F4P6, STM32C011F4U3, STM32C011F4U6TR, STM32C011F6P3, STM32C011F6P6, STM32C011F6U3, STM32C011F6U6TR, STM32C011J4M3, STM32C011J4M6, STM32C011J6M3, STM32C011J6M6, STM32C0316-DK, STM32C031C4T3, STM32C031C4T6, STM32C031C4U3, STM32C031C4U6, STM32C031C6T3, STM32C031C6T6, STM32C031C6U3, STM32C031C6U6, STM32C031F4P3, STM32C031F4P6, STM32C031F6P3, STM32C031F6P6, STM32C031G4U3, STM32C031G4U6, STM32C031G6U3, STM32C031G6U6, STM32C031K4T3, STM32C031K4T6, STM32C031K4U3, STM32C031K4U6, STM32C031K6T3, STM32C031K6T6, STM32C031K6U3, STM32C031K6U6, STM32G071K8TXN, STM32G071K8UXN, STM32G081GBU6N, STM32G081KBT6N, STM32G081KBUXN, STM32G0B1CCT6N, STM32G0B1KCT6, STM32G0B1NEY6TR, STM32G0B1RCT6N, STM32G0C1CCT6, STM32G0C1CCT6N, STM32G0C1CCU6N, STM32G0C1CET6N, STM32G0C1CEU6N, STM32G0C1KCT6, STM32G0C1NEY6TR, STM32G0C1RCI6N, STM32G0C1RCT6N, STM32G0C1REI6N, STM32G0C1RET6N, STM32G0C1VCI6, STM32G0C1VEI6, STM32G471CCT6, STM32G471CCU6, STM32G471CET3, STM32G471CET6, STM32G471CEU3, STM32G471CEU6, STM32G471MCT6, STM32G471MET3, STM32G471MET6, STM32G471MEY6TR, STM32G471QCT6, STM32G471QET3, STM32G471RCT6, STM32G471RET3, STM32G471RET6, STM32G471VCH6, STM32G471VCI6, STM32G471VCT6, STM32G471VEH3, STM32G471VEH6, STM32G471VEI3, STM32G471VEI6, STM32G471VET3, STM32G471VET6, STM32G474CCT6, STM32H503CBT6, STM32H503CBU6, STM32H503EBY6TR, STM32H503KBU6, STM32H503RBT6, STM32H562AGI6, STM32H562AII6, STM32H562IGK6, STM32H562IGT6, STM32H562IIK6, STM32H562IIT6, STM32H562RGT6, STM32H562RGV6, STM32H562RIT6, STM32H562RIV6, STM32H562VGT6, STM32H562VIT6, STM32H562ZGT6, STM32H562ZIT6, STM32H563AGI6, STM32H563AII3Q, STM32H563AII6, STM32H563IGK6, STM32H563IGT6, STM32H563IIK3Q, STM32H563IIK6, STM32H563IIT3Q, STM32H563IIT6, STM32H563MIY3QTR, STM32H563RGT6, STM32H563RGV6, STM32H563RIT6, STM32H563RIV6, STM32H563VGT6, STM32H563VIT3Q, STM32H563VIT6, STM32H563ZGT6, STM32H563ZIT3Q, STM32H563ZIT6, STM32H573AII3Q, STM32H573AII6, STM32H573I-DK, STM32H573IIK3Q, STM32H573IIK6, STM32H573IIT3Q, STM32H573IIT6, STM32H573MIY3QTR, STM32H573RIT6, STM32H573RIV6, STM32H573VIT3Q, STM32H573VIT6, STM32H573ZIT3Q, STM32H573ZIT6, STM32L4R5QGI6STR, STM32MP131AAE3, STM32MP131AAF3, STM32MP131AAG3, STM32MP131CAE3, STM32MP131CAF3, STM32MP131CAG3, STM32MP131DAE7, STM32MP131DAF7, STM32MP131DAG7, STM32MP131FAE7, STM32MP131FAF7, STM32MP131FAG7, STM32MP133AAE3, STM32MP133AAF3, STM32MP133AAG3, STM32MP133CAE3, STM32MP133CAF3, STM32MP133CAG3, STM32MP133DAE7, STM32MP133DAF7, STM32MP133DAG7, STM32MP133FAE7, STM32MP133FAF7, STM32MP133FAG7, STM32MP135AAE3, STM32MP135AAF3, STM32MP135AAG3, STM32MP135CAE3, STM32MP135CAF3, STM32MP135CAG3, STM32MP135DAE7, STM32MP135DAF7, STM32MP135DAG7, STM32MP135F-DK, STM32MP135FAE7, STM32MP135FAF7, STM32MP135FAF7T, STM32MP135FAF7U, STM32MP135FAG7, STM32U535CBT6, STM32U535CBT6Q, STM32U535CBU6, STM32U535CBU6Q, STM32U535CCT6, STM32U535CCT6Q, STM32U535CCU6, STM32U535CCU6Q, STM32U535CET6, STM32U535CET6Q, STM32U535CEU6, STM32U535CEU6Q, STM32U535JEY6QTR, STM32U535NCY6QTR, STM32U535NEY6QTR, STM32U535RBI6, STM32U535RBI6Q, STM32U535RBT6, STM32U535RBT6Q, STM32U535RCI6, STM32U535RCI6Q, STM32U535RCT6, STM32U535RCT6Q, STM32U535REI6, STM32U535REI6Q, STM32U535RET6, STM32U535RET6Q, STM32U535VCI6, STM32U535VCI6Q, STM32U535VCT6, STM32U535VCT6Q, STM32U535VEI6, STM32U535VEI6Q, STM32U535VET6, STM32U535VET6Q, STM32U545CET6, STM32U545CET6Q, STM32U545CEU6, STM32U545CEU6Q, STM32U545JEY6QTR, STM32U545NEY6QTR, STM32U545REI6, STM32U545REI6Q, STM32U545RET6, STM32U545RET6Q, STM32U545VEI6, STM32U545VEI6Q, STM32U545VET6, STM32U545VET6Q, STM32U595AIH6, STM32U595AIH6Q, STM32U595AJH6, STM32U595AJH6Q, STM32U595QII6, STM32U595QII6Q, STM32U595QJI6, STM32U595QJI6Q, STM32U595RIT6, STM32U595RIT6Q, STM32U595RJT6, STM32U595RJT6Q, STM32U595VIT6, STM32U595VIT6Q, STM32U595VJT6, STM32U595VJT6Q, STM32U595ZIT6, STM32U595ZIT6Q, STM32U595ZIY6QTR, STM32U595ZJT6, STM32U595ZJT6Q, STM32U595ZJY6QTR, STM32U599BJY6QTR, STM32U599NIH6Q, STM32U599NJH6Q, STM32U599VIT6Q, STM32U599VJT6, STM32U599VJT6Q, STM32U599ZIT6Q, STM32U599ZIY6QTR, STM32U599ZJT6Q, STM32U599ZJY6QTR, STM32U5A5AJH6, STM32U5A5AJH6Q, STM32U5A5QJI6, STM32U5A5QJI6Q, STM32U5A5RJT6, STM32U5A5RJT6Q, STM32U5A5VJT6, STM32U5A5VJT6Q, STM32U5A5ZJT6, STM32U5A5ZJT6Q, STM32U5A5ZJY6QTR, STM32U5A9BJY6QTR, STM32U5A9J-DK, STM32U5A9NJH6Q, STM32U5A9VJT6Q, STM32U5A9ZJT6Q, STM32U5A9ZJY6QTR, STM32U5F7VIT6, STM32U5F7VIT6Q, STM32U5F7VJT6, STM32U5F7VJT6Q, STM32U5F9BJY6QTR, STM32U5F9NJH6Q, STM32U5F9VIT6Q, STM32U5F9VJT6Q, STM32U5F9ZIJ6QTR, STM32U5F9ZIT6Q, STM32U5F9ZJJ6QTR, STM32U5F9ZJT6Q, STM32U5G7VJT6, STM32U5G7VJT6Q, STM32U5G9BJY6QTR, STM32U5G9J-DK1, STM32U5G9J-DK2, STM32U5G9NJH6Q, STM32U5G9VJT6Q, STM32U5G9ZJJ6QTR, STM32U5G9ZJT6Q, STM32WB1MMCH6, STM32WBA52CEU6, STM32WBA52CEU6T, STM32WBA52CGU6, STM32WBA52CGU6T, STM32WBA52KEU6, STM32WBA52KEU6T, STM32WBA52KGU6, STM32WBA52KGU6T, STM32WL5MOCH6, STM32WL5MOCH6TR]
2026-07-25 19:46:15,935 [INFO] BoardInfo:880 - No configuration file found for board B-WBA5M-WPAN
2026-07-25 19:46:15,935 [INFO] DbBoards:157 - Board is not supported: B-WBA5M-WPAN
2026-07-25 19:46:15,939 [INFO] BoardInfo:880 - No configuration file found for board NUCLEO-C051C8
2026-07-25 19:46:15,939 [INFO] DbBoards:157 - Board is not supported: NUCLEO-C051C8
2026-07-25 19:46:15,940 [INFO] BoardInfo:880 - No configuration file found for board NUCLEO-C071RB
2026-07-25 19:46:15,940 [INFO] DbBoards:157 - Board is not supported: NUCLEO-C071RB
2026-07-25 19:46:15,942 [INFO] BoardInfo:880 - No configuration file found for board NUCLEO-C092RC
2026-07-25 19:46:15,942 [INFO] DbBoards:157 - Board is not supported: NUCLEO-C092RC
2026-07-25 19:46:15,979 [INFO] BoardInfo:880 - No configuration file found for board NUCLEO-H533RE
2026-07-25 19:46:15,980 [INFO] DbBoards:157 - Board is not supported: NUCLEO-H533RE
2026-07-25 19:46:15,982 [INFO] BoardInfo:880 - No configuration file found for board NUCLEO-H5E5ZJ
2026-07-25 19:46:15,982 [INFO] DbBoards:157 - Board is not supported: NUCLEO-H5E5ZJ
2026-07-25 19:46:15,990 [INFO] BoardInfo:880 - No configuration file found for board NUCLEO-H7S3L8
2026-07-25 19:46:15,990 [INFO] DbBoards:157 - Board is not supported: NUCLEO-H7S3L8
2026-07-25 19:46:16,012 [INFO] BoardInfo:880 - No configuration file found for board NUCLEO-N657X0-Q
2026-07-25 19:46:16,012 [INFO] DbBoards:157 - Board is not supported: NUCLEO-N657X0-Q
2026-07-25 19:46:16,014 [INFO] BoardInfo:880 - No configuration file found for board NUCLEO-U031R8
2026-07-25 19:46:16,014 [INFO] DbBoards:157 - Board is not supported: NUCLEO-U031R8
2026-07-25 19:46:16,015 [INFO] BoardInfo:880 - No configuration file found for board NUCLEO-U083RC
2026-07-25 19:46:16,015 [INFO] DbBoards:157 - Board is not supported: NUCLEO-U083RC
2026-07-25 19:46:16,016 [INFO] BoardInfo:880 - No configuration file found for board NUCLEO-U385RG-Q
2026-07-25 19:46:16,016 [INFO] DbBoards:157 - Board is not supported: NUCLEO-U385RG-Q
2026-07-25 19:46:16,017 [INFO] BoardInfo:880 - No configuration file found for board NUCLEO-U3C5ZI-Q
2026-07-25 19:46:16,017 [INFO] DbBoards:157 - Board is not supported: NUCLEO-U3C5ZI-Q
2026-07-25 19:46:16,021 [INFO] BoardInfo:880 - No configuration file found for board NUCLEO-WB05KZ
2026-07-25 19:46:16,021 [INFO] DbBoards:157 - Board is not supported: NUCLEO-WB05KZ
2026-07-25 19:46:16,023 [INFO] BoardInfo:880 - No configuration file found for board NUCLEO-WB07CC
2026-07-25 19:46:16,023 [INFO] DbBoards:157 - Board is not supported: NUCLEO-WB07CC
2026-07-25 19:46:16,023 [INFO] BoardInfo:880 - No configuration file found for board NUCLEO-WB09KE
2026-07-25 19:46:16,023 [INFO] DbBoards:157 - Board is not supported: NUCLEO-WB09KE
2026-07-25 19:46:16,032 [INFO] BoardInfo:880 - No configuration file found for board NUCLEO-WBA25CE1
2026-07-25 19:46:16,032 [INFO] DbBoards:157 - Board is not supported: NUCLEO-WBA25CE1
2026-07-25 19:46:16,034 [INFO] BoardInfo:880 - No configuration file found for board NUCLEO-WBA55CG
2026-07-25 19:46:16,035 [INFO] DbBoards:157 - Board is not supported: NUCLEO-WBA55CG
2026-07-25 19:46:16,035 [INFO] BoardInfo:880 - No configuration file found for board NUCLEO-WBA65RI
2026-07-25 19:46:16,035 [INFO] DbBoards:157 - Board is not supported: NUCLEO-WBA65RI
2026-07-25 19:46:16,036 [INFO] BoardInfo:880 - No configuration file found for board NUCLEO-WL33CC1
2026-07-25 19:46:16,036 [INFO] DbBoards:157 - Board is not supported: NUCLEO-WL33CC1
2026-07-25 19:46:16,037 [INFO] BoardInfo:880 - No configuration file found for board NUCLEO-WL33CC2
2026-07-25 19:46:16,037 [INFO] DbBoards:157 - Board is not supported: NUCLEO-WL33CC2
2026-07-25 19:46:16,038 [INFO] BoardInfo:880 - No configuration file found for board NUCLEO-WL3RKB1
2026-07-25 19:46:16,038 [INFO] DbBoards:157 - Board is not supported: NUCLEO-WL3RKB1
2026-07-25 19:46:16,039 [INFO] BoardInfo:880 - No configuration file found for board NUCLEO-WL3RKB2
2026-07-25 19:46:16,039 [INFO] DbBoards:157 - Board is not supported: NUCLEO-WL3RKB2
2026-07-25 19:46:16,043 [INFO] BoardInfo:880 - No configuration file found for board P-NUCLEO-WB55
2026-07-25 19:46:16,043 [INFO] DbBoards:157 - Kit is not supported: P-NUCLEO-WB55
2026-07-25 19:46:16,046 [INFO] BoardInfo:880 - No configuration file found for board STEVAL-BFA001V1B
2026-07-25 19:46:16,046 [INFO] DbBoards:157 - Kit is not supported: STEVAL-BFA001V1B
2026-07-25 19:46:16,047 [INFO] BoardInfo:880 - No configuration file found for board STEVAL-BFA001V2B
2026-07-25 19:46:16,047 [INFO] DbBoards:157 - Kit is not supported: STEVAL-BFA001V2B
2026-07-25 19:46:16,050 [INFO] BoardInfo:880 - No configuration file found for board STEVAL-MKBOXPRO
2026-07-25 19:46:16,050 [INFO] DbBoards:157 - Board is not supported: STEVAL-MKBOXPRO
2026-07-25 19:46:16,095 [INFO] BoardInfo:880 - No configuration file found for board STM32H5F5J-DK
2026-07-25 19:46:16,095 [INFO] DbBoards:157 - Board is not supported: STM32H5F5J-DK
2026-07-25 19:46:16,106 [INFO] BoardInfo:880 - No configuration file found for board STM32H7S78-DK
2026-07-25 19:46:16,106 [INFO] DbBoards:157 - Board is not supported: STM32H7S78-DK
2026-07-25 19:46:16,122 [INFO] BoardInfo:880 - No configuration file found for board STM32MP215F-DK
2026-07-25 19:46:16,123 [INFO] DbBoards:157 - Board is not supported: STM32MP215F-DK
2026-07-25 19:46:16,123 [INFO] BoardInfo:880 - No configuration file found for board STM32MP257F-DK
2026-07-25 19:46:16,123 [INFO] DbBoards:157 - Board is not supported: STM32MP257F-DK
2026-07-25 19:46:16,124 [INFO] BoardInfo:880 - No configuration file found for board STM32MP257F-EV1
2026-07-25 19:46:16,124 [INFO] DbBoards:157 - Board is not supported: STM32MP257F-EV1
2026-07-25 19:46:16,125 [INFO] BoardInfo:880 - No configuration file found for board STM32N6570-DK
2026-07-25 19:46:16,126 [INFO] DbBoards:157 - Board is not supported: STM32N6570-DK
2026-07-25 19:46:16,126 [INFO] BoardInfo:880 - No configuration file found for board STM32U083C-DK
2026-07-25 19:46:16,126 [INFO] DbBoards:157 - Board is not supported: STM32U083C-DK
2026-07-25 19:46:16,133 [INFO] BoardInfo:880 - No configuration file found for board STM32WBA55G-DK1
2026-07-25 19:46:16,133 [INFO] DbBoards:157 - Board is not supported: STM32WBA55G-DK1
2026-07-25 19:46:16,134 [INFO] BoardInfo:880 - No configuration file found for board STM32WBA65I-DK1
2026-07-25 19:46:16,134 [INFO] DbBoards:157 - Board is not supported: STM32WBA65I-DK1
2026-07-25 19:46:16,135 [INFO] DbBoards:161 - Found 218 boards, 183 are supported
2026-07-25 19:46:16,137 [INFO] ApiDb:423 - Load user favorites file C:\Users\Admin/.stm32cubeide/favorites.boards.txt: 0 item(s)
2026-07-25 19:46:16,138 [INFO] ApiDb:427 - User favorites Boards=[]
2026-07-25 19:46:16,138 [INFO] DbBoards:190 - Set 0 / 0 favorites Boards
2026-07-25 19:46:16,138 [INFO] McuFinderGlobals:76 - Set McuFinderConnectedMode to true
2026-07-25 19:46:16,155 [INFO] MultiScanPanel:200 - Auto-refresh data requested => check proxy status ongoing
2026-07-25 19:46:16,157 [INFO] FinderPluginLoader:95 - Searching for filters in installed packs
2026-07-25 19:46:17,286 [INFO] LoadUrlFilesThread:185 - End of LoadServerUrlFiles without Thread
2026-07-25 19:46:17,305 [INFO] DetailPanel:341 - Set advertising image to C:/Users/Admin/STM32Cube/Repository/\en.stm32h5cubemxbanner.png
2026-07-25 19:46:47,760 [INFO] MainUpdater:2868 - connection check result : 10
2026-07-25 19:46:47,761 [INFO] MainUpdater:2868 - connection check result : 10
2026-07-25 19:46:47,803 [INFO] MicroXplorer:468 - Change Database Path : 
2026-07-25 19:46:47,803 [INFO] MicroXplorer:498 - Change Database Version : DB.6.0.91
2026-07-25 19:46:47,820 [WARN] ThirdParty:871 - waiting for thirdparty lock release [close project]
2026-07-25 19:46:47,820 [INFO] ThirdParty:873 - entering critical section [close project]
2026-07-25 19:46:47,820 [INFO] ThirdParty:883 - exiting critical section [close project]
2026-07-25 19:46:47,822 [INFO] PinOutPanel:1499 - setPackage(No Configuration,No Configuration)
2026-07-25 19:46:47,827 [WARN] IpParametersView:151 - Warning: This peripheral hasn't parameters
2026-07-25 19:46:47,831 [WARN] MainPanel:272 - <html><b><center>Warning: This peripheral has no parameters to be configured<br></b></html>
2026-07-25 19:46:47,833 [INFO] CADModel:198 - CPN selected (Project mode): STM32F405RGT6
2026-07-25 19:46:47,833 [INFO] CADModel:200 - Internet connection configuration mode: 1
2026-07-25 19:46:47,833 [INFO] CADModel:203 - rpn retrievedSTM32F405RG
2026-07-25 19:46:47,833 [INFO] WebAppUi:596 - RPN selected STM32F405RG
2026-07-25 19:46:47,833 [INFO] WebAppUi:597 - RefName selected STM32F405RGTx
2026-07-25 19:46:47,833 [INFO] WebAppUi:598 - CPN selected STM32F405RGT6
2026-07-25 19:46:47,838 [INFO] WebAppUi:761 - Which Bigleton in use 2 and which CPN is about STM32F405RGT6
2026-07-25 19:46:47,848 [INFO] WebAppUi:635 - Have injected Javascript into web application
2026-07-25 19:46:47,848 [INFO] WebAppUiContainer:153 - Web application run mode: Project CPN: STM32F405RGT6
2026-07-25 19:46:47,854 [INFO] UtilMem:75 - Begin LoadConfig() Used Memory: 925050120 Bytes (1073741824)
2026-07-25 19:46:47,854 [INFO] MicroXplorer:468 - Change Database Path : 
2026-07-25 19:46:47,854 [INFO] MicroXplorer:498 - Change Database Version : DB.6.0.91
2026-07-25 19:46:47,854 [INFO] OpenFileManager:308 - Change cursor
2026-07-25 19:46:47,862 [INFO] RulesReader:64 - Compatibility file has been processed (293 Rules)
2026-07-25 19:46:47,864 [INFO] Mcu:1946 - Initializing MCU STM32F405RGTx STM32F405RGTx STM32F405RGT6
2026-07-25 19:46:48,667 [INFO] Context:659 - Trying to add GPIOservice into a context  which must be forbidden
2026-07-25 19:46:48,865 [INFO] ImportTextPane:194 - (OptionalMessage_ERROR) Unable to find key (Mcu.ThirdPartyNb) in loaded IOC file
2026-07-25 19:46:48,865 [INFO] ImportTextPane:194 - (OptionalMessage_ERROR) Unable to find key (Mcu.PinsNb) in loaded IOC file
2026-07-25 19:46:48,865 [INFO] ImportTextPane:194 - (OptionalMessage_ERROR) Unable to find key (Mcu.IPNb) in loaded IOC file
2026-07-25 19:46:48,883 [WARN] ModelIntegratedComponent:63 - No mode defined for component null
2026-07-25 19:46:48,883 [WARN] ModelIntegratedComponent:63 - No mode defined for component null
2026-07-25 19:46:48,883 [WARN] ModelIntegratedComponent:63 - No mode defined for component null
2026-07-25 19:46:48,883 [WARN] ModelIntegratedComponent:63 - No mode defined for component null
2026-07-25 19:46:48,883 [WARN] ModelIntegratedComponent:63 - No mode defined for component null
2026-07-25 19:46:48,883 [WARN] ModelIntegratedComponent:63 - No mode defined for component null
2026-07-25 19:46:48,883 [WARN] ModelIntegratedComponent:63 - No mode defined for component null
2026-07-25 19:46:48,883 [WARN] ModelIntegratedComponent:63 - No mode defined for component null
2026-07-25 19:46:48,883 [WARN] ModelIntegratedComponent:63 - No mode defined for component null
2026-07-25 19:46:48,883 [WARN] ModelIntegratedComponent:63 - No mode defined for component null
2026-07-25 19:46:48,883 [WARN] ModelIntegratedComponent:63 - No mode defined for component null
2026-07-25 19:46:48,883 [WARN] ModelIntegratedComponent:63 - No mode defined for component null
2026-07-25 19:46:48,883 [WARN] ModelIntegratedComponent:63 - No mode defined for component null
2026-07-25 19:46:48,883 [WARN] ModelIntegratedComponent:63 - No mode defined for component null
2026-07-25 19:46:48,883 [WARN] ModelIntegratedComponent:63 - No mode defined for component null
2026-07-25 19:46:48,883 [WARN] ModelIntegratedComponent:63 - No mode defined for component null
2026-07-25 19:46:48,883 [WARN] ModelIntegratedComponent:63 - No mode defined for component null
2026-07-25 19:46:48,883 [WARN] ModelIntegratedComponent:63 - No mode defined for component null
2026-07-25 19:46:48,883 [WARN] ModelIntegratedComponent:63 - No mode defined for component null
2026-07-25 19:46:48,883 [WARN] ModelIntegratedComponent:63 - No mode defined for component null
2026-07-25 19:46:48,883 [WARN] ModelIntegratedComponent:63 - No mode defined for component null
2026-07-25 19:46:48,883 [WARN] ModelIntegratedComponent:63 - No mode defined for component null
2026-07-25 19:46:48,883 [WARN] ModelIntegratedComponent:63 - No mode defined for component null
2026-07-25 19:46:48,883 [WARN] ModelIntegratedComponent:63 - No mode defined for component null
2026-07-25 19:46:48,883 [WARN] ModelIntegratedComponent:63 - No mode defined for component null
2026-07-25 19:46:48,883 [WARN] ModelIntegratedComponent:63 - No mode defined for component null
2026-07-25 19:46:48,883 [WARN] ModelIntegratedComponent:63 - No mode defined for component null
2026-07-25 19:46:48,884 [WARN] ModelIntegratedComponent:63 - No mode defined for component null
2026-07-25 19:46:48,884 [WARN] ModelIntegratedComponent:63 - No mode defined for component null
2026-07-25 19:46:48,884 [WARN] ModelIntegratedComponent:63 - No mode defined for component null
2026-07-25 19:46:48,884 [WARN] ModelIntegratedComponent:63 - No mode defined for component null
2026-07-25 19:46:48,884 [WARN] ModelIntegratedComponent:63 - No mode defined for component null
2026-07-25 19:46:48,884 [WARN] ModelIntegratedComponent:63 - No mode defined for component null
2026-07-25 19:46:48,887 [INFO] RtosManager:555 - Registered RTOS mode: class=CMSIS, group=RTOS, mode=CMSIS_V1, owner=FREERTOS
2026-07-25 19:46:48,887 [INFO] RtosManager:555 - Registered RTOS mode: class=CMSIS, group=RTOS2, mode=CMSIS_V2, owner=FREERTOS
2026-07-25 19:46:48,887 [INFO] RtosManager:555 - Registered RTOS mode: class=RTOS, group=Core, mode=CMSIS_V1, owner=FREERTOS
2026-07-25 19:46:48,887 [INFO] RtosManager:555 - Registered RTOS mode: class=RTOS, group=Core, mode=CMSIS_V2, owner=FREERTOS
2026-07-25 19:46:48,887 [WARN] ModelIntegratedComponent:184 - Missing modes for component STMicroelectronics:FreeRTOS:0.0.1:STMicroelectronics:RTOS:FreeRTOS:Core:::10.2.0:
2026-07-25 19:46:48,903 [INFO] ThirdPartyModel:298 - Start build external matchings
2026-07-25 19:46:48,946 [INFO] ThirdPartyModel:316 - End build external matchings
2026-07-25 19:46:49,040 [INFO] WebAppUi:1035 - Web application message: Token has expired
2026-07-25 19:46:49,042 [INFO] WebAppUi:1035 - Web application message: [UlApiManager component] Connecting to SSO
2026-07-25 19:46:49,204 [INFO] UtilMem:75 - End LoadConfig() Used Memory: 903554512 Bytes (1073741824)
2026-07-25 19:46:49,226 [WARN] ThirdParty:833 - waiting for thirdparty lock release [change project]
2026-07-25 19:46:49,226 [INFO] ThirdParty:835 - entering critical section [change project]
2026-07-25 19:46:49,226 [INFO] ThirdParty:1030 - CMSIS Pack Vendor :wolfSSL I-CUBE-wolfTPM 3.8.0
2026-07-25 19:46:49,226 [INFO] ThirdParty:1030 - CMSIS Pack Vendor :STMicroelectronics USBPD 4.1
2026-07-25 19:46:49,227 [INFO] ThirdParty:1030 - CMSIS Pack Vendor :STMicroelectronics X-CUBE-DISPLAY 3.0.0
2026-07-25 19:46:49,227 [INFO] ThirdParty:1030 - CMSIS Pack Vendor :wolfSSL I-CUBE-wolfSSH 1.4.20
2026-07-25 19:46:49,227 [INFO] ThirdParty:1030 - CMSIS Pack Vendor :STMicroelectronics USB_HOST 2.0.0
2026-07-25 19:46:49,227 [INFO] ThirdParty:1030 - CMSIS Pack Vendor :STMicroelectronics FP-ATR-ASTRA1 2.0.3
2026-07-25 19:46:49,227 [INFO] ThirdParty:1030 - CMSIS Pack Vendor :STMicroelectronics X-CUBE-AZRTOS-F4 1.1.0
2026-07-25 19:46:49,227 [INFO] ThirdParty:1030 - CMSIS Pack Vendor :STMicroelectronics LIBJPEG 8.0.0
2026-07-25 19:46:49,227 [INFO] ThirdParty:1030 - CMSIS Pack Vendor :STMicroelectronics FP-ATR-ASTRA1 2.0.2
2026-07-25 19:46:49,227 [INFO] ThirdParty:1030 - CMSIS Pack Vendor :wolfSSL I-CUBE-wolfSSL 5.9.1
2026-07-25 19:46:49,227 [INFO] ThirdParty:1030 - CMSIS Pack Vendor :STMicroelectronics FP-ATR-SIGFOX1 3.2.0
2026-07-25 19:46:49,227 [INFO] ThirdParty:1030 - CMSIS Pack Vendor :STMicroelectronics X-CUBE-SMBUS 2.1.0
2026-07-25 19:46:49,227 [INFO] ThirdParty:1030 - CMSIS Pack Vendor :wolfSSL I-CUBE-wolfMQTT 1.19.2
2026-07-25 19:46:49,227 [INFO] ThirdParty:1030 - CMSIS Pack Vendor :STMicroelectronics USB_DEVICE 3.0.0
2026-07-25 19:46:49,227 [INFO] ThirdParty:1030 - CMSIS Pack Vendor :STMicroelectronics HAL Drivers 0.0.0
2026-07-25 19:46:49,227 [INFO] ThirdParty:1030 - CMSIS Pack Vendor :STMicroelectronics MBEDTLS 2.16.2
2026-07-25 19:46:49,227 [INFO] ThirdParty:1030 - CMSIS Pack Vendor :emotas I-CUBE-CANOPEN 1.3.0
2026-07-25 19:46:49,227 [INFO] ThirdParty:1030 - CMSIS Pack Vendor :STMicroelectronics MBEDTLS 2.14.1
2026-07-25 19:46:49,227 [INFO] ThirdParty:1030 - CMSIS Pack Vendor :ITTIA_DB I-CUBE-ITTIADB 8.9.0
2026-07-25 19:46:49,227 [INFO] ThirdParty:1030 - CMSIS Pack Vendor :STMicroelectronics X-CUBE-AZRTOS-F7 1.1.0
2026-07-25 19:46:49,227 [INFO] ThirdParty:1030 - CMSIS Pack Vendor :STMicroelectronics X-CUBE-TOUCHGFX 4.26.1
2026-07-25 19:46:49,227 [INFO] ThirdParty:1030 - CMSIS Pack Vendor :STMicroelectronics USB_DEVICE 2.0.0
2026-07-25 19:46:49,227 [INFO] ThirdParty:1030 - CMSIS Pack Vendor :STMicroelectronics X-CUBE-AI 10.2.1
2026-07-25 19:46:49,227 [INFO] ThirdParty:1030 - CMSIS Pack Vendor :STMicroelectronics ThreadX 1.0.0
2026-07-25 19:46:49,227 [INFO] ThirdParty:1030 - CMSIS Pack Vendor :STMicroelectronics X-CUBE-AZRTOS-WL 2.0.0
2026-07-25 19:46:49,227 [INFO] ThirdParty:1030 - CMSIS Pack Vendor :SEGGER I-CUBE-embOS 1.3.1
2026-07-25 19:46:49,227 [INFO] ThirdParty:1030 - CMSIS Pack Vendor :STMicroelectronics X-CUBE-ALGOBUILD 1.4.0
2026-07-25 19:46:49,227 [INFO] ThirdParty:1030 - CMSIS Pack Vendor :STMicroelectronics X-CUBE-ALGOBUILD 1.5.0
2026-07-25 19:46:49,227 [INFO] ThirdParty:1030 - CMSIS Pack Vendor :STMicroelectronics FreeRTOS 0.0.1
2026-07-25 19:46:49,227 [INFO] ThirdParty:1030 - CMSIS Pack Vendor :STMicroelectronics X-CUBE-AZRTOS-H7RS 1.3.0
2026-07-25 19:46:49,227 [INFO] ThirdParty:1030 - CMSIS Pack Vendor :STMicroelectronics X-CUBE-AZRTOS-G0 1.1.0
2026-07-25 19:46:49,227 [INFO] ThirdParty:1030 - CMSIS Pack Vendor :STMicroelectronics USB_DEVICE 1.0.0
2026-07-25 19:46:49,227 [INFO] ThirdParty:1030 - CMSIS Pack Vendor :STMicroelectronics X-CUBE-AZRTOS-H7RS 1.2.0
2026-07-25 19:46:49,227 [INFO] ThirdParty:1030 - CMSIS Pack Vendor :STMicroelectronics X-CUBE-NFC4 3.0.0
2026-07-25 19:46:49,227 [INFO] ThirdParty:1030 - CMSIS Pack Vendor :STMicroelectronics X-CUBE-SUBG2 5.0.0
2026-07-25 19:46:49,227 [INFO] ThirdParty:1030 - CMSIS Pack Vendor :STMicroelectronics STM32_WPAN 1.0.0
2026-07-25 19:46:49,227 [INFO] ThirdParty:1030 - CMSIS Pack Vendor :STMicroelectronics X-CUBE-AZRTOS-L4 2.0.0
2026-07-25 19:46:49,227 [INFO] ThirdParty:1030 - CMSIS Pack Vendor :STMicroelectronics ThreadX 0.0.2
2026-07-25 19:46:49,227 [INFO] ThirdParty:1030 - CMSIS Pack Vendor :STMicroelectronics lwIP 2.0.3
2026-07-25 19:46:49,227 [INFO] ThirdParty:1030 - CMSIS Pack Vendor :STMicroelectronics lwIP 2.1.2
2026-07-25 19:46:49,227 [INFO] ThirdParty:1030 - CMSIS Pack Vendor :STMicroelectronics X-CUBE-SFXS2LP1 4.0.0
2026-07-25 19:46:49,227 [INFO] ThirdParty:1030 - CMSIS Pack Vendor :STMicroelectronics X-CUBE-BLE2 3.3.0
2026-07-25 19:46:49,227 [INFO] ThirdParty:1030 - CMSIS Pack Vendor :STMicroelectronics USB_HOST 1.0.0
2026-07-25 19:46:49,227 [INFO] ThirdParty:1030 - CMSIS Pack Vendor :STMicroelectronics X-CUBE-AZRTOS-G4 2.0.0
2026-07-25 19:46:49,227 [INFO] ThirdParty:1030 - CMSIS Pack Vendor :STMicroelectronics PDM2PCM 3.1.0
2026-07-25 19:46:49,227 [INFO] ThirdParty:1030 - CMSIS Pack Vendor :STMicroelectronics X-CUBE-NFC13 1.0.0
2026-07-25 19:46:49,227 [INFO] ThirdParty:1030 - CMSIS Pack Vendor :STMicroelectronics PDM2PCM 3.2.0
2026-07-25 19:46:49,227 [INFO] ThirdParty:1030 - CMSIS Pack Vendor :STMicroelectronics PDM2PCM 3.3.0
2026-07-25 19:46:49,228 [INFO] ThirdParty:841 - exiting critical section [change project]
2026-07-25 19:46:49,374 [INFO] PinOutPanel:1499 - setPackage(No Configuration,No Configuration)
2026-07-25 19:46:49,375 [INFO] PinOutPanel:1499 - setPackage(STM32F405RGTx,LQFP64)
2026-07-25 19:46:49,572 [INFO] UtilMem:75 - Before build in PCC Used Memory: 833314520 Bytes (1073741824)
2026-07-25 19:46:49,761 [INFO] UtilMem:75 - After build in PCC Used Memory: 878403288 Bytes (1073741824)
2026-07-25 19:46:49,783 [INFO] IPUIPlugin:80 - create IPUIPlugin
2026-07-25 19:46:49,783 [INFO] IPUIPlugin:80 - create IPUIPlugin
2026-07-25 19:46:49,783 [INFO] IPUIPlugin:80 - create IPUIPlugin
2026-07-25 19:46:49,783 [INFO] IPUIPlugin:80 - create IPUIPlugin
2026-07-25 19:46:49,783 [INFO] IPUIPlugin:80 - create IPUIPlugin
2026-07-25 19:46:49,783 [INFO] IPUIPlugin:80 - create IPUIPlugin
2026-07-25 19:46:49,783 [INFO] IPUIPlugin:80 - create IPUIPlugin
2026-07-25 19:46:49,783 [INFO] IPUIPlugin:80 - create IPUIPlugin
2026-07-25 19:46:49,783 [INFO] IPUIPlugin:80 - create IPUIPlugin
2026-07-25 19:46:49,783 [INFO] IPUIPlugin:80 - create IPUIPlugin
2026-07-25 19:46:49,784 [INFO] IPUIPlugin:80 - create IPUIPlugin
2026-07-25 19:46:49,784 [INFO] IPUIPlugin:80 - create IPUIPlugin
2026-07-25 19:46:49,784 [INFO] IPUIPlugin:80 - create IPUIPlugin
2026-07-25 19:46:49,784 [INFO] IPUIPlugin:80 - create IPUIPlugin
2026-07-25 19:46:49,784 [INFO] IPUIPlugin:80 - create IPUIPlugin
2026-07-25 19:46:49,784 [INFO] IPUIPlugin:80 - create IPUIPlugin
2026-07-25 19:46:49,784 [INFO] IPUIPlugin:80 - create IPUIPlugin
2026-07-25 19:46:49,784 [INFO] IPUIPlugin:80 - create IPUIPlugin
2026-07-25 19:46:49,785 [INFO] IPUIPlugin:80 - create IPUIPlugin
2026-07-25 19:46:49,785 [INFO] IPUIPlugin:80 - create IPUIPlugin
2026-07-25 19:46:49,785 [INFO] IPUIPlugin:80 - create IPUIPlugin
2026-07-25 19:46:49,785 [INFO] IPUIPlugin:80 - create IPUIPlugin
2026-07-25 19:46:49,785 [INFO] IPUIPlugin:80 - create IPUIPlugin
2026-07-25 19:46:49,785 [INFO] IPUIPlugin:80 - create IPUIPlugin
2026-07-25 19:46:49,786 [INFO] IPUIPlugin:80 - create IPUIPlugin
2026-07-25 19:46:49,786 [INFO] IPUIPlugin:80 - create IPUIPlugin
2026-07-25 19:46:49,786 [INFO] IPUIPlugin:80 - create IPUIPlugin
2026-07-25 19:46:49,786 [INFO] IPUIPlugin:80 - create IPUIPlugin
2026-07-25 19:46:49,786 [INFO] IPUIPlugin:80 - create IPUIPlugin
2026-07-25 19:46:49,787 [INFO] IPUIPlugin:80 - create IPUIPlugin
2026-07-25 19:46:49,787 [INFO] IPUIPlugin:80 - create IPUIPlugin
2026-07-25 19:46:49,787 [INFO] IPUIPlugin:80 - create IPUIPlugin
2026-07-25 19:46:49,787 [INFO] IPUIPlugin:80 - create IPUIPlugin
2026-07-25 19:46:49,787 [INFO] IPUIPlugin:80 - create IPUIPlugin
2026-07-25 19:46:49,788 [INFO] IPUIPlugin:80 - create IPUIPlugin
2026-07-25 19:46:49,788 [INFO] IPUIPlugin:80 - create IPUIPlugin
2026-07-25 19:46:49,788 [INFO] IPUIPlugin:80 - create IPUIPlugin
2026-07-25 19:46:49,788 [INFO] IPUIPlugin:80 - create IPUIPlugin
2026-07-25 19:46:49,788 [INFO] IPUIPlugin:80 - create IPUIPlugin
2026-07-25 19:46:49,789 [INFO] IPUIPlugin:80 - create IPUIPlugin
2026-07-25 19:46:49,789 [INFO] IPUIPlugin:80 - create IPUIPlugin
2026-07-25 19:46:49,789 [INFO] IPUIPlugin:80 - create IPUIPlugin
2026-07-25 19:46:49,789 [INFO] IPUIPlugin:80 - create IPUIPlugin
2026-07-25 19:46:49,790 [INFO] IPUIPlugin:80 - create IPUIPlugin
2026-07-25 19:46:49,790 [INFO] IPUIPlugin:80 - create IPUIPlugin
2026-07-25 19:46:49,790 [INFO] IPUIPlugin:80 - create IPUIPlugin
2026-07-25 19:46:49,790 [INFO] IPUIPlugin:80 - create IPUIPlugin
2026-07-25 19:46:49,791 [INFO] IPUIPlugin:80 - create IPUIPlugin
2026-07-25 19:46:49,791 [INFO] IPUIPlugin:80 - create IPUIPlugin
2026-07-25 19:46:49,791 [INFO] IPUIPlugin:80 - create IPUIPlugin
2026-07-25 19:46:49,792 [INFO] IPUIPlugin:80 - create IPUIPlugin
2026-07-25 19:46:49,792 [INFO] IPUIPlugin:80 - create IPUIPlugin
2026-07-25 19:46:49,792 [INFO] IPUIPlugin:80 - create IPUIPlugin
2026-07-25 19:46:49,793 [INFO] IPUIPlugin:80 - create IPUIPlugin
2026-07-25 19:46:49,796 [INFO] ApiDbMcu:507 - Load IP Config File for PDM2PCM
2026-07-25 19:46:49,822 [INFO] CADModel:165 - CPN selected for project levelSTM32F405RGT6
2026-07-25 19:46:49,822 [INFO] CADModel:114 - Register for checkConnection events
2026-07-25 19:46:49,886 [INFO] OpenFileManager:328 - Restore cursor
2026-07-25 19:46:50,273 [INFO] UtilMem:75 - End SaveConfig() Used Memory: 840250728 Bytes (1073741824)
2026-07-25 19:46:50,305 [INFO] WebAppUi:1035 - Web application message: [UlApiManager component] Connected to Ultra Librarian SSO
2026-07-25 19:46:50,317 [INFO] UtilMem:75 - End SaveConfig() Used Memory: 862597680 Bytes (1073741824)
2026-07-25 19:46:50,455 [INFO] BlockDiagram:2759 - set Specific Code input for plugin: RCC
2026-07-25 19:46:50,455 [INFO] BlockDiagram:2759 - set Specific Code input for plugin: NVIC
2026-07-25 19:46:50,457 [INFO] CodeGenerator:799 - code generatio: config db path: C:\ST\STM32CubeIDE_1.13.1\STM32CubeIDE\plugins\com.st.stm32cube.common.mx_6.9.1.202307191849\\db\
2026-07-25 19:46:50,602 [INFO] CodeEngine:255 - oldGeneratedFile, C:\Users\Admin\Documents\GitHub\Drone-RTOS\Source\002ESC_Test\MXTmpFiles\license.tmp_save
2026-07-25 19:46:50,697 [INFO] CodeEngine:279 - Generated code: C:\Users\Admin\Documents\GitHub\Drone-RTOS\Source\002ESC_Test\MXTmpFiles\license.tmp
2026-07-25 19:46:50,708 [INFO] CodeEngine:255 - oldGeneratedFile, C:\Users\Admin\Documents\GitHub\Drone-RTOS\Source\002ESC_Test\Core\Src\stm32f4xx_it.c_save
2026-07-25 19:46:50,890 [INFO] CodeEngine:279 - Generated code: C:\Users\Admin\Documents\GitHub\Drone-RTOS\Source\002ESC_Test\Core\Src\stm32f4xx_it.c
2026-07-25 19:46:50,894 [INFO] CodeEngine:255 - oldGeneratedFile, C:\Users\Admin\Documents\GitHub\Drone-RTOS\Source\002ESC_Test\Core\Inc\stm32f4xx_it.h_save
2026-07-25 19:46:50,975 [INFO] CodeEngine:279 - Generated code: C:\Users\Admin\Documents\GitHub\Drone-RTOS\Source\002ESC_Test\Core\Inc\stm32f4xx_it.h
2026-07-25 19:46:51,014 [INFO] CodeEngine:255 - oldGeneratedFile, C:\Users\Admin\Documents\GitHub\Drone-RTOS\Source\002ESC_Test\Core\Src\stm32f4xx_hal_msp.c_save
2026-07-25 19:46:51,127 [INFO] CodeEngine:279 - Generated code: C:\Users\Admin\Documents\GitHub\Drone-RTOS\Source\002ESC_Test\Core\Src\stm32f4xx_hal_msp.c
2026-07-25 19:46:51,132 [INFO] CodeEngine:255 - oldGeneratedFile, C:\Users\Admin\Documents\GitHub\Drone-RTOS\Source\002ESC_Test\MXTmpFiles\system.tmp_save
2026-07-25 19:46:51,207 [INFO] CodeEngine:279 - Generated code: C:\Users\Admin\Documents\GitHub\Drone-RTOS\Source\002ESC_Test\MXTmpFiles\system.tmp
2026-07-25 19:46:51,217 [INFO] CodeEngine:311 - oldGeneratedFile, C:\Users\Admin\Documents\GitHub\Drone-RTOS\Source\002ESC_Test\Core\Inc\stm32f4xx_hal_conf.h_save
2026-07-25 19:46:51,314 [INFO] CodeEngine:335 - Generated code: C:\Users\Admin\Documents\GitHub\Drone-RTOS\Source\002ESC_Test\Core\Inc\stm32f4xx_hal_conf.h
2026-07-25 19:46:51,332 [INFO] CodeEngine:255 - oldGeneratedFile, C:\Users\Admin\Documents\GitHub\Drone-RTOS\Source\002ESC_Test\Core\Inc\main.h_save
2026-07-25 19:46:51,407 [INFO] CodeEngine:279 - Generated code: C:\Users\Admin\Documents\GitHub\Drone-RTOS\Source\002ESC_Test\Core\Inc\main.h
2026-07-25 19:46:51,411 [INFO] CodeEngine:255 - oldGeneratedFile, C:\Users\Admin\Documents\GitHub\Drone-RTOS\Source\002ESC_Test\Core\Src\main.c_save
2026-07-25 19:46:51,501 [INFO] CodeEngine:279 - Generated code: C:\Users\Admin\Documents\GitHub\Drone-RTOS\Source\002ESC_Test\Core\Src\main.c
2026-07-25 19:46:51,845 [INFO] ProjectBuilder:3064 - Time for Copy HAL[1] : 88mS.
2026-07-25 19:46:51,848 [INFO] ProjectBuilder:4404 - Project Generator version: 4.1.0
2026-07-25 19:46:52,318 [INFO] ConfigFileManager:1457 - The Die is : DIE413
2026-07-25 19:46:52,321 [INFO] ApiDbMcu:507 - Load IP Config File for FATFS
2026-07-25 19:46:52,325 [INFO] ApiDbMcu:507 - Load IP Config File for FREERTOS
2026-07-25 19:46:52,326 [INFO] ApiDbMcu:507 - Load IP Config File for LIBJPEG
2026-07-25 19:46:52,330 [INFO] ApiDbMcu:507 - Load IP Config File for MBEDTLS
2026-07-25 19:46:52,338 [INFO] ApiDbMcu:507 - Load IP Config File for USB_DEVICE
2026-07-25 19:46:52,342 [INFO] ApiDbMcu:507 - Load IP Config File for USB_HOST
2026-07-25 19:46:53,581 [INFO] ProjectBuilder:4626 - Time for Generating toolchain IDE Files: 1733mS.
2026-07-25 19:46:53,582 [INFO] ProjectBuilder:2935 - Time for Copy CMSIS : 0mS.
2026-07-25 19:46:53,585 [INFO] ProjectBuilder:2935 - Time for Copy CMSIS : 0mS.
2026-07-25 19:46:54,151 [INFO] McuFinderGlobals:76 - Set McuFinderConnectedMode to true
2026-07-25 19:46:54,156 [INFO] ApiDb:448 - Save user favorites file C:\Users\Admin/.stm32cubeide/favorites.mcus.txt: 4 item(s)
2026-07-25 19:46:54,156 [INFO] ApiDb:452 - User favorites MCUs=[STM32F103C8T6, STM32F405RGT6, STM32F411CEU6, STM32H523CET6]
2026-07-25 19:49:57,858 [INFO] NvicIntPanel:101 - NVIC parent = com.st.microxplorer.plugins.ip.nvic.MultiNvicIntPanel[,0,0,0x0,invalid,layout=javax.swing.BoxLayout,alignmentX=0.0,alignmentY=0.0,border=,flags=9,maximumSize=,minimumSize=,preferredSize=]
2026-07-25 20:11:04,236 [INFO] UtilMem:75 - End SaveConfig() Used Memory: 821680592 Bytes (1073741824)
2026-07-25 20:11:06,751 [INFO] MainUpdater:2868 - connection check result : 10
2026-07-25 20:11:06,751 [INFO] MainUpdater:2868 - connection check result : 10
2026-07-25 20:11:06,784 [INFO] MicroXplorer:468 - Change Database Path : 
2026-07-25 20:11:06,784 [INFO] MicroXplorer:498 - Change Database Version : DB.6.0.91
2026-07-25 20:11:06,796 [WARN] ThirdParty:871 - waiting for thirdparty lock release [close project]
2026-07-25 20:11:06,796 [INFO] ThirdParty:873 - entering critical section [close project]
2026-07-25 20:11:06,796 [INFO] ThirdParty:883 - exiting critical section [close project]
2026-07-25 20:11:06,797 [INFO] PinOutPanel:1499 - setPackage(No Configuration,No Configuration)
2026-07-25 20:11:06,800 [WARN] IpParametersView:151 - Warning: This peripheral hasn't parameters
2026-07-25 20:11:06,803 [WARN] MainPanel:272 - <html><b><center>Warning: This peripheral has no parameters to be configured<br></b></html>
2026-07-25 20:11:06,804 [INFO] UtilMem:75 - Begin LoadConfig() Used Memory: 929839048 Bytes (1073741824)
2026-07-25 20:11:06,805 [INFO] MicroXplorer:468 - Change Database Path : 
2026-07-25 20:11:06,805 [INFO] MicroXplorer:498 - Change Database Version : DB.6.0.91
2026-07-25 20:11:06,805 [INFO] OpenFileManager:308 - Change cursor
2026-07-25 20:11:06,813 [INFO] RulesReader:64 - Compatibility file has been processed (293 Rules)
2026-07-25 20:11:06,814 [INFO] Mcu:1946 - Initializing MCU STM32F405RGTx STM32F405RGTx STM32F405RGT6
2026-07-25 20:11:07,532 [INFO] Context:659 - Trying to add GPIOservice into a context  which must be forbidden
2026-07-25 20:11:07,722 [WARN] ModelIntegratedComponent:63 - No mode defined for component null
2026-07-25 20:11:07,722 [WARN] ModelIntegratedComponent:63 - No mode defined for component null
2026-07-25 20:11:07,722 [WARN] ModelIntegratedComponent:63 - No mode defined for component null
2026-07-25 20:11:07,722 [WARN] ModelIntegratedComponent:63 - No mode defined for component null
2026-07-25 20:11:07,722 [WARN] ModelIntegratedComponent:63 - No mode defined for component null
2026-07-25 20:11:07,722 [WARN] ModelIntegratedComponent:63 - No mode defined for component null
2026-07-25 20:11:07,722 [WARN] ModelIntegratedComponent:63 - No mode defined for component null
2026-07-25 20:11:07,722 [WARN] ModelIntegratedComponent:63 - No mode defined for component null
2026-07-25 20:11:07,722 [WARN] ModelIntegratedComponent:63 - No mode defined for component null
2026-07-25 20:11:07,722 [WARN] ModelIntegratedComponent:63 - No mode defined for component null
2026-07-25 20:11:07,722 [WARN] ModelIntegratedComponent:63 - No mode defined for component null
2026-07-25 20:11:07,722 [WARN] ModelIntegratedComponent:63 - No mode defined for component null
2026-07-25 20:11:07,722 [WARN] ModelIntegratedComponent:63 - No mode defined for component null
2026-07-25 20:11:07,722 [WARN] ModelIntegratedComponent:63 - No mode defined for component null
2026-07-25 20:11:07,722 [WARN] ModelIntegratedComponent:63 - No mode defined for component null
2026-07-25 20:11:07,722 [WARN] ModelIntegratedComponent:63 - No mode defined for component null
2026-07-25 20:11:07,722 [WARN] ModelIntegratedComponent:63 - No mode defined for component null
2026-07-25 20:11:07,722 [WARN] ModelIntegratedComponent:63 - No mode defined for component null
2026-07-25 20:11:07,722 [WARN] ModelIntegratedComponent:63 - No mode defined for component null
2026-07-25 20:11:07,722 [WARN] ModelIntegratedComponent:63 - No mode defined for component null
2026-07-25 20:11:07,722 [WARN] ModelIntegratedComponent:63 - No mode defined for component null
2026-07-25 20:11:07,722 [WARN] ModelIntegratedComponent:63 - No mode defined for component null
2026-07-25 20:11:07,722 [WARN] ModelIntegratedComponent:63 - No mode defined for component null
2026-07-25 20:11:07,722 [WARN] ModelIntegratedComponent:63 - No mode defined for component null
2026-07-25 20:11:07,722 [WARN] ModelIntegratedComponent:63 - No mode defined for component null
2026-07-25 20:11:07,722 [WARN] ModelIntegratedComponent:63 - No mode defined for component null
2026-07-25 20:11:07,722 [WARN] ModelIntegratedComponent:63 - No mode defined for component null
2026-07-25 20:11:07,722 [WARN] ModelIntegratedComponent:63 - No mode defined for component null
2026-07-25 20:11:07,722 [WARN] ModelIntegratedComponent:63 - No mode defined for component null
2026-07-25 20:11:07,722 [WARN] ModelIntegratedComponent:63 - No mode defined for component null
2026-07-25 20:11:07,722 [WARN] ModelIntegratedComponent:63 - No mode defined for component null
2026-07-25 20:11:07,723 [WARN] ModelIntegratedComponent:63 - No mode defined for component null
2026-07-25 20:11:07,723 [WARN] ModelIntegratedComponent:63 - No mode defined for component null
2026-07-25 20:11:07,725 [INFO] RtosManager:555 - Registered RTOS mode: class=CMSIS, group=RTOS, mode=CMSIS_V1, owner=FREERTOS
2026-07-25 20:11:07,726 [INFO] RtosManager:555 - Registered RTOS mode: class=CMSIS, group=RTOS2, mode=CMSIS_V2, owner=FREERTOS
2026-07-25 20:11:07,726 [INFO] RtosManager:555 - Registered RTOS mode: class=RTOS, group=Core, mode=CMSIS_V1, owner=FREERTOS
2026-07-25 20:11:07,726 [INFO] RtosManager:555 - Registered RTOS mode: class=RTOS, group=Core, mode=CMSIS_V2, owner=FREERTOS
2026-07-25 20:11:07,726 [WARN] ModelIntegratedComponent:184 - Missing modes for component STMicroelectronics:FreeRTOS:0.0.1:STMicroelectronics:RTOS:FreeRTOS:Core:::10.2.0:
2026-07-25 20:11:07,732 [INFO] ThirdPartyModel:298 - Start build external matchings
2026-07-25 20:11:07,768 [INFO] ThirdPartyModel:316 - End build external matchings
2026-07-25 20:11:07,771 [INFO] ImportTextPane:194 - (OptionalMessage_ERROR) IP (RCC) : Parameter (48MHZClocksFreq_Value) has invalid value (84000000)
2026-07-25 20:11:07,771 [INFO] ImportTextPane:194 - (OptionalMessage_ERROR) IP (RCC) : Parameter (RTCHSEDivFreq_Value) has invalid value (4000000)
2026-07-25 20:11:08,019 [INFO] UtilMem:75 - End LoadConfig() Used Memory: 821069216 Bytes (1073741824)
2026-07-25 20:11:08,041 [WARN] ThirdParty:833 - waiting for thirdparty lock release [change project]
2026-07-25 20:11:08,042 [INFO] ThirdParty:835 - entering critical section [change project]
2026-07-25 20:11:08,042 [INFO] ThirdParty:1030 - CMSIS Pack Vendor :wolfSSL I-CUBE-wolfTPM 3.8.0
2026-07-25 20:11:08,042 [INFO] ThirdParty:1030 - CMSIS Pack Vendor :STMicroelectronics USBPD 4.1
2026-07-25 20:11:08,042 [INFO] ThirdParty:1030 - CMSIS Pack Vendor :STMicroelectronics X-CUBE-DISPLAY 3.0.0
2026-07-25 20:11:08,042 [INFO] ThirdParty:1030 - CMSIS Pack Vendor :wolfSSL I-CUBE-wolfSSH 1.4.20
2026-07-25 20:11:08,042 [INFO] ThirdParty:1030 - CMSIS Pack Vendor :STMicroelectronics USB_HOST 2.0.0
2026-07-25 20:11:08,042 [INFO] ThirdParty:1030 - CMSIS Pack Vendor :STMicroelectronics FP-ATR-ASTRA1 2.0.3
2026-07-25 20:11:08,042 [INFO] ThirdParty:1030 - CMSIS Pack Vendor :STMicroelectronics X-CUBE-AZRTOS-F4 1.1.0
2026-07-25 20:11:08,042 [INFO] ThirdParty:1030 - CMSIS Pack Vendor :STMicroelectronics LIBJPEG 8.0.0
2026-07-25 20:11:08,042 [INFO] ThirdParty:1030 - CMSIS Pack Vendor :STMicroelectronics FP-ATR-ASTRA1 2.0.2
2026-07-25 20:11:08,042 [INFO] ThirdParty:1030 - CMSIS Pack Vendor :wolfSSL I-CUBE-wolfSSL 5.9.1
2026-07-25 20:11:08,042 [INFO] ThirdParty:1030 - CMSIS Pack Vendor :STMicroelectronics FP-ATR-SIGFOX1 3.2.0
2026-07-25 20:11:08,042 [INFO] ThirdParty:1030 - CMSIS Pack Vendor :STMicroelectronics X-CUBE-SMBUS 2.1.0
2026-07-25 20:11:08,042 [INFO] ThirdParty:1030 - CMSIS Pack Vendor :wolfSSL I-CUBE-wolfMQTT 1.19.2
2026-07-25 20:11:08,042 [INFO] ThirdParty:1030 - CMSIS Pack Vendor :STMicroelectronics USB_DEVICE 3.0.0
2026-07-25 20:11:08,042 [INFO] ThirdParty:1030 - CMSIS Pack Vendor :STMicroelectronics HAL Drivers 0.0.0
2026-07-25 20:11:08,042 [INFO] ThirdParty:1030 - CMSIS Pack Vendor :STMicroelectronics MBEDTLS 2.16.2
2026-07-25 20:11:08,042 [INFO] ThirdParty:1030 - CMSIS Pack Vendor :emotas I-CUBE-CANOPEN 1.3.0
2026-07-25 20:11:08,042 [INFO] ThirdParty:1030 - CMSIS Pack Vendor :STMicroelectronics MBEDTLS 2.14.1
2026-07-25 20:11:08,042 [INFO] ThirdParty:1030 - CMSIS Pack Vendor :ITTIA_DB I-CUBE-ITTIADB 8.9.0
2026-07-25 20:11:08,042 [INFO] ThirdParty:1030 - CMSIS Pack Vendor :STMicroelectronics X-CUBE-AZRTOS-F7 1.1.0
2026-07-25 20:11:08,042 [INFO] ThirdParty:1030 - CMSIS Pack Vendor :STMicroelectronics X-CUBE-TOUCHGFX 4.26.1
2026-07-25 20:11:08,042 [INFO] ThirdParty:1030 - CMSIS Pack Vendor :STMicroelectronics USB_DEVICE 2.0.0
2026-07-25 20:11:08,042 [INFO] ThirdParty:1030 - CMSIS Pack Vendor :STMicroelectronics X-CUBE-AI 10.2.1
2026-07-25 20:11:08,042 [INFO] ThirdParty:1030 - CMSIS Pack Vendor :STMicroelectronics ThreadX 1.0.0
2026-07-25 20:11:08,042 [INFO] ThirdParty:1030 - CMSIS Pack Vendor :STMicroelectronics X-CUBE-AZRTOS-WL 2.0.0
2026-07-25 20:11:08,042 [INFO] ThirdParty:1030 - CMSIS Pack Vendor :SEGGER I-CUBE-embOS 1.3.1
2026-07-25 20:11:08,042 [INFO] ThirdParty:1030 - CMSIS Pack Vendor :STMicroelectronics X-CUBE-ALGOBUILD 1.4.0
2026-07-25 20:11:08,042 [INFO] ThirdParty:1030 - CMSIS Pack Vendor :STMicroelectronics X-CUBE-ALGOBUILD 1.5.0
2026-07-25 20:11:08,042 [INFO] ThirdParty:1030 - CMSIS Pack Vendor :STMicroelectronics FreeRTOS 0.0.1
2026-07-25 20:11:08,042 [INFO] ThirdParty:1030 - CMSIS Pack Vendor :STMicroelectronics X-CUBE-AZRTOS-H7RS 1.3.0
2026-07-25 20:11:08,042 [INFO] ThirdParty:1030 - CMSIS Pack Vendor :STMicroelectronics X-CUBE-AZRTOS-G0 1.1.0
2026-07-25 20:11:08,042 [INFO] ThirdParty:1030 - CMSIS Pack Vendor :STMicroelectronics USB_DEVICE 1.0.0
2026-07-25 20:11:08,042 [INFO] ThirdParty:1030 - CMSIS Pack Vendor :STMicroelectronics X-CUBE-AZRTOS-H7RS 1.2.0
2026-07-25 20:11:08,042 [INFO] ThirdParty:1030 - CMSIS Pack Vendor :STMicroelectronics X-CUBE-NFC4 3.0.0
2026-07-25 20:11:08,042 [INFO] ThirdParty:1030 - CMSIS Pack Vendor :STMicroelectronics X-CUBE-SUBG2 5.0.0
2026-07-25 20:11:08,042 [INFO] ThirdParty:1030 - CMSIS Pack Vendor :STMicroelectronics STM32_WPAN 1.0.0
2026-07-25 20:11:08,042 [INFO] ThirdParty:1030 - CMSIS Pack Vendor :STMicroelectronics X-CUBE-AZRTOS-L4 2.0.0
2026-07-25 20:11:08,042 [INFO] ThirdParty:1030 - CMSIS Pack Vendor :STMicroelectronics ThreadX 0.0.2
2026-07-25 20:11:08,042 [INFO] ThirdParty:1030 - CMSIS Pack Vendor :STMicroelectronics lwIP 2.0.3
2026-07-25 20:11:08,042 [INFO] ThirdParty:1030 - CMSIS Pack Vendor :STMicroelectronics lwIP 2.1.2
2026-07-25 20:11:08,042 [INFO] ThirdParty:1030 - CMSIS Pack Vendor :STMicroelectronics X-CUBE-SFXS2LP1 4.0.0
2026-07-25 20:11:08,042 [INFO] ThirdParty:1030 - CMSIS Pack Vendor :STMicroelectronics X-CUBE-BLE2 3.3.0
2026-07-25 20:11:08,042 [INFO] ThirdParty:1030 - CMSIS Pack Vendor :STMicroelectronics USB_HOST 1.0.0
2026-07-25 20:11:08,042 [INFO] ThirdParty:1030 - CMSIS Pack Vendor :STMicroelectronics X-CUBE-AZRTOS-G4 2.0.0
2026-07-25 20:11:08,042 [INFO] ThirdParty:1030 - CMSIS Pack Vendor :STMicroelectronics PDM2PCM 3.1.0
2026-07-25 20:11:08,042 [INFO] ThirdParty:1030 - CMSIS Pack Vendor :STMicroelectronics X-CUBE-NFC13 1.0.0
2026-07-25 20:11:08,042 [INFO] ThirdParty:1030 - CMSIS Pack Vendor :STMicroelectronics PDM2PCM 3.2.0
2026-07-25 20:11:08,042 [INFO] ThirdParty:1030 - CMSIS Pack Vendor :STMicroelectronics PDM2PCM 3.3.0
2026-07-25 20:11:08,042 [INFO] ThirdParty:841 - exiting critical section [change project]
2026-07-25 20:11:08,142 [INFO] PinOutPanel:1499 - setPackage(No Configuration,No Configuration)
2026-07-25 20:11:08,142 [INFO] PinOutPanel:1499 - setPackage(STM32F405RGTx,LQFP64)
2026-07-25 20:11:08,280 [INFO] UtilMem:75 - Before build in PCC Used Memory: 875597216 Bytes (1073741824)
2026-07-25 20:11:08,387 [INFO] UtilMem:75 - After build in PCC Used Memory: 920685984 Bytes (1073741824)
2026-07-25 20:11:08,401 [INFO] IPUIPlugin:80 - create IPUIPlugin
2026-07-25 20:11:08,401 [INFO] IPUIPlugin:80 - create IPUIPlugin
2026-07-25 20:11:08,402 [INFO] IPUIPlugin:80 - create IPUIPlugin
2026-07-25 20:11:08,402 [INFO] IPUIPlugin:80 - create IPUIPlugin
2026-07-25 20:11:08,402 [INFO] IPUIPlugin:80 - create IPUIPlugin
2026-07-25 20:11:08,402 [INFO] IPUIPlugin:80 - create IPUIPlugin
2026-07-25 20:11:08,402 [INFO] IPUIPlugin:80 - create IPUIPlugin
2026-07-25 20:11:08,402 [INFO] IPUIPlugin:80 - create IPUIPlugin
2026-07-25 20:11:08,402 [INFO] IPUIPlugin:80 - create IPUIPlugin
2026-07-25 20:11:08,402 [INFO] IPUIPlugin:80 - create IPUIPlugin
2026-07-25 20:11:08,402 [INFO] IPUIPlugin:80 - create IPUIPlugin
2026-07-25 20:11:08,402 [INFO] IPUIPlugin:80 - create IPUIPlugin
2026-07-25 20:11:08,402 [INFO] IPUIPlugin:80 - create IPUIPlugin
2026-07-25 20:11:08,402 [INFO] IPUIPlugin:80 - create IPUIPlugin
2026-07-25 20:11:08,402 [INFO] IPUIPlugin:80 - create IPUIPlugin
2026-07-25 20:11:08,402 [INFO] IPUIPlugin:80 - create IPUIPlugin
2026-07-25 20:11:08,403 [INFO] IPUIPlugin:80 - create IPUIPlugin
2026-07-25 20:11:08,403 [INFO] IPUIPlugin:80 - create IPUIPlugin
2026-07-25 20:11:08,403 [INFO] IPUIPlugin:80 - create IPUIPlugin
2026-07-25 20:11:08,403 [INFO] IPUIPlugin:80 - create IPUIPlugin
2026-07-25 20:11:08,403 [INFO] IPUIPlugin:80 - create IPUIPlugin
2026-07-25 20:11:08,403 [INFO] IPUIPlugin:80 - create IPUIPlugin
2026-07-25 20:11:08,403 [INFO] IPUIPlugin:80 - create IPUIPlugin
2026-07-25 20:11:08,403 [INFO] IPUIPlugin:80 - create IPUIPlugin
2026-07-25 20:11:08,403 [INFO] IPUIPlugin:80 - create IPUIPlugin
2026-07-25 20:11:08,404 [INFO] IPUIPlugin:80 - create IPUIPlugin
2026-07-25 20:11:08,404 [INFO] IPUIPlugin:80 - create IPUIPlugin
2026-07-25 20:11:08,404 [INFO] IPUIPlugin:80 - create IPUIPlugin
2026-07-25 20:11:08,404 [INFO] IPUIPlugin:80 - create IPUIPlugin
2026-07-25 20:11:08,404 [INFO] IPUIPlugin:80 - create IPUIPlugin
2026-07-25 20:11:08,404 [INFO] IPUIPlugin:80 - create IPUIPlugin
2026-07-25 20:11:08,404 [INFO] IPUIPlugin:80 - create IPUIPlugin
2026-07-25 20:11:08,404 [INFO] IPUIPlugin:80 - create IPUIPlugin
2026-07-25 20:11:08,404 [INFO] IPUIPlugin:80 - create IPUIPlugin
2026-07-25 20:11:08,405 [INFO] IPUIPlugin:80 - create IPUIPlugin
2026-07-25 20:11:08,405 [INFO] IPUIPlugin:80 - create IPUIPlugin
2026-07-25 20:11:08,405 [INFO] IPUIPlugin:80 - create IPUIPlugin
2026-07-25 20:11:08,405 [INFO] IPUIPlugin:80 - create IPUIPlugin
2026-07-25 20:11:08,405 [INFO] IPUIPlugin:80 - create IPUIPlugin
2026-07-25 20:11:08,405 [INFO] IPUIPlugin:80 - create IPUIPlugin
2026-07-25 20:11:08,405 [INFO] IPUIPlugin:80 - create IPUIPlugin
2026-07-25 20:11:08,406 [INFO] IPUIPlugin:80 - create IPUIPlugin
2026-07-25 20:11:08,406 [INFO] IPUIPlugin:80 - create IPUIPlugin
2026-07-25 20:11:08,406 [INFO] IPUIPlugin:80 - create IPUIPlugin
2026-07-25 20:11:08,406 [INFO] IPUIPlugin:80 - create IPUIPlugin
2026-07-25 20:11:08,406 [INFO] IPUIPlugin:80 - create IPUIPlugin
2026-07-25 20:11:08,407 [INFO] IPUIPlugin:80 - create IPUIPlugin
2026-07-25 20:11:08,407 [INFO] IPUIPlugin:80 - create IPUIPlugin
2026-07-25 20:11:08,407 [INFO] IPUIPlugin:80 - create IPUIPlugin
2026-07-25 20:11:08,407 [INFO] IPUIPlugin:80 - create IPUIPlugin
2026-07-25 20:11:08,407 [INFO] IPUIPlugin:80 - create IPUIPlugin
2026-07-25 20:11:08,408 [INFO] IPUIPlugin:80 - create IPUIPlugin
2026-07-25 20:11:08,408 [INFO] IPUIPlugin:80 - create IPUIPlugin
2026-07-25 20:11:08,408 [INFO] IPUIPlugin:80 - create IPUIPlugin
2026-07-25 20:11:08,410 [INFO] ApiDbMcu:507 - Load IP Config File for PDM2PCM
2026-07-25 20:11:08,449 [INFO] CADModel:165 - CPN selected for project levelSTM32F405RGT6
2026-07-25 20:11:08,449 [INFO] CADModel:114 - Register for checkConnection events
2026-07-25 20:11:08,502 [INFO] OpenFileManager:328 - Restore cursor
2026-07-25 20:13:47,527 [INFO] NvicIntPanel:101 - NVIC parent = com.st.microxplorer.plugins.ip.nvic.MultiNvicIntPanel[,0,0,0x0,invalid,layout=javax.swing.BoxLayout,alignmentX=0.0,alignmentY=0.0,border=,flags=9,maximumSize=,minimumSize=,preferredSize=]
2026-07-25 20:13:59,797 [INFO] Gpio:273 - dependency for GPIO [RCC, SYS, TIM2]
2026-07-25 20:14:13,281 [INFO] Gpio:273 - dependency for GPIO [RCC, SYS, TIM2]
2026-07-25 20:14:13,306 [INFO] NvicIntPanel:101 - NVIC parent = com.st.microxplorer.plugins.ip.nvic.MultiNvicIntPanel[,0,0,0x0,invalid,layout=javax.swing.BoxLayout,alignmentX=0.0,alignmentY=0.0,border=,flags=9,maximumSize=,minimumSize=,preferredSize=]
2026-07-25 20:15:49,645 [INFO] UtilMem:75 - End SaveConfig() Used Memory: 929607832 Bytes (1073741824)
2026-07-25 20:15:57,822 [INFO] UtilMem:75 - End SaveConfig() Used Memory: 929934240 Bytes (1073741824)
2026-07-25 20:15:57,948 [INFO] BlockDiagram:2759 - set Specific Code input for plugin: TIM1_8
2026-07-25 20:15:57,948 [INFO] BlockDiagram:2759 - set Specific Code input for plugin: SYS
2026-07-25 20:15:57,948 [INFO] BlockDiagram:2759 - set Specific Code input for plugin: RCC
2026-07-25 20:15:57,948 [INFO] BlockDiagram:2759 - set Specific Code input for plugin: NVIC
2026-07-25 20:15:57,948 [INFO] BlockDiagram:2759 - set Specific Code input for plugin: GPIO
2026-07-25 20:15:57,948 [INFO] CodeGenerator:799 - code generatio: config db path: C:\ST\STM32CubeIDE_1.13.1\STM32CubeIDE\plugins\com.st.stm32cube.common.mx_6.9.1.202307191849\\db\
2026-07-25 20:15:58,087 [INFO] CodeEngine:255 - oldGeneratedFile, C:\Users\Admin\Documents\GitHub\Drone-RTOS\Source\002ESC_Test\MXTmpFiles\license.tmp_save
2026-07-25 20:15:58,179 [INFO] CodeEngine:279 - Generated code: C:\Users\Admin\Documents\GitHub\Drone-RTOS\Source\002ESC_Test\MXTmpFiles\license.tmp
2026-07-25 20:15:58,206 [INFO] CodeEngine:255 - oldGeneratedFile, C:\Users\Admin\Documents\GitHub\Drone-RTOS\Source\002ESC_Test\MXTmpFiles\gpio.tmp_save
2026-07-25 20:15:58,286 [INFO] CodeEngine:279 - Generated code: C:\Users\Admin\Documents\GitHub\Drone-RTOS\Source\002ESC_Test\MXTmpFiles\gpio.tmp
2026-07-25 20:15:58,350 [INFO] CodeEngine:255 - oldGeneratedFile, C:\Users\Admin\Documents\GitHub\Drone-RTOS\Source\002ESC_Test\Core\Src\stm32f4xx_it.c_save
2026-07-25 20:15:58,480 [INFO] CodeEngine:279 - Generated code: C:\Users\Admin\Documents\GitHub\Drone-RTOS\Source\002ESC_Test\Core\Src\stm32f4xx_it.c
2026-07-25 20:15:58,484 [INFO] CodeEngine:255 - oldGeneratedFile, C:\Users\Admin\Documents\GitHub\Drone-RTOS\Source\002ESC_Test\Core\Inc\stm32f4xx_it.h_save
2026-07-25 20:15:58,529 [INFO] CodeEngine:279 - Generated code: C:\Users\Admin\Documents\GitHub\Drone-RTOS\Source\002ESC_Test\Core\Inc\stm32f4xx_it.h
2026-07-25 20:15:58,536 [INFO] CodeEngine:255 - oldGeneratedFile, C:\Users\Admin\Documents\GitHub\Drone-RTOS\Source\002ESC_Test\Core\Src\stm32f4xx_hal_msp.c_save
2026-07-25 20:15:58,611 [INFO] CodeEngine:279 - Generated code: C:\Users\Admin\Documents\GitHub\Drone-RTOS\Source\002ESC_Test\Core\Src\stm32f4xx_hal_msp.c
2026-07-25 20:15:58,615 [INFO] CodeEngine:255 - oldGeneratedFile, C:\Users\Admin\Documents\GitHub\Drone-RTOS\Source\002ESC_Test\MXTmpFiles\system.tmp_save
2026-07-25 20:15:58,658 [INFO] CodeEngine:279 - Generated code: C:\Users\Admin\Documents\GitHub\Drone-RTOS\Source\002ESC_Test\MXTmpFiles\system.tmp
2026-07-25 20:15:58,664 [INFO] CodeEngine:311 - oldGeneratedFile, C:\Users\Admin\Documents\GitHub\Drone-RTOS\Source\002ESC_Test\Core\Inc\stm32f4xx_hal_conf.h_save
2026-07-25 20:15:58,714 [INFO] CodeEngine:335 - Generated code: C:\Users\Admin\Documents\GitHub\Drone-RTOS\Source\002ESC_Test\Core\Inc\stm32f4xx_hal_conf.h
2026-07-25 20:15:58,726 [WARN] IPConfigManager:3431 - IP not found : TIM
2026-07-25 20:15:58,726 [WARN] CodeGenerator:3760 - IP not found : null
2026-07-25 20:15:58,731 [INFO] CodeEngine:255 - oldGeneratedFile, C:\Users\Admin\Documents\GitHub\Drone-RTOS\Source\002ESC_Test\Core\Inc\main.h_save
2026-07-25 20:15:58,789 [INFO] CodeEngine:279 - Generated code: C:\Users\Admin\Documents\GitHub\Drone-RTOS\Source\002ESC_Test\Core\Inc\main.h
2026-07-25 20:15:58,793 [INFO] CodeEngine:255 - oldGeneratedFile, C:\Users\Admin\Documents\GitHub\Drone-RTOS\Source\002ESC_Test\Core\Src\main.c_save
2026-07-25 20:15:58,859 [INFO] CodeEngine:279 - Generated code: C:\Users\Admin\Documents\GitHub\Drone-RTOS\Source\002ESC_Test\Core\Src\main.c
2026-07-25 20:15:59,240 [INFO] ProjectBuilder:3064 - Time for Copy HAL[1] : 111mS.
2026-07-25 20:15:59,243 [INFO] ProjectBuilder:4404 - Project Generator version: 4.1.0
2026-07-25 20:15:59,721 [INFO] ConfigFileManager:1457 - The Die is : DIE413
2026-07-25 20:15:59,725 [INFO] ApiDbMcu:507 - Load IP Config File for FATFS
2026-07-25 20:15:59,727 [INFO] ApiDbMcu:507 - Load IP Config File for FREERTOS
2026-07-25 20:15:59,728 [INFO] ApiDbMcu:507 - Load IP Config File for LIBJPEG
2026-07-25 20:15:59,731 [INFO] ApiDbMcu:507 - Load IP Config File for MBEDTLS
2026-07-25 20:15:59,734 [INFO] ApiDbMcu:507 - Load IP Config File for USB_DEVICE
2026-07-25 20:15:59,736 [INFO] ApiDbMcu:507 - Load IP Config File for USB_HOST
2026-07-25 20:16:00,488 [INFO] ProjectBuilder:4626 - Time for Generating toolchain IDE Files: 1245mS.
2026-07-25 20:16:00,488 [INFO] ProjectBuilder:2935 - Time for Copy CMSIS : 0mS.
2026-07-25 20:16:00,495 [INFO] ProjectBuilder:2935 - Time for Copy CMSIS : 0mS.
2026-07-25 20:17:39,866 [INFO] Gpio:273 - dependency for GPIO [RCC, SYS, TIM2]
2026-07-25 20:17:48,740 [INFO] UtilMem:75 - End SaveConfig() Used Memory: 851830728 Bytes (1073741824)
2026-07-25 20:17:55,534 [INFO] UtilMem:75 - End SaveConfig() Used Memory: 938931696 Bytes (1073741824)
2026-07-25 20:17:55,673 [INFO] BlockDiagram:2759 - set Specific Code input for plugin: TIM1_8
2026-07-25 20:17:55,673 [INFO] BlockDiagram:2759 - set Specific Code input for plugin: SYS
2026-07-25 20:17:55,673 [INFO] BlockDiagram:2759 - set Specific Code input for plugin: RCC
2026-07-25 20:17:55,673 [INFO] BlockDiagram:2759 - set Specific Code input for plugin: NVIC
2026-07-25 20:17:55,673 [INFO] BlockDiagram:2759 - set Specific Code input for plugin: GPIO
2026-07-25 20:17:55,674 [INFO] CodeGenerator:799 - code generatio: config db path: C:\ST\STM32CubeIDE_1.13.1\STM32CubeIDE\plugins\com.st.stm32cube.common.mx_6.9.1.202307191849\\db\
2026-07-25 20:17:55,808 [INFO] CodeEngine:255 - oldGeneratedFile, C:\Users\Admin\Documents\GitHub\Drone-RTOS\Source\002ESC_Test\MXTmpFiles\license.tmp_save
2026-07-25 20:17:55,886 [INFO] CodeEngine:279 - Generated code: C:\Users\Admin\Documents\GitHub\Drone-RTOS\Source\002ESC_Test\MXTmpFiles\license.tmp
2026-07-25 20:17:55,893 [INFO] CodeEngine:255 - oldGeneratedFile, C:\Users\Admin\Documents\GitHub\Drone-RTOS\Source\002ESC_Test\MXTmpFiles\gpio.tmp_save
2026-07-25 20:17:55,946 [INFO] CodeEngine:279 - Generated code: C:\Users\Admin\Documents\GitHub\Drone-RTOS\Source\002ESC_Test\MXTmpFiles\gpio.tmp
2026-07-25 20:17:55,964 [INFO] CodeEngine:255 - oldGeneratedFile, C:\Users\Admin\Documents\GitHub\Drone-RTOS\Source\002ESC_Test\Core\Src\stm32f4xx_it.c_save
2026-07-25 20:17:56,092 [INFO] CodeEngine:279 - Generated code: C:\Users\Admin\Documents\GitHub\Drone-RTOS\Source\002ESC_Test\Core\Src\stm32f4xx_it.c
2026-07-25 20:17:56,097 [INFO] CodeEngine:255 - oldGeneratedFile, C:\Users\Admin\Documents\GitHub\Drone-RTOS\Source\002ESC_Test\Core\Inc\stm32f4xx_it.h_save
2026-07-25 20:17:56,152 [INFO] CodeEngine:279 - Generated code: C:\Users\Admin\Documents\GitHub\Drone-RTOS\Source\002ESC_Test\Core\Inc\stm32f4xx_it.h
2026-07-25 20:17:56,159 [INFO] CodeEngine:255 - oldGeneratedFile, C:\Users\Admin\Documents\GitHub\Drone-RTOS\Source\002ESC_Test\Core\Src\stm32f4xx_hal_msp.c_save
2026-07-25 20:17:56,227 [INFO] CodeEngine:279 - Generated code: C:\Users\Admin\Documents\GitHub\Drone-RTOS\Source\002ESC_Test\Core\Src\stm32f4xx_hal_msp.c
2026-07-25 20:17:56,230 [INFO] CodeEngine:255 - oldGeneratedFile, C:\Users\Admin\Documents\GitHub\Drone-RTOS\Source\002ESC_Test\MXTmpFiles\system.tmp_save
2026-07-25 20:17:56,271 [INFO] CodeEngine:279 - Generated code: C:\Users\Admin\Documents\GitHub\Drone-RTOS\Source\002ESC_Test\MXTmpFiles\system.tmp
2026-07-25 20:17:56,277 [INFO] CodeEngine:311 - oldGeneratedFile, C:\Users\Admin\Documents\GitHub\Drone-RTOS\Source\002ESC_Test\Core\Inc\stm32f4xx_hal_conf.h_save
2026-07-25 20:17:56,337 [INFO] CodeEngine:335 - Generated code: C:\Users\Admin\Documents\GitHub\Drone-RTOS\Source\002ESC_Test\Core\Inc\stm32f4xx_hal_conf.h
2026-07-25 20:17:56,344 [WARN] IPConfigManager:3431 - IP not found : TIM
2026-07-25 20:17:56,345 [WARN] CodeGenerator:3760 - IP not found : null
2026-07-25 20:17:56,350 [INFO] CodeEngine:255 - oldGeneratedFile, C:\Users\Admin\Documents\GitHub\Drone-RTOS\Source\002ESC_Test\Core\Inc\main.h_save
2026-07-25 20:17:56,404 [INFO] CodeEngine:279 - Generated code: C:\Users\Admin\Documents\GitHub\Drone-RTOS\Source\002ESC_Test\Core\Inc\main.h
2026-07-25 20:17:56,408 [INFO] CodeEngine:255 - oldGeneratedFile, C:\Users\Admin\Documents\GitHub\Drone-RTOS\Source\002ESC_Test\Core\Src\main.c_save
2026-07-25 20:17:56,475 [INFO] CodeEngine:279 - Generated code: C:\Users\Admin\Documents\GitHub\Drone-RTOS\Source\002ESC_Test\Core\Src\main.c
2026-07-25 20:17:56,837 [INFO] ProjectBuilder:3064 - Time for Copy HAL[1] : 97mS.
2026-07-25 20:17:56,839 [INFO] ProjectBuilder:4404 - Project Generator version: 4.1.0
2026-07-25 20:17:57,021 [INFO] ConfigFileManager:1457 - The Die is : DIE413
2026-07-25 20:17:58,042 [INFO] ProjectBuilder:4626 - Time for Generating toolchain IDE Files: 1203mS.
2026-07-25 20:17:58,043 [INFO] ProjectBuilder:2935 - Time for Copy CMSIS : 1mS.
2026-07-25 20:17:58,044 [INFO] ProjectBuilder:2935 - Time for Copy CMSIS : 0mS.
2026-07-25 20:26:45,820 [INFO] NvicIntPanel:101 - NVIC parent = com.st.microxplorer.plugins.ip.nvic.MultiNvicIntPanel[,0,0,0x0,invalid,layout=javax.swing.BoxLayout,alignmentX=0.0,alignmentY=0.0,border=,flags=9,maximumSize=,minimumSize=,preferredSize=]
2026-07-25 20:26:47,634 [INFO] Gpio:273 - dependency for GPIO [RCC, SYS, TIM2]
2026-07-25 20:27:01,339 [INFO] UtilMem:75 - End SaveConfig() Used Memory: 842587032 Bytes (1073741824)
2026-07-25 20:27:12,404 [INFO] UtilMem:75 - End SaveConfig() Used Memory: 870938760 Bytes (1073741824)
2026-07-25 20:27:12,602 [INFO] BlockDiagram:2759 - set Specific Code input for plugin: TIM1_8
2026-07-25 20:27:12,603 [INFO] BlockDiagram:2759 - set Specific Code input for plugin: SYS
2026-07-25 20:27:12,603 [INFO] BlockDiagram:2759 - set Specific Code input for plugin: RCC
2026-07-25 20:27:12,603 [INFO] BlockDiagram:2759 - set Specific Code input for plugin: NVIC
2026-07-25 20:27:12,603 [INFO] BlockDiagram:2759 - set Specific Code input for plugin: GPIO
2026-07-25 20:27:12,604 [INFO] CodeGenerator:799 - code generatio: config db path: C:\ST\STM32CubeIDE_1.13.1\STM32CubeIDE\plugins\com.st.stm32cube.common.mx_6.9.1.202307191849\\db\
2026-07-25 20:27:12,761 [INFO] CodeEngine:255 - oldGeneratedFile, C:\Users\Admin\Documents\GitHub\Drone-RTOS\Source\002ESC_Test\MXTmpFiles\license.tmp_save
2026-07-25 20:27:12,839 [INFO] CodeEngine:279 - Generated code: C:\Users\Admin\Documents\GitHub\Drone-RTOS\Source\002ESC_Test\MXTmpFiles\license.tmp
2026-07-25 20:27:12,847 [INFO] CodeEngine:255 - oldGeneratedFile, C:\Users\Admin\Documents\GitHub\Drone-RTOS\Source\002ESC_Test\MXTmpFiles\gpio.tmp_save
2026-07-25 20:27:12,901 [INFO] CodeEngine:279 - Generated code: C:\Users\Admin\Documents\GitHub\Drone-RTOS\Source\002ESC_Test\MXTmpFiles\gpio.tmp
2026-07-25 20:27:12,918 [INFO] CodeEngine:255 - oldGeneratedFile, C:\Users\Admin\Documents\GitHub\Drone-RTOS\Source\002ESC_Test\Core\Src\stm32f4xx_it.c_save
2026-07-25 20:27:13,063 [INFO] CodeEngine:279 - Generated code: C:\Users\Admin\Documents\GitHub\Drone-RTOS\Source\002ESC_Test\Core\Src\stm32f4xx_it.c
2026-07-25 20:27:13,068 [INFO] CodeEngine:255 - oldGeneratedFile, C:\Users\Admin\Documents\GitHub\Drone-RTOS\Source\002ESC_Test\Core\Inc\stm32f4xx_it.h_save
2026-07-25 20:27:13,127 [INFO] CodeEngine:279 - Generated code: C:\Users\Admin\Documents\GitHub\Drone-RTOS\Source\002ESC_Test\Core\Inc\stm32f4xx_it.h
2026-07-25 20:27:13,137 [INFO] CodeEngine:255 - oldGeneratedFile, C:\Users\Admin\Documents\GitHub\Drone-RTOS\Source\002ESC_Test\Core\Src\stm32f4xx_hal_msp.c_save
2026-07-25 20:27:13,203 [INFO] CodeEngine:279 - Generated code: C:\Users\Admin\Documents\GitHub\Drone-RTOS\Source\002ESC_Test\Core\Src\stm32f4xx_hal_msp.c
2026-07-25 20:27:13,206 [INFO] CodeEngine:255 - oldGeneratedFile, C:\Users\Admin\Documents\GitHub\Drone-RTOS\Source\002ESC_Test\MXTmpFiles\system.tmp_save
2026-07-25 20:27:13,248 [INFO] CodeEngine:279 - Generated code: C:\Users\Admin\Documents\GitHub\Drone-RTOS\Source\002ESC_Test\MXTmpFiles\system.tmp
2026-07-25 20:27:13,254 [INFO] CodeEngine:311 - oldGeneratedFile, C:\Users\Admin\Documents\GitHub\Drone-RTOS\Source\002ESC_Test\Core\Inc\stm32f4xx_hal_conf.h_save
2026-07-25 20:27:13,304 [INFO] CodeEngine:335 - Generated code: C:\Users\Admin\Documents\GitHub\Drone-RTOS\Source\002ESC_Test\Core\Inc\stm32f4xx_hal_conf.h
2026-07-25 20:27:13,312 [WARN] IPConfigManager:3431 - IP not found : TIM
2026-07-25 20:27:13,313 [WARN] CodeGenerator:3760 - IP not found : null
2026-07-25 20:27:13,317 [INFO] CodeEngine:255 - oldGeneratedFile, C:\Users\Admin\Documents\GitHub\Drone-RTOS\Source\002ESC_Test\Core\Inc\main.h_save
2026-07-25 20:27:13,369 [INFO] CodeEngine:279 - Generated code: C:\Users\Admin\Documents\GitHub\Drone-RTOS\Source\002ESC_Test\Core\Inc\main.h
2026-07-25 20:27:13,373 [INFO] CodeEngine:255 - oldGeneratedFile, C:\Users\Admin\Documents\GitHub\Drone-RTOS\Source\002ESC_Test\Core\Src\main.c_save
2026-07-25 20:27:13,440 [INFO] CodeEngine:279 - Generated code: C:\Users\Admin\Documents\GitHub\Drone-RTOS\Source\002ESC_Test\Core\Src\main.c
2026-07-25 20:27:13,797 [INFO] ProjectBuilder:3064 - Time for Copy HAL[1] : 96mS.
2026-07-25 20:27:13,800 [INFO] ProjectBuilder:4404 - Project Generator version: 4.1.0
2026-07-25 20:27:14,025 [INFO] ConfigFileManager:1457 - The Die is : DIE413
2026-07-25 20:27:15,075 [INFO] ProjectBuilder:4626 - Time for Generating toolchain IDE Files: 1275mS.
2026-07-25 20:27:15,076 [INFO] ProjectBuilder:2935 - Time for Copy CMSIS : 1mS.
2026-07-25 20:27:15,078 [INFO] ProjectBuilder:2935 - Time for Copy CMSIS : 0mS.
2026-07-25 21:20:34,574 [INFO] WebApp:330 - JxBrowser engine has been closed 
2026-07-25 21:20:34,574 [INFO] WebAppUi:430 - JxBrowser engine has been closed 
2026-07-25 21:20:37,077 [ERROR] LogOutputStream:75 - [STDERR_REDIRECT] 
