2026-07-29 14:43:10,980 [INFO] Activator:176 - 


2026-07-29 14:43:10,984 [INFO] Activator:177 - !SESSION log4j initialized
2026-07-29 14:43:14,666 [INFO] LogOutputStream:77 - [STDOUT_REDIRECT] 
2026-07-29 14:43:15,423 [INFO] ApplicationProperties:184 - Using Application install path: C:\ST\STM32CubeIDE_1.13.1\STM32CubeIDE\plugins\com.st.stm32cube.common.mx_6.9.1.202307191849
2026-07-29 14:43:15,437 [INFO] DbMcusXml:78 - Set database path to: C:\ST\STM32CubeIDE_1.13.1\STM32CubeIDE\plugins\com.st.stm32cube.common.mx_6.9.1.202307191849\\db\/mcu/
2026-07-29 14:43:15,437 [INFO] ApiDb:274 - Set plugin database path to: C:\ST\STM32CubeIDE_1.13.1\STM32CubeIDE\plugins\com.st.stm32cube.common.mx_6.9.1.202307191849\\db\/plugins/boardmanager/
2026-07-29 14:43:15,450 [WARN] ApiDb:259 - Overriding images path with different value:  => C:\ST\STM32CubeIDE_1.13.1\STM32CubeIDE\plugins\com.st.stm32cube.common.mx_6.9.1.202307191849\\db\/plugins/mcufinder/images/
2026-07-29 14:43:15,456 [INFO] ApiDb:250 - Set database path to: C:\Users\Admin\.stmcufinder\plugins\mcufinder//mcu/
2026-07-29 14:43:15,457 [INFO] DbMcusAds:125 - Set database path to: C:\Users\Admin\.stmcufinder\plugins\mcufinder//mcu/
2026-07-29 14:43:15,458 [INFO] CrossReferenceDbSqlite:203 - Set database path to: C:\Users\Admin\.stmcufinder\plugins\mcufinder//mcu/cs/
2026-07-29 14:43:15,530 [INFO] RulesReader:64 - Compatibility file has been processed (293 Rules)
2026-07-29 14:43:15,583 [INFO] DbMcusXml:78 - Set database path to: C:\ST\STM32CubeIDE_1.13.1\STM32CubeIDE\plugins\com.st.stm32cube.common.mx_6.9.1.202307191849\\db\/mcu/
2026-07-29 14:43:15,583 [INFO] ApiDb:274 - Set plugin database path to: C:\ST\STM32CubeIDE_1.13.1\STM32CubeIDE\plugins\com.st.stm32cube.common.mx_6.9.1.202307191849\\db\/plugins/boardmanager/
2026-07-29 14:43:15,584 [INFO] ApiDb:261 - Set plugin images path to: C:\ST\STM32CubeIDE_1.13.1\STM32CubeIDE\plugins\com.st.stm32cube.common.mx_6.9.1.202307191849\\db\/plugins/mcufinder/images/
2026-07-29 14:43:15,584 [WARN] DbFile:41 - Overriding database path with different value: C:\Users\Admin\.stmcufinder\plugins\mcufinder/ => C:\Users\Admin\.stmcufinder\plugins\mcufinder
2026-07-29 14:43:15,584 [INFO] ApiDb:250 - Set database path to: C:\Users\Admin\.stmcufinder\plugins\mcufinder//mcu/
2026-07-29 14:43:15,584 [WARN] DbFile:41 - Overriding database path with different value: C:\Users\Admin\.stmcufinder\plugins\mcufinder/ => C:\Users\Admin\.stmcufinder\plugins\mcufinder
2026-07-29 14:43:15,584 [INFO] DbMcusAds:125 - Set database path to: C:\Users\Admin\.stmcufinder\plugins\mcufinder//mcu/
2026-07-29 14:43:15,584 [WARN] DbFile:41 - Overriding database path with different value: C:\Users\Admin\.stmcufinder\plugins\mcufinder/ => C:\Users\Admin\.stmcufinder\plugins\mcufinder
2026-07-29 14:43:15,584 [WARN] DbFile:41 - Overriding database path with different value: C:\Users\Admin\.stmcufinder\plugins\mcufinder/ => C:\Users\Admin\.stmcufinder\plugins\mcufinder
2026-07-29 14:43:15,584 [INFO] CrossReferenceDbSqlite:203 - Set database path to: C:\Users\Admin\.stmcufinder\plugins\mcufinder//mcu/cs/
2026-07-29 14:43:15,636 [INFO] MainPanel:262 - HeapMemory: 268435456
2026-07-29 14:43:15,684 [INFO] DbMcusXml:78 - Set database path to: C:\ST\STM32CubeIDE_1.13.1\STM32CubeIDE\plugins\com.st.stm32cube.common.mx_6.9.1.202307191849\\db\/mcu/
2026-07-29 14:43:15,684 [INFO] ApiDb:274 - Set plugin database path to: C:\ST\STM32CubeIDE_1.13.1\STM32CubeIDE\plugins\com.st.stm32cube.common.mx_6.9.1.202307191849\\db\/plugins/boardmanager/
2026-07-29 14:43:15,684 [INFO] ApiDb:261 - Set plugin images path to: C:\ST\STM32CubeIDE_1.13.1\STM32CubeIDE\plugins\com.st.stm32cube.common.mx_6.9.1.202307191849\\db\/plugins/mcufinder/images/
2026-07-29 14:43:15,684 [WARN] DbFile:41 - Overriding database path with different value: C:\Users\Admin\.stmcufinder\plugins\mcufinder/ => C:\Users\Admin\.stmcufinder\plugins\mcufinder
2026-07-29 14:43:15,684 [INFO] ApiDb:250 - Set database path to: C:\Users\Admin\.stmcufinder\plugins\mcufinder//mcu/
2026-07-29 14:43:15,684 [WARN] DbFile:41 - Overriding database path with different value: C:\Users\Admin\.stmcufinder\plugins\mcufinder/ => C:\Users\Admin\.stmcufinder\plugins\mcufinder
2026-07-29 14:43:15,685 [INFO] DbMcusAds:125 - Set database path to: C:\Users\Admin\.stmcufinder\plugins\mcufinder//mcu/
2026-07-29 14:43:15,685 [WARN] DbFile:41 - Overriding database path with different value: C:\Users\Admin\.stmcufinder\plugins\mcufinder/ => C:\Users\Admin\.stmcufinder\plugins\mcufinder
2026-07-29 14:43:15,685 [WARN] DbFile:41 - Overriding database path with different value: C:\Users\Admin\.stmcufinder\plugins\mcufinder/ => C:\Users\Admin\.stmcufinder\plugins\mcufinder
2026-07-29 14:43:15,685 [INFO] CrossReferenceDbSqlite:203 - Set database path to: C:\Users\Admin\.stmcufinder\plugins\mcufinder//mcu/cs/
2026-07-29 14:43:15,697 [INFO] ApplicationProperties:184 - Using Application install path: C:\ST\STM32CubeIDE_1.13.1\STM32CubeIDE\plugins\com.st.stm32cube.common.mx_6.9.1.202307191849
2026-07-29 14:43:15,698 [INFO] PluginManage:196 - Search for loadable plugins [exclusion list=, ]
2026-07-29 14:43:15,699 [INFO] PluginManage:310 - Check plugin analytics
2026-07-29 14:43:15,803 [INFO] AnalyticsPlugin:253 - Accepted Software Licenses: STM32CubeMX.6.18.0
2026-07-29 14:43:15,803 [INFO] AnalyticsPlugin:255 - Accepted CMSIS Pack Licenses: 
2026-07-29 14:43:15,803 [INFO] AnalyticsPlugin:257 - Accepted Firmware Licenses: FW.F4.1.27.0,FW.F4.1.28.0,FW.F4.1.28.3
2026-07-29 14:43:15,806 [INFO] PluginManage:359 - Loaded plugin analytics (category:tool,tabindex:-1)
2026-07-29 14:43:15,806 [INFO] PluginManage:310 - Check plugin cadmodel
2026-07-29 14:43:15,811 [INFO] CADModel:105 - Init CAD model plugin
2026-07-29 14:43:15,811 [INFO] PluginManage:359 - Loaded plugin cadmodel (category:power,tabindex:5)
2026-07-29 14:43:15,811 [INFO] PluginManage:310 - Check plugin clock
2026-07-29 14:43:15,819 [INFO] PluginManage:359 - Loaded plugin clock (category:base,tabindex:2)
2026-07-29 14:43:15,819 [INFO] PluginManage:310 - Check plugin ddr
2026-07-29 14:43:15,821 [INFO] PluginManage:359 - Loaded plugin ddr (category:tool,tabindex:6)
2026-07-29 14:43:15,821 [INFO] PluginManage:310 - Check plugin filemanager
2026-07-29 14:43:15,916 [INFO] PluginManage:359 - Loaded plugin filemanager (category:base,tabindex:10)
2026-07-29 14:43:15,916 [INFO] PluginManage:310 - Check plugin ipmanager
2026-07-29 14:43:15,922 [INFO] PluginManage:359 - Loaded plugin ipmanager (category:base,tabindex:5)
2026-07-29 14:43:15,922 [INFO] PluginManage:310 - Check plugin lpbam
2026-07-29 14:43:15,928 [INFO] PluginManage:359 - Loaded plugin lpbam (category:base,tabindex:0)
2026-07-29 14:43:15,928 [INFO] PluginManage:310 - Check plugin memorymap
2026-07-29 14:43:15,937 [INFO] PluginManage:359 - Loaded plugin memorymap (category:base,tabindex:4)
2026-07-29 14:43:15,938 [INFO] PluginManage:310 - Check plugin pinoutandconfiguration
2026-07-29 14:43:15,943 [INFO] PluginManage:359 - Loaded plugin pinoutandconfiguration (category:base,tabindex:1)
2026-07-29 14:43:15,943 [INFO] PluginManage:310 - Check plugin pinoutconfig
2026-07-29 14:43:16,008 [WARN] SupportedApi:132 - Cannot load RTOS API schema: s4s-elt-must-match.1: The content of 'definitions' must match (annotation?, (simpleType | complexType)?, (unique | key | keyref)*)). A problem was found starting at: attribute.
2026-07-29 14:43:16,102 [INFO] PluginManage:359 - Loaded plugin pinoutconfig (category:base,tabindex:0)
2026-07-29 14:43:16,102 [INFO] PluginManage:310 - Check plugin power
2026-07-29 14:43:16,108 [INFO] PluginManage:359 - Loaded plugin power (category:power,tabindex:4)
2026-07-29 14:43:16,108 [INFO] PluginManage:310 - Check plugin projectmanager
2026-07-29 14:43:16,119 [INFO] PluginManage:359 - Loaded plugin projectmanager (category:projectmanager,tabindex:3)
2026-07-29 14:43:16,119 [INFO] PluginManage:310 - Check plugin thirdparty
2026-07-29 14:43:16,207 [WARN] IntegrityCheckThread:84 - waiting for thirdparty lock release [integrity check]
2026-07-29 14:43:16,207 [INFO] PluginManage:359 - Loaded plugin thirdparty (category:base,tabindex:-1)
2026-07-29 14:43:16,207 [INFO] IntegrityCheckThread:86 - entering critical section [integrity check]
2026-07-29 14:43:16,207 [INFO] PluginManage:310 - Check plugin tools
2026-07-29 14:43:16,207 [INFO] ThirdPartyUpdaterWithRetryManager:70 - Updater plugin not ready yet. [1/15]
2026-07-29 14:43:16,209 [INFO] PluginManage:359 - Loaded plugin tools (category:base,tabindex:7)
2026-07-29 14:43:16,209 [INFO] PluginManage:310 - Check plugin tutovideos
2026-07-29 14:43:16,327 [INFO] PluginManage:359 - Loaded plugin tutovideos (category:base,tabindex:-1)
2026-07-29 14:43:16,327 [INFO] PluginManage:310 - Check plugin updater
2026-07-29 14:43:16,334 [INFO] PluginManage:359 - Loaded plugin updater (category:base,tabindex:12)
2026-07-29 14:43:16,334 [INFO] PluginManage:310 - Check plugin userauth
2026-07-29 14:43:16,338 [INFO] UserAuth:113 - Init User Auth plugin
2026-07-29 14:43:16,338 [INFO] PluginManage:359 - Loaded plugin userauth (category:base,tabindex:14)
2026-07-29 14:43:16,338 [INFO] PluginManage:283 - PluginManage : Loaded plugins [17]
2026-07-29 14:43:16,491 [INFO] PinOutPanel:1499 - setPackage(No Configuration,No Configuration)
2026-07-29 14:43:16,563 [INFO] CADModel:165 - CPN selected for project level
2026-07-29 14:43:16,563 [INFO] CADModel:114 - Register for checkConnection events
2026-07-29 14:43:16,574 [INFO] IPUIPlugin:80 - create IPUIPlugin
2026-07-29 14:43:16,574 [INFO] PluginManager:220 - loadIPPluginJar : add adc
2026-07-29 14:43:16,575 [INFO] IPUIPlugin:80 - create IPUIPlugin
2026-07-29 14:43:16,575 [INFO] PluginManager:220 - loadIPPluginJar : add aes
2026-07-29 14:43:16,577 [INFO] IPUIPlugin:80 - create IPUIPlugin
2026-07-29 14:43:16,577 [INFO] PluginManager:220 - loadIPPluginJar : add can
2026-07-29 14:43:16,578 [INFO] IPUIPlugin:80 - create IPUIPlugin
2026-07-29 14:43:16,578 [INFO] PluginManager:220 - loadIPPluginJar : add comp
2026-07-29 14:43:16,579 [INFO] IPUIPlugin:80 - create IPUIPlugin
2026-07-29 14:43:16,579 [INFO] PluginManager:220 - loadIPPluginJar : add cryp
2026-07-29 14:43:16,580 [INFO] IPUIPlugin:80 - create IPUIPlugin
2026-07-29 14:43:16,580 [INFO] PluginManager:220 - loadIPPluginJar : add dfsdm
2026-07-29 14:43:16,584 [INFO] IPUIPlugin:80 - create IPUIPlugin
2026-07-29 14:43:16,584 [INFO] PluginManager:220 - loadIPPluginJar : add dma
2026-07-29 14:43:16,585 [INFO] IPUIPlugin:80 - create IPUIPlugin
2026-07-29 14:43:16,586 [INFO] PluginManager:220 - loadIPPluginJar : add dma3
2026-07-29 14:43:16,587 [INFO] IPUIPlugin:80 - create IPUIPlugin
2026-07-29 14:43:16,587 [INFO] PluginManager:220 - loadIPPluginJar : add fatfs
2026-07-29 14:43:16,589 [INFO] IPUIPlugin:80 - create IPUIPlugin
2026-07-29 14:43:16,589 [INFO] PluginManager:220 - loadIPPluginJar : add fmc
2026-07-29 14:43:16,592 [INFO] IPUIPlugin:80 - create IPUIPlugin
2026-07-29 14:43:16,593 [INFO] PluginManager:220 - loadIPPluginJar : add freertos
2026-07-29 14:43:16,593 [INFO] IPUIPlugin:80 - create IPUIPlugin
2026-07-29 14:43:16,594 [INFO] PluginManager:220 - loadIPPluginJar : add genericplugin
2026-07-29 14:43:16,595 [INFO] IPUIPlugin:80 - create IPUIPlugin
2026-07-29 14:43:16,595 [INFO] PluginManager:220 - loadIPPluginJar : add gfxmmu
2026-07-29 14:43:16,597 [INFO] IPUIPlugin:80 - create IPUIPlugin
2026-07-29 14:43:16,597 [INFO] PluginManager:220 - loadIPPluginJar : add gic
2026-07-29 14:43:16,599 [INFO] IPUIPlugin:80 - create IPUIPlugin
2026-07-29 14:43:16,600 [INFO] PluginManager:220 - loadIPPluginJar : add gpio
2026-07-29 14:43:16,601 [INFO] IPUIPlugin:80 - create IPUIPlugin
2026-07-29 14:43:16,601 [INFO] PluginManager:220 - loadIPPluginJar : add gtzc
2026-07-29 14:43:16,602 [INFO] IPUIPlugin:80 - create IPUIPlugin
2026-07-29 14:43:16,602 [INFO] PluginManager:220 - loadIPPluginJar : add hash
2026-07-29 14:43:16,604 [INFO] IPUIPlugin:80 - create IPUIPlugin
2026-07-29 14:43:16,604 [INFO] PluginManager:220 - loadIPPluginJar : add i2c
2026-07-29 14:43:16,605 [INFO] IPUIPlugin:80 - create IPUIPlugin
2026-07-29 14:43:16,605 [INFO] PluginManager:220 - loadIPPluginJar : add i2s
2026-07-29 14:43:16,606 [INFO] IPUIPlugin:80 - create IPUIPlugin
2026-07-29 14:43:16,606 [INFO] PluginManager:220 - loadIPPluginJar : add i3c
2026-07-29 14:43:16,608 [INFO] IPUIPlugin:80 - create IPUIPlugin
2026-07-29 14:43:16,608 [INFO] PluginManager:220 - loadIPPluginJar : add ipddr
2026-07-29 14:43:16,612 [INFO] IPUIPlugin:80 - create IPUIPlugin
2026-07-29 14:43:16,612 [INFO] PluginManager:220 - loadIPPluginJar : add linkedlist
2026-07-29 14:43:16,614 [INFO] IPUIPlugin:80 - create IPUIPlugin
2026-07-29 14:43:16,614 [INFO] PluginManager:220 - loadIPPluginJar : add lorawan
2026-07-29 14:43:16,615 [INFO] IPUIPlugin:80 - create IPUIPlugin
2026-07-29 14:43:16,615 [INFO] PluginManager:220 - loadIPPluginJar : add ltdc
2026-07-29 14:43:16,618 [INFO] IPUIPlugin:80 - create IPUIPlugin
2026-07-29 14:43:16,618 [INFO] PluginManager:220 - loadIPPluginJar : add mdma
2026-07-29 14:43:16,620 [INFO] IPUIPlugin:80 - create IPUIPlugin
2026-07-29 14:43:16,620 [INFO] PluginManager:220 - loadIPPluginJar : add nvic
2026-07-29 14:43:16,622 [INFO] IPUIPlugin:80 - create IPUIPlugin
2026-07-29 14:43:16,622 [INFO] PluginManager:220 - loadIPPluginJar : add opamp
2026-07-29 14:43:16,623 [INFO] IPUIPlugin:80 - create IPUIPlugin
2026-07-29 14:43:16,623 [INFO] PluginManager:220 - loadIPPluginJar : add openamp
2026-07-29 14:43:16,625 [INFO] IPUIPlugin:80 - create IPUIPlugin
2026-07-29 14:43:16,625 [INFO] PluginManager:220 - loadIPPluginJar : add pdm2pcm
2026-07-29 14:43:16,629 [INFO] IPUIPlugin:80 - create IPUIPlugin
2026-07-29 14:43:16,630 [INFO] PluginManager:220 - loadIPPluginJar : add plateformsettings
2026-07-29 14:43:16,631 [INFO] IPUIPlugin:80 - create IPUIPlugin
2026-07-29 14:43:16,631 [INFO] PluginManager:220 - loadIPPluginJar : add quadspi
2026-07-29 14:43:16,633 [INFO] IPUIPlugin:80 - create IPUIPlugin
2026-07-29 14:43:16,633 [INFO] PluginManager:220 - loadIPPluginJar : add resmgrutility
2026-07-29 14:43:16,635 [INFO] IPUIPlugin:80 - create IPUIPlugin
2026-07-29 14:43:16,635 [INFO] PluginManager:220 - loadIPPluginJar : add sai
2026-07-29 14:43:16,636 [INFO] IPUIPlugin:80 - create IPUIPlugin
2026-07-29 14:43:16,636 [INFO] PluginManager:220 - loadIPPluginJar : add spi
2026-07-29 14:43:16,639 [INFO] IPUIPlugin:80 - create IPUIPlugin
2026-07-29 14:43:16,639 [INFO] PluginManager:220 - loadIPPluginJar : add stm32_wpan
2026-07-29 14:43:16,640 [INFO] IPUIPlugin:80 - create IPUIPlugin
2026-07-29 14:43:16,640 [INFO] PluginManager:220 - loadIPPluginJar : add tim
2026-07-29 14:43:16,641 [INFO] IPUIPlugin:80 - create IPUIPlugin
2026-07-29 14:43:16,641 [INFO] PluginManager:220 - loadIPPluginJar : add touchsensing
2026-07-29 14:43:16,642 [INFO] IPUIPlugin:80 - create IPUIPlugin
2026-07-29 14:43:16,642 [INFO] PluginManager:220 - loadIPPluginJar : add tracer_emb
2026-07-29 14:43:16,644 [INFO] IPUIPlugin:80 - create IPUIPlugin
2026-07-29 14:43:16,644 [INFO] PluginManager:220 - loadIPPluginJar : add ts
2026-07-29 14:43:16,644 [INFO] IPUIPlugin:80 - create IPUIPlugin
2026-07-29 14:43:16,644 [INFO] PluginManager:220 - loadIPPluginJar : add tsc
2026-07-29 14:43:16,645 [INFO] IPUIPlugin:80 - create IPUIPlugin
2026-07-29 14:43:16,645 [INFO] PluginManager:220 - loadIPPluginJar : add ucpd
2026-07-29 14:43:16,647 [INFO] IPUIPlugin:80 - create IPUIPlugin
2026-07-29 14:43:16,647 [INFO] PluginManager:220 - loadIPPluginJar : add usart
2026-07-29 14:43:16,649 [INFO] IPUIPlugin:80 - create IPUIPlugin
2026-07-29 14:43:16,649 [INFO] PluginManager:220 - loadIPPluginJar : add usbx
2026-07-29 14:43:16,754 [INFO] CADModel:165 - CPN selected for project level
2026-07-29 14:43:16,754 [INFO] CADModel:114 - Register for checkConnection events
2026-07-29 14:43:16,754 [FATAL] Updater:308 - Updater called before beeing initialized
2026-07-29 14:43:16,755 [ERROR] CADModel:125 - Updater not yet initialized, retry later 
2026-07-29 14:43:16,850 [INFO] CADModel:165 - CPN selected for project level
2026-07-29 14:43:16,850 [INFO] CADModel:114 - Register for checkConnection events
2026-07-29 14:43:16,850 [FATAL] Updater:308 - Updater called before beeing initialized
2026-07-29 14:43:16,850 [ERROR] CADModel:125 - Updater not yet initialized, retry later 
2026-07-29 14:43:16,853 [FATAL] Updater:308 - Updater called before beeing initialized
2026-07-29 14:43:16,920 [FATAL] Updater:308 - Updater called before beeing initialized
2026-07-29 14:43:16,924 [INFO] DbMcusAds:53 - JSON generation date=Wed Jul 15 16:46:00 GMT+07:00 2026 (1784108760991)
2026-07-29 14:43:16,924 [FATAL] Updater:308 - Updater called before beeing initialized
2026-07-29 14:43:16,950 [WARN] DetailPanel:346 - Failed to get advertising image, set to default
2026-07-29 14:43:17,032 [FATAL] Updater:308 - Updater called before beeing initialized
2026-07-29 14:43:17,033 [FATAL] Updater:308 - Updater called before beeing initialized
2026-07-29 14:43:17,033 [FATAL] Updater:308 - Updater called before beeing initialized
2026-07-29 14:43:17,033 [WARN] DetailPanel:346 - Failed to get advertising image, set to default
2026-07-29 14:43:17,034 [FATAL] Updater:308 - Updater called before beeing initialized
2026-07-29 14:43:17,065 [ERROR] Updater:1120 - MainUpdater not yet initialized. External WinMGr cannot be set.
2026-07-29 14:43:17,067 [INFO] Updater:1056 - Updater Version found : 6.9.1
2026-07-29 14:43:17,083 [INFO] ApplicationProperties:184 - Using Application install path: C:\ST\STM32CubeIDE_1.13.1\STM32CubeIDE\plugins\com.st.stm32cube.common.mx_6.9.1.202307191849
2026-07-29 14:43:17,233 [INFO] MainUpdater:2868 - connection check result : 10
2026-07-29 14:43:17,234 [INFO] MainUpdater:285 - Updater Check For Update Now.
2026-07-29 14:43:17,234 [INFO] MicroXplorer:498 - Change Database Version : DB.6.0.91
2026-07-29 14:43:17,243 [INFO] McuFinderGlobals:63 - Set McuFinder mode to 2 (CubeIDE integrated)
2026-07-29 14:43:17,243 [INFO] UserAuth:179 - activating auth plugin
2026-07-29 14:43:17,247 [INFO] UserAuth:393 - Internet connection configuration mode: 1
2026-07-29 14:43:17,267 [INFO] JxBrowserEngine:151 - Initiate JxBrowser Engine with user profile folder
2026-07-29 14:43:17,417 [INFO] CheckServerUpdateThread:120 - End of CheckServer Thread
2026-07-29 14:43:17,656 [INFO] WebApp:157 - Instantiating new browser for Auth
2026-07-29 14:43:17,983 [INFO] WebApp:753 - Register for checkConnection events
2026-07-29 14:43:17,983 [INFO] WebApp:390 - Apply proxy settings
2026-07-29 14:43:17,983 [INFO] WebApp:475 - Chromium requires no authentication
2026-07-29 14:43:17,990 [INFO] WebApp:418 - Direct internet connection detected
2026-07-29 14:43:18,091 [INFO] WebApp:188 - Starting web application
2026-07-29 14:43:18,091 [INFO] WebApp:520 - Web application path used C:\ST\STM32CubeIDE_1.13.1\STM32CubeIDE\plugins\com.st.stm32cube.common.mx_6.9.1.202307191849\db\plugins\mcufinder\reactClient1\index.html
2026-07-29 14:43:19,338 [WARN] PackLoader:240 - Cannot read IP mode file for STMicroelectronics.FP-ATR-ASTRA1.2.0.3
2026-07-29 14:43:19,341 [WARN] PackLoader:240 - Cannot read IP mode file for STMicroelectronics.FP-ATR-ASTRA1.2.0.2
2026-07-29 14:43:19,348 [ERROR] Engine:466 - C:\Users\Admin\.stm32cubemx\thirdparties\pdsc\STMicroelectronics.X-CUBE-SMBUS.2.1.1.pdsc: PDSC version is not supported
2026-07-29 14:43:19,352 [WARN] PackLoader:240 - Cannot read IP mode file for STMicroelectronics.X-CUBE-SMBUS.2.1.0
2026-07-29 14:43:19,375 [WARN] PackLoader:240 - Cannot read IP mode file for STMicroelectronics.X-CUBE-AZRTOS-F7.1.1.0
2026-07-29 14:43:19,385 [ERROR] Engine:466 - C:\Users\Admin\.stm32cubemx\thirdparties\pdsc\STMicroelectronics.X-CUBE-FREERTOS.1.6.0.pdsc: PDSC version is not supported
2026-07-29 14:43:19,423 [WARN] PackLoader:240 - Cannot read IP mode file for STMicroelectronics.X-CUBE-AZRTOS-H7RS.1.3.0
2026-07-29 14:43:19,433 [ERROR] Engine:466 - C:\Users\Admin\.stm32cubemx\thirdparties\pdsc\WES.I-CUBE-Cesium.1.4.0.pdsc: PDSC version is not supported
2026-07-29 14:43:19,445 [WARN] PackLoader:240 - Cannot read IP mode file for STMicroelectronics.X-CUBE-DISPLAY.3.0.0
2026-07-29 14:43:19,457 [WARN] PackLoader:240 - Cannot read IP mode file for wolfSSL.I-CUBE-wolfSSL.5.9.1
2026-07-29 14:43:19,466 [WARN] PackLoader:240 - Cannot read IP mode file for emotas.I-CUBE-CANOPEN.1.3.0
2026-07-29 14:43:19,470 [ERROR] Engine:466 - C:\Users\Admin\.stm32cubemx\thirdparties\pdsc\STMicroelectronics.X-CUBE-WBA.1.1.0.pdsc: PDSC version is not supported
2026-07-29 14:43:19,482 [INFO] LogOutputStream:77 - [STDOUT_REDIRECT] 1 : Invalid condition id : UX_CORESTACK_Condition cause : null
2026-07-29 14:43:19,483 [INFO] LogOutputStream:77 - [STDOUT_REDIRECT] 1 : Invalid condition id : UX_CORESTACK_Condition cause : null
2026-07-29 14:43:19,485 [INFO] LogOutputStream:77 - [STDOUT_REDIRECT] 1 : Invalid condition id : UX_CORESTACK_Condition cause : null
2026-07-29 14:43:19,487 [INFO] LogOutputStream:77 - [STDOUT_REDIRECT] 1 : Invalid condition id : UX_CORESTACK_Condition cause : null
2026-07-29 14:43:19,488 [INFO] LogOutputStream:77 - [STDOUT_REDIRECT] 1 : Invalid condition id : UX_CORESTACK_Condition cause : null
2026-07-29 14:43:19,492 [WARN] PackLoader:240 - Cannot read IP mode file for STMicroelectronics.X-CUBE-AZRTOS-WL.2.0.0
2026-07-29 14:43:19,512 [WARN] PackLoader:240 - Cannot read IP mode file for STMicroelectronics.X-CUBE-AZRTOS-H7RS.1.2.0
2026-07-29 14:43:19,526 [WARN] PackLoader:240 - Cannot read IP mode file for STMicroelectronics.X-CUBE-BLE2.3.3.0
2026-07-29 14:43:19,530 [ERROR] Engine:466 - C:\Users\Admin\.stm32cubemx\thirdparties\pdsc\Avnet-IOTCONNECT.X-CUBE-iotc-st67-sdk.1.0.0.pdsc: PDSC version is not supported
2026-07-29 14:43:19,538 [ERROR] Engine:466 - C:\Users\Admin\.stm32cubemx\thirdparties\pdsc\Infineon.AIROC-Wi-Fi-Bluetooth-STM32.1.8.0.pdsc: PDSC version is not supported
2026-07-29 14:43:19,543 [WARN] PackLoader:240 - Cannot read IP mode file for wolfSSL.I-CUBE-wolfMQTT.1.19.2
2026-07-29 14:43:19,559 [WARN] PackLoader:240 - Cannot read IP mode file for STMicroelectronics.X-CUBE-AZRTOS-G0.1.1.0
2026-07-29 14:43:19,568 [WARN] PackLoader:240 - Cannot read IP mode file for STMicroelectronics.X-CUBE-NFC4.3.0.0
2026-07-29 14:43:19,574 [ERROR] Engine:466 - C:\Users\Admin\.stm32cubemx\thirdparties\pdsc\EmbeddedOffice.I-CUBE-FS-RTOS.1.0.1.pdsc: PDSC version is not supported
2026-07-29 14:43:19,578 [WARN] PackLoader:240 - Cannot read IP mode file for wolfSSL.I-CUBE-wolfTPM.3.8.0
2026-07-29 14:43:19,581 [ERROR] Engine:466 - C:\Users\Admin\.stm32cubemx\thirdparties\pdsc\RealThread.X-CUBE-RT-Thread_Nano.4.1.1.pdsc: PDSC version is not supported
2026-07-29 14:43:19,586 [WARN] PackLoader:240 - Cannot read IP mode file for STMicroelectronics.FP-ATR-SIGFOX1.3.2.0
2026-07-29 14:43:19,589 [ERROR] Engine:466 - C:\Users\Admin\.stm32cubemx\thirdparties\pdsc\STMicroelectronics.X-CUBE-FREERTOS.1.5.0.pdsc: PDSC version is not supported
2026-07-29 14:43:19,594 [WARN] PackLoader:240 - Cannot read IP mode file for ITTIA_DB.I-CUBE-ITTIADB.8.9.0
2026-07-29 14:43:19,596 [ERROR] Engine:466 - C:\Users\Admin\.stm32cubemx\thirdparties\pdsc\Cesanta.I-CUBE-Mongoose.7.21.7.pdsc: PDSC version is not supported
2026-07-29 14:43:19,600 [WARN] PackLoader:240 - Cannot read IP mode file for STMicroelectronics.X-CUBE-AI.10.2.1
2026-07-29 14:43:19,643 [WARN] PackLoader:240 - Cannot read IP mode file for STMicroelectronics.X-CUBE-MEMS1.12.1.0
2026-07-29 14:43:19,766 [WARN] PackLoader:240 - Cannot read IP mode file for SEGGER.I-CUBE-embOS.1.3.1
2026-07-29 14:43:19,799 [WARN] PackLoader:240 - Cannot read IP mode file for STMicroelectronics.X-CUBE-ALGOBUILD.1.4.0
2026-07-29 14:43:19,804 [WARN] PackLoader:240 - Cannot read IP mode file for STMicroelectronics.X-CUBE-NFC13.1.0.0
2026-07-29 14:43:19,815 [WARN] PackLoader:240 - Cannot read IP mode file for STMicroelectronics.X-CUBE-AZRTOS-F4.1.1.0
2026-07-29 14:43:19,820 [ERROR] Engine:466 - C:\Users\Admin\.stm32cubemx\thirdparties\pdsc\STMicroelectronics.eDS-WB_DPC_TT-BIDIR.2.1.1.pdsc: PDSC version is not supported
2026-07-29 14:43:19,825 [WARN] PackLoader:240 - Cannot read IP mode file for STMicroelectronics.X-CUBE-ALGOBUILD.1.5.0
2026-07-29 14:43:19,861 [WARN] PackLoader:240 - Cannot read IP mode file for STMicroelectronics.X-CUBE-MEMS1.13.0.0
2026-07-29 14:43:19,925 [ERROR] Engine:466 - C:\Users\Admin\.stm32cubemx\thirdparties\pdsc\STMicroelectronics.eDS-WB_DPC_3PH2L-BIDIR.1.1.1.pdsc: PDSC version is not supported
2026-07-29 14:43:19,930 [WARN] PackLoader:240 - Cannot read IP mode file for STMicroelectronics.X-CUBE-TOUCHGFX.4.26.1
2026-07-29 14:43:19,943 [WARN] ConditionMgr:438 - getConditionDescription Invalid condition id : LAN8742 Phy interface Condition cause : null
2026-07-29 14:43:19,944 [WARN] PackLoader:240 - Cannot read IP mode file for STMicroelectronics.X-CUBE-AZRTOS-L4.2.0.0
2026-07-29 14:43:19,945 [WARN] ConditionMgr:1039 - genDependencies : Invalid condition id : LAN8742 Phy interface Condition cause : null
2026-07-29 14:43:19,945 [WARN] ConditionMgr:1039 - genDependencies : Invalid condition id : LAN8742 Phy interface Condition cause : null
2026-07-29 14:43:19,946 [WARN] ConditionMgr:1039 - genDependencies : Invalid condition id : LAN8742 Phy interface Condition cause : null
2026-07-29 14:43:19,952 [WARN] PackLoader:240 - Cannot read IP mode file for STMicroelectronics.X-CUBE-SFXS2LP1.4.0.0
2026-07-29 14:43:19,955 [ERROR] Engine:466 - C:\Users\Admin\.stm32cubemx\thirdparties\pdsc\quantropi.X-CUBE-qispace-sdk-base.2.1.0.pdsc: PDSC version is not supported
2026-07-29 14:43:19,974 [WARN] PackLoader:240 - Cannot read IP mode file for STMicroelectronics.X-CUBE-SUBG2.5.0.0
2026-07-29 14:43:19,987 [WARN] PackLoader:240 - Cannot read IP mode file for STMicroelectronics.X-CUBE-AZRTOS-G4.2.0.0
2026-07-29 14:43:19,991 [WARN] PackLoader:240 - Cannot read IP mode file for wolfSSL.I-CUBE-wolfSSH.1.4.20
2026-07-29 14:43:19,993 [INFO] ThirdParty:978 - Integrity check success = true
2026-07-29 14:43:19,993 [INFO] IntegrityCheckThread:100 - exiting critical section [integrity check]
2026-07-29 14:43:19,993 [INFO] IntegrityCheckThread:103 - End integrity checks thread
2026-07-29 14:43:38,654 [ERROR] LogOutputStream:75 - [STDERR_REDIRECT] SLF4J: Failed to load class "org.slf4j.impl.StaticLoggerBinder".
2026-07-29 14:43:38,655 [ERROR] LogOutputStream:75 - [STDERR_REDIRECT] SLF4J: Defaulting to no-operation (NOP) logger implementation
2026-07-29 14:43:38,656 [ERROR] LogOutputStream:75 - [STDERR_REDIRECT] SLF4J: See http://www.slf4j.org/codes.html#StaticLoggerBinder for further details.
2026-07-29 14:43:52,931 [INFO] McuFinderGlobals:63 - Set McuFinder mode to 2 (CubeIDE integrated)
2026-07-29 14:43:52,935 [INFO] MainUpdater:2868 - connection check result : 10
2026-07-29 14:43:52,935 [INFO] MainUpdater:2868 - connection check result : 10
2026-07-29 14:43:52,960 [INFO] MicroXplorer:468 - Change Database Path : 
2026-07-29 14:43:52,960 [INFO] MicroXplorer:498 - Change Database Version : DB.6.0.91
2026-07-29 14:43:52,963 [WARN] ThirdParty:871 - waiting for thirdparty lock release [close project]
2026-07-29 14:43:52,963 [INFO] ThirdParty:873 - entering critical section [close project]
2026-07-29 14:43:52,964 [INFO] ThirdParty:883 - exiting critical section [close project]
2026-07-29 14:43:52,965 [INFO] PinOutPanel:1499 - setPackage(No Configuration,No Configuration)
2026-07-29 14:43:52,970 [INFO] UtilMem:75 - Begin LoadConfig() Used Memory: 184415104 Bytes (268435456)
2026-07-29 14:43:52,972 [INFO] MicroXplorer:468 - Change Database Path : 
2026-07-29 14:43:52,972 [INFO] MicroXplorer:498 - Change Database Version : DB.6.0.91
2026-07-29 14:43:52,972 [INFO] OpenFileManager:308 - Change cursor
2026-07-29 14:43:52,998 [INFO] Mcu:1946 - Initializing MCU STM32F405RGTx STM32F405RGTx STM32F405RGT6
2026-07-29 14:43:54,169 [INFO] Context:659 - Trying to add GPIOservice into a context  which must be forbidden
2026-07-29 14:43:54,564 [INFO] RtosManager:555 - Registered RTOS mode: class=CMSIS, group=RTOS, mode=CMSIS_V1, owner=FREERTOS
2026-07-29 14:43:54,564 [INFO] RtosManager:555 - Registered RTOS mode: class=CMSIS, group=RTOS2, mode=CMSIS_V2, owner=FREERTOS
2026-07-29 14:43:54,565 [INFO] RtosManager:555 - Registered RTOS mode: class=RTOS, group=Core, mode=CMSIS_V1, owner=FREERTOS
2026-07-29 14:43:54,565 [INFO] RtosManager:555 - Registered RTOS mode: class=RTOS, group=Core, mode=CMSIS_V2, owner=FREERTOS
2026-07-29 14:43:54,565 [WARN] ModelIntegratedComponent:184 - Missing modes for component STMicroelectronics:FreeRTOS:0.0.1:STMicroelectronics:RTOS:FreeRTOS:Core:::10.2.0:
2026-07-29 14:43:54,633 [WARN] ModelIntegratedComponent:63 - No mode defined for component null
2026-07-29 14:43:54,633 [WARN] ModelIntegratedComponent:63 - No mode defined for component null
2026-07-29 14:43:54,633 [WARN] ModelIntegratedComponent:63 - No mode defined for component null
2026-07-29 14:43:54,633 [WARN] ModelIntegratedComponent:63 - No mode defined for component null
2026-07-29 14:43:54,633 [WARN] ModelIntegratedComponent:63 - No mode defined for component null
2026-07-29 14:43:54,633 [WARN] ModelIntegratedComponent:63 - No mode defined for component null
2026-07-29 14:43:54,633 [WARN] ModelIntegratedComponent:63 - No mode defined for component null
2026-07-29 14:43:54,633 [WARN] ModelIntegratedComponent:63 - No mode defined for component null
2026-07-29 14:43:54,633 [WARN] ModelIntegratedComponent:63 - No mode defined for component null
2026-07-29 14:43:54,633 [WARN] ModelIntegratedComponent:63 - No mode defined for component null
2026-07-29 14:43:54,633 [WARN] ModelIntegratedComponent:63 - No mode defined for component null
2026-07-29 14:43:54,633 [WARN] ModelIntegratedComponent:63 - No mode defined for component null
2026-07-29 14:43:54,633 [WARN] ModelIntegratedComponent:63 - No mode defined for component null
2026-07-29 14:43:54,633 [WARN] ModelIntegratedComponent:63 - No mode defined for component null
2026-07-29 14:43:54,633 [WARN] ModelIntegratedComponent:63 - No mode defined for component null
2026-07-29 14:43:54,634 [WARN] ModelIntegratedComponent:63 - No mode defined for component null
2026-07-29 14:43:54,634 [WARN] ModelIntegratedComponent:63 - No mode defined for component null
2026-07-29 14:43:54,634 [WARN] ModelIntegratedComponent:63 - No mode defined for component null
2026-07-29 14:43:54,634 [WARN] ModelIntegratedComponent:63 - No mode defined for component null
2026-07-29 14:43:54,634 [WARN] ModelIntegratedComponent:63 - No mode defined for component null
2026-07-29 14:43:54,634 [WARN] ModelIntegratedComponent:63 - No mode defined for component null
2026-07-29 14:43:54,634 [WARN] ModelIntegratedComponent:63 - No mode defined for component null
2026-07-29 14:43:54,634 [WARN] ModelIntegratedComponent:63 - No mode defined for component null
2026-07-29 14:43:54,634 [WARN] ModelIntegratedComponent:63 - No mode defined for component null
2026-07-29 14:43:54,634 [WARN] ModelIntegratedComponent:63 - No mode defined for component null
2026-07-29 14:43:54,634 [WARN] ModelIntegratedComponent:63 - No mode defined for component null
2026-07-29 14:43:54,634 [WARN] ModelIntegratedComponent:63 - No mode defined for component null
2026-07-29 14:43:54,634 [WARN] ModelIntegratedComponent:63 - No mode defined for component null
2026-07-29 14:43:54,634 [WARN] ModelIntegratedComponent:63 - No mode defined for component null
2026-07-29 14:43:54,634 [WARN] ModelIntegratedComponent:63 - No mode defined for component null
2026-07-29 14:43:54,634 [WARN] ModelIntegratedComponent:63 - No mode defined for component null
2026-07-29 14:43:54,634 [WARN] ModelIntegratedComponent:63 - No mode defined for component null
2026-07-29 14:43:54,634 [WARN] ModelIntegratedComponent:63 - No mode defined for component null
2026-07-29 14:43:54,691 [INFO] ThirdPartyModel:298 - Start build external matchings
2026-07-29 14:43:54,853 [INFO] ThirdPartyModel:316 - End build external matchings
2026-07-29 14:43:54,862 [INFO] ImportTextPane:194 - (OptionalMessage_ERROR) IP (RCC) : Parameter (48MHZClocksFreq_Value) has invalid value (84000000)
2026-07-29 14:43:54,862 [INFO] ImportTextPane:194 - (OptionalMessage_ERROR) IP (RCC) : Parameter (RTCHSEDivFreq_Value) has invalid value (4000000)
2026-07-29 14:43:55,087 [INFO] UtilMem:75 - End LoadConfig() Used Memory: 258274432 Bytes (342884352)
2026-07-29 14:43:55,142 [INFO] ApiDb:581 - Connected to CubeFinder SQLite database (C:\Users\Admin\.stmcufinder\plugins\mcufinder\mcu\cube-finder-db.db)
2026-07-29 14:43:55,232 [INFO] ApiDb:668 - CubeFinder database Data Model version=2.1
2026-07-29 14:43:55,232 [INFO] ApiDb:669 - CubeFinder database Configuration version=3.0.42
2026-07-29 14:43:55,233 [INFO] ApiDb:670 - CubeFinder database generation date=2026-06-23 (1782213372)
2026-07-29 14:43:55,233 [INFO] ApiDb:671 - CubeFinder database FW Pack versions=[FP-ATR-ASTRA1_V2.0.0, FP-SNS-FLIGHT1_V5.1.0, FP-SNS-MOTENV1_V5.1.0, FP-SNS-MOTENVWB1_V1.5.0, FP-SNS-SMARTAG2_V1.2.0, FP-SNS-STBOX1_V2.1.0, STM32Cube_FW_C0_V1.4.0, STM32Cube_FW_F4_V1.28.3, STM32Cube_FW_F7_V1.17.4, STM32Cube_FW_G0_V1.6.3, STM32Cube_FW_G4_V1.6.2, STM32Cube_FW_H5_V1.7.0, STM32Cube_FW_H7RS_V1.3.0, STM32Cube_FW_H7_V1.13.0, STM32Cube_FW_L0_V1.12.2, STM32Cube_FW_L4_V1.18.2, STM32Cube_FW_L5_V1.6.0, STM32Cube_FW_N6_V1.4.0, STM32Cube_FW_U0_V1.3.0, STM32Cube_FW_U3_V1.4.0, STM32Cube_FW_U5_V1.9.0, STM32Cube_FW_WB0_V1.5.0, STM32Cube_FW_WBA_V1.10.0, STM32Cube_FW_WB_V1.24.0, STM32Cube_FW_WL3_V1.5.0, STM32Cube_FW_WL_V1.6.0, X-CUBE-ALGOBUILD_V1.5.0, X-CUBE-ALS_V1.0.2, X-CUBE-AZRTOS-F4_V1.1.0, X-CUBE-AZRTOS-F7_V1.1.0, X-CUBE-AZRTOS-G0_V1.1.0, X-CUBE-AZRTOS-G4_V2.0.0, X-CUBE-AZRTOS-H7RS_V1.1.0, X-CUBE-AZRTOS-H7_V3.5.0, X-CUBE-AZRTOS-L4_V2.0.0, X-CUBE-AZRTOS-L5_V2.0.0, X-CUBE-AZRTOS-WB_V2.0.0, X-CUBE-AZRTOS-WL_V2.0.0, X-CUBE-BLE1_V7.1.0, X-CUBE-BLE2_V3.3.0, X-CUBE-BLEMGR_V4.1.0, X-CUBE-EEPRMA1_V5.2.0, X-CUBE-FREERTOS_V1.5.0, X-CUBE-GNSS1_V7.1.1, X-CUBE-MEMS1_V12.1.0, X-CUBE-NFC4_V3.0.0, X-CUBE-NFC7_V2.0.0, X-CUBE-SFXS2LP1_V4.0.0, X-CUBE-ST67W61_V1.3.0, X-CUBE-SUBG2_V5.0.0, X-CUBE-TOF1_V3.4.3]
2026-07-29 14:43:57,850 [INFO] ApiDb:240 - Found 323 in-development CPN: [B-G473E-ZEST1S, B-WB1M-WPAN1, B-WL5M-SUBG1, NUCLEO-C031C6, NUCLEO-H503RB, NUCLEO-H563ZI, NUCLEO-U545RE-Q, NUCLEO-U5A5ZJ-Q, NUCLEO-WBA52CG, STEVAL-PROTEUS1, STEVAL-SMARTAG2, STEVAL-STWINBX1, STM320518-EVAL, STM32C0116-DK, STM32C011D6Y3TR, STM32C011D6Y6TR, STM32C011F4P3, STM32C011F4P6, STM32C011F4U3, STM32C011F4U6TR, STM32C011F6P3, STM32C011F6P6, STM32C011F6U3, STM32C011F6U6TR, STM32C011J4M3, STM32C011J4M6, STM32C011J6M3, STM32C011J6M6, STM32C0316-DK, STM32C031C4T3, STM32C031C4T6, STM32C031C4U3, STM32C031C4U6, STM32C031C6T3, STM32C031C6T6, STM32C031C6U3, STM32C031C6U6, STM32C031F4P3, STM32C031F4P6, STM32C031F6P3, STM32C031F6P6, STM32C031G4U3, STM32C031G4U6, STM32C031G6U3, STM32C031G6U6, STM32C031K4T3, STM32C031K4T6, STM32C031K4U3, STM32C031K4U6, STM32C031K6T3, STM32C031K6T6, STM32C031K6U3, STM32C031K6U6, STM32G071K8TXN, STM32G071K8UXN, STM32G081GBU6N, STM32G081KBT6N, STM32G081KBUXN, STM32G0B1CCT6N, STM32G0B1KCT6, STM32G0B1NEY6TR, STM32G0B1RCT6N, STM32G0C1CCT6, STM32G0C1CCT6N, STM32G0C1CCU6N, STM32G0C1CET6N, STM32G0C1CEU6N, STM32G0C1KCT6, STM32G0C1NEY6TR, STM32G0C1RCI6N, STM32G0C1RCT6N, STM32G0C1REI6N, STM32G0C1RET6N, STM32G0C1VCI6, STM32G0C1VEI6, STM32G471CCT6, STM32G471CCU6, STM32G471CET3, STM32G471CET6, STM32G471CEU3, STM32G471CEU6, STM32G471MCT6, STM32G471MET3, STM32G471MET6, STM32G471MEY6TR, STM32G471QCT6, STM32G471QET3, STM32G471RCT6, STM32G471RET3, STM32G471RET6, STM32G471VCH6, STM32G471VCI6, STM32G471VCT6, STM32G471VEH3, STM32G471VEH6, STM32G471VEI3, STM32G471VEI6, STM32G471VET3, STM32G471VET6, STM32G474CCT6, STM32H503CBT6, STM32H503CBU6, STM32H503EBY6TR, STM32H503KBU6, STM32H503RBT6, STM32H562AGI6, STM32H562AII6, STM32H562IGK6, STM32H562IGT6, STM32H562IIK6, STM32H562IIT6, STM32H562RGT6, STM32H562RGV6, STM32H562RIT6, STM32H562RIV6, STM32H562VGT6, STM32H562VIT6, STM32H562ZGT6, STM32H562ZIT6, STM32H563AGI6, STM32H563AII3Q, STM32H563AII6, STM32H563IGK6, STM32H563IGT6, STM32H563IIK3Q, STM32H563IIK6, STM32H563IIT3Q, STM32H563IIT6, STM32H563MIY3QTR, STM32H563RGT6, STM32H563RGV6, STM32H563RIT6, STM32H563RIV6, STM32H563VGT6, STM32H563VIT3Q, STM32H563VIT6, STM32H563ZGT6, STM32H563ZIT3Q, STM32H563ZIT6, STM32H573AII3Q, STM32H573AII6, STM32H573I-DK, STM32H573IIK3Q, STM32H573IIK6, STM32H573IIT3Q, STM32H573IIT6, STM32H573MIY3QTR, STM32H573RIT6, STM32H573RIV6, STM32H573VIT3Q, STM32H573VIT6, STM32H573ZIT3Q, STM32H573ZIT6, STM32L4R5QGI6STR, STM32MP131AAE3, STM32MP131AAF3, STM32MP131AAG3, STM32MP131CAE3, STM32MP131CAF3, STM32MP131CAG3, STM32MP131DAE7, STM32MP131DAF7, STM32MP131DAG7, STM32MP131FAE7, STM32MP131FAF7, STM32MP131FAG7, STM32MP133AAE3, STM32MP133AAF3, STM32MP133AAG3, STM32MP133CAE3, STM32MP133CAF3, STM32MP133CAG3, STM32MP133DAE7, STM32MP133DAF7, STM32MP133DAG7, STM32MP133FAE7, STM32MP133FAF7, STM32MP133FAG7, STM32MP135AAE3, STM32MP135AAF3, STM32MP135AAG3, STM32MP135CAE3, STM32MP135CAF3, STM32MP135CAG3, STM32MP135DAE7, STM32MP135DAF7, STM32MP135DAG7, STM32MP135F-DK, STM32MP135FAE7, STM32MP135FAF7, STM32MP135FAF7T, STM32MP135FAF7U, STM32MP135FAG7, STM32U535CBT6, STM32U535CBT6Q, STM32U535CBU6, STM32U535CBU6Q, STM32U535CCT6, STM32U535CCT6Q, STM32U535CCU6, STM32U535CCU6Q, STM32U535CET6, STM32U535CET6Q, STM32U535CEU6, STM32U535CEU6Q, STM32U535JEY6QTR, STM32U535NCY6QTR, STM32U535NEY6QTR, STM32U535RBI6, STM32U535RBI6Q, STM32U535RBT6, STM32U535RBT6Q, STM32U535RCI6, STM32U535RCI6Q, STM32U535RCT6, STM32U535RCT6Q, STM32U535REI6, STM32U535REI6Q, STM32U535RET6, STM32U535RET6Q, STM32U535VCI6, STM32U535VCI6Q, STM32U535VCT6, STM32U535VCT6Q, STM32U535VEI6, STM32U535VEI6Q, STM32U535VET6, STM32U535VET6Q, STM32U545CET6, STM32U545CET6Q, STM32U545CEU6, STM32U545CEU6Q, STM32U545JEY6QTR, STM32U545NEY6QTR, STM32U545REI6, STM32U545REI6Q, STM32U545RET6, STM32U545RET6Q, STM32U545VEI6, STM32U545VEI6Q, STM32U545VET6, STM32U545VET6Q, STM32U595AIH6, STM32U595AIH6Q, STM32U595AJH6, STM32U595AJH6Q, STM32U595QII6, STM32U595QII6Q, STM32U595QJI6, STM32U595QJI6Q, STM32U595RIT6, STM32U595RIT6Q, STM32U595RJT6, STM32U595RJT6Q, STM32U595VIT6, STM32U595VIT6Q, STM32U595VJT6, STM32U595VJT6Q, STM32U595ZIT6, STM32U595ZIT6Q, STM32U595ZIY6QTR, STM32U595ZJT6, STM32U595ZJT6Q, STM32U595ZJY6QTR, STM32U599BJY6QTR, STM32U599NIH6Q, STM32U599NJH6Q, STM32U599VIT6Q, STM32U599VJT6, STM32U599VJT6Q, STM32U599ZIT6Q, STM32U599ZIY6QTR, STM32U599ZJT6Q, STM32U599ZJY6QTR, STM32U5A5AJH6, STM32U5A5AJH6Q, STM32U5A5QJI6, STM32U5A5QJI6Q, STM32U5A5RJT6, STM32U5A5RJT6Q, STM32U5A5VJT6, STM32U5A5VJT6Q, STM32U5A5ZJT6, STM32U5A5ZJT6Q, STM32U5A5ZJY6QTR, STM32U5A9BJY6QTR, STM32U5A9J-DK, STM32U5A9NJH6Q, STM32U5A9VJT6Q, STM32U5A9ZJT6Q, STM32U5A9ZJY6QTR, STM32U5F7VIT6, STM32U5F7VIT6Q, STM32U5F7VJT6, STM32U5F7VJT6Q, STM32U5F9BJY6QTR, STM32U5F9NJH6Q, STM32U5F9VIT6Q, STM32U5F9VJT6Q, STM32U5F9ZIJ6QTR, STM32U5F9ZIT6Q, STM32U5F9ZJJ6QTR, STM32U5F9ZJT6Q, STM32U5G7VJT6, STM32U5G7VJT6Q, STM32U5G9BJY6QTR, STM32U5G9J-DK1, STM32U5G9J-DK2, STM32U5G9NJH6Q, STM32U5G9VJT6Q, STM32U5G9ZJJ6QTR, STM32U5G9ZJT6Q, STM32WB1MMCH6, STM32WBA52CEU6, STM32WBA52CEU6T, STM32WBA52CGU6, STM32WBA52CGU6T, STM32WBA52KEU6, STM32WBA52KEU6T, STM32WBA52KGU6, STM32WBA52KGU6T, STM32WL5MOCH6, STM32WL5MOCH6TR]
2026-07-29 14:43:57,856 [INFO] DbMcus:217 - Found 5228 MCUs, 5075 are supported
2026-07-29 14:43:57,856 [INFO] ApiDb:423 - Load user favorites file C:\Users\Admin/.stm32cubeide/favorites.mcus.txt: 4 item(s)
2026-07-29 14:43:57,856 [INFO] ApiDb:427 - User favorites MCUs=[STM32F103C8T6, STM32F405RGT6, STM32F411CEU6, STM32H523CET6]
2026-07-29 14:43:57,856 [INFO] DbMcus:223 - Set 4 / 4 favorites MCUs
2026-07-29 14:43:58,272 [WARN] ThirdParty:833 - waiting for thirdparty lock release [change project]
2026-07-29 14:43:58,272 [INFO] ThirdParty:835 - entering critical section [change project]
2026-07-29 14:43:58,272 [INFO] ThirdParty:1030 - CMSIS Pack Vendor :STMicroelectronics USBPD 4.1
2026-07-29 14:43:58,272 [INFO] ThirdParty:1030 - CMSIS Pack Vendor :STMicroelectronics USB_HOST 2.0.0
2026-07-29 14:43:58,272 [INFO] ThirdParty:1030 - CMSIS Pack Vendor :STMicroelectronics FP-ATR-ASTRA1 2.0.3
2026-07-29 14:43:58,272 [INFO] ThirdParty:1030 - CMSIS Pack Vendor :STMicroelectronics X-CUBE-AZRTOS-F4 1.1.0
2026-07-29 14:43:58,272 [INFO] ThirdParty:1030 - CMSIS Pack Vendor :STMicroelectronics LIBJPEG 8.0.0
2026-07-29 14:43:58,272 [INFO] ThirdParty:1030 - CMSIS Pack Vendor :STMicroelectronics FP-ATR-ASTRA1 2.0.2
2026-07-29 14:43:58,272 [INFO] ThirdParty:1030 - CMSIS Pack Vendor :STMicroelectronics X-CUBE-SMBUS 2.1.0
2026-07-29 14:43:58,272 [INFO] ThirdParty:1030 - CMSIS Pack Vendor :wolfSSL I-CUBE-wolfMQTT 1.19.2
2026-07-29 14:43:58,272 [INFO] ThirdParty:1030 - CMSIS Pack Vendor :STMicroelectronics USB_DEVICE 3.0.0
2026-07-29 14:43:58,272 [INFO] ThirdParty:1030 - CMSIS Pack Vendor :STMicroelectronics X-CUBE-AZRTOS-F7 1.1.0
2026-07-29 14:43:58,272 [INFO] ThirdParty:1030 - CMSIS Pack Vendor :STMicroelectronics USB_DEVICE 2.0.0
2026-07-29 14:43:58,272 [INFO] ThirdParty:1030 - CMSIS Pack Vendor :STMicroelectronics X-CUBE-ALGOBUILD 1.5.0
2026-07-29 14:43:58,273 [INFO] ThirdParty:1030 - CMSIS Pack Vendor :STMicroelectronics FreeRTOS 0.0.1
2026-07-29 14:43:58,273 [INFO] ThirdParty:1030 - CMSIS Pack Vendor :STMicroelectronics X-CUBE-AZRTOS-H7RS 1.3.0
2026-07-29 14:43:58,273 [INFO] ThirdParty:1030 - CMSIS Pack Vendor :STMicroelectronics X-CUBE-AZRTOS-G0 1.1.0
2026-07-29 14:43:58,273 [INFO] ThirdParty:1030 - CMSIS Pack Vendor :STMicroelectronics X-CUBE-NFC4 3.0.0
2026-07-29 14:43:58,273 [INFO] ThirdParty:1030 - CMSIS Pack Vendor :STMicroelectronics X-CUBE-SUBG2 5.0.0
2026-07-29 14:43:58,273 [INFO] ThirdParty:1030 - CMSIS Pack Vendor :STMicroelectronics STM32_WPAN 1.0.0
2026-07-29 14:43:58,273 [INFO] ThirdParty:1030 - CMSIS Pack Vendor :STMicroelectronics lwIP 2.0.3
2026-07-29 14:43:58,273 [INFO] ThirdParty:1030 - CMSIS Pack Vendor :STMicroelectronics X-CUBE-MEMS1 13.0.0
2026-07-29 14:43:58,273 [INFO] ThirdParty:1030 - CMSIS Pack Vendor :STMicroelectronics USB_HOST 1.0.0
2026-07-29 14:43:58,273 [INFO] ThirdParty:1030 - CMSIS Pack Vendor :STMicroelectronics X-CUBE-AZRTOS-G4 2.0.0
2026-07-29 14:43:58,273 [INFO] ThirdParty:1030 - CMSIS Pack Vendor :STMicroelectronics PDM2PCM 3.1.0
2026-07-29 14:43:58,273 [INFO] ThirdParty:1030 - CMSIS Pack Vendor :STMicroelectronics PDM2PCM 3.3.0
2026-07-29 14:43:58,273 [INFO] ThirdParty:1030 - CMSIS Pack Vendor :wolfSSL I-CUBE-wolfTPM 3.8.0
2026-07-29 14:43:58,273 [INFO] ThirdParty:1030 - CMSIS Pack Vendor :STMicroelectronics X-CUBE-DISPLAY 3.0.0
2026-07-29 14:43:58,273 [INFO] ThirdParty:1030 - CMSIS Pack Vendor :wolfSSL I-CUBE-wolfSSH 1.4.20
2026-07-29 14:43:58,273 [INFO] ThirdParty:1030 - CMSIS Pack Vendor :wolfSSL I-CUBE-wolfSSL 5.9.1
2026-07-29 14:43:58,273 [INFO] ThirdParty:1030 - CMSIS Pack Vendor :STMicroelectronics FP-ATR-SIGFOX1 3.2.0
2026-07-29 14:43:58,273 [INFO] ThirdParty:1030 - CMSIS Pack Vendor :STMicroelectronics HAL Drivers 0.0.0
2026-07-29 14:43:58,273 [INFO] ThirdParty:1030 - CMSIS Pack Vendor :STMicroelectronics MBEDTLS 2.16.2
2026-07-29 14:43:58,273 [INFO] ThirdParty:1030 - CMSIS Pack Vendor :emotas I-CUBE-CANOPEN 1.3.0
2026-07-29 14:43:58,273 [INFO] ThirdParty:1030 - CMSIS Pack Vendor :STMicroelectronics MBEDTLS 2.14.1
2026-07-29 14:43:58,273 [INFO] ThirdParty:1030 - CMSIS Pack Vendor :ITTIA_DB I-CUBE-ITTIADB 8.9.0
2026-07-29 14:43:58,273 [INFO] ThirdParty:1030 - CMSIS Pack Vendor :STMicroelectronics X-CUBE-TOUCHGFX 4.26.1
2026-07-29 14:43:58,273 [INFO] ThirdParty:1030 - CMSIS Pack Vendor :STMicroelectronics X-CUBE-AI 10.2.1
2026-07-29 14:43:58,273 [INFO] ThirdParty:1030 - CMSIS Pack Vendor :STMicroelectronics ThreadX 1.0.0
2026-07-29 14:43:58,273 [INFO] ThirdParty:1030 - CMSIS Pack Vendor :STMicroelectronics X-CUBE-MEMS1 12.1.0
2026-07-29 14:43:58,273 [INFO] ThirdParty:1030 - CMSIS Pack Vendor :STMicroelectronics X-CUBE-AZRTOS-WL 2.0.0
2026-07-29 14:43:58,273 [INFO] ThirdParty:1030 - CMSIS Pack Vendor :SEGGER I-CUBE-embOS 1.3.1
2026-07-29 14:43:58,273 [INFO] ThirdParty:1030 - CMSIS Pack Vendor :STMicroelectronics X-CUBE-ALGOBUILD 1.4.0
2026-07-29 14:43:58,273 [INFO] ThirdParty:1030 - CMSIS Pack Vendor :STMicroelectronics USB_DEVICE 1.0.0
2026-07-29 14:43:58,273 [INFO] ThirdParty:1030 - CMSIS Pack Vendor :STMicroelectronics X-CUBE-AZRTOS-H7RS 1.2.0
2026-07-29 14:43:58,273 [INFO] ThirdParty:1030 - CMSIS Pack Vendor :STMicroelectronics X-CUBE-AZRTOS-L4 2.0.0
2026-07-29 14:43:58,273 [INFO] ThirdParty:1030 - CMSIS Pack Vendor :STMicroelectronics ThreadX 0.0.2
2026-07-29 14:43:58,273 [INFO] ThirdParty:1030 - CMSIS Pack Vendor :STMicroelectronics lwIP 2.1.2
2026-07-29 14:43:58,273 [INFO] ThirdParty:1030 - CMSIS Pack Vendor :STMicroelectronics X-CUBE-SFXS2LP1 4.0.0
2026-07-29 14:43:58,273 [INFO] ThirdParty:1030 - CMSIS Pack Vendor :STMicroelectronics X-CUBE-BLE2 3.3.0
2026-07-29 14:43:58,273 [INFO] ThirdParty:1030 - CMSIS Pack Vendor :STMicroelectronics X-CUBE-NFC13 1.0.0
2026-07-29 14:43:58,274 [INFO] ThirdParty:1030 - CMSIS Pack Vendor :STMicroelectronics PDM2PCM 3.2.0
2026-07-29 14:43:58,274 [INFO] ThirdParty:841 - exiting critical section [change project]
2026-07-29 14:43:58,571 [INFO] PinOutPanel:1499 - setPackage(No Configuration,No Configuration)
2026-07-29 14:43:58,573 [INFO] PinOutPanel:1499 - setPackage(STM32F405RGTx,LQFP64)
2026-07-29 14:43:58,964 [INFO] UtilMem:75 - Before build in PCC Used Memory: 271854240 Bytes (342884352)
2026-07-29 14:43:59,681 [INFO] UtilMem:75 - After build in PCC Used Memory: 233255392 Bytes (342884352)
2026-07-29 14:43:59,711 [INFO] IPUIPlugin:80 - create IPUIPlugin
2026-07-29 14:43:59,711 [INFO] IPUIPlugin:80 - create IPUIPlugin
2026-07-29 14:43:59,711 [INFO] IPUIPlugin:80 - create IPUIPlugin
2026-07-29 14:43:59,711 [INFO] IPUIPlugin:80 - create IPUIPlugin
2026-07-29 14:43:59,711 [INFO] IPUIPlugin:80 - create IPUIPlugin
2026-07-29 14:43:59,712 [INFO] IPUIPlugin:80 - create IPUIPlugin
2026-07-29 14:43:59,712 [INFO] IPUIPlugin:80 - create IPUIPlugin
2026-07-29 14:43:59,712 [INFO] IPUIPlugin:80 - create IPUIPlugin
2026-07-29 14:43:59,712 [INFO] IPUIPlugin:80 - create IPUIPlugin
2026-07-29 14:43:59,713 [INFO] IPUIPlugin:80 - create IPUIPlugin
2026-07-29 14:43:59,713 [INFO] IPUIPlugin:80 - create IPUIPlugin
2026-07-29 14:43:59,713 [INFO] IPUIPlugin:80 - create IPUIPlugin
2026-07-29 14:43:59,713 [INFO] IPUIPlugin:80 - create IPUIPlugin
2026-07-29 14:43:59,713 [INFO] IPUIPlugin:80 - create IPUIPlugin
2026-07-29 14:43:59,713 [INFO] IPUIPlugin:80 - create IPUIPlugin
2026-07-29 14:43:59,714 [INFO] IPUIPlugin:80 - create IPUIPlugin
2026-07-29 14:43:59,714 [INFO] IPUIPlugin:80 - create IPUIPlugin
2026-07-29 14:43:59,714 [INFO] IPUIPlugin:80 - create IPUIPlugin
2026-07-29 14:43:59,714 [INFO] IPUIPlugin:80 - create IPUIPlugin
2026-07-29 14:43:59,714 [INFO] IPUIPlugin:80 - create IPUIPlugin
2026-07-29 14:43:59,715 [INFO] IPUIPlugin:80 - create IPUIPlugin
2026-07-29 14:43:59,715 [INFO] IPUIPlugin:80 - create IPUIPlugin
2026-07-29 14:43:59,715 [INFO] IPUIPlugin:80 - create IPUIPlugin
2026-07-29 14:43:59,715 [INFO] IPUIPlugin:80 - create IPUIPlugin
2026-07-29 14:43:59,716 [INFO] IPUIPlugin:80 - create IPUIPlugin
2026-07-29 14:43:59,716 [INFO] IPUIPlugin:80 - create IPUIPlugin
2026-07-29 14:43:59,716 [INFO] IPUIPlugin:80 - create IPUIPlugin
2026-07-29 14:43:59,716 [INFO] IPUIPlugin:80 - create IPUIPlugin
2026-07-29 14:43:59,716 [INFO] IPUIPlugin:80 - create IPUIPlugin
2026-07-29 14:43:59,717 [INFO] IPUIPlugin:80 - create IPUIPlugin
2026-07-29 14:43:59,717 [INFO] IPUIPlugin:80 - create IPUIPlugin
2026-07-29 14:43:59,717 [INFO] IPUIPlugin:80 - create IPUIPlugin
2026-07-29 14:43:59,717 [INFO] IPUIPlugin:80 - create IPUIPlugin
2026-07-29 14:43:59,717 [INFO] IPUIPlugin:80 - create IPUIPlugin
2026-07-29 14:43:59,718 [INFO] IPUIPlugin:80 - create IPUIPlugin
2026-07-29 14:43:59,718 [INFO] IPUIPlugin:80 - create IPUIPlugin
2026-07-29 14:43:59,718 [INFO] IPUIPlugin:80 - create IPUIPlugin
2026-07-29 14:43:59,718 [INFO] IPUIPlugin:80 - create IPUIPlugin
2026-07-29 14:43:59,719 [INFO] IPUIPlugin:80 - create IPUIPlugin
2026-07-29 14:43:59,719 [INFO] IPUIPlugin:80 - create IPUIPlugin
2026-07-29 14:43:59,719 [INFO] IPUIPlugin:80 - create IPUIPlugin
2026-07-29 14:43:59,719 [INFO] IPUIPlugin:80 - create IPUIPlugin
2026-07-29 14:43:59,720 [INFO] IPUIPlugin:80 - create IPUIPlugin
2026-07-29 14:43:59,720 [INFO] IPUIPlugin:80 - create IPUIPlugin
2026-07-29 14:43:59,720 [INFO] IPUIPlugin:80 - create IPUIPlugin
2026-07-29 14:43:59,720 [INFO] IPUIPlugin:80 - create IPUIPlugin
2026-07-29 14:43:59,721 [INFO] IPUIPlugin:80 - create IPUIPlugin
2026-07-29 14:43:59,721 [INFO] IPUIPlugin:80 - create IPUIPlugin
2026-07-29 14:43:59,721 [INFO] IPUIPlugin:80 - create IPUIPlugin
2026-07-29 14:43:59,722 [INFO] IPUIPlugin:80 - create IPUIPlugin
2026-07-29 14:43:59,722 [INFO] IPUIPlugin:80 - create IPUIPlugin
2026-07-29 14:43:59,722 [INFO] IPUIPlugin:80 - create IPUIPlugin
2026-07-29 14:43:59,723 [INFO] IPUIPlugin:80 - create IPUIPlugin
2026-07-29 14:43:59,724 [INFO] IPUIPlugin:80 - create IPUIPlugin
2026-07-29 14:43:59,791 [INFO] ApiDbMcu:507 - Load IP Config File for PDM2PCM
2026-07-29 14:44:00,027 [INFO] CADModel:165 - CPN selected for project levelSTM32F405RGT6
2026-07-29 14:44:00,027 [INFO] CADModel:114 - Register for checkConnection events
2026-07-29 14:44:00,065 [INFO] OpenFileManager:328 - Restore cursor
2026-07-29 14:44:39,220 [INFO] MainUpdater:2868 - connection check result : 10
2026-07-29 14:44:39,220 [INFO] MainUpdater:2868 - connection check result : 10
2026-07-29 14:44:39,372 [INFO] MicroXplorer:468 - Change Database Path : 
2026-07-29 14:44:39,372 [INFO] MicroXplorer:498 - Change Database Version : DB.6.0.91
2026-07-29 14:44:39,396 [WARN] ThirdParty:871 - waiting for thirdparty lock release [close project]
2026-07-29 14:44:39,397 [INFO] ThirdParty:873 - entering critical section [close project]
2026-07-29 14:44:39,397 [INFO] ThirdParty:883 - exiting critical section [close project]
2026-07-29 14:44:39,398 [INFO] PinOutPanel:1499 - setPackage(No Configuration,No Configuration)
2026-07-29 14:44:39,414 [WARN] IpParametersView:151 - Warning: This peripheral hasn't parameters
2026-07-29 14:44:39,429 [WARN] MainPanel:272 - <html><b><center>Warning: This peripheral has no parameters to be configured<br></b></html>
2026-07-29 14:44:39,437 [INFO] UtilMem:75 - Begin LoadConfig() Used Memory: 303552360 Bytes (414187520)
2026-07-29 14:44:39,438 [INFO] MicroXplorer:468 - Change Database Path : 
2026-07-29 14:44:39,438 [INFO] MicroXplorer:498 - Change Database Version : DB.6.0.91
2026-07-29 14:44:39,438 [INFO] OpenFileManager:308 - Change cursor
2026-07-29 14:44:39,445 [INFO] Mcu:1946 - Initializing MCU STM32F411C(C-E)Ux STM32F411CEUx STM32F411CEU6
2026-07-29 14:44:40,081 [INFO] Context:659 - Trying to add GPIOservice into a context  which must be forbidden
2026-07-29 14:44:40,250 [INFO] RtosManager:555 - Registered RTOS mode: class=CMSIS, group=RTOS, mode=CMSIS_V1, owner=FREERTOS
2026-07-29 14:44:40,250 [INFO] RtosManager:555 - Registered RTOS mode: class=CMSIS, group=RTOS2, mode=CMSIS_V2, owner=FREERTOS
2026-07-29 14:44:40,250 [INFO] RtosManager:555 - Registered RTOS mode: class=RTOS, group=Core, mode=CMSIS_V1, owner=FREERTOS
2026-07-29 14:44:40,250 [INFO] RtosManager:555 - Registered RTOS mode: class=RTOS, group=Core, mode=CMSIS_V2, owner=FREERTOS
2026-07-29 14:44:40,250 [WARN] ModelIntegratedComponent:184 - Missing modes for component STMicroelectronics:FreeRTOS:0.0.1:STMicroelectronics:RTOS:FreeRTOS:Core:::10.2.0:
2026-07-29 14:44:40,288 [WARN] ModelIntegratedComponent:182 - Modes not found for component STMicroelectronics:USB_HOST:1.0.0:STMicroelectronics:USB::USB Host:Audio HS::1.0:USB_HOST_1_0_RESTRICTED_HS
2026-07-29 14:44:40,288 [WARN] ModelIntegratedComponent:188 - Modes not found for component STMicroelectronics:USB_HOST:1.0.0:STMicroelectronics:USB::USB Host:Audio HS::1.0:USB_HOST_1_0_RESTRICTED_HS
2026-07-29 14:44:40,288 [WARN] ModelIntegratedComponent:182 - Modes not found for component STMicroelectronics:USB_HOST:1.0.0:STMicroelectronics:USB::USB Host:CDC HS::1.0:USB_HOST_1_0_RESTRICTED_HS
2026-07-29 14:44:40,288 [WARN] ModelIntegratedComponent:188 - Modes not found for component STMicroelectronics:USB_HOST:1.0.0:STMicroelectronics:USB::USB Host:CDC HS::1.0:USB_HOST_1_0_RESTRICTED_HS
2026-07-29 14:44:40,288 [WARN] ModelIntegratedComponent:182 - Modes not found for component STMicroelectronics:USB_HOST:1.0.0:STMicroelectronics:USB::USB Host:MSC HS::1.0:USB_HOST_1_0_RESTRICTED_HS
2026-07-29 14:44:40,288 [WARN] ModelIntegratedComponent:188 - Modes not found for component STMicroelectronics:USB_HOST:1.0.0:STMicroelectronics:USB::USB Host:MSC HS::1.0:USB_HOST_1_0_RESTRICTED_HS
2026-07-29 14:44:40,288 [WARN] ModelIntegratedComponent:182 - Modes not found for component STMicroelectronics:USB_HOST:1.0.0:STMicroelectronics:USB::USB Host:HID HS::1.0:USB_HOST_1_0_RESTRICTED_HS
2026-07-29 14:44:40,288 [WARN] ModelIntegratedComponent:188 - Modes not found for component STMicroelectronics:USB_HOST:1.0.0:STMicroelectronics:USB::USB Host:HID HS::1.0:USB_HOST_1_0_RESTRICTED_HS
2026-07-29 14:44:40,288 [WARN] ModelIntegratedComponent:182 - Modes not found for component STMicroelectronics:USB_HOST:1.0.0:STMicroelectronics:USB::USB Host:MTP HS::1.0:USB_HOST_1_0_RESTRICTED_HS
2026-07-29 14:44:40,288 [WARN] ModelIntegratedComponent:188 - Modes not found for component STMicroelectronics:USB_HOST:1.0.0:STMicroelectronics:USB::USB Host:MTP HS::1.0:USB_HOST_1_0_RESTRICTED_HS
2026-07-29 14:44:40,290 [WARN] ModelIntegratedComponent:63 - No mode defined for component null
2026-07-29 14:44:40,290 [WARN] ModelIntegratedComponent:63 - No mode defined for component null
2026-07-29 14:44:40,290 [WARN] ModelIntegratedComponent:63 - No mode defined for component null
2026-07-29 14:44:40,290 [WARN] ModelIntegratedComponent:63 - No mode defined for component null
2026-07-29 14:44:40,290 [WARN] ModelIntegratedComponent:63 - No mode defined for component null
2026-07-29 14:44:40,290 [WARN] ModelIntegratedComponent:63 - No mode defined for component null
2026-07-29 14:44:40,290 [WARN] ModelIntegratedComponent:63 - No mode defined for component null
2026-07-29 14:44:40,290 [WARN] ModelIntegratedComponent:63 - No mode defined for component null
2026-07-29 14:44:40,290 [WARN] ModelIntegratedComponent:63 - No mode defined for component null
2026-07-29 14:44:40,290 [WARN] ModelIntegratedComponent:63 - No mode defined for component null
2026-07-29 14:44:40,290 [WARN] ModelIntegratedComponent:63 - No mode defined for component null
2026-07-29 14:44:40,290 [WARN] ModelIntegratedComponent:63 - No mode defined for component null
2026-07-29 14:44:40,290 [WARN] ModelIntegratedComponent:63 - No mode defined for component null
2026-07-29 14:44:40,290 [WARN] ModelIntegratedComponent:63 - No mode defined for component null
2026-07-29 14:44:40,290 [WARN] ModelIntegratedComponent:63 - No mode defined for component null
2026-07-29 14:44:40,290 [WARN] ModelIntegratedComponent:63 - No mode defined for component null
2026-07-29 14:44:40,290 [WARN] ModelIntegratedComponent:63 - No mode defined for component null
2026-07-29 14:44:40,290 [WARN] ModelIntegratedComponent:63 - No mode defined for component null
2026-07-29 14:44:40,290 [WARN] ModelIntegratedComponent:63 - No mode defined for component null
2026-07-29 14:44:40,290 [WARN] ModelIntegratedComponent:63 - No mode defined for component null
2026-07-29 14:44:40,290 [WARN] ModelIntegratedComponent:63 - No mode defined for component null
2026-07-29 14:44:40,291 [WARN] ModelIntegratedComponent:63 - No mode defined for component null
2026-07-29 14:44:40,291 [WARN] ModelIntegratedComponent:63 - No mode defined for component null
2026-07-29 14:44:40,291 [WARN] ModelIntegratedComponent:63 - No mode defined for component null
2026-07-29 14:44:40,291 [WARN] ModelIntegratedComponent:63 - No mode defined for component null
2026-07-29 14:44:40,291 [WARN] ModelIntegratedComponent:63 - No mode defined for component null
2026-07-29 14:44:40,291 [WARN] ModelIntegratedComponent:63 - No mode defined for component null
2026-07-29 14:44:40,291 [WARN] ModelIntegratedComponent:63 - No mode defined for component null
2026-07-29 14:44:40,291 [WARN] ModelIntegratedComponent:63 - No mode defined for component null
2026-07-29 14:44:40,291 [WARN] ModelIntegratedComponent:63 - No mode defined for component null
2026-07-29 14:44:40,291 [WARN] ModelIntegratedComponent:63 - No mode defined for component null
2026-07-29 14:44:40,291 [WARN] ModelIntegratedComponent:63 - No mode defined for component null
2026-07-29 14:44:40,291 [WARN] ModelIntegratedComponent:63 - No mode defined for component null
2026-07-29 14:44:40,326 [WARN] ModelIntegratedComponent:182 - Modes not found for component STMicroelectronics:USB_DEVICE:1.0.0:STMicroelectronics:USB::USB Device:Audio HS::1.0:USB_DEVICE_1_0_RESTRICTED_HS
2026-07-29 14:44:40,326 [WARN] ModelIntegratedComponent:188 - Modes not found for component STMicroelectronics:USB_DEVICE:1.0.0:STMicroelectronics:USB::USB Device:Audio HS::1.0:USB_DEVICE_1_0_RESTRICTED_HS
2026-07-29 14:44:40,326 [WARN] ModelIntegratedComponent:182 - Modes not found for component STMicroelectronics:USB_DEVICE:1.0.0:STMicroelectronics:USB::USB Device:CDC HS::1.0:USB_DEVICE_1_0_RESTRICTED_HS
2026-07-29 14:44:40,326 [WARN] ModelIntegratedComponent:188 - Modes not found for component STMicroelectronics:USB_DEVICE:1.0.0:STMicroelectronics:USB::USB Device:CDC HS::1.0:USB_DEVICE_1_0_RESTRICTED_HS
2026-07-29 14:44:40,326 [WARN] ModelIntegratedComponent:182 - Modes not found for component STMicroelectronics:USB_DEVICE:1.0.0:STMicroelectronics:USB::USB Device:DFU HS::1.0:USB_DEVICE_1_0_RESTRICTED_HS
2026-07-29 14:44:40,327 [WARN] ModelIntegratedComponent:188 - Modes not found for component STMicroelectronics:USB_DEVICE:1.0.0:STMicroelectronics:USB::USB Device:DFU HS::1.0:USB_DEVICE_1_0_RESTRICTED_HS
2026-07-29 14:44:40,327 [WARN] ModelIntegratedComponent:182 - Modes not found for component STMicroelectronics:USB_DEVICE:1.0.0:STMicroelectronics:USB::USB Device:HID HS::1.0:USB_DEVICE_1_0_RESTRICTED_HS
2026-07-29 14:44:40,327 [WARN] ModelIntegratedComponent:188 - Modes not found for component STMicroelectronics:USB_DEVICE:1.0.0:STMicroelectronics:USB::USB Device:HID HS::1.0:USB_DEVICE_1_0_RESTRICTED_HS
2026-07-29 14:44:40,327 [WARN] ModelIntegratedComponent:182 - Modes not found for component STMicroelectronics:USB_DEVICE:1.0.0:STMicroelectronics:USB::USB Device:Custom HID HS::1.0:USB_DEVICE_1_0_RESTRICTED_HS
2026-07-29 14:44:40,327 [WARN] ModelIntegratedComponent:188 - Modes not found for component STMicroelectronics:USB_DEVICE:1.0.0:STMicroelectronics:USB::USB Device:Custom HID HS::1.0:USB_DEVICE_1_0_RESTRICTED_HS
2026-07-29 14:44:40,327 [WARN] ModelIntegratedComponent:182 - Modes not found for component STMicroelectronics:USB_DEVICE:1.0.0:STMicroelectronics:USB::USB Device:MSC HS::1.0:USB_DEVICE_1_0_RESTRICTED_HS
2026-07-29 14:44:40,327 [WARN] ModelIntegratedComponent:188 - Modes not found for component STMicroelectronics:USB_DEVICE:1.0.0:STMicroelectronics:USB::USB Device:MSC HS::1.0:USB_DEVICE_1_0_RESTRICTED_HS
2026-07-29 14:44:40,333 [INFO] ThirdPartyModel:298 - Start build external matchings
2026-07-29 14:44:40,506 [INFO] ThirdPartyModel:316 - End build external matchings
2026-07-29 14:44:40,712 [INFO] UtilMem:75 - End LoadConfig() Used Memory: 381329944 Bytes (549453824)
2026-07-29 14:44:40,812 [WARN] ThirdParty:833 - waiting for thirdparty lock release [change project]
2026-07-29 14:44:40,813 [INFO] ThirdParty:835 - entering critical section [change project]
2026-07-29 14:44:40,813 [INFO] ThirdParty:1030 - CMSIS Pack Vendor :STMicroelectronics USBPD 4.1
2026-07-29 14:44:40,813 [INFO] ThirdParty:1030 - CMSIS Pack Vendor :STMicroelectronics USB_HOST 2.0.0
2026-07-29 14:44:40,813 [INFO] ThirdParty:1030 - CMSIS Pack Vendor :STMicroelectronics FP-ATR-ASTRA1 2.0.3
2026-07-29 14:44:40,813 [INFO] ThirdParty:1030 - CMSIS Pack Vendor :STMicroelectronics X-CUBE-AZRTOS-F4 1.1.0
2026-07-29 14:44:40,813 [INFO] ThirdParty:1030 - CMSIS Pack Vendor :STMicroelectronics LIBJPEG 8.0.0
2026-07-29 14:44:40,813 [INFO] ThirdParty:1030 - CMSIS Pack Vendor :STMicroelectronics FP-ATR-ASTRA1 2.0.2
2026-07-29 14:44:40,813 [INFO] ThirdParty:1030 - CMSIS Pack Vendor :STMicroelectronics X-CUBE-SMBUS 2.1.0
2026-07-29 14:44:40,813 [INFO] ThirdParty:1030 - CMSIS Pack Vendor :wolfSSL I-CUBE-wolfMQTT 1.19.2
2026-07-29 14:44:40,813 [INFO] ThirdParty:1030 - CMSIS Pack Vendor :STMicroelectronics USB_DEVICE 3.0.0
2026-07-29 14:44:40,813 [INFO] ThirdParty:1030 - CMSIS Pack Vendor :STMicroelectronics X-CUBE-AZRTOS-F7 1.1.0
2026-07-29 14:44:40,813 [INFO] ThirdParty:1030 - CMSIS Pack Vendor :STMicroelectronics USB_DEVICE 2.0.0
2026-07-29 14:44:40,813 [INFO] ThirdParty:1030 - CMSIS Pack Vendor :STMicroelectronics X-CUBE-ALGOBUILD 1.5.0
2026-07-29 14:44:40,813 [INFO] ThirdParty:1030 - CMSIS Pack Vendor :STMicroelectronics FreeRTOS 0.0.1
2026-07-29 14:44:40,813 [INFO] ThirdParty:1030 - CMSIS Pack Vendor :STMicroelectronics X-CUBE-AZRTOS-H7RS 1.3.0
2026-07-29 14:44:40,813 [INFO] ThirdParty:1030 - CMSIS Pack Vendor :STMicroelectronics X-CUBE-AZRTOS-G0 1.1.0
2026-07-29 14:44:40,813 [INFO] ThirdParty:1030 - CMSIS Pack Vendor :STMicroelectronics X-CUBE-NFC4 3.0.0
2026-07-29 14:44:40,813 [INFO] ThirdParty:1030 - CMSIS Pack Vendor :STMicroelectronics X-CUBE-SUBG2 5.0.0
2026-07-29 14:44:40,813 [INFO] ThirdParty:1030 - CMSIS Pack Vendor :STMicroelectronics STM32_WPAN 1.0.0
2026-07-29 14:44:40,813 [INFO] ThirdParty:1030 - CMSIS Pack Vendor :STMicroelectronics lwIP 2.0.3
2026-07-29 14:44:40,813 [INFO] ThirdParty:1030 - CMSIS Pack Vendor :STMicroelectronics X-CUBE-MEMS1 13.0.0
2026-07-29 14:44:40,813 [INFO] ThirdParty:1030 - CMSIS Pack Vendor :STMicroelectronics USB_HOST 1.0.0
2026-07-29 14:44:40,813 [INFO] ThirdParty:1030 - CMSIS Pack Vendor :STMicroelectronics X-CUBE-AZRTOS-G4 2.0.0
2026-07-29 14:44:40,813 [INFO] ThirdParty:1030 - CMSIS Pack Vendor :STMicroelectronics PDM2PCM 3.1.0
2026-07-29 14:44:40,813 [INFO] ThirdParty:1030 - CMSIS Pack Vendor :STMicroelectronics PDM2PCM 3.3.0
2026-07-29 14:44:40,813 [INFO] ThirdParty:1030 - CMSIS Pack Vendor :wolfSSL I-CUBE-wolfTPM 3.8.0
2026-07-29 14:44:40,814 [INFO] ThirdParty:1030 - CMSIS Pack Vendor :STMicroelectronics X-CUBE-DISPLAY 3.0.0
2026-07-29 14:44:40,814 [INFO] ThirdParty:1030 - CMSIS Pack Vendor :wolfSSL I-CUBE-wolfSSH 1.4.20
2026-07-29 14:44:40,814 [INFO] ThirdParty:1030 - CMSIS Pack Vendor :wolfSSL I-CUBE-wolfSSL 5.9.1
2026-07-29 14:44:40,814 [INFO] ThirdParty:1030 - CMSIS Pack Vendor :STMicroelectronics FP-ATR-SIGFOX1 3.2.0
2026-07-29 14:44:40,814 [INFO] ThirdParty:1030 - CMSIS Pack Vendor :STMicroelectronics HAL Drivers 0.0.0
2026-07-29 14:44:40,814 [INFO] ThirdParty:1030 - CMSIS Pack Vendor :STMicroelectronics MBEDTLS 2.16.2
2026-07-29 14:44:40,814 [INFO] ThirdParty:1030 - CMSIS Pack Vendor :emotas I-CUBE-CANOPEN 1.3.0
2026-07-29 14:44:40,814 [INFO] ThirdParty:1030 - CMSIS Pack Vendor :STMicroelectronics MBEDTLS 2.14.1
2026-07-29 14:44:40,814 [INFO] ThirdParty:1030 - CMSIS Pack Vendor :ITTIA_DB I-CUBE-ITTIADB 8.9.0
2026-07-29 14:44:40,814 [INFO] ThirdParty:1030 - CMSIS Pack Vendor :STMicroelectronics X-CUBE-TOUCHGFX 4.26.1
2026-07-29 14:44:40,814 [INFO] ThirdParty:1030 - CMSIS Pack Vendor :STMicroelectronics X-CUBE-AI 10.2.1
2026-07-29 14:44:40,814 [INFO] ThirdParty:1030 - CMSIS Pack Vendor :STMicroelectronics ThreadX 1.0.0
2026-07-29 14:44:40,814 [INFO] ThirdParty:1030 - CMSIS Pack Vendor :STMicroelectronics X-CUBE-MEMS1 12.1.0
2026-07-29 14:44:40,814 [INFO] ThirdParty:1030 - CMSIS Pack Vendor :STMicroelectronics X-CUBE-AZRTOS-WL 2.0.0
2026-07-29 14:44:40,814 [INFO] ThirdParty:1030 - CMSIS Pack Vendor :SEGGER I-CUBE-embOS 1.3.1
2026-07-29 14:44:40,814 [INFO] ThirdParty:1030 - CMSIS Pack Vendor :STMicroelectronics X-CUBE-ALGOBUILD 1.4.0
2026-07-29 14:44:40,814 [INFO] ThirdParty:1030 - CMSIS Pack Vendor :STMicroelectronics USB_DEVICE 1.0.0
2026-07-29 14:44:40,814 [INFO] ThirdParty:1030 - CMSIS Pack Vendor :STMicroelectronics X-CUBE-AZRTOS-H7RS 1.2.0
2026-07-29 14:44:40,814 [INFO] ThirdParty:1030 - CMSIS Pack Vendor :STMicroelectronics X-CUBE-AZRTOS-L4 2.0.0
2026-07-29 14:44:40,814 [INFO] ThirdParty:1030 - CMSIS Pack Vendor :STMicroelectronics ThreadX 0.0.2
2026-07-29 14:44:40,814 [INFO] ThirdParty:1030 - CMSIS Pack Vendor :STMicroelectronics lwIP 2.1.2
2026-07-29 14:44:40,814 [INFO] ThirdParty:1030 - CMSIS Pack Vendor :STMicroelectronics X-CUBE-SFXS2LP1 4.0.0
2026-07-29 14:44:40,814 [INFO] ThirdParty:1030 - CMSIS Pack Vendor :STMicroelectronics X-CUBE-BLE2 3.3.0
2026-07-29 14:44:40,814 [INFO] ThirdParty:1030 - CMSIS Pack Vendor :STMicroelectronics X-CUBE-NFC13 1.0.0
2026-07-29 14:44:40,814 [INFO] ThirdParty:1030 - CMSIS Pack Vendor :STMicroelectronics PDM2PCM 3.2.0
2026-07-29 14:44:40,814 [INFO] ThirdParty:841 - exiting critical section [change project]
2026-07-29 14:44:40,946 [INFO] PinOutPanel:1499 - setPackage(No Configuration,No Configuration)
2026-07-29 14:44:40,946 [INFO] PinOutPanel:1499 - setPackage(STM32F411CEUx,UFQFPN48)
2026-07-29 14:44:41,074 [INFO] UtilMem:75 - Before build in PCC Used Memory: 313077376 Bytes (549453824)
2026-07-29 14:44:41,229 [INFO] UtilMem:75 - After build in PCC Used Memory: 355542656 Bytes (549453824)
2026-07-29 14:44:41,241 [INFO] IPUIPlugin:80 - create IPUIPlugin
2026-07-29 14:44:41,241 [INFO] IPUIPlugin:80 - create IPUIPlugin
2026-07-29 14:44:41,241 [INFO] IPUIPlugin:80 - create IPUIPlugin
2026-07-29 14:44:41,241 [INFO] IPUIPlugin:80 - create IPUIPlugin
2026-07-29 14:44:41,241 [INFO] IPUIPlugin:80 - create IPUIPlugin
2026-07-29 14:44:41,241 [INFO] IPUIPlugin:80 - create IPUIPlugin
2026-07-29 14:44:41,241 [INFO] IPUIPlugin:80 - create IPUIPlugin
2026-07-29 14:44:41,241 [INFO] IPUIPlugin:80 - create IPUIPlugin
2026-07-29 14:44:41,241 [INFO] IPUIPlugin:80 - create IPUIPlugin
2026-07-29 14:44:41,241 [INFO] IPUIPlugin:80 - create IPUIPlugin
2026-07-29 14:44:41,241 [INFO] IPUIPlugin:80 - create IPUIPlugin
2026-07-29 14:44:41,241 [INFO] IPUIPlugin:80 - create IPUIPlugin
2026-07-29 14:44:41,241 [INFO] IPUIPlugin:80 - create IPUIPlugin
2026-07-29 14:44:41,241 [INFO] IPUIPlugin:80 - create IPUIPlugin
2026-07-29 14:44:41,242 [INFO] IPUIPlugin:80 - create IPUIPlugin
2026-07-29 14:44:41,242 [INFO] IPUIPlugin:80 - create IPUIPlugin
2026-07-29 14:44:41,242 [INFO] IPUIPlugin:80 - create IPUIPlugin
2026-07-29 14:44:41,242 [INFO] IPUIPlugin:80 - create IPUIPlugin
2026-07-29 14:44:41,242 [INFO] IPUIPlugin:80 - create IPUIPlugin
2026-07-29 14:44:41,242 [INFO] IPUIPlugin:80 - create IPUIPlugin
2026-07-29 14:44:41,242 [INFO] IPUIPlugin:80 - create IPUIPlugin
2026-07-29 14:44:41,242 [INFO] IPUIPlugin:80 - create IPUIPlugin
2026-07-29 14:44:41,243 [INFO] IPUIPlugin:80 - create IPUIPlugin
2026-07-29 14:44:41,243 [INFO] IPUIPlugin:80 - create IPUIPlugin
2026-07-29 14:44:41,243 [INFO] IPUIPlugin:80 - create IPUIPlugin
2026-07-29 14:44:41,243 [INFO] IPUIPlugin:80 - create IPUIPlugin
2026-07-29 14:44:41,243 [INFO] IPUIPlugin:80 - create IPUIPlugin
2026-07-29 14:44:41,243 [INFO] IPUIPlugin:80 - create IPUIPlugin
2026-07-29 14:44:41,244 [INFO] IPUIPlugin:80 - create IPUIPlugin
2026-07-29 14:44:41,244 [INFO] IPUIPlugin:80 - create IPUIPlugin
2026-07-29 14:44:41,244 [INFO] IPUIPlugin:80 - create IPUIPlugin
2026-07-29 14:44:41,244 [INFO] IPUIPlugin:80 - create IPUIPlugin
2026-07-29 14:44:41,244 [INFO] IPUIPlugin:80 - create IPUIPlugin
2026-07-29 14:44:41,244 [INFO] IPUIPlugin:80 - create IPUIPlugin
2026-07-29 14:44:41,245 [INFO] IPUIPlugin:80 - create IPUIPlugin
2026-07-29 14:44:41,245 [INFO] IPUIPlugin:80 - create IPUIPlugin
2026-07-29 14:44:41,245 [INFO] IPUIPlugin:80 - create IPUIPlugin
2026-07-29 14:44:41,245 [INFO] IPUIPlugin:80 - create IPUIPlugin
2026-07-29 14:44:41,245 [INFO] IPUIPlugin:80 - create IPUIPlugin
2026-07-29 14:44:41,245 [INFO] IPUIPlugin:80 - create IPUIPlugin
2026-07-29 14:44:41,245 [INFO] IPUIPlugin:80 - create IPUIPlugin
2026-07-29 14:44:41,246 [INFO] IPUIPlugin:80 - create IPUIPlugin
2026-07-29 14:44:41,246 [INFO] IPUIPlugin:80 - create IPUIPlugin
2026-07-29 14:44:41,248 [INFO] ApiDbMcu:507 - Load IP Config File for PDM2PCM
2026-07-29 14:44:41,286 [INFO] CADModel:165 - CPN selected for project levelSTM32F411CEU6
2026-07-29 14:44:41,286 [INFO] CADModel:114 - Register for checkConnection events
2026-07-29 14:44:41,338 [INFO] OpenFileManager:328 - Restore cursor
2026-07-29 14:45:05,513 [INFO] NvicIntPanel:101 - NVIC parent = com.st.microxplorer.plugins.ip.nvic.MultiNvicIntPanel[,0,0,0x0,invalid,layout=javax.swing.BoxLayout,alignmentX=0.0,alignmentY=0.0,border=,flags=9,maximumSize=,minimumSize=,preferredSize=]
2026-07-29 14:45:14,482 [INFO] NvicIntPanel:101 - NVIC parent = com.st.microxplorer.plugins.ip.nvic.MultiNvicIntPanel[,0,0,0x0,invalid,layout=javax.swing.BoxLayout,alignmentX=0.0,alignmentY=0.0,border=,flags=9,maximumSize=,minimumSize=,preferredSize=]
2026-07-29 14:45:22,758 [INFO] UtilMem:75 - End SaveConfig() Used Memory: 224428320 Bytes (549453824)
2026-07-29 14:45:29,733 [INFO] UtilMem:75 - End SaveConfig() Used Memory: 302549280 Bytes (549453824)
2026-07-29 14:45:30,125 [INFO] BlockDiagram:2759 - set Specific Code input for plugin: SYS
2026-07-29 14:45:30,125 [INFO] BlockDiagram:2759 - set Specific Code input for plugin: RCC
2026-07-29 14:45:30,125 [INFO] BlockDiagram:2759 - set Specific Code input for plugin: NVIC
2026-07-29 14:45:30,125 [INFO] BlockDiagram:2759 - set Specific Code input for plugin: USART
2026-07-29 14:45:30,126 [INFO] BlockDiagram:2759 - set Specific Code input for plugin: GPIO
2026-07-29 14:45:30,127 [INFO] CodeGenerator:799 - code generatio: config db path: C:\ST\STM32CubeIDE_1.13.1\STM32CubeIDE\plugins\com.st.stm32cube.common.mx_6.9.1.202307191849\\db\
2026-07-29 14:45:30,243 [INFO] CodeEngine:255 - oldGeneratedFile, C:\Users\Admin\Documents\GitHub\Drone-RTOS\Source\003SBUS_read_data_f411\MXTmpFiles\license.tmp_save
2026-07-29 14:45:30,504 [INFO] CodeEngine:279 - Generated code: C:\Users\Admin\Documents\GitHub\Drone-RTOS\Source\003SBUS_read_data_f411\MXTmpFiles\license.tmp
2026-07-29 14:45:30,579 [INFO] CodeEngine:255 - oldGeneratedFile, C:\Users\Admin\Documents\GitHub\Drone-RTOS\Source\003SBUS_read_data_f411\MXTmpFiles\gpio.tmp_save
2026-07-29 14:45:30,757 [INFO] CodeEngine:279 - Generated code: C:\Users\Admin\Documents\GitHub\Drone-RTOS\Source\003SBUS_read_data_f411\MXTmpFiles\gpio.tmp
2026-07-29 14:45:30,828 [INFO] CodeEngine:255 - oldGeneratedFile, C:\Users\Admin\Documents\GitHub\Drone-RTOS\Source\003SBUS_read_data_f411\Core\Src\stm32f4xx_it.c_save
2026-07-29 14:45:30,943 [INFO] CodeEngine:279 - Generated code: C:\Users\Admin\Documents\GitHub\Drone-RTOS\Source\003SBUS_read_data_f411\Core\Src\stm32f4xx_it.c
2026-07-29 14:45:30,950 [INFO] CodeEngine:255 - oldGeneratedFile, C:\Users\Admin\Documents\GitHub\Drone-RTOS\Source\003SBUS_read_data_f411\Core\Inc\stm32f4xx_it.h_save
2026-07-29 14:45:31,026 [INFO] CodeEngine:279 - Generated code: C:\Users\Admin\Documents\GitHub\Drone-RTOS\Source\003SBUS_read_data_f411\Core\Inc\stm32f4xx_it.h
2026-07-29 14:45:31,042 [INFO] CodeEngine:255 - oldGeneratedFile, C:\Users\Admin\Documents\GitHub\Drone-RTOS\Source\003SBUS_read_data_f411\Core\Src\stm32f4xx_hal_msp.c_save
2026-07-29 14:45:31,160 [INFO] CodeEngine:279 - Generated code: C:\Users\Admin\Documents\GitHub\Drone-RTOS\Source\003SBUS_read_data_f411\Core\Src\stm32f4xx_hal_msp.c
2026-07-29 14:45:31,166 [INFO] CodeEngine:255 - oldGeneratedFile, C:\Users\Admin\Documents\GitHub\Drone-RTOS\Source\003SBUS_read_data_f411\MXTmpFiles\system.tmp_save
2026-07-29 14:45:31,225 [INFO] CodeEngine:279 - Generated code: C:\Users\Admin\Documents\GitHub\Drone-RTOS\Source\003SBUS_read_data_f411\MXTmpFiles\system.tmp
2026-07-29 14:45:31,234 [INFO] CodeEngine:311 - oldGeneratedFile, C:\Users\Admin\Documents\GitHub\Drone-RTOS\Source\003SBUS_read_data_f411\Core\Inc\stm32f4xx_hal_conf.h_save
2026-07-29 14:45:31,299 [INFO] CodeEngine:335 - Generated code: C:\Users\Admin\Documents\GitHub\Drone-RTOS\Source\003SBUS_read_data_f411\Core\Inc\stm32f4xx_hal_conf.h
2026-07-29 14:45:31,338 [INFO] CodeEngine:255 - oldGeneratedFile, C:\Users\Admin\Documents\GitHub\Drone-RTOS\Source\003SBUS_read_data_f411\Core\Inc\main.h_save
2026-07-29 14:45:31,402 [INFO] CodeEngine:279 - Generated code: C:\Users\Admin\Documents\GitHub\Drone-RTOS\Source\003SBUS_read_data_f411\Core\Inc\main.h
2026-07-29 14:45:31,407 [INFO] CodeEngine:255 - oldGeneratedFile, C:\Users\Admin\Documents\GitHub\Drone-RTOS\Source\003SBUS_read_data_f411\Core\Src\main.c_save
2026-07-29 14:45:31,505 [INFO] CodeEngine:279 - Generated code: C:\Users\Admin\Documents\GitHub\Drone-RTOS\Source\003SBUS_read_data_f411\Core\Src\main.c
2026-07-29 14:45:31,898 [INFO] ProjectBuilder:3064 - Time for Copy HAL[1] : 153mS.
2026-07-29 14:45:31,903 [INFO] ProjectBuilder:4404 - Project Generator version: 4.1.0
2026-07-29 14:45:32,078 [INFO] ConfigFileManager:1457 - The Die is : DIE431
2026-07-29 14:45:32,085 [INFO] ApiDbMcu:507 - Load IP Config File for FATFS
2026-07-29 14:45:32,089 [INFO] ApiDbMcu:507 - Load IP Config File for FREERTOS
2026-07-29 14:45:32,091 [INFO] ApiDbMcu:507 - Load IP Config File for LIBJPEG
2026-07-29 14:45:32,095 [INFO] ApiDbMcu:507 - Load IP Config File for MBEDTLS
2026-07-29 14:45:32,101 [INFO] ApiDbMcu:507 - Load IP Config File for USB_DEVICE
2026-07-29 14:45:32,103 [INFO] ApiDbMcu:507 - Load IP Config File for USB_HOST
2026-07-29 14:45:32,623 [INFO] LogOutputStream:77 - [STDOUT_REDIRECT] 
2026-07-29 14:45:33,654 [INFO] ProjectBuilder:4626 - Time for Generating toolchain IDE Files: 1751mS.
2026-07-29 14:45:33,656 [INFO] ProjectBuilder:2935 - Time for Copy CMSIS : 0mS.
2026-07-29 14:45:33,659 [INFO] ProjectBuilder:2935 - Time for Copy CMSIS : 1mS.
2026-07-29 14:45:33,886 [ERROR] ConfigurationRetriever:142 - IOException on connection: sw-center.st.com
2026-07-29 14:45:33,886 [ERROR] ConfigurationRetriever:142 - IOException on connection: sw-center.st.com
2026-07-29 14:45:33,887 [ERROR] ConfigurationRetriever:142 - IOException on connection: sw-center.st.com
2026-07-29 14:45:33,887 [ERROR] ConfigurationRetriever:142 - IOException on connection: sw-center.st.com
2026-07-29 14:45:33,887 [ERROR] ConfigurationRetriever:142 - IOException on connection: sw-center.st.com
2026-07-29 14:45:33,887 [ERROR] ConfigurationRetriever:142 - IOException on connection: sw-center.st.com
2026-07-29 14:45:38,984 [ERROR] AdobePublisher:162 - Exception while opening the connection: java.net.SocketTimeoutException: Connect timed out
2026-07-29 14:45:38,984 [ERROR] AdobePublisher:162 - Exception while opening the connection: java.net.SocketTimeoutException: Connect timed out
2026-07-29 14:45:43,985 [ERROR] AdobePublisher:162 - Exception while opening the connection: java.net.SocketTimeoutException: Connect timed out
2026-07-29 14:45:43,985 [ERROR] AdobePublisher:162 - Exception while opening the connection: java.net.SocketTimeoutException: Connect timed out
2026-07-29 14:45:48,987 [ERROR] AdobePublisher:162 - Exception while opening the connection: java.net.SocketTimeoutException: Connect timed out
2026-07-29 14:45:48,987 [ERROR] AdobePublisher:162 - Exception while opening the connection: java.net.SocketTimeoutException: Connect timed out
2026-07-29 14:45:53,987 [ERROR] AdobePublisher:162 - Exception while opening the connection: java.net.SocketTimeoutException: Connect timed out
2026-07-29 14:45:53,987 [ERROR] AdobePublisher:162 - Exception while opening the connection: java.net.SocketTimeoutException: Connect timed out
2026-07-29 14:45:58,988 [ERROR] AdobePublisher:162 - Exception while opening the connection: java.net.SocketTimeoutException: Connect timed out
2026-07-29 14:45:58,988 [ERROR] AdobePublisher:162 - Exception while opening the connection: java.net.SocketTimeoutException: Connect timed out
2026-07-29 14:49:19,295 [ERROR] ConfigurationRetriever:142 - IOException on connection: sw-center.st.com
2026-07-29 14:49:19,296 [ERROR] ConfigurationRetriever:142 - IOException on connection: sw-center.st.com
2026-07-29 14:49:19,296 [ERROR] ConfigurationRetriever:142 - IOException on connection: sw-center.st.com
2026-07-29 14:49:19,323 [ERROR] ConfigurationRetriever:142 - IOException on connection: sw-center.st.com
2026-07-29 14:49:19,324 [ERROR] ConfigurationRetriever:142 - IOException on connection: sw-center.st.com
2026-07-29 14:49:19,324 [ERROR] ConfigurationRetriever:142 - IOException on connection: sw-center.st.com
2026-07-29 14:51:38,993 [ERROR] ConfigurationRetriever:142 - IOException on connection: sw-center.st.com
2026-07-29 14:51:38,993 [ERROR] ConfigurationRetriever:142 - IOException on connection: sw-center.st.com
2026-07-29 14:51:38,993 [ERROR] ConfigurationRetriever:142 - IOException on connection: sw-center.st.com
2026-07-29 14:52:06,964 [ERROR] ConfigurationRetriever:142 - IOException on connection: sw-center.st.com
2026-07-29 14:52:06,965 [ERROR] ConfigurationRetriever:142 - IOException on connection: sw-center.st.com
2026-07-29 14:52:06,965 [ERROR] ConfigurationRetriever:142 - IOException on connection: sw-center.st.com
2026-07-29 14:52:06,987 [ERROR] ConfigurationRetriever:142 - IOException on connection: sw-center.st.com
2026-07-29 14:52:06,988 [ERROR] ConfigurationRetriever:142 - IOException on connection: sw-center.st.com
2026-07-29 14:52:06,988 [ERROR] ConfigurationRetriever:142 - IOException on connection: sw-center.st.com
2026-07-29 14:55:24,462 [INFO] NvicIntPanel:101 - NVIC parent = com.st.microxplorer.plugins.ip.nvic.MultiNvicIntPanel[,0,0,0x0,invalid,layout=javax.swing.BoxLayout,alignmentX=0.0,alignmentY=0.0,border=,flags=9,maximumSize=,minimumSize=,preferredSize=]
2026-07-29 14:55:37,782 [INFO] UtilMem:75 - End SaveConfig() Used Memory: 668922760 Bytes (884998144)
2026-07-29 14:55:47,375 [INFO] UtilMem:75 - End SaveConfig() Used Memory: 297251024 Bytes (884998144)
2026-07-29 14:55:47,554 [INFO] BlockDiagram:2759 - set Specific Code input for plugin: SYS
2026-07-29 14:55:47,554 [INFO] BlockDiagram:2759 - set Specific Code input for plugin: RCC
2026-07-29 14:55:47,555 [INFO] BlockDiagram:2759 - set Specific Code input for plugin: NVIC
2026-07-29 14:55:47,555 [INFO] BlockDiagram:2759 - set Specific Code input for plugin: USART
2026-07-29 14:55:47,555 [INFO] BlockDiagram:2759 - set Specific Code input for plugin: GPIO
2026-07-29 14:55:47,555 [INFO] CodeGenerator:799 - code generatio: config db path: C:\ST\STM32CubeIDE_1.13.1\STM32CubeIDE\plugins\com.st.stm32cube.common.mx_6.9.1.202307191849\\db\
2026-07-29 14:55:47,629 [INFO] CodeEngine:255 - oldGeneratedFile, C:\Users\Admin\Documents\GitHub\Drone-RTOS\Source\003SBUS_read_data_f411\MXTmpFiles\license.tmp_save
2026-07-29 14:55:47,678 [INFO] CodeEngine:279 - Generated code: C:\Users\Admin\Documents\GitHub\Drone-RTOS\Source\003SBUS_read_data_f411\MXTmpFiles\license.tmp
2026-07-29 14:55:47,688 [INFO] CodeEngine:255 - oldGeneratedFile, C:\Users\Admin\Documents\GitHub\Drone-RTOS\Source\003SBUS_read_data_f411\MXTmpFiles\gpio.tmp_save
2026-07-29 14:55:47,739 [INFO] CodeEngine:279 - Generated code: C:\Users\Admin\Documents\GitHub\Drone-RTOS\Source\003SBUS_read_data_f411\MXTmpFiles\gpio.tmp
2026-07-29 14:55:47,764 [INFO] CodeEngine:255 - oldGeneratedFile, C:\Users\Admin\Documents\GitHub\Drone-RTOS\Source\003SBUS_read_data_f411\Core\Src\stm32f4xx_it.c_save
2026-07-29 14:55:47,819 [INFO] CodeEngine:279 - Generated code: C:\Users\Admin\Documents\GitHub\Drone-RTOS\Source\003SBUS_read_data_f411\Core\Src\stm32f4xx_it.c
2026-07-29 14:55:47,823 [INFO] CodeEngine:255 - oldGeneratedFile, C:\Users\Admin\Documents\GitHub\Drone-RTOS\Source\003SBUS_read_data_f411\Core\Inc\stm32f4xx_it.h_save
2026-07-29 14:55:47,873 [INFO] CodeEngine:279 - Generated code: C:\Users\Admin\Documents\GitHub\Drone-RTOS\Source\003SBUS_read_data_f411\Core\Inc\stm32f4xx_it.h
2026-07-29 14:55:47,880 [INFO] CodeEngine:255 - oldGeneratedFile, C:\Users\Admin\Documents\GitHub\Drone-RTOS\Source\003SBUS_read_data_f411\Core\Src\stm32f4xx_hal_msp.c_save
2026-07-29 14:55:47,946 [INFO] CodeEngine:279 - Generated code: C:\Users\Admin\Documents\GitHub\Drone-RTOS\Source\003SBUS_read_data_f411\Core\Src\stm32f4xx_hal_msp.c
2026-07-29 14:55:47,949 [INFO] CodeEngine:255 - oldGeneratedFile, C:\Users\Admin\Documents\GitHub\Drone-RTOS\Source\003SBUS_read_data_f411\MXTmpFiles\system.tmp_save
2026-07-29 14:55:47,995 [INFO] CodeEngine:279 - Generated code: C:\Users\Admin\Documents\GitHub\Drone-RTOS\Source\003SBUS_read_data_f411\MXTmpFiles\system.tmp
2026-07-29 14:55:48,001 [INFO] CodeEngine:311 - oldGeneratedFile, C:\Users\Admin\Documents\GitHub\Drone-RTOS\Source\003SBUS_read_data_f411\Core\Inc\stm32f4xx_hal_conf.h_save
2026-07-29 14:55:48,051 [INFO] CodeEngine:335 - Generated code: C:\Users\Admin\Documents\GitHub\Drone-RTOS\Source\003SBUS_read_data_f411\Core\Inc\stm32f4xx_hal_conf.h
2026-07-29 14:55:48,069 [INFO] CodeEngine:255 - oldGeneratedFile, C:\Users\Admin\Documents\GitHub\Drone-RTOS\Source\003SBUS_read_data_f411\Core\Inc\main.h_save
2026-07-29 14:55:48,121 [INFO] CodeEngine:279 - Generated code: C:\Users\Admin\Documents\GitHub\Drone-RTOS\Source\003SBUS_read_data_f411\Core\Inc\main.h
2026-07-29 14:55:48,125 [INFO] CodeEngine:255 - oldGeneratedFile, C:\Users\Admin\Documents\GitHub\Drone-RTOS\Source\003SBUS_read_data_f411\Core\Src\main.c_save
2026-07-29 14:55:48,208 [INFO] CodeEngine:279 - Generated code: C:\Users\Admin\Documents\GitHub\Drone-RTOS\Source\003SBUS_read_data_f411\Core\Src\main.c
2026-07-29 14:55:48,487 [INFO] ProjectBuilder:3064 - Time for Copy HAL[1] : 92mS.
2026-07-29 14:55:48,489 [INFO] ProjectBuilder:4404 - Project Generator version: 4.1.0
2026-07-29 14:55:48,707 [INFO] ConfigFileManager:1457 - The Die is : DIE431
2026-07-29 14:55:49,764 [INFO] ProjectBuilder:4626 - Time for Generating toolchain IDE Files: 1275mS.
2026-07-29 14:55:49,765 [INFO] ProjectBuilder:2935 - Time for Copy CMSIS : 1mS.
2026-07-29 14:55:49,767 [INFO] ProjectBuilder:2935 - Time for Copy CMSIS : 0mS.
2026-07-29 14:55:49,837 [ERROR] ConfigurationRetriever:142 - IOException on connection: sw-center.st.com
2026-07-29 14:55:49,837 [ERROR] ConfigurationRetriever:142 - IOException on connection: sw-center.st.com
2026-07-29 14:55:49,837 [ERROR] ConfigurationRetriever:142 - IOException on connection: sw-center.st.com
2026-07-29 14:55:49,837 [ERROR] ConfigurationRetriever:142 - IOException on connection: sw-center.st.com
2026-07-29 14:55:49,838 [ERROR] ConfigurationRetriever:142 - IOException on connection: sw-center.st.com
2026-07-29 14:55:49,838 [ERROR] ConfigurationRetriever:142 - IOException on connection: sw-center.st.com
2026-07-29 15:00:05,085 [ERROR] ConfigurationRetriever:142 - IOException on connection: Connect timed out
2026-07-29 15:00:07,087 [ERROR] ConfigurationRetriever:142 - IOException on connection: Connect timed out
2026-07-29 15:00:09,087 [ERROR] ConfigurationRetriever:142 - IOException on connection: Connect timed out
2026-07-29 15:00:11,122 [ERROR] ConfigurationRetriever:142 - IOException on connection: Connect timed out
2026-07-29 15:00:13,124 [ERROR] ConfigurationRetriever:142 - IOException on connection: Connect timed out
2026-07-29 15:00:15,125 [ERROR] ConfigurationRetriever:142 - IOException on connection: Connect timed out
2026-07-29 15:14:02,860 [INFO] UtilMem:75 - End SaveConfig() Used Memory: 308029024 Bytes (912261120)
2026-07-29 15:14:17,214 [INFO] UtilMem:75 - End SaveConfig() Used Memory: 416032352 Bytes (912261120)
2026-07-29 15:14:17,354 [INFO] BlockDiagram:2759 - set Specific Code input for plugin: SYS
2026-07-29 15:14:17,354 [INFO] BlockDiagram:2759 - set Specific Code input for plugin: RCC
2026-07-29 15:14:17,354 [INFO] BlockDiagram:2759 - set Specific Code input for plugin: NVIC
2026-07-29 15:14:17,354 [INFO] BlockDiagram:2759 - set Specific Code input for plugin: USART
2026-07-29 15:14:17,354 [INFO] BlockDiagram:2759 - set Specific Code input for plugin: GPIO
2026-07-29 15:14:17,354 [INFO] CodeGenerator:799 - code generatio: config db path: C:\ST\STM32CubeIDE_1.13.1\STM32CubeIDE\plugins\com.st.stm32cube.common.mx_6.9.1.202307191849\\db\
2026-07-29 15:14:17,437 [INFO] CodeEngine:255 - oldGeneratedFile, C:\Users\Admin\Documents\GitHub\Drone-RTOS\Source\003SBUS_read_data_f411\MXTmpFiles\license.tmp_save
2026-07-29 15:14:17,507 [INFO] CodeEngine:279 - Generated code: C:\Users\Admin\Documents\GitHub\Drone-RTOS\Source\003SBUS_read_data_f411\MXTmpFiles\license.tmp
2026-07-29 15:14:17,517 [INFO] CodeEngine:255 - oldGeneratedFile, C:\Users\Admin\Documents\GitHub\Drone-RTOS\Source\003SBUS_read_data_f411\MXTmpFiles\gpio.tmp_save
2026-07-29 15:14:17,567 [INFO] CodeEngine:279 - Generated code: C:\Users\Admin\Documents\GitHub\Drone-RTOS\Source\003SBUS_read_data_f411\MXTmpFiles\gpio.tmp
2026-07-29 15:14:17,593 [INFO] CodeEngine:255 - oldGeneratedFile, C:\Users\Admin\Documents\GitHub\Drone-RTOS\Source\003SBUS_read_data_f411\Core\Src\stm32f4xx_it.c_save
2026-07-29 15:14:17,690 [INFO] CodeEngine:279 - Generated code: C:\Users\Admin\Documents\GitHub\Drone-RTOS\Source\003SBUS_read_data_f411\Core\Src\stm32f4xx_it.c
2026-07-29 15:14:17,694 [INFO] CodeEngine:255 - oldGeneratedFile, C:\Users\Admin\Documents\GitHub\Drone-RTOS\Source\003SBUS_read_data_f411\Core\Inc\stm32f4xx_it.h_save
2026-07-29 15:14:17,742 [INFO] CodeEngine:279 - Generated code: C:\Users\Admin\Documents\GitHub\Drone-RTOS\Source\003SBUS_read_data_f411\Core\Inc\stm32f4xx_it.h
2026-07-29 15:14:17,750 [INFO] CodeEngine:255 - oldGeneratedFile, C:\Users\Admin\Documents\GitHub\Drone-RTOS\Source\003SBUS_read_data_f411\Core\Src\stm32f4xx_hal_msp.c_save
2026-07-29 15:14:17,825 [INFO] CodeEngine:279 - Generated code: C:\Users\Admin\Documents\GitHub\Drone-RTOS\Source\003SBUS_read_data_f411\Core\Src\stm32f4xx_hal_msp.c
2026-07-29 15:14:17,828 [INFO] CodeEngine:255 - oldGeneratedFile, C:\Users\Admin\Documents\GitHub\Drone-RTOS\Source\003SBUS_read_data_f411\MXTmpFiles\system.tmp_save
2026-07-29 15:14:17,873 [INFO] CodeEngine:279 - Generated code: C:\Users\Admin\Documents\GitHub\Drone-RTOS\Source\003SBUS_read_data_f411\MXTmpFiles\system.tmp
2026-07-29 15:14:17,880 [INFO] CodeEngine:311 - oldGeneratedFile, C:\Users\Admin\Documents\GitHub\Drone-RTOS\Source\003SBUS_read_data_f411\Core\Inc\stm32f4xx_hal_conf.h_save
2026-07-29 15:14:17,934 [INFO] CodeEngine:335 - Generated code: C:\Users\Admin\Documents\GitHub\Drone-RTOS\Source\003SBUS_read_data_f411\Core\Inc\stm32f4xx_hal_conf.h
2026-07-29 15:14:17,954 [INFO] CodeEngine:255 - oldGeneratedFile, C:\Users\Admin\Documents\GitHub\Drone-RTOS\Source\003SBUS_read_data_f411\Core\Inc\main.h_save
2026-07-29 15:14:18,012 [INFO] CodeEngine:279 - Generated code: C:\Users\Admin\Documents\GitHub\Drone-RTOS\Source\003SBUS_read_data_f411\Core\Inc\main.h
2026-07-29 15:14:18,016 [INFO] CodeEngine:255 - oldGeneratedFile, C:\Users\Admin\Documents\GitHub\Drone-RTOS\Source\003SBUS_read_data_f411\Core\Src\main.c_save
2026-07-29 15:14:18,093 [INFO] CodeEngine:279 - Generated code: C:\Users\Admin\Documents\GitHub\Drone-RTOS\Source\003SBUS_read_data_f411\Core\Src\main.c
2026-07-29 15:14:18,480 [INFO] ProjectBuilder:3064 - Time for Copy HAL[1] : 93mS.
2026-07-29 15:14:18,483 [INFO] ProjectBuilder:4404 - Project Generator version: 4.1.0
2026-07-29 15:14:18,589 [INFO] ConfigFileManager:1457 - The Die is : DIE431
2026-07-29 15:14:19,434 [INFO] ProjectBuilder:4626 - Time for Generating toolchain IDE Files: 951mS.
2026-07-29 15:14:19,435 [INFO] ProjectBuilder:2935 - Time for Copy CMSIS : 0mS.
2026-07-29 15:14:19,438 [INFO] ProjectBuilder:2935 - Time for Copy CMSIS : 1mS.
2026-07-29 15:35:48,420 [INFO] UtilMem:75 - End SaveConfig() Used Memory: 504630456 Bytes (901775360)
2026-07-29 15:36:22,042 [INFO] UtilMem:75 - End SaveConfig() Used Memory: 583273656 Bytes (901775360)
2026-07-29 15:36:22,162 [INFO] BlockDiagram:2759 - set Specific Code input for plugin: SYS
2026-07-29 15:36:22,162 [INFO] BlockDiagram:2759 - set Specific Code input for plugin: RCC
2026-07-29 15:36:22,162 [INFO] BlockDiagram:2759 - set Specific Code input for plugin: NVIC
2026-07-29 15:36:22,162 [INFO] BlockDiagram:2759 - set Specific Code input for plugin: USART
2026-07-29 15:36:22,162 [INFO] BlockDiagram:2759 - set Specific Code input for plugin: USART
2026-07-29 15:36:22,162 [INFO] BlockDiagram:2759 - set Specific Code input for plugin: GPIO
2026-07-29 15:36:22,163 [INFO] CodeGenerator:799 - code generatio: config db path: C:\ST\STM32CubeIDE_1.13.1\STM32CubeIDE\plugins\com.st.stm32cube.common.mx_6.9.1.202307191849\\db\
2026-07-29 15:36:22,231 [INFO] CodeEngine:255 - oldGeneratedFile, C:\Users\Admin\Documents\GitHub\Drone-RTOS\Source\003SBUS_read_data_f411\MXTmpFiles\license.tmp_save
2026-07-29 15:36:22,284 [INFO] CodeEngine:279 - Generated code: C:\Users\Admin\Documents\GitHub\Drone-RTOS\Source\003SBUS_read_data_f411\MXTmpFiles\license.tmp
2026-07-29 15:36:22,293 [INFO] CodeEngine:255 - oldGeneratedFile, C:\Users\Admin\Documents\GitHub\Drone-RTOS\Source\003SBUS_read_data_f411\MXTmpFiles\gpio.tmp_save
2026-07-29 15:36:22,339 [INFO] CodeEngine:279 - Generated code: C:\Users\Admin\Documents\GitHub\Drone-RTOS\Source\003SBUS_read_data_f411\MXTmpFiles\gpio.tmp
2026-07-29 15:36:22,368 [INFO] CodeEngine:255 - oldGeneratedFile, C:\Users\Admin\Documents\GitHub\Drone-RTOS\Source\003SBUS_read_data_f411\Core\Src\stm32f4xx_it.c_save
2026-07-29 15:36:22,489 [INFO] CodeEngine:279 - Generated code: C:\Users\Admin\Documents\GitHub\Drone-RTOS\Source\003SBUS_read_data_f411\Core\Src\stm32f4xx_it.c
2026-07-29 15:36:22,493 [INFO] CodeEngine:255 - oldGeneratedFile, C:\Users\Admin\Documents\GitHub\Drone-RTOS\Source\003SBUS_read_data_f411\Core\Inc\stm32f4xx_it.h_save
2026-07-29 15:36:22,536 [INFO] CodeEngine:279 - Generated code: C:\Users\Admin\Documents\GitHub\Drone-RTOS\Source\003SBUS_read_data_f411\Core\Inc\stm32f4xx_it.h
2026-07-29 15:36:22,543 [INFO] CodeEngine:255 - oldGeneratedFile, C:\Users\Admin\Documents\GitHub\Drone-RTOS\Source\003SBUS_read_data_f411\Core\Src\stm32f4xx_hal_msp.c_save
2026-07-29 15:36:22,616 [INFO] CodeEngine:279 - Generated code: C:\Users\Admin\Documents\GitHub\Drone-RTOS\Source\003SBUS_read_data_f411\Core\Src\stm32f4xx_hal_msp.c
2026-07-29 15:36:22,619 [INFO] CodeEngine:255 - oldGeneratedFile, C:\Users\Admin\Documents\GitHub\Drone-RTOS\Source\003SBUS_read_data_f411\MXTmpFiles\system.tmp_save
2026-07-29 15:36:22,660 [INFO] CodeEngine:279 - Generated code: C:\Users\Admin\Documents\GitHub\Drone-RTOS\Source\003SBUS_read_data_f411\MXTmpFiles\system.tmp
2026-07-29 15:36:22,666 [INFO] CodeEngine:311 - oldGeneratedFile, C:\Users\Admin\Documents\GitHub\Drone-RTOS\Source\003SBUS_read_data_f411\Core\Inc\stm32f4xx_hal_conf.h_save
2026-07-29 15:36:22,714 [INFO] CodeEngine:335 - Generated code: C:\Users\Admin\Documents\GitHub\Drone-RTOS\Source\003SBUS_read_data_f411\Core\Inc\stm32f4xx_hal_conf.h
2026-07-29 15:36:22,728 [INFO] CodeEngine:255 - oldGeneratedFile, C:\Users\Admin\Documents\GitHub\Drone-RTOS\Source\003SBUS_read_data_f411\Core\Inc\main.h_save
2026-07-29 15:36:22,781 [INFO] CodeEngine:279 - Generated code: C:\Users\Admin\Documents\GitHub\Drone-RTOS\Source\003SBUS_read_data_f411\Core\Inc\main.h
2026-07-29 15:36:22,784 [INFO] CodeEngine:255 - oldGeneratedFile, C:\Users\Admin\Documents\GitHub\Drone-RTOS\Source\003SBUS_read_data_f411\Core\Src\main.c_save
2026-07-29 15:36:22,850 [INFO] CodeEngine:279 - Generated code: C:\Users\Admin\Documents\GitHub\Drone-RTOS\Source\003SBUS_read_data_f411\Core\Src\main.c
2026-07-29 15:36:23,114 [INFO] ProjectBuilder:3064 - Time for Copy HAL[1] : 86mS.
2026-07-29 15:36:23,116 [INFO] ProjectBuilder:4404 - Project Generator version: 4.1.0
2026-07-29 15:36:23,328 [INFO] ConfigFileManager:1457 - The Die is : DIE431
2026-07-29 15:36:24,125 [INFO] ProjectBuilder:4626 - Time for Generating toolchain IDE Files: 1009mS.
2026-07-29 15:36:24,126 [INFO] ProjectBuilder:2935 - Time for Copy CMSIS : 0mS.
2026-07-29 15:36:24,127 [INFO] ProjectBuilder:2935 - Time for Copy CMSIS : 0mS.
2026-07-29 15:39:57,706 [INFO] UtilMem:75 - End SaveConfig() Used Memory: 406106312 Bytes (1016070144)
2026-07-29 15:40:02,789 [INFO] UtilMem:75 - End SaveConfig() Used Memory: 501004488 Bytes (1016070144)
2026-07-29 15:40:02,933 [INFO] BlockDiagram:2759 - set Specific Code input for plugin: SYS
2026-07-29 15:40:02,933 [INFO] BlockDiagram:2759 - set Specific Code input for plugin: RCC
2026-07-29 15:40:02,933 [INFO] BlockDiagram:2759 - set Specific Code input for plugin: NVIC
2026-07-29 15:40:02,933 [INFO] BlockDiagram:2759 - set Specific Code input for plugin: USART
2026-07-29 15:40:02,933 [INFO] BlockDiagram:2759 - set Specific Code input for plugin: USART
2026-07-29 15:40:02,933 [INFO] BlockDiagram:2759 - set Specific Code input for plugin: GPIO
2026-07-29 15:40:02,934 [INFO] CodeGenerator:799 - code generatio: config db path: C:\ST\STM32CubeIDE_1.13.1\STM32CubeIDE\plugins\com.st.stm32cube.common.mx_6.9.1.202307191849\\db\
2026-07-29 15:40:03,017 [INFO] CodeEngine:255 - oldGeneratedFile, C:\Users\Admin\Documents\GitHub\Drone-RTOS\Source\003SBUS_read_data_f411\MXTmpFiles\license.tmp_save
2026-07-29 15:40:03,059 [INFO] CodeEngine:279 - Generated code: C:\Users\Admin\Documents\GitHub\Drone-RTOS\Source\003SBUS_read_data_f411\MXTmpFiles\license.tmp
2026-07-29 15:40:03,067 [INFO] CodeEngine:255 - oldGeneratedFile, C:\Users\Admin\Documents\GitHub\Drone-RTOS\Source\003SBUS_read_data_f411\MXTmpFiles\gpio.tmp_save
2026-07-29 15:40:03,110 [INFO] CodeEngine:279 - Generated code: C:\Users\Admin\Documents\GitHub\Drone-RTOS\Source\003SBUS_read_data_f411\MXTmpFiles\gpio.tmp
2026-07-29 15:40:03,137 [INFO] CodeEngine:255 - oldGeneratedFile, C:\Users\Admin\Documents\GitHub\Drone-RTOS\Source\003SBUS_read_data_f411\Core\Src\stm32f4xx_it.c_save
2026-07-29 15:40:03,192 [INFO] CodeEngine:279 - Generated code: C:\Users\Admin\Documents\GitHub\Drone-RTOS\Source\003SBUS_read_data_f411\Core\Src\stm32f4xx_it.c
2026-07-29 15:40:03,196 [INFO] CodeEngine:255 - oldGeneratedFile, C:\Users\Admin\Documents\GitHub\Drone-RTOS\Source\003SBUS_read_data_f411\Core\Inc\stm32f4xx_it.h_save
2026-07-29 15:40:03,240 [INFO] CodeEngine:279 - Generated code: C:\Users\Admin\Documents\GitHub\Drone-RTOS\Source\003SBUS_read_data_f411\Core\Inc\stm32f4xx_it.h
2026-07-29 15:40:03,247 [INFO] CodeEngine:255 - oldGeneratedFile, C:\Users\Admin\Documents\GitHub\Drone-RTOS\Source\003SBUS_read_data_f411\Core\Src\stm32f4xx_hal_msp.c_save
2026-07-29 15:40:03,314 [INFO] CodeEngine:279 - Generated code: C:\Users\Admin\Documents\GitHub\Drone-RTOS\Source\003SBUS_read_data_f411\Core\Src\stm32f4xx_hal_msp.c
2026-07-29 15:40:03,318 [INFO] CodeEngine:255 - oldGeneratedFile, C:\Users\Admin\Documents\GitHub\Drone-RTOS\Source\003SBUS_read_data_f411\MXTmpFiles\system.tmp_save
2026-07-29 15:40:03,359 [INFO] CodeEngine:279 - Generated code: C:\Users\Admin\Documents\GitHub\Drone-RTOS\Source\003SBUS_read_data_f411\MXTmpFiles\system.tmp
2026-07-29 15:40:03,365 [INFO] CodeEngine:311 - oldGeneratedFile, C:\Users\Admin\Documents\GitHub\Drone-RTOS\Source\003SBUS_read_data_f411\Core\Inc\stm32f4xx_hal_conf.h_save
2026-07-29 15:40:03,413 [INFO] CodeEngine:335 - Generated code: C:\Users\Admin\Documents\GitHub\Drone-RTOS\Source\003SBUS_read_data_f411\Core\Inc\stm32f4xx_hal_conf.h
2026-07-29 15:40:03,428 [INFO] CodeEngine:255 - oldGeneratedFile, C:\Users\Admin\Documents\GitHub\Drone-RTOS\Source\003SBUS_read_data_f411\Core\Inc\main.h_save
2026-07-29 15:40:03,473 [INFO] CodeEngine:279 - Generated code: C:\Users\Admin\Documents\GitHub\Drone-RTOS\Source\003SBUS_read_data_f411\Core\Inc\main.h
2026-07-29 15:40:03,477 [INFO] CodeEngine:255 - oldGeneratedFile, C:\Users\Admin\Documents\GitHub\Drone-RTOS\Source\003SBUS_read_data_f411\Core\Src\main.c_save
2026-07-29 15:40:03,541 [INFO] CodeEngine:279 - Generated code: C:\Users\Admin\Documents\GitHub\Drone-RTOS\Source\003SBUS_read_data_f411\Core\Src\main.c
2026-07-29 15:40:03,810 [INFO] ProjectBuilder:3064 - Time for Copy HAL[1] : 88mS.
2026-07-29 15:40:03,812 [INFO] ProjectBuilder:4404 - Project Generator version: 4.1.0
2026-07-29 15:40:04,029 [INFO] ConfigFileManager:1457 - The Die is : DIE431
2026-07-29 15:40:04,757 [INFO] ProjectBuilder:4626 - Time for Generating toolchain IDE Files: 945mS.
2026-07-29 15:40:04,758 [INFO] ProjectBuilder:2935 - Time for Copy CMSIS : 1mS.
2026-07-29 15:40:04,760 [INFO] ProjectBuilder:2935 - Time for Copy CMSIS : 0mS.
2026-07-29 16:01:47,468 [INFO] NvicIntPanel:101 - NVIC parent = com.st.microxplorer.plugins.ip.nvic.MultiNvicIntPanel[,0,0,0x0,invalid,layout=javax.swing.BoxLayout,alignmentX=0.0,alignmentY=0.0,border=,flags=9,maximumSize=,minimumSize=,preferredSize=]
2026-07-29 16:01:47,526 [ERROR] LogOutputStream:75 - [STDERR_REDIRECT] Exception in thread "AWT-EventQueue-0" java.awt.IllegalComponentStateException: component must be showing on the screen to determine its location
2026-07-29 16:01:47,527 [ERROR] LogOutputStream:75 - [STDERR_REDIRECT] 	at java.desktop/java.awt.Component.getLocationOnScreen_NoTreeLock(Component.java:2113)
2026-07-29 16:01:47,528 [ERROR] LogOutputStream:75 - [STDERR_REDIRECT] 	at java.desktop/java.awt.Component.getLocationOnScreen(Component.java:2087)
2026-07-29 16:01:47,529 [ERROR] LogOutputStream:75 - [STDERR_REDIRECT] 	at java.desktop/javax.swing.JPopupMenu.show(JPopupMenu.java:963)
2026-07-29 16:01:47,529 [ERROR] LogOutputStream:75 - [STDERR_REDIRECT] 	at java.desktop/javax.swing.plaf.basic.BasicComboPopup.show(BasicComboPopup.java:235)
2026-07-29 16:01:47,530 [ERROR] LogOutputStream:75 - [STDERR_REDIRECT] 	at java.desktop/javax.swing.plaf.basic.BasicComboPopup.togglePopup(BasicComboPopup.java:1257)
2026-07-29 16:01:47,531 [ERROR] LogOutputStream:75 - [STDERR_REDIRECT] 	at java.desktop/javax.swing.plaf.basic.BasicComboPopup$Handler.mousePressed(BasicComboPopup.java:936)
2026-07-29 16:01:47,532 [ERROR] LogOutputStream:75 - [STDERR_REDIRECT] 	at java.desktop/java.awt.Component.processMouseEvent(Component.java:6623)
2026-07-29 16:01:47,532 [ERROR] LogOutputStream:75 - [STDERR_REDIRECT] 	at java.desktop/javax.swing.JComponent.processMouseEvent(JComponent.java:3389)
2026-07-29 16:01:47,533 [ERROR] LogOutputStream:75 - [STDERR_REDIRECT] 	at java.desktop/java.awt.Component.processEvent(Component.java:6391)
2026-07-29 16:01:47,534 [ERROR] LogOutputStream:75 - [STDERR_REDIRECT] 	at java.desktop/java.awt.Container.processEvent(Container.java:2266)
2026-07-29 16:01:47,534 [ERROR] LogOutputStream:75 - [STDERR_REDIRECT] 	at java.desktop/java.awt.Component.dispatchEventImpl(Component.java:5001)
2026-07-29 16:01:47,535 [ERROR] LogOutputStream:75 - [STDERR_REDIRECT] 	at java.desktop/java.awt.Container.dispatchEventImpl(Container.java:2324)
2026-07-29 16:01:47,535 [ERROR] LogOutputStream:75 - [STDERR_REDIRECT] 	at java.desktop/java.awt.Component.dispatchEvent(Component.java:4833)
2026-07-29 16:01:47,536 [ERROR] LogOutputStream:75 - [STDERR_REDIRECT] 	at java.desktop/javax.swing.plaf.basic.BasicTableUI$Handler.repostEvent(BasicTableUI.java:987)
2026-07-29 16:01:47,537 [ERROR] LogOutputStream:75 - [STDERR_REDIRECT] 	at java.desktop/javax.swing.plaf.basic.BasicTableUI$Handler.adjustSelection(BasicTableUI.java:1149)
2026-07-29 16:01:47,538 [ERROR] LogOutputStream:75 - [STDERR_REDIRECT] 	at java.desktop/javax.swing.plaf.basic.BasicTableUI$Handler.mousePressed(BasicTableUI.java:1077)
2026-07-29 16:01:47,539 [ERROR] LogOutputStream:75 - [STDERR_REDIRECT] 	at java.desktop/java.awt.AWTEventMulticaster.mousePressed(AWTEventMulticaster.java:288)
2026-07-29 16:01:47,540 [ERROR] LogOutputStream:75 - [STDERR_REDIRECT] 	at java.desktop/java.awt.AWTEventMulticaster.mousePressed(AWTEventMulticaster.java:287)
2026-07-29 16:01:47,540 [ERROR] LogOutputStream:75 - [STDERR_REDIRECT] 	at java.desktop/java.awt.AWTEventMulticaster.mousePressed(AWTEventMulticaster.java:287)
2026-07-29 16:01:47,541 [ERROR] LogOutputStream:75 - [STDERR_REDIRECT] 	at java.desktop/java.awt.AWTEventMulticaster.mousePressed(AWTEventMulticaster.java:287)
2026-07-29 16:01:47,542 [ERROR] LogOutputStream:75 - [STDERR_REDIRECT] 	at java.desktop/java.awt.Component.processMouseEvent(Component.java:6623)
2026-07-29 16:01:47,542 [ERROR] LogOutputStream:75 - [STDERR_REDIRECT] 	at java.desktop/javax.swing.JComponent.processMouseEvent(JComponent.java:3389)
2026-07-29 16:01:47,543 [ERROR] LogOutputStream:75 - [STDERR_REDIRECT] 	at java.desktop/java.awt.Component.processEvent(Component.java:6391)
2026-07-29 16:01:47,544 [ERROR] LogOutputStream:75 - [STDERR_REDIRECT] 	at java.desktop/java.awt.Container.processEvent(Container.java:2266)
2026-07-29 16:01:47,544 [ERROR] LogOutputStream:75 - [STDERR_REDIRECT] 	at java.desktop/java.awt.Component.dispatchEventImpl(Component.java:5001)
2026-07-29 16:01:47,545 [ERROR] LogOutputStream:75 - [STDERR_REDIRECT] 	at java.desktop/java.awt.Container.dispatchEventImpl(Container.java:2324)
2026-07-29 16:01:47,546 [ERROR] LogOutputStream:75 - [STDERR_REDIRECT] 	at java.desktop/java.awt.Component.dispatchEvent(Component.java:4833)
2026-07-29 16:01:47,546 [ERROR] LogOutputStream:75 - [STDERR_REDIRECT] 	at java.desktop/java.awt.LightweightDispatcher.retargetMouseEvent(Container.java:4948)
2026-07-29 16:01:47,547 [ERROR] LogOutputStream:75 - [STDERR_REDIRECT] 	at java.desktop/java.awt.LightweightDispatcher.processMouseEvent(Container.java:4572)
2026-07-29 16:01:47,548 [ERROR] LogOutputStream:75 - [STDERR_REDIRECT] 	at java.desktop/java.awt.LightweightDispatcher.dispatchEvent(Container.java:4516)
2026-07-29 16:01:47,548 [ERROR] LogOutputStream:75 - [STDERR_REDIRECT] 	at java.desktop/java.awt.Container.dispatchEventImpl(Container.java:2310)
2026-07-29 16:01:47,549 [ERROR] LogOutputStream:75 - [STDERR_REDIRECT] 	at java.desktop/java.awt.Component.dispatchEvent(Component.java:4833)
2026-07-29 16:01:47,550 [ERROR] LogOutputStream:75 - [STDERR_REDIRECT] 	at java.desktop/java.awt.EventQueue.dispatchEventImpl(EventQueue.java:773)
2026-07-29 16:01:47,550 [ERROR] LogOutputStream:75 - [STDERR_REDIRECT] 	at java.desktop/java.awt.EventQueue$4.run(EventQueue.java:722)
2026-07-29 16:01:47,551 [ERROR] LogOutputStream:75 - [STDERR_REDIRECT] 	at java.desktop/java.awt.EventQueue$4.run(EventQueue.java:716)
2026-07-29 16:01:47,552 [ERROR] LogOutputStream:75 - [STDERR_REDIRECT] 	at java.base/java.security.AccessController.doPrivileged(AccessController.java:399)
2026-07-29 16:01:47,553 [ERROR] LogOutputStream:75 - [STDERR_REDIRECT] 	at java.base/java.security.ProtectionDomain$JavaSecurityAccessImpl.doIntersectionPrivilege(ProtectionDomain.java:86)
2026-07-29 16:01:47,554 [ERROR] LogOutputStream:75 - [STDERR_REDIRECT] 	at java.base/java.security.ProtectionDomain$JavaSecurityAccessImpl.doIntersectionPrivilege(ProtectionDomain.java:97)
2026-07-29 16:01:47,554 [ERROR] LogOutputStream:75 - [STDERR_REDIRECT] 	at java.desktop/java.awt.EventQueue$5.run(EventQueue.java:746)
2026-07-29 16:01:47,555 [ERROR] LogOutputStream:75 - [STDERR_REDIRECT] 	at java.desktop/java.awt.EventQueue$5.run(EventQueue.java:744)
2026-07-29 16:01:47,556 [ERROR] LogOutputStream:75 - [STDERR_REDIRECT] 	at java.base/java.security.AccessController.doPrivileged(AccessController.java:399)
2026-07-29 16:01:47,557 [ERROR] LogOutputStream:75 - [STDERR_REDIRECT] 	at java.base/java.security.ProtectionDomain$JavaSecurityAccessImpl.doIntersectionPrivilege(ProtectionDomain.java:86)
2026-07-29 16:01:47,557 [ERROR] LogOutputStream:75 - [STDERR_REDIRECT] 	at java.desktop/java.awt.EventQueue.dispatchEvent(EventQueue.java:743)
2026-07-29 16:01:47,558 [ERROR] LogOutputStream:75 - [STDERR_REDIRECT] 	at java.desktop/java.awt.EventDispatchThread.pumpOneEventForFilters(EventDispatchThread.java:203)
2026-07-29 16:01:47,559 [ERROR] LogOutputStream:75 - [STDERR_REDIRECT] 	at java.desktop/java.awt.EventDispatchThread.pumpEventsForFilter(EventDispatchThread.java:124)
2026-07-29 16:01:47,560 [ERROR] LogOutputStream:75 - [STDERR_REDIRECT] 	at java.desktop/java.awt.EventDispatchThread.pumpEventsForHierarchy(EventDispatchThread.java:113)
2026-07-29 16:01:47,560 [ERROR] LogOutputStream:75 - [STDERR_REDIRECT] 	at java.desktop/java.awt.EventDispatchThread.pumpEvents(EventDispatchThread.java:109)
2026-07-29 16:01:47,561 [ERROR] LogOutputStream:75 - [STDERR_REDIRECT] 	at java.desktop/java.awt.EventDispatchThread.pumpEvents(EventDispatchThread.java:101)
2026-07-29 16:01:47,562 [ERROR] LogOutputStream:75 - [STDERR_REDIRECT] 	at java.desktop/java.awt.EventDispatchThread.run(EventDispatchThread.java:90)
2026-07-29 16:01:49,670 [INFO] NvicIntPanel:101 - NVIC parent = com.st.microxplorer.plugins.ip.nvic.MultiNvicIntPanel[,0,0,0x0,invalid,layout=javax.swing.BoxLayout,alignmentX=0.0,alignmentY=0.0,border=,flags=9,maximumSize=,minimumSize=,preferredSize=]
2026-07-29 16:01:55,516 [INFO] NvicIntPanel:101 - NVIC parent = com.st.microxplorer.plugins.ip.nvic.MultiNvicIntPanel[,0,0,0x0,invalid,layout=javax.swing.BoxLayout,alignmentX=0.0,alignmentY=0.0,border=,flags=9,maximumSize=,minimumSize=,preferredSize=]
2026-07-29 16:01:59,034 [INFO] NvicIntPanel:101 - NVIC parent = com.st.microxplorer.plugins.ip.nvic.MultiNvicIntPanel[,0,0,0x0,invalid,layout=javax.swing.BoxLayout,alignmentX=0.0,alignmentY=0.0,border=,flags=9,maximumSize=,minimumSize=,preferredSize=]
2026-07-29 16:02:11,591 [INFO] NvicIntPanel:101 - NVIC parent = com.st.microxplorer.plugins.ip.nvic.MultiNvicIntPanel[,0,0,0x0,invalid,layout=javax.swing.BoxLayout,alignmentX=0.0,alignmentY=0.0,border=,flags=9,maximumSize=,minimumSize=,preferredSize=]
2026-07-29 16:02:25,382 [INFO] UtilMem:75 - End SaveConfig() Used Memory: 760124072 Bytes (961544192)
2026-07-29 16:02:40,576 [INFO] UtilMem:75 - End SaveConfig() Used Memory: 833524392 Bytes (961544192)
2026-07-29 16:02:40,733 [INFO] BlockDiagram:2759 - set Specific Code input for plugin: SYS
2026-07-29 16:02:40,733 [INFO] BlockDiagram:2759 - set Specific Code input for plugin: RCC
2026-07-29 16:02:40,733 [INFO] BlockDiagram:2759 - set Specific Code input for plugin: NVIC
2026-07-29 16:02:40,733 [INFO] BlockDiagram:2759 - set Specific Code input for plugin: USART
2026-07-29 16:02:40,733 [INFO] BlockDiagram:2759 - set Specific Code input for plugin: GPIO
2026-07-29 16:02:40,734 [INFO] CodeGenerator:799 - code generatio: config db path: C:\ST\STM32CubeIDE_1.13.1\STM32CubeIDE\plugins\com.st.stm32cube.common.mx_6.9.1.202307191849\\db\
2026-07-29 16:02:40,818 [INFO] CodeEngine:255 - oldGeneratedFile, C:\Users\Admin\Documents\GitHub\Drone-RTOS\Source\003SBUS_read_data_f411\MXTmpFiles\license.tmp_save
2026-07-29 16:02:40,877 [INFO] CodeEngine:279 - Generated code: C:\Users\Admin\Documents\GitHub\Drone-RTOS\Source\003SBUS_read_data_f411\MXTmpFiles\license.tmp
2026-07-29 16:02:40,885 [INFO] CodeEngine:255 - oldGeneratedFile, C:\Users\Admin\Documents\GitHub\Drone-RTOS\Source\003SBUS_read_data_f411\MXTmpFiles\gpio.tmp_save
2026-07-29 16:02:40,929 [INFO] CodeEngine:279 - Generated code: C:\Users\Admin\Documents\GitHub\Drone-RTOS\Source\003SBUS_read_data_f411\MXTmpFiles\gpio.tmp
2026-07-29 16:02:40,948 [INFO] CodeEngine:255 - oldGeneratedFile, C:\Users\Admin\Documents\GitHub\Drone-RTOS\Source\003SBUS_read_data_f411\Core\Src\stm32f4xx_it.c_save
2026-07-29 16:02:41,042 [INFO] CodeEngine:279 - Generated code: C:\Users\Admin\Documents\GitHub\Drone-RTOS\Source\003SBUS_read_data_f411\Core\Src\stm32f4xx_it.c
2026-07-29 16:02:41,046 [INFO] CodeEngine:255 - oldGeneratedFile, C:\Users\Admin\Documents\GitHub\Drone-RTOS\Source\003SBUS_read_data_f411\Core\Inc\stm32f4xx_it.h_save
2026-07-29 16:02:41,092 [INFO] CodeEngine:279 - Generated code: C:\Users\Admin\Documents\GitHub\Drone-RTOS\Source\003SBUS_read_data_f411\Core\Inc\stm32f4xx_it.h
2026-07-29 16:02:41,099 [INFO] CodeEngine:255 - oldGeneratedFile, C:\Users\Admin\Documents\GitHub\Drone-RTOS\Source\003SBUS_read_data_f411\Core\Src\stm32f4xx_hal_msp.c_save
2026-07-29 16:02:41,186 [INFO] CodeEngine:279 - Generated code: C:\Users\Admin\Documents\GitHub\Drone-RTOS\Source\003SBUS_read_data_f411\Core\Src\stm32f4xx_hal_msp.c
2026-07-29 16:02:41,193 [INFO] CodeEngine:255 - oldGeneratedFile, C:\Users\Admin\Documents\GitHub\Drone-RTOS\Source\003SBUS_read_data_f411\MXTmpFiles\system.tmp_save
2026-07-29 16:02:41,239 [INFO] CodeEngine:279 - Generated code: C:\Users\Admin\Documents\GitHub\Drone-RTOS\Source\003SBUS_read_data_f411\MXTmpFiles\system.tmp
2026-07-29 16:02:41,246 [INFO] CodeEngine:311 - oldGeneratedFile, C:\Users\Admin\Documents\GitHub\Drone-RTOS\Source\003SBUS_read_data_f411\Core\Inc\stm32f4xx_hal_conf.h_save
2026-07-29 16:02:41,295 [INFO] CodeEngine:335 - Generated code: C:\Users\Admin\Documents\GitHub\Drone-RTOS\Source\003SBUS_read_data_f411\Core\Inc\stm32f4xx_hal_conf.h
2026-07-29 16:02:41,310 [INFO] CodeEngine:255 - oldGeneratedFile, C:\Users\Admin\Documents\GitHub\Drone-RTOS\Source\003SBUS_read_data_f411\Core\Inc\main.h_save
2026-07-29 16:02:41,367 [INFO] CodeEngine:279 - Generated code: C:\Users\Admin\Documents\GitHub\Drone-RTOS\Source\003SBUS_read_data_f411\Core\Inc\main.h
2026-07-29 16:02:41,371 [INFO] CodeEngine:255 - oldGeneratedFile, C:\Users\Admin\Documents\GitHub\Drone-RTOS\Source\003SBUS_read_data_f411\Core\Src\main.c_save
2026-07-29 16:02:41,438 [INFO] CodeEngine:279 - Generated code: C:\Users\Admin\Documents\GitHub\Drone-RTOS\Source\003SBUS_read_data_f411\Core\Src\main.c
2026-07-29 16:02:41,792 [INFO] ProjectBuilder:3064 - Time for Copy HAL[1] : 93mS.
2026-07-29 16:02:41,794 [INFO] ProjectBuilder:4404 - Project Generator version: 4.1.0
2026-07-29 16:02:41,904 [INFO] ConfigFileManager:1457 - The Die is : DIE431
2026-07-29 16:02:42,743 [INFO] ProjectBuilder:4626 - Time for Generating toolchain IDE Files: 948mS.
2026-07-29 16:02:42,743 [INFO] ProjectBuilder:2935 - Time for Copy CMSIS : 0mS.
2026-07-29 16:02:42,745 [INFO] ProjectBuilder:2935 - Time for Copy CMSIS : 0mS.
2026-07-29 16:18:45,300 [INFO] NvicIntPanel:101 - NVIC parent = com.st.microxplorer.plugins.ip.nvic.MultiNvicIntPanel[,0,0,0x0,invalid,layout=javax.swing.BoxLayout,alignmentX=0.0,alignmentY=0.0,border=,flags=9,maximumSize=,minimumSize=,preferredSize=]
2026-07-29 16:19:32,708 [INFO] NvicIntPanel:101 - NVIC parent = com.st.microxplorer.plugins.ip.nvic.MultiNvicIntPanel[,0,0,0x0,invalid,layout=javax.swing.BoxLayout,alignmentX=0.0,alignmentY=0.0,border=,flags=9,maximumSize=,minimumSize=,preferredSize=]
2026-07-29 16:38:19,658 [INFO] UtilMem:75 - End SaveConfig() Used Memory: 335605304 Bytes (1024458752)
2026-07-29 16:38:25,806 [INFO] UtilMem:75 - End SaveConfig() Used Memory: 469823032 Bytes (1024458752)
2026-07-29 16:38:25,926 [INFO] BlockDiagram:2759 - set Specific Code input for plugin: SYS
2026-07-29 16:38:25,926 [INFO] BlockDiagram:2759 - set Specific Code input for plugin: RCC
2026-07-29 16:38:25,927 [INFO] BlockDiagram:2759 - set Specific Code input for plugin: NVIC
2026-07-29 16:38:25,927 [INFO] BlockDiagram:2759 - set Specific Code input for plugin: USART
2026-07-29 16:38:25,927 [INFO] BlockDiagram:2759 - set Specific Code input for plugin: GPIO
2026-07-29 16:38:25,927 [INFO] CodeGenerator:799 - code generatio: config db path: C:\ST\STM32CubeIDE_1.13.1\STM32CubeIDE\plugins\com.st.stm32cube.common.mx_6.9.1.202307191849\\db\
2026-07-29 16:38:25,997 [INFO] CodeEngine:255 - oldGeneratedFile, C:\Users\Admin\Documents\GitHub\Drone-RTOS\Source\003SBUS_read_data_f411\MXTmpFiles\license.tmp_save
2026-07-29 16:38:26,040 [INFO] CodeEngine:279 - Generated code: C:\Users\Admin\Documents\GitHub\Drone-RTOS\Source\003SBUS_read_data_f411\MXTmpFiles\license.tmp
2026-07-29 16:38:26,047 [INFO] CodeEngine:255 - oldGeneratedFile, C:\Users\Admin\Documents\GitHub\Drone-RTOS\Source\003SBUS_read_data_f411\MXTmpFiles\gpio.tmp_save
2026-07-29 16:38:26,091 [INFO] CodeEngine:279 - Generated code: C:\Users\Admin\Documents\GitHub\Drone-RTOS\Source\003SBUS_read_data_f411\MXTmpFiles\gpio.tmp
2026-07-29 16:38:26,109 [INFO] CodeEngine:255 - oldGeneratedFile, C:\Users\Admin\Documents\GitHub\Drone-RTOS\Source\003SBUS_read_data_f411\Core\Src\stm32f4xx_it.c_save
2026-07-29 16:38:26,156 [INFO] CodeEngine:279 - Generated code: C:\Users\Admin\Documents\GitHub\Drone-RTOS\Source\003SBUS_read_data_f411\Core\Src\stm32f4xx_it.c
2026-07-29 16:38:26,159 [INFO] CodeEngine:255 - oldGeneratedFile, C:\Users\Admin\Documents\GitHub\Drone-RTOS\Source\003SBUS_read_data_f411\Core\Inc\stm32f4xx_it.h_save
2026-07-29 16:38:26,203 [INFO] CodeEngine:279 - Generated code: C:\Users\Admin\Documents\GitHub\Drone-RTOS\Source\003SBUS_read_data_f411\Core\Inc\stm32f4xx_it.h
2026-07-29 16:38:26,209 [INFO] CodeEngine:255 - oldGeneratedFile, C:\Users\Admin\Documents\GitHub\Drone-RTOS\Source\003SBUS_read_data_f411\Core\Src\stm32f4xx_hal_msp.c_save
2026-07-29 16:38:26,269 [INFO] CodeEngine:279 - Generated code: C:\Users\Admin\Documents\GitHub\Drone-RTOS\Source\003SBUS_read_data_f411\Core\Src\stm32f4xx_hal_msp.c
2026-07-29 16:38:26,271 [INFO] CodeEngine:255 - oldGeneratedFile, C:\Users\Admin\Documents\GitHub\Drone-RTOS\Source\003SBUS_read_data_f411\MXTmpFiles\system.tmp_save
2026-07-29 16:38:26,315 [INFO] CodeEngine:279 - Generated code: C:\Users\Admin\Documents\GitHub\Drone-RTOS\Source\003SBUS_read_data_f411\MXTmpFiles\system.tmp
2026-07-29 16:38:26,322 [INFO] CodeEngine:311 - oldGeneratedFile, C:\Users\Admin\Documents\GitHub\Drone-RTOS\Source\003SBUS_read_data_f411\Core\Inc\stm32f4xx_hal_conf.h_save
2026-07-29 16:38:26,373 [INFO] CodeEngine:335 - Generated code: C:\Users\Admin\Documents\GitHub\Drone-RTOS\Source\003SBUS_read_data_f411\Core\Inc\stm32f4xx_hal_conf.h
2026-07-29 16:38:26,389 [INFO] CodeEngine:255 - oldGeneratedFile, C:\Users\Admin\Documents\GitHub\Drone-RTOS\Source\003SBUS_read_data_f411\Core\Inc\main.h_save
2026-07-29 16:38:26,437 [INFO] CodeEngine:279 - Generated code: C:\Users\Admin\Documents\GitHub\Drone-RTOS\Source\003SBUS_read_data_f411\Core\Inc\main.h
2026-07-29 16:38:26,441 [INFO] CodeEngine:255 - oldGeneratedFile, C:\Users\Admin\Documents\GitHub\Drone-RTOS\Source\003SBUS_read_data_f411\Core\Src\main.c_save
2026-07-29 16:38:26,516 [INFO] CodeEngine:279 - Generated code: C:\Users\Admin\Documents\GitHub\Drone-RTOS\Source\003SBUS_read_data_f411\Core\Src\main.c
2026-07-29 16:38:26,794 [INFO] ProjectBuilder:3064 - Time for Copy HAL[1] : 97mS.
2026-07-29 16:38:26,797 [INFO] ProjectBuilder:4404 - Project Generator version: 4.1.0
2026-07-29 16:38:26,984 [INFO] ConfigFileManager:1457 - The Die is : DIE431
2026-07-29 16:38:27,765 [INFO] ProjectBuilder:4626 - Time for Generating toolchain IDE Files: 968mS.
2026-07-29 16:38:27,765 [INFO] ProjectBuilder:2935 - Time for Copy CMSIS : 0mS.
2026-07-29 16:38:27,767 [INFO] ProjectBuilder:2935 - Time for Copy CMSIS : 0mS.
2026-07-29 18:04:06,409 [INFO] MainUpdater:2868 - connection check result : 10
2026-07-29 18:04:06,412 [INFO] McuFinderGlobals:76 - Set McuFinderConnectedMode to true
2026-07-29 18:04:06,890 [INFO] ServerAccessManage:473 - Download File mcusAds.json._tmp_
2026-07-29 18:04:07,023 [INFO] LoadUrlFilesThread:156 - End of LoadUrlFiles Thread
2026-07-29 18:04:07,436 [INFO] ServerAccessManage:473 - Download File cube-finder-db.zip
2026-07-29 18:04:22,980 [INFO] FileExtend:240 - Unzip File : cube-finder-db.zip
2026-07-29 18:04:22,981 [INFO] FileExtend:255 - Standard Zip Deflate
2026-07-29 18:04:23,614 [INFO] LoadUrlFilesThread:156 - End of LoadUrlFiles Thread
2026-07-29 18:04:44,982 [ERROR] ServerAccessManage:1172 - Problem during Server Connection :  IO error Connection timed out: no further information
2026-07-29 18:04:44,983 [ERROR] ServerAccessManage:651 - Problem during Server Connection :  : crdb.zip.
2026-07-29 18:04:55,472 [INFO] LoadUrlFilesThread:156 - End of LoadUrlFiles Thread
2026-07-29 18:04:56,277 [INFO] DbMcusAds:53 - JSON generation date=Wed Jul 15 16:46:00 GMT+07:00 2026 (1784108760991)
2026-07-29 18:04:56,280 [INFO] ApiDb:448 - Save user favorites file C:\Users\Admin/.stm32cubeide/favorites.mcus.txt: 4 item(s)
2026-07-29 18:04:56,280 [INFO] ApiDb:452 - User favorites MCUs=[STM32F103C8T6, STM32F405RGT6, STM32F411CEU6, STM32H523CET6]
2026-07-29 18:04:56,285 [INFO] ApiDb:581 - Connected to CubeFinder SQLite database (C:\Users\Admin\.stmcufinder\plugins\mcufinder\mcu\cube-finder-db.db)
2026-07-29 18:04:56,340 [INFO] ApiDb:668 - CubeFinder database Data Model version=2.1
2026-07-29 18:04:56,340 [INFO] ApiDb:669 - CubeFinder database Configuration version=3.0.42
2026-07-29 18:04:56,340 [INFO] ApiDb:670 - CubeFinder database generation date=2026-06-23 (1782213372)
2026-07-29 18:04:56,340 [INFO] ApiDb:671 - CubeFinder database FW Pack versions=[FP-ATR-ASTRA1_V2.0.0, FP-SNS-FLIGHT1_V5.1.0, FP-SNS-MOTENV1_V5.1.0, FP-SNS-MOTENVWB1_V1.5.0, FP-SNS-SMARTAG2_V1.2.0, FP-SNS-STBOX1_V2.1.0, STM32Cube_FW_C0_V1.4.0, STM32Cube_FW_F4_V1.28.3, STM32Cube_FW_F7_V1.17.4, STM32Cube_FW_G0_V1.6.3, STM32Cube_FW_G4_V1.6.2, STM32Cube_FW_H5_V1.7.0, STM32Cube_FW_H7RS_V1.3.0, STM32Cube_FW_H7_V1.13.0, STM32Cube_FW_L0_V1.12.2, STM32Cube_FW_L4_V1.18.2, STM32Cube_FW_L5_V1.6.0, STM32Cube_FW_N6_V1.4.0, STM32Cube_FW_U0_V1.3.0, STM32Cube_FW_U3_V1.4.0, STM32Cube_FW_U5_V1.9.0, STM32Cube_FW_WB0_V1.5.0, STM32Cube_FW_WBA_V1.10.0, STM32Cube_FW_WB_V1.24.0, STM32Cube_FW_WL3_V1.5.0, STM32Cube_FW_WL_V1.6.0, X-CUBE-ALGOBUILD_V1.5.0, X-CUBE-ALS_V1.0.2, X-CUBE-AZRTOS-F4_V1.1.0, X-CUBE-AZRTOS-F7_V1.1.0, X-CUBE-AZRTOS-G0_V1.1.0, X-CUBE-AZRTOS-G4_V2.0.0, X-CUBE-AZRTOS-H7RS_V1.1.0, X-CUBE-AZRTOS-H7_V3.5.0, X-CUBE-AZRTOS-L4_V2.0.0, X-CUBE-AZRTOS-L5_V2.0.0, X-CUBE-AZRTOS-WB_V2.0.0, X-CUBE-AZRTOS-WL_V2.0.0, X-CUBE-BLE1_V7.1.0, X-CUBE-BLE2_V3.3.0, X-CUBE-BLEMGR_V4.1.0, X-CUBE-EEPRMA1_V5.2.0, X-CUBE-FREERTOS_V1.5.0, X-CUBE-GNSS1_V7.1.1, X-CUBE-MEMS1_V12.1.0, X-CUBE-NFC4_V3.0.0, X-CUBE-NFC7_V2.0.0, X-CUBE-SFXS2LP1_V4.0.0, X-CUBE-ST67W61_V1.3.0, X-CUBE-SUBG2_V5.0.0, X-CUBE-TOF1_V3.4.3]
2026-07-29 18:04:58,367 [INFO] ApiDb:240 - Found 323 in-development CPN: [B-G473E-ZEST1S, B-WB1M-WPAN1, B-WL5M-SUBG1, NUCLEO-C031C6, NUCLEO-H503RB, NUCLEO-H563ZI, NUCLEO-U545RE-Q, NUCLEO-U5A5ZJ-Q, NUCLEO-WBA52CG, STEVAL-PROTEUS1, STEVAL-SMARTAG2, STEVAL-STWINBX1, STM320518-EVAL, STM32C0116-DK, STM32C011D6Y3TR, STM32C011D6Y6TR, STM32C011F4P3, STM32C011F4P6, STM32C011F4U3, STM32C011F4U6TR, STM32C011F6P3, STM32C011F6P6, STM32C011F6U3, STM32C011F6U6TR, STM32C011J4M3, STM32C011J4M6, STM32C011J6M3, STM32C011J6M6, STM32C0316-DK, STM32C031C4T3, STM32C031C4T6, STM32C031C4U3, STM32C031C4U6, STM32C031C6T3, STM32C031C6T6, STM32C031C6U3, STM32C031C6U6, STM32C031F4P3, STM32C031F4P6, STM32C031F6P3, STM32C031F6P6, STM32C031G4U3, STM32C031G4U6, STM32C031G6U3, STM32C031G6U6, STM32C031K4T3, STM32C031K4T6, STM32C031K4U3, STM32C031K4U6, STM32C031K6T3, STM32C031K6T6, STM32C031K6U3, STM32C031K6U6, STM32G071K8TXN, STM32G071K8UXN, STM32G081GBU6N, STM32G081KBT6N, STM32G081KBUXN, STM32G0B1CCT6N, STM32G0B1KCT6, STM32G0B1NEY6TR, STM32G0B1RCT6N, STM32G0C1CCT6, STM32G0C1CCT6N, STM32G0C1CCU6N, STM32G0C1CET6N, STM32G0C1CEU6N, STM32G0C1KCT6, STM32G0C1NEY6TR, STM32G0C1RCI6N, STM32G0C1RCT6N, STM32G0C1REI6N, STM32G0C1RET6N, STM32G0C1VCI6, STM32G0C1VEI6, STM32G471CCT6, STM32G471CCU6, STM32G471CET3, STM32G471CET6, STM32G471CEU3, STM32G471CEU6, STM32G471MCT6, STM32G471MET3, STM32G471MET6, STM32G471MEY6TR, STM32G471QCT6, STM32G471QET3, STM32G471RCT6, STM32G471RET3, STM32G471RET6, STM32G471VCH6, STM32G471VCI6, STM32G471VCT6, STM32G471VEH3, STM32G471VEH6, STM32G471VEI3, STM32G471VEI6, STM32G471VET3, STM32G471VET6, STM32G474CCT6, STM32H503CBT6, STM32H503CBU6, STM32H503EBY6TR, STM32H503KBU6, STM32H503RBT6, STM32H562AGI6, STM32H562AII6, STM32H562IGK6, STM32H562IGT6, STM32H562IIK6, STM32H562IIT6, STM32H562RGT6, STM32H562RGV6, STM32H562RIT6, STM32H562RIV6, STM32H562VGT6, STM32H562VIT6, STM32H562ZGT6, STM32H562ZIT6, STM32H563AGI6, STM32H563AII3Q, STM32H563AII6, STM32H563IGK6, STM32H563IGT6, STM32H563IIK3Q, STM32H563IIK6, STM32H563IIT3Q, STM32H563IIT6, STM32H563MIY3QTR, STM32H563RGT6, STM32H563RGV6, STM32H563RIT6, STM32H563RIV6, STM32H563VGT6, STM32H563VIT3Q, STM32H563VIT6, STM32H563ZGT6, STM32H563ZIT3Q, STM32H563ZIT6, STM32H573AII3Q, STM32H573AII6, STM32H573I-DK, STM32H573IIK3Q, STM32H573IIK6, STM32H573IIT3Q, STM32H573IIT6, STM32H573MIY3QTR, STM32H573RIT6, STM32H573RIV6, STM32H573VIT3Q, STM32H573VIT6, STM32H573ZIT3Q, STM32H573ZIT6, STM32L4R5QGI6STR, STM32MP131AAE3, STM32MP131AAF3, STM32MP131AAG3, STM32MP131CAE3, STM32MP131CAF3, STM32MP131CAG3, STM32MP131DAE7, STM32MP131DAF7, STM32MP131DAG7, STM32MP131FAE7, STM32MP131FAF7, STM32MP131FAG7, STM32MP133AAE3, STM32MP133AAF3, STM32MP133AAG3, STM32MP133CAE3, STM32MP133CAF3, STM32MP133CAG3, STM32MP133DAE7, STM32MP133DAF7, STM32MP133DAG7, STM32MP133FAE7, STM32MP133FAF7, STM32MP133FAG7, STM32MP135AAE3, STM32MP135AAF3, STM32MP135AAG3, STM32MP135CAE3, STM32MP135CAF3, STM32MP135CAG3, STM32MP135DAE7, STM32MP135DAF7, STM32MP135DAG7, STM32MP135F-DK, STM32MP135FAE7, STM32MP135FAF7, STM32MP135FAF7T, STM32MP135FAF7U, STM32MP135FAG7, STM32U535CBT6, STM32U535CBT6Q, STM32U535CBU6, STM32U535CBU6Q, STM32U535CCT6, STM32U535CCT6Q, STM32U535CCU6, STM32U535CCU6Q, STM32U535CET6, STM32U535CET6Q, STM32U535CEU6, STM32U535CEU6Q, STM32U535JEY6QTR, STM32U535NCY6QTR, STM32U535NEY6QTR, STM32U535RBI6, STM32U535RBI6Q, STM32U535RBT6, STM32U535RBT6Q, STM32U535RCI6, STM32U535RCI6Q, STM32U535RCT6, STM32U535RCT6Q, STM32U535REI6, STM32U535REI6Q, STM32U535RET6, STM32U535RET6Q, STM32U535VCI6, STM32U535VCI6Q, STM32U535VCT6, STM32U535VCT6Q, STM32U535VEI6, STM32U535VEI6Q, STM32U535VET6, STM32U535VET6Q, STM32U545CET6, STM32U545CET6Q, STM32U545CEU6, STM32U545CEU6Q, STM32U545JEY6QTR, STM32U545NEY6QTR, STM32U545REI6, STM32U545REI6Q, STM32U545RET6, STM32U545RET6Q, STM32U545VEI6, STM32U545VEI6Q, STM32U545VET6, STM32U545VET6Q, STM32U595AIH6, STM32U595AIH6Q, STM32U595AJH6, STM32U595AJH6Q, STM32U595QII6, STM32U595QII6Q, STM32U595QJI6, STM32U595QJI6Q, STM32U595RIT6, STM32U595RIT6Q, STM32U595RJT6, STM32U595RJT6Q, STM32U595VIT6, STM32U595VIT6Q, STM32U595VJT6, STM32U595VJT6Q, STM32U595ZIT6, STM32U595ZIT6Q, STM32U595ZIY6QTR, STM32U595ZJT6, STM32U595ZJT6Q, STM32U595ZJY6QTR, STM32U599BJY6QTR, STM32U599NIH6Q, STM32U599NJH6Q, STM32U599VIT6Q, STM32U599VJT6, STM32U599VJT6Q, STM32U599ZIT6Q, STM32U599ZIY6QTR, STM32U599ZJT6Q, STM32U599ZJY6QTR, STM32U5A5AJH6, STM32U5A5AJH6Q, STM32U5A5QJI6, STM32U5A5QJI6Q, STM32U5A5RJT6, STM32U5A5RJT6Q, STM32U5A5VJT6, STM32U5A5VJT6Q, STM32U5A5ZJT6, STM32U5A5ZJT6Q, STM32U5A5ZJY6QTR, STM32U5A9BJY6QTR, STM32U5A9J-DK, STM32U5A9NJH6Q, STM32U5A9VJT6Q, STM32U5A9ZJT6Q, STM32U5A9ZJY6QTR, STM32U5F7VIT6, STM32U5F7VIT6Q, STM32U5F7VJT6, STM32U5F7VJT6Q, STM32U5F9BJY6QTR, STM32U5F9NJH6Q, STM32U5F9VIT6Q, STM32U5F9VJT6Q, STM32U5F9ZIJ6QTR, STM32U5F9ZIT6Q, STM32U5F9ZJJ6QTR, STM32U5F9ZJT6Q, STM32U5G7VJT6, STM32U5G7VJT6Q, STM32U5G9BJY6QTR, STM32U5G9J-DK1, STM32U5G9J-DK2, STM32U5G9NJH6Q, STM32U5G9VJT6Q, STM32U5G9ZJJ6QTR, STM32U5G9ZJT6Q, STM32WB1MMCH6, STM32WBA52CEU6, STM32WBA52CEU6T, STM32WBA52CGU6, STM32WBA52CGU6T, STM32WBA52KEU6, STM32WBA52KEU6T, STM32WBA52KGU6, STM32WBA52KGU6T, STM32WL5MOCH6, STM32WL5MOCH6TR]
2026-07-29 18:04:58,371 [INFO] DbMcus:217 - Found 5228 MCUs, 5075 are supported
2026-07-29 18:04:58,371 [INFO] ApiDb:423 - Load user favorites file C:\Users\Admin/.stm32cubeide/favorites.mcus.txt: 4 item(s)
2026-07-29 18:04:58,371 [INFO] ApiDb:427 - User favorites MCUs=[STM32F103C8T6, STM32F405RGT6, STM32F411CEU6, STM32H523CET6]
2026-07-29 18:04:58,371 [INFO] DbMcus:223 - Set 4 / 4 favorites MCUs
2026-07-29 18:04:58,665 [ERROR] TargetSelectorAdapter:267 - Unable to refresh data
2026-07-29 18:04:58,763 [INFO] ApiDb:668 - CubeFinder database Data Model version=2.1
2026-07-29 18:04:58,763 [INFO] ApiDb:669 - CubeFinder database Configuration version=3.0.42
2026-07-29 18:04:58,763 [INFO] ApiDb:670 - CubeFinder database generation date=2026-06-23 (1782213372)
2026-07-29 18:04:58,763 [INFO] ApiDb:671 - CubeFinder database FW Pack versions=[FP-ATR-ASTRA1_V2.0.0, FP-SNS-FLIGHT1_V5.1.0, FP-SNS-MOTENV1_V5.1.0, FP-SNS-MOTENVWB1_V1.5.0, FP-SNS-SMARTAG2_V1.2.0, FP-SNS-STBOX1_V2.1.0, STM32Cube_FW_C0_V1.4.0, STM32Cube_FW_F4_V1.28.3, STM32Cube_FW_F7_V1.17.4, STM32Cube_FW_G0_V1.6.3, STM32Cube_FW_G4_V1.6.2, STM32Cube_FW_H5_V1.7.0, STM32Cube_FW_H7RS_V1.3.0, STM32Cube_FW_H7_V1.13.0, STM32Cube_FW_L0_V1.12.2, STM32Cube_FW_L4_V1.18.2, STM32Cube_FW_L5_V1.6.0, STM32Cube_FW_N6_V1.4.0, STM32Cube_FW_U0_V1.3.0, STM32Cube_FW_U3_V1.4.0, STM32Cube_FW_U5_V1.9.0, STM32Cube_FW_WB0_V1.5.0, STM32Cube_FW_WBA_V1.10.0, STM32Cube_FW_WB_V1.24.0, STM32Cube_FW_WL3_V1.5.0, STM32Cube_FW_WL_V1.6.0, X-CUBE-ALGOBUILD_V1.5.0, X-CUBE-ALS_V1.0.2, X-CUBE-AZRTOS-F4_V1.1.0, X-CUBE-AZRTOS-F7_V1.1.0, X-CUBE-AZRTOS-G0_V1.1.0, X-CUBE-AZRTOS-G4_V2.0.0, X-CUBE-AZRTOS-H7RS_V1.1.0, X-CUBE-AZRTOS-H7_V3.5.0, X-CUBE-AZRTOS-L4_V2.0.0, X-CUBE-AZRTOS-L5_V2.0.0, X-CUBE-AZRTOS-WB_V2.0.0, X-CUBE-AZRTOS-WL_V2.0.0, X-CUBE-BLE1_V7.1.0, X-CUBE-BLE2_V3.3.0, X-CUBE-BLEMGR_V4.1.0, X-CUBE-EEPRMA1_V5.2.0, X-CUBE-FREERTOS_V1.5.0, X-CUBE-GNSS1_V7.1.1, X-CUBE-MEMS1_V12.1.0, X-CUBE-NFC4_V3.0.0, X-CUBE-NFC7_V2.0.0, X-CUBE-SFXS2LP1_V4.0.0, X-CUBE-ST67W61_V1.3.0, X-CUBE-SUBG2_V5.0.0, X-CUBE-TOF1_V3.4.3]
2026-07-29 18:04:58,803 [INFO] DbBoardsSqlite:226 - include board P-NUCLEO-WB55-NUCLEO as a kit item of type 'Nucleo-64'
2026-07-29 18:04:58,803 [INFO] DbBoardsSqlite:226 - include board P-NUCLEO-WB55-USBDONGLE as a kit item of type 'Nucleo USB Dongle'
2026-07-29 18:04:58,803 [INFO] DbBoardsSqlite:226 - include board STEVAL-IDP005V1 as a kit item of type 'Evaluation Board'
2026-07-29 18:04:58,803 [INFO] DbBoardsSqlite:226 - include board STEVAL-IDP005V2 as a kit item of type 'Evaluation Board'
2026-07-29 18:04:58,863 [INFO] ApiDb:240 - Found 323 in-development CPN: [B-G473E-ZEST1S, B-WB1M-WPAN1, B-WL5M-SUBG1, NUCLEO-C031C6, NUCLEO-H503RB, NUCLEO-H563ZI, NUCLEO-U545RE-Q, NUCLEO-U5A5ZJ-Q, NUCLEO-WBA52CG, STEVAL-PROTEUS1, STEVAL-SMARTAG2, STEVAL-STWINBX1, STM320518-EVAL, STM32C0116-DK, STM32C011D6Y3TR, STM32C011D6Y6TR, STM32C011F4P3, STM32C011F4P6, STM32C011F4U3, STM32C011F4U6TR, STM32C011F6P3, STM32C011F6P6, STM32C011F6U3, STM32C011F6U6TR, STM32C011J4M3, STM32C011J4M6, STM32C011J6M3, STM32C011J6M6, STM32C0316-DK, STM32C031C4T3, STM32C031C4T6, STM32C031C4U3, STM32C031C4U6, STM32C031C6T3, STM32C031C6T6, STM32C031C6U3, STM32C031C6U6, STM32C031F4P3, STM32C031F4P6, STM32C031F6P3, STM32C031F6P6, STM32C031G4U3, STM32C031G4U6, STM32C031G6U3, STM32C031G6U6, STM32C031K4T3, STM32C031K4T6, STM32C031K4U3, STM32C031K4U6, STM32C031K6T3, STM32C031K6T6, STM32C031K6U3, STM32C031K6U6, STM32G071K8TXN, STM32G071K8UXN, STM32G081GBU6N, STM32G081KBT6N, STM32G081KBUXN, STM32G0B1CCT6N, STM32G0B1KCT6, STM32G0B1NEY6TR, STM32G0B1RCT6N, STM32G0C1CCT6, STM32G0C1CCT6N, STM32G0C1CCU6N, STM32G0C1CET6N, STM32G0C1CEU6N, STM32G0C1KCT6, STM32G0C1NEY6TR, STM32G0C1RCI6N, STM32G0C1RCT6N, STM32G0C1REI6N, STM32G0C1RET6N, STM32G0C1VCI6, STM32G0C1VEI6, STM32G471CCT6, STM32G471CCU6, STM32G471CET3, STM32G471CET6, STM32G471CEU3, STM32G471CEU6, STM32G471MCT6, STM32G471MET3, STM32G471MET6, STM32G471MEY6TR, STM32G471QCT6, STM32G471QET3, STM32G471RCT6, STM32G471RET3, STM32G471RET6, STM32G471VCH6, STM32G471VCI6, STM32G471VCT6, STM32G471VEH3, STM32G471VEH6, STM32G471VEI3, STM32G471VEI6, STM32G471VET3, STM32G471VET6, STM32G474CCT6, STM32H503CBT6, STM32H503CBU6, STM32H503EBY6TR, STM32H503KBU6, STM32H503RBT6, STM32H562AGI6, STM32H562AII6, STM32H562IGK6, STM32H562IGT6, STM32H562IIK6, STM32H562IIT6, STM32H562RGT6, STM32H562RGV6, STM32H562RIT6, STM32H562RIV6, STM32H562VGT6, STM32H562VIT6, STM32H562ZGT6, STM32H562ZIT6, STM32H563AGI6, STM32H563AII3Q, STM32H563AII6, STM32H563IGK6, STM32H563IGT6, STM32H563IIK3Q, STM32H563IIK6, STM32H563IIT3Q, STM32H563IIT6, STM32H563MIY3QTR, STM32H563RGT6, STM32H563RGV6, STM32H563RIT6, STM32H563RIV6, STM32H563VGT6, STM32H563VIT3Q, STM32H563VIT6, STM32H563ZGT6, STM32H563ZIT3Q, STM32H563ZIT6, STM32H573AII3Q, STM32H573AII6, STM32H573I-DK, STM32H573IIK3Q, STM32H573IIK6, STM32H573IIT3Q, STM32H573IIT6, STM32H573MIY3QTR, STM32H573RIT6, STM32H573RIV6, STM32H573VIT3Q, STM32H573VIT6, STM32H573ZIT3Q, STM32H573ZIT6, STM32L4R5QGI6STR, STM32MP131AAE3, STM32MP131AAF3, STM32MP131AAG3, STM32MP131CAE3, STM32MP131CAF3, STM32MP131CAG3, STM32MP131DAE7, STM32MP131DAF7, STM32MP131DAG7, STM32MP131FAE7, STM32MP131FAF7, STM32MP131FAG7, STM32MP133AAE3, STM32MP133AAF3, STM32MP133AAG3, STM32MP133CAE3, STM32MP133CAF3, STM32MP133CAG3, STM32MP133DAE7, STM32MP133DAF7, STM32MP133DAG7, STM32MP133FAE7, STM32MP133FAF7, STM32MP133FAG7, STM32MP135AAE3, STM32MP135AAF3, STM32MP135AAG3, STM32MP135CAE3, STM32MP135CAF3, STM32MP135CAG3, STM32MP135DAE7, STM32MP135DAF7, STM32MP135DAG7, STM32MP135F-DK, STM32MP135FAE7, STM32MP135FAF7, STM32MP135FAF7T, STM32MP135FAF7U, STM32MP135FAG7, STM32U535CBT6, STM32U535CBT6Q, STM32U535CBU6, STM32U535CBU6Q, STM32U535CCT6, STM32U535CCT6Q, STM32U535CCU6, STM32U535CCU6Q, STM32U535CET6, STM32U535CET6Q, STM32U535CEU6, STM32U535CEU6Q, STM32U535JEY6QTR, STM32U535NCY6QTR, STM32U535NEY6QTR, STM32U535RBI6, STM32U535RBI6Q, STM32U535RBT6, STM32U535RBT6Q, STM32U535RCI6, STM32U535RCI6Q, STM32U535RCT6, STM32U535RCT6Q, STM32U535REI6, STM32U535REI6Q, STM32U535RET6, STM32U535RET6Q, STM32U535VCI6, STM32U535VCI6Q, STM32U535VCT6, STM32U535VCT6Q, STM32U535VEI6, STM32U535VEI6Q, STM32U535VET6, STM32U535VET6Q, STM32U545CET6, STM32U545CET6Q, STM32U545CEU6, STM32U545CEU6Q, STM32U545JEY6QTR, STM32U545NEY6QTR, STM32U545REI6, STM32U545REI6Q, STM32U545RET6, STM32U545RET6Q, STM32U545VEI6, STM32U545VEI6Q, STM32U545VET6, STM32U545VET6Q, STM32U595AIH6, STM32U595AIH6Q, STM32U595AJH6, STM32U595AJH6Q, STM32U595QII6, STM32U595QII6Q, STM32U595QJI6, STM32U595QJI6Q, STM32U595RIT6, STM32U595RIT6Q, STM32U595RJT6, STM32U595RJT6Q, STM32U595VIT6, STM32U595VIT6Q, STM32U595VJT6, STM32U595VJT6Q, STM32U595ZIT6, STM32U595ZIT6Q, STM32U595ZIY6QTR, STM32U595ZJT6, STM32U595ZJT6Q, STM32U595ZJY6QTR, STM32U599BJY6QTR, STM32U599NIH6Q, STM32U599NJH6Q, STM32U599VIT6Q, STM32U599VJT6, STM32U599VJT6Q, STM32U599ZIT6Q, STM32U599ZIY6QTR, STM32U599ZJT6Q, STM32U599ZJY6QTR, STM32U5A5AJH6, STM32U5A5AJH6Q, STM32U5A5QJI6, STM32U5A5QJI6Q, STM32U5A5RJT6, STM32U5A5RJT6Q, STM32U5A5VJT6, STM32U5A5VJT6Q, STM32U5A5ZJT6, STM32U5A5ZJT6Q, STM32U5A5ZJY6QTR, STM32U5A9BJY6QTR, STM32U5A9J-DK, STM32U5A9NJH6Q, STM32U5A9VJT6Q, STM32U5A9ZJT6Q, STM32U5A9ZJY6QTR, STM32U5F7VIT6, STM32U5F7VIT6Q, STM32U5F7VJT6, STM32U5F7VJT6Q, STM32U5F9BJY6QTR, STM32U5F9NJH6Q, STM32U5F9VIT6Q, STM32U5F9VJT6Q, STM32U5F9ZIJ6QTR, STM32U5F9ZIT6Q, STM32U5F9ZJJ6QTR, STM32U5F9ZJT6Q, STM32U5G7VJT6, STM32U5G7VJT6Q, STM32U5G9BJY6QTR, STM32U5G9J-DK1, STM32U5G9J-DK2, STM32U5G9NJH6Q, STM32U5G9VJT6Q, STM32U5G9ZJJ6QTR, STM32U5G9ZJT6Q, STM32WB1MMCH6, STM32WBA52CEU6, STM32WBA52CEU6T, STM32WBA52CGU6, STM32WBA52CGU6T, STM32WBA52KEU6, STM32WBA52KEU6T, STM32WBA52KGU6, STM32WBA52KGU6T, STM32WL5MOCH6, STM32WL5MOCH6TR]
2026-07-29 18:04:58,897 [INFO] BoardInfo:880 - No configuration file found for board B-WBA5M-WPAN
2026-07-29 18:04:58,897 [INFO] DbBoards:157 - Board is not supported: B-WBA5M-WPAN
2026-07-29 18:04:58,900 [INFO] BoardInfo:880 - No configuration file found for board NUCLEO-C051C8
2026-07-29 18:04:58,900 [INFO] DbBoards:157 - Board is not supported: NUCLEO-C051C8
2026-07-29 18:04:58,901 [INFO] BoardInfo:880 - No configuration file found for board NUCLEO-C071RB
2026-07-29 18:04:58,901 [INFO] DbBoards:157 - Board is not supported: NUCLEO-C071RB
2026-07-29 18:04:58,901 [INFO] BoardInfo:880 - No configuration file found for board NUCLEO-C092RC
2026-07-29 18:04:58,902 [INFO] DbBoards:157 - Board is not supported: NUCLEO-C092RC
2026-07-29 18:04:58,927 [INFO] BoardInfo:880 - No configuration file found for board NUCLEO-H533RE
2026-07-29 18:04:58,927 [INFO] DbBoards:157 - Board is not supported: NUCLEO-H533RE
2026-07-29 18:04:58,929 [INFO] BoardInfo:880 - No configuration file found for board NUCLEO-H5E5ZJ
2026-07-29 18:04:58,929 [INFO] DbBoards:157 - Board is not supported: NUCLEO-H5E5ZJ
2026-07-29 18:04:58,935 [INFO] BoardInfo:880 - No configuration file found for board NUCLEO-H7S3L8
2026-07-29 18:04:58,935 [INFO] DbBoards:157 - Board is not supported: NUCLEO-H7S3L8
2026-07-29 18:04:58,949 [INFO] BoardInfo:880 - No configuration file found for board NUCLEO-N657X0-Q
2026-07-29 18:04:58,949 [INFO] DbBoards:157 - Board is not supported: NUCLEO-N657X0-Q
2026-07-29 18:04:58,950 [INFO] BoardInfo:880 - No configuration file found for board NUCLEO-U031R8
2026-07-29 18:04:58,950 [INFO] DbBoards:157 - Board is not supported: NUCLEO-U031R8
2026-07-29 18:04:58,951 [INFO] BoardInfo:880 - No configuration file found for board NUCLEO-U083RC
2026-07-29 18:04:58,951 [INFO] DbBoards:157 - Board is not supported: NUCLEO-U083RC
2026-07-29 18:04:58,952 [INFO] BoardInfo:880 - No configuration file found for board NUCLEO-U385RG-Q
2026-07-29 18:04:58,952 [INFO] DbBoards:157 - Board is not supported: NUCLEO-U385RG-Q
2026-07-29 18:04:58,952 [INFO] BoardInfo:880 - No configuration file found for board NUCLEO-U3C5ZI-Q
2026-07-29 18:04:58,952 [INFO] DbBoards:157 - Board is not supported: NUCLEO-U3C5ZI-Q
2026-07-29 18:04:58,955 [INFO] BoardInfo:880 - No configuration file found for board NUCLEO-WB05KZ
2026-07-29 18:04:58,955 [INFO] DbBoards:157 - Board is not supported: NUCLEO-WB05KZ
2026-07-29 18:04:58,956 [INFO] BoardInfo:880 - No configuration file found for board NUCLEO-WB07CC
2026-07-29 18:04:58,956 [INFO] DbBoards:157 - Board is not supported: NUCLEO-WB07CC
2026-07-29 18:04:58,956 [INFO] BoardInfo:880 - No configuration file found for board NUCLEO-WB09KE
2026-07-29 18:04:58,957 [INFO] DbBoards:157 - Board is not supported: NUCLEO-WB09KE
2026-07-29 18:04:58,959 [INFO] BoardInfo:880 - No configuration file found for board NUCLEO-WBA25CE1
2026-07-29 18:04:58,959 [INFO] DbBoards:157 - Board is not supported: NUCLEO-WBA25CE1
2026-07-29 18:04:58,960 [INFO] BoardInfo:880 - No configuration file found for board NUCLEO-WBA55CG
2026-07-29 18:04:58,960 [INFO] DbBoards:157 - Board is not supported: NUCLEO-WBA55CG
2026-07-29 18:04:58,961 [INFO] BoardInfo:880 - No configuration file found for board NUCLEO-WBA65RI
2026-07-29 18:04:58,961 [INFO] DbBoards:157 - Board is not supported: NUCLEO-WBA65RI
2026-07-29 18:04:58,962 [INFO] BoardInfo:880 - No configuration file found for board NUCLEO-WL33CC1
2026-07-29 18:04:58,962 [INFO] DbBoards:157 - Board is not supported: NUCLEO-WL33CC1
2026-07-29 18:04:58,962 [INFO] BoardInfo:880 - No configuration file found for board NUCLEO-WL33CC2
2026-07-29 18:04:58,962 [INFO] DbBoards:157 - Board is not supported: NUCLEO-WL33CC2
2026-07-29 18:04:58,963 [INFO] BoardInfo:880 - No configuration file found for board NUCLEO-WL3RKB1
2026-07-29 18:04:58,963 [INFO] DbBoards:157 - Board is not supported: NUCLEO-WL3RKB1
2026-07-29 18:04:58,964 [INFO] BoardInfo:880 - No configuration file found for board NUCLEO-WL3RKB2
2026-07-29 18:04:58,964 [INFO] DbBoards:157 - Board is not supported: NUCLEO-WL3RKB2
2026-07-29 18:04:58,968 [INFO] BoardInfo:880 - No configuration file found for board P-NUCLEO-WB55
2026-07-29 18:04:58,968 [INFO] DbBoards:157 - Kit is not supported: P-NUCLEO-WB55
2026-07-29 18:04:58,970 [INFO] BoardInfo:880 - No configuration file found for board STEVAL-BFA001V1B
2026-07-29 18:04:58,970 [INFO] DbBoards:157 - Kit is not supported: STEVAL-BFA001V1B
2026-07-29 18:04:58,971 [INFO] BoardInfo:880 - No configuration file found for board STEVAL-BFA001V2B
2026-07-29 18:04:58,971 [INFO] DbBoards:157 - Kit is not supported: STEVAL-BFA001V2B
2026-07-29 18:04:58,973 [INFO] BoardInfo:880 - No configuration file found for board STEVAL-MKBOXPRO
2026-07-29 18:04:58,973 [INFO] DbBoards:157 - Board is not supported: STEVAL-MKBOXPRO
2026-07-29 18:04:59,015 [INFO] BoardInfo:880 - No configuration file found for board STM32H5F5J-DK
2026-07-29 18:04:59,015 [INFO] DbBoards:157 - Board is not supported: STM32H5F5J-DK
2026-07-29 18:04:59,024 [INFO] BoardInfo:880 - No configuration file found for board STM32H7S78-DK
2026-07-29 18:04:59,024 [INFO] DbBoards:157 - Board is not supported: STM32H7S78-DK
2026-07-29 18:04:59,039 [INFO] BoardInfo:880 - No configuration file found for board STM32MP215F-DK
2026-07-29 18:04:59,039 [INFO] DbBoards:157 - Board is not supported: STM32MP215F-DK
2026-07-29 18:04:59,039 [INFO] BoardInfo:880 - No configuration file found for board STM32MP257F-DK
2026-07-29 18:04:59,039 [INFO] DbBoards:157 - Board is not supported: STM32MP257F-DK
2026-07-29 18:04:59,040 [INFO] BoardInfo:880 - No configuration file found for board STM32MP257F-EV1
2026-07-29 18:04:59,040 [INFO] DbBoards:157 - Board is not supported: STM32MP257F-EV1
2026-07-29 18:04:59,041 [INFO] BoardInfo:880 - No configuration file found for board STM32N6570-DK
2026-07-29 18:04:59,041 [INFO] DbBoards:157 - Board is not supported: STM32N6570-DK
2026-07-29 18:04:59,042 [INFO] BoardInfo:880 - No configuration file found for board STM32U083C-DK
2026-07-29 18:04:59,042 [INFO] DbBoards:157 - Board is not supported: STM32U083C-DK
2026-07-29 18:04:59,047 [INFO] BoardInfo:880 - No configuration file found for board STM32WBA55G-DK1
2026-07-29 18:04:59,047 [INFO] DbBoards:157 - Board is not supported: STM32WBA55G-DK1
2026-07-29 18:04:59,047 [INFO] BoardInfo:880 - No configuration file found for board STM32WBA65I-DK1
2026-07-29 18:04:59,047 [INFO] DbBoards:157 - Board is not supported: STM32WBA65I-DK1
2026-07-29 18:04:59,048 [INFO] DbBoards:161 - Found 218 boards, 183 are supported
2026-07-29 18:04:59,051 [INFO] ApiDb:423 - Load user favorites file C:\Users\Admin/.stm32cubeide/favorites.boards.txt: 0 item(s)
2026-07-29 18:04:59,051 [INFO] ApiDb:427 - User favorites Boards=[]
2026-07-29 18:04:59,051 [INFO] DbBoards:190 - Set 0 / 0 favorites Boards
2026-07-29 18:04:59,051 [INFO] McuFinderGlobals:76 - Set McuFinderConnectedMode to true
2026-07-29 18:04:59,057 [INFO] MultiScanPanel:200 - Auto-refresh data requested => check proxy status ongoing
2026-07-29 18:04:59,059 [INFO] FinderPluginLoader:95 - Searching for filters in installed packs
2026-07-29 18:05:00,134 [INFO] LoadUrlFilesThread:185 - End of LoadServerUrlFiles without Thread
2026-07-29 18:05:00,152 [INFO] DetailPanel:341 - Set advertising image to C:/Users/Admin/STM32Cube/Repository/\en.stm32h5cubemxbanner.png
2026-07-29 18:07:12,204 [INFO] MainUpdater:2868 - connection check result : 10
2026-07-29 18:07:12,204 [INFO] MainUpdater:2868 - connection check result : 10
2026-07-29 18:07:12,272 [INFO] MicroXplorer:468 - Change Database Path : 
2026-07-29 18:07:12,272 [INFO] MicroXplorer:498 - Change Database Version : DB.6.0.91
2026-07-29 18:07:12,286 [WARN] ThirdParty:871 - waiting for thirdparty lock release [close project]
2026-07-29 18:07:12,286 [INFO] ThirdParty:873 - entering critical section [close project]
2026-07-29 18:07:12,286 [INFO] ThirdParty:883 - exiting critical section [close project]
2026-07-29 18:07:12,287 [INFO] PinOutPanel:1499 - setPackage(No Configuration,No Configuration)
2026-07-29 18:07:12,292 [WARN] IpParametersView:151 - Warning: This peripheral hasn't parameters
2026-07-29 18:07:12,295 [WARN] MainPanel:272 - <html><b><center>Warning: This peripheral has no parameters to be configured<br></b></html>
2026-07-29 18:07:12,299 [INFO] UtilMem:75 - Begin LoadConfig() Used Memory: 720887288 Bytes (1047527424)
2026-07-29 18:07:12,299 [INFO] MicroXplorer:468 - Change Database Path : 
2026-07-29 18:07:12,299 [INFO] MicroXplorer:498 - Change Database Version : DB.6.0.91
2026-07-29 18:07:12,299 [INFO] OpenFileManager:308 - Change cursor
2026-07-29 18:07:12,309 [INFO] RulesReader:64 - Compatibility file has been processed (293 Rules)
2026-07-29 18:07:12,376 [INFO] Mcu:1946 - Initializing MCU STM32F411CEUx STM32F411CEUx STM32F411CEU6
2026-07-29 18:07:12,842 [INFO] Context:659 - Trying to add GPIOservice into a context  which must be forbidden
2026-07-29 18:07:12,986 [INFO] ImportTextPane:194 - (OptionalMessage_ERROR) Unable to find key (Mcu.ThirdPartyNb) in loaded IOC file
2026-07-29 18:07:12,986 [INFO] ImportTextPane:194 - (OptionalMessage_ERROR) Unable to find key (Mcu.PinsNb) in loaded IOC file
2026-07-29 18:07:12,986 [INFO] ImportTextPane:194 - (OptionalMessage_ERROR) Unable to find key (Mcu.IPNb) in loaded IOC file
2026-07-29 18:07:13,001 [INFO] RtosManager:555 - Registered RTOS mode: class=CMSIS, group=RTOS, mode=CMSIS_V1, owner=FREERTOS
2026-07-29 18:07:13,001 [INFO] RtosManager:555 - Registered RTOS mode: class=CMSIS, group=RTOS2, mode=CMSIS_V2, owner=FREERTOS
2026-07-29 18:07:13,001 [INFO] RtosManager:555 - Registered RTOS mode: class=RTOS, group=Core, mode=CMSIS_V1, owner=FREERTOS
2026-07-29 18:07:13,001 [INFO] RtosManager:555 - Registered RTOS mode: class=RTOS, group=Core, mode=CMSIS_V2, owner=FREERTOS
2026-07-29 18:07:13,001 [WARN] ModelIntegratedComponent:184 - Missing modes for component STMicroelectronics:FreeRTOS:0.0.1:STMicroelectronics:RTOS:FreeRTOS:Core:::10.2.0:
2026-07-29 18:07:13,039 [WARN] ModelIntegratedComponent:182 - Modes not found for component STMicroelectronics:USB_HOST:1.0.0:STMicroelectronics:USB::USB Host:Audio HS::1.0:USB_HOST_1_0_RESTRICTED_HS
2026-07-29 18:07:13,039 [WARN] ModelIntegratedComponent:188 - Modes not found for component STMicroelectronics:USB_HOST:1.0.0:STMicroelectronics:USB::USB Host:Audio HS::1.0:USB_HOST_1_0_RESTRICTED_HS
2026-07-29 18:07:13,039 [WARN] ModelIntegratedComponent:182 - Modes not found for component STMicroelectronics:USB_HOST:1.0.0:STMicroelectronics:USB::USB Host:CDC HS::1.0:USB_HOST_1_0_RESTRICTED_HS
2026-07-29 18:07:13,039 [WARN] ModelIntegratedComponent:188 - Modes not found for component STMicroelectronics:USB_HOST:1.0.0:STMicroelectronics:USB::USB Host:CDC HS::1.0:USB_HOST_1_0_RESTRICTED_HS
2026-07-29 18:07:13,039 [WARN] ModelIntegratedComponent:182 - Modes not found for component STMicroelectronics:USB_HOST:1.0.0:STMicroelectronics:USB::USB Host:MSC HS::1.0:USB_HOST_1_0_RESTRICTED_HS
2026-07-29 18:07:13,039 [WARN] ModelIntegratedComponent:188 - Modes not found for component STMicroelectronics:USB_HOST:1.0.0:STMicroelectronics:USB::USB Host:MSC HS::1.0:USB_HOST_1_0_RESTRICTED_HS
2026-07-29 18:07:13,039 [WARN] ModelIntegratedComponent:182 - Modes not found for component STMicroelectronics:USB_HOST:1.0.0:STMicroelectronics:USB::USB Host:HID HS::1.0:USB_HOST_1_0_RESTRICTED_HS
2026-07-29 18:07:13,039 [WARN] ModelIntegratedComponent:188 - Modes not found for component STMicroelectronics:USB_HOST:1.0.0:STMicroelectronics:USB::USB Host:HID HS::1.0:USB_HOST_1_0_RESTRICTED_HS
2026-07-29 18:07:13,039 [WARN] ModelIntegratedComponent:182 - Modes not found for component STMicroelectronics:USB_HOST:1.0.0:STMicroelectronics:USB::USB Host:MTP HS::1.0:USB_HOST_1_0_RESTRICTED_HS
2026-07-29 18:07:13,039 [WARN] ModelIntegratedComponent:188 - Modes not found for component STMicroelectronics:USB_HOST:1.0.0:STMicroelectronics:USB::USB Host:MTP HS::1.0:USB_HOST_1_0_RESTRICTED_HS
2026-07-29 18:07:13,041 [WARN] ModelIntegratedComponent:63 - No mode defined for component null
2026-07-29 18:07:13,041 [WARN] ModelIntegratedComponent:63 - No mode defined for component null
2026-07-29 18:07:13,041 [WARN] ModelIntegratedComponent:63 - No mode defined for component null
2026-07-29 18:07:13,041 [WARN] ModelIntegratedComponent:63 - No mode defined for component null
2026-07-29 18:07:13,041 [WARN] ModelIntegratedComponent:63 - No mode defined for component null
2026-07-29 18:07:13,041 [WARN] ModelIntegratedComponent:63 - No mode defined for component null
2026-07-29 18:07:13,041 [WARN] ModelIntegratedComponent:63 - No mode defined for component null
2026-07-29 18:07:13,041 [WARN] ModelIntegratedComponent:63 - No mode defined for component null
2026-07-29 18:07:13,041 [WARN] ModelIntegratedComponent:63 - No mode defined for component null
2026-07-29 18:07:13,041 [WARN] ModelIntegratedComponent:63 - No mode defined for component null
2026-07-29 18:07:13,041 [WARN] ModelIntegratedComponent:63 - No mode defined for component null
2026-07-29 18:07:13,041 [WARN] ModelIntegratedComponent:63 - No mode defined for component null
2026-07-29 18:07:13,041 [WARN] ModelIntegratedComponent:63 - No mode defined for component null
2026-07-29 18:07:13,041 [WARN] ModelIntegratedComponent:63 - No mode defined for component null
2026-07-29 18:07:13,041 [WARN] ModelIntegratedComponent:63 - No mode defined for component null
2026-07-29 18:07:13,041 [WARN] ModelIntegratedComponent:63 - No mode defined for component null
2026-07-29 18:07:13,041 [WARN] ModelIntegratedComponent:63 - No mode defined for component null
2026-07-29 18:07:13,041 [WARN] ModelIntegratedComponent:63 - No mode defined for component null
2026-07-29 18:07:13,041 [WARN] ModelIntegratedComponent:63 - No mode defined for component null
2026-07-29 18:07:13,041 [WARN] ModelIntegratedComponent:63 - No mode defined for component null
2026-07-29 18:07:13,042 [WARN] ModelIntegratedComponent:63 - No mode defined for component null
2026-07-29 18:07:13,042 [WARN] ModelIntegratedComponent:63 - No mode defined for component null
2026-07-29 18:07:13,042 [WARN] ModelIntegratedComponent:63 - No mode defined for component null
2026-07-29 18:07:13,042 [WARN] ModelIntegratedComponent:63 - No mode defined for component null
2026-07-29 18:07:13,042 [WARN] ModelIntegratedComponent:63 - No mode defined for component null
2026-07-29 18:07:13,042 [WARN] ModelIntegratedComponent:63 - No mode defined for component null
2026-07-29 18:07:13,042 [WARN] ModelIntegratedComponent:63 - No mode defined for component null
2026-07-29 18:07:13,042 [WARN] ModelIntegratedComponent:63 - No mode defined for component null
2026-07-29 18:07:13,042 [WARN] ModelIntegratedComponent:63 - No mode defined for component null
2026-07-29 18:07:13,042 [WARN] ModelIntegratedComponent:63 - No mode defined for component null
2026-07-29 18:07:13,042 [WARN] ModelIntegratedComponent:63 - No mode defined for component null
2026-07-29 18:07:13,042 [WARN] ModelIntegratedComponent:63 - No mode defined for component null
2026-07-29 18:07:13,042 [WARN] ModelIntegratedComponent:63 - No mode defined for component null
2026-07-29 18:07:13,075 [WARN] ModelIntegratedComponent:182 - Modes not found for component STMicroelectronics:USB_DEVICE:1.0.0:STMicroelectronics:USB::USB Device:Audio HS::1.0:USB_DEVICE_1_0_RESTRICTED_HS
2026-07-29 18:07:13,075 [WARN] ModelIntegratedComponent:188 - Modes not found for component STMicroelectronics:USB_DEVICE:1.0.0:STMicroelectronics:USB::USB Device:Audio HS::1.0:USB_DEVICE_1_0_RESTRICTED_HS
2026-07-29 18:07:13,075 [WARN] ModelIntegratedComponent:182 - Modes not found for component STMicroelectronics:USB_DEVICE:1.0.0:STMicroelectronics:USB::USB Device:CDC HS::1.0:USB_DEVICE_1_0_RESTRICTED_HS
2026-07-29 18:07:13,075 [WARN] ModelIntegratedComponent:188 - Modes not found for component STMicroelectronics:USB_DEVICE:1.0.0:STMicroelectronics:USB::USB Device:CDC HS::1.0:USB_DEVICE_1_0_RESTRICTED_HS
2026-07-29 18:07:13,075 [WARN] ModelIntegratedComponent:182 - Modes not found for component STMicroelectronics:USB_DEVICE:1.0.0:STMicroelectronics:USB::USB Device:DFU HS::1.0:USB_DEVICE_1_0_RESTRICTED_HS
2026-07-29 18:07:13,075 [WARN] ModelIntegratedComponent:188 - Modes not found for component STMicroelectronics:USB_DEVICE:1.0.0:STMicroelectronics:USB::USB Device:DFU HS::1.0:USB_DEVICE_1_0_RESTRICTED_HS
2026-07-29 18:07:13,075 [WARN] ModelIntegratedComponent:182 - Modes not found for component STMicroelectronics:USB_DEVICE:1.0.0:STMicroelectronics:USB::USB Device:HID HS::1.0:USB_DEVICE_1_0_RESTRICTED_HS
2026-07-29 18:07:13,075 [WARN] ModelIntegratedComponent:188 - Modes not found for component STMicroelectronics:USB_DEVICE:1.0.0:STMicroelectronics:USB::USB Device:HID HS::1.0:USB_DEVICE_1_0_RESTRICTED_HS
2026-07-29 18:07:13,075 [WARN] ModelIntegratedComponent:182 - Modes not found for component STMicroelectronics:USB_DEVICE:1.0.0:STMicroelectronics:USB::USB Device:Custom HID HS::1.0:USB_DEVICE_1_0_RESTRICTED_HS
2026-07-29 18:07:13,075 [WARN] ModelIntegratedComponent:188 - Modes not found for component STMicroelectronics:USB_DEVICE:1.0.0:STMicroelectronics:USB::USB Device:Custom HID HS::1.0:USB_DEVICE_1_0_RESTRICTED_HS
2026-07-29 18:07:13,075 [WARN] ModelIntegratedComponent:182 - Modes not found for component STMicroelectronics:USB_DEVICE:1.0.0:STMicroelectronics:USB::USB Device:MSC HS::1.0:USB_DEVICE_1_0_RESTRICTED_HS
2026-07-29 18:07:13,075 [WARN] ModelIntegratedComponent:188 - Modes not found for component STMicroelectronics:USB_DEVICE:1.0.0:STMicroelectronics:USB::USB Device:MSC HS::1.0:USB_DEVICE_1_0_RESTRICTED_HS
2026-07-29 18:07:13,080 [INFO] ThirdPartyModel:298 - Start build external matchings
2026-07-29 18:07:13,248 [INFO] ThirdPartyModel:316 - End build external matchings
2026-07-29 18:07:13,410 [INFO] UtilMem:75 - End LoadConfig() Used Memory: 580407560 Bytes (1047527424)
2026-07-29 18:07:13,434 [WARN] ThirdParty:833 - waiting for thirdparty lock release [change project]
2026-07-29 18:07:13,435 [INFO] ThirdParty:835 - entering critical section [change project]
2026-07-29 18:07:13,435 [INFO] ThirdParty:1030 - CMSIS Pack Vendor :STMicroelectronics USBPD 4.1
2026-07-29 18:07:13,435 [INFO] ThirdParty:1030 - CMSIS Pack Vendor :STMicroelectronics USB_HOST 2.0.0
2026-07-29 18:07:13,435 [INFO] ThirdParty:1030 - CMSIS Pack Vendor :STMicroelectronics FP-ATR-ASTRA1 2.0.3
2026-07-29 18:07:13,435 [INFO] ThirdParty:1030 - CMSIS Pack Vendor :STMicroelectronics X-CUBE-AZRTOS-F4 1.1.0
2026-07-29 18:07:13,435 [INFO] ThirdParty:1030 - CMSIS Pack Vendor :STMicroelectronics LIBJPEG 8.0.0
2026-07-29 18:07:13,435 [INFO] ThirdParty:1030 - CMSIS Pack Vendor :STMicroelectronics FP-ATR-ASTRA1 2.0.2
2026-07-29 18:07:13,435 [INFO] ThirdParty:1030 - CMSIS Pack Vendor :STMicroelectronics X-CUBE-SMBUS 2.1.0
2026-07-29 18:07:13,435 [INFO] ThirdParty:1030 - CMSIS Pack Vendor :wolfSSL I-CUBE-wolfMQTT 1.19.2
2026-07-29 18:07:13,435 [INFO] ThirdParty:1030 - CMSIS Pack Vendor :STMicroelectronics USB_DEVICE 3.0.0
2026-07-29 18:07:13,435 [INFO] ThirdParty:1030 - CMSIS Pack Vendor :STMicroelectronics X-CUBE-AZRTOS-F7 1.1.0
2026-07-29 18:07:13,435 [INFO] ThirdParty:1030 - CMSIS Pack Vendor :STMicroelectronics USB_DEVICE 2.0.0
2026-07-29 18:07:13,435 [INFO] ThirdParty:1030 - CMSIS Pack Vendor :STMicroelectronics X-CUBE-ALGOBUILD 1.5.0
2026-07-29 18:07:13,435 [INFO] ThirdParty:1030 - CMSIS Pack Vendor :STMicroelectronics FreeRTOS 0.0.1
2026-07-29 18:07:13,435 [INFO] ThirdParty:1030 - CMSIS Pack Vendor :STMicroelectronics X-CUBE-AZRTOS-H7RS 1.3.0
2026-07-29 18:07:13,435 [INFO] ThirdParty:1030 - CMSIS Pack Vendor :STMicroelectronics X-CUBE-AZRTOS-G0 1.1.0
2026-07-29 18:07:13,435 [INFO] ThirdParty:1030 - CMSIS Pack Vendor :STMicroelectronics X-CUBE-NFC4 3.0.0
2026-07-29 18:07:13,435 [INFO] ThirdParty:1030 - CMSIS Pack Vendor :STMicroelectronics X-CUBE-SUBG2 5.0.0
2026-07-29 18:07:13,435 [INFO] ThirdParty:1030 - CMSIS Pack Vendor :STMicroelectronics STM32_WPAN 1.0.0
2026-07-29 18:07:13,435 [INFO] ThirdParty:1030 - CMSIS Pack Vendor :STMicroelectronics lwIP 2.0.3
2026-07-29 18:07:13,435 [INFO] ThirdParty:1030 - CMSIS Pack Vendor :STMicroelectronics X-CUBE-MEMS1 13.0.0
2026-07-29 18:07:13,435 [INFO] ThirdParty:1030 - CMSIS Pack Vendor :STMicroelectronics USB_HOST 1.0.0
2026-07-29 18:07:13,435 [INFO] ThirdParty:1030 - CMSIS Pack Vendor :STMicroelectronics X-CUBE-AZRTOS-G4 2.0.0
2026-07-29 18:07:13,435 [INFO] ThirdParty:1030 - CMSIS Pack Vendor :STMicroelectronics PDM2PCM 3.1.0
2026-07-29 18:07:13,435 [INFO] ThirdParty:1030 - CMSIS Pack Vendor :STMicroelectronics PDM2PCM 3.3.0
2026-07-29 18:07:13,435 [INFO] ThirdParty:1030 - CMSIS Pack Vendor :wolfSSL I-CUBE-wolfTPM 3.8.0
2026-07-29 18:07:13,435 [INFO] ThirdParty:1030 - CMSIS Pack Vendor :STMicroelectronics X-CUBE-DISPLAY 3.0.0
2026-07-29 18:07:13,435 [INFO] ThirdParty:1030 - CMSIS Pack Vendor :wolfSSL I-CUBE-wolfSSH 1.4.20
2026-07-29 18:07:13,435 [INFO] ThirdParty:1030 - CMSIS Pack Vendor :wolfSSL I-CUBE-wolfSSL 5.9.1
2026-07-29 18:07:13,435 [INFO] ThirdParty:1030 - CMSIS Pack Vendor :STMicroelectronics FP-ATR-SIGFOX1 3.2.0
2026-07-29 18:07:13,435 [INFO] ThirdParty:1030 - CMSIS Pack Vendor :STMicroelectronics HAL Drivers 0.0.0
2026-07-29 18:07:13,435 [INFO] ThirdParty:1030 - CMSIS Pack Vendor :STMicroelectronics MBEDTLS 2.16.2
2026-07-29 18:07:13,435 [INFO] ThirdParty:1030 - CMSIS Pack Vendor :emotas I-CUBE-CANOPEN 1.3.0
2026-07-29 18:07:13,435 [INFO] ThirdParty:1030 - CMSIS Pack Vendor :STMicroelectronics MBEDTLS 2.14.1
2026-07-29 18:07:13,435 [INFO] ThirdParty:1030 - CMSIS Pack Vendor :ITTIA_DB I-CUBE-ITTIADB 8.9.0
2026-07-29 18:07:13,435 [INFO] ThirdParty:1030 - CMSIS Pack Vendor :STMicroelectronics X-CUBE-TOUCHGFX 4.26.1
2026-07-29 18:07:13,435 [INFO] ThirdParty:1030 - CMSIS Pack Vendor :STMicroelectronics X-CUBE-AI 10.2.1
2026-07-29 18:07:13,435 [INFO] ThirdParty:1030 - CMSIS Pack Vendor :STMicroelectronics ThreadX 1.0.0
2026-07-29 18:07:13,435 [INFO] ThirdParty:1030 - CMSIS Pack Vendor :STMicroelectronics X-CUBE-MEMS1 12.1.0
2026-07-29 18:07:13,435 [INFO] ThirdParty:1030 - CMSIS Pack Vendor :STMicroelectronics X-CUBE-AZRTOS-WL 2.0.0
2026-07-29 18:07:13,435 [INFO] ThirdParty:1030 - CMSIS Pack Vendor :SEGGER I-CUBE-embOS 1.3.1
2026-07-29 18:07:13,435 [INFO] ThirdParty:1030 - CMSIS Pack Vendor :STMicroelectronics X-CUBE-ALGOBUILD 1.4.0
2026-07-29 18:07:13,435 [INFO] ThirdParty:1030 - CMSIS Pack Vendor :STMicroelectronics USB_DEVICE 1.0.0
2026-07-29 18:07:13,435 [INFO] ThirdParty:1030 - CMSIS Pack Vendor :STMicroelectronics X-CUBE-AZRTOS-H7RS 1.2.0
2026-07-29 18:07:13,435 [INFO] ThirdParty:1030 - CMSIS Pack Vendor :STMicroelectronics X-CUBE-AZRTOS-L4 2.0.0
2026-07-29 18:07:13,435 [INFO] ThirdParty:1030 - CMSIS Pack Vendor :STMicroelectronics ThreadX 0.0.2
2026-07-29 18:07:13,435 [INFO] ThirdParty:1030 - CMSIS Pack Vendor :STMicroelectronics lwIP 2.1.2
2026-07-29 18:07:13,435 [INFO] ThirdParty:1030 - CMSIS Pack Vendor :STMicroelectronics X-CUBE-SFXS2LP1 4.0.0
2026-07-29 18:07:13,435 [INFO] ThirdParty:1030 - CMSIS Pack Vendor :STMicroelectronics X-CUBE-BLE2 3.3.0
2026-07-29 18:07:13,435 [INFO] ThirdParty:1030 - CMSIS Pack Vendor :STMicroelectronics X-CUBE-NFC13 1.0.0
2026-07-29 18:07:13,435 [INFO] ThirdParty:1030 - CMSIS Pack Vendor :STMicroelectronics PDM2PCM 3.2.0
2026-07-29 18:07:13,435 [INFO] ThirdParty:841 - exiting critical section [change project]
2026-07-29 18:07:13,518 [INFO] PinOutPanel:1499 - setPackage(No Configuration,No Configuration)
2026-07-29 18:07:13,519 [INFO] PinOutPanel:1499 - setPackage(STM32F411CEUx,UFQFPN48)
2026-07-29 18:07:13,652 [INFO] UtilMem:75 - Before build in PCC Used Memory: 361088976 Bytes (1047527424)
2026-07-29 18:07:13,804 [INFO] UtilMem:75 - After build in PCC Used Memory: 403558352 Bytes (1047527424)
2026-07-29 18:07:13,818 [INFO] IPUIPlugin:80 - create IPUIPlugin
2026-07-29 18:07:13,819 [INFO] IPUIPlugin:80 - create IPUIPlugin
2026-07-29 18:07:13,819 [INFO] IPUIPlugin:80 - create IPUIPlugin
2026-07-29 18:07:13,819 [INFO] IPUIPlugin:80 - create IPUIPlugin
2026-07-29 18:07:13,819 [INFO] IPUIPlugin:80 - create IPUIPlugin
2026-07-29 18:07:13,820 [INFO] IPUIPlugin:80 - create IPUIPlugin
2026-07-29 18:07:13,820 [INFO] IPUIPlugin:80 - create IPUIPlugin
2026-07-29 18:07:13,820 [INFO] IPUIPlugin:80 - create IPUIPlugin
2026-07-29 18:07:13,820 [INFO] IPUIPlugin:80 - create IPUIPlugin
2026-07-29 18:07:13,820 [INFO] IPUIPlugin:80 - create IPUIPlugin
2026-07-29 18:07:13,820 [INFO] IPUIPlugin:80 - create IPUIPlugin
2026-07-29 18:07:13,820 [INFO] IPUIPlugin:80 - create IPUIPlugin
2026-07-29 18:07:13,820 [INFO] IPUIPlugin:80 - create IPUIPlugin
2026-07-29 18:07:13,820 [INFO] IPUIPlugin:80 - create IPUIPlugin
2026-07-29 18:07:13,820 [INFO] IPUIPlugin:80 - create IPUIPlugin
2026-07-29 18:07:13,821 [INFO] IPUIPlugin:80 - create IPUIPlugin
2026-07-29 18:07:13,821 [INFO] IPUIPlugin:80 - create IPUIPlugin
2026-07-29 18:07:13,821 [INFO] IPUIPlugin:80 - create IPUIPlugin
2026-07-29 18:07:13,821 [INFO] IPUIPlugin:80 - create IPUIPlugin
2026-07-29 18:07:13,821 [INFO] IPUIPlugin:80 - create IPUIPlugin
2026-07-29 18:07:13,822 [INFO] IPUIPlugin:80 - create IPUIPlugin
2026-07-29 18:07:13,822 [INFO] IPUIPlugin:80 - create IPUIPlugin
2026-07-29 18:07:13,822 [INFO] IPUIPlugin:80 - create IPUIPlugin
2026-07-29 18:07:13,822 [INFO] IPUIPlugin:80 - create IPUIPlugin
2026-07-29 18:07:13,822 [INFO] IPUIPlugin:80 - create IPUIPlugin
2026-07-29 18:07:13,823 [INFO] IPUIPlugin:80 - create IPUIPlugin
2026-07-29 18:07:13,823 [INFO] IPUIPlugin:80 - create IPUIPlugin
2026-07-29 18:07:13,823 [INFO] IPUIPlugin:80 - create IPUIPlugin
2026-07-29 18:07:13,823 [INFO] IPUIPlugin:80 - create IPUIPlugin
2026-07-29 18:07:13,823 [INFO] IPUIPlugin:80 - create IPUIPlugin
2026-07-29 18:07:13,823 [INFO] IPUIPlugin:80 - create IPUIPlugin
2026-07-29 18:07:13,823 [INFO] IPUIPlugin:80 - create IPUIPlugin
2026-07-29 18:07:13,824 [INFO] IPUIPlugin:80 - create IPUIPlugin
2026-07-29 18:07:13,824 [INFO] IPUIPlugin:80 - create IPUIPlugin
2026-07-29 18:07:13,824 [INFO] IPUIPlugin:80 - create IPUIPlugin
2026-07-29 18:07:13,824 [INFO] IPUIPlugin:80 - create IPUIPlugin
2026-07-29 18:07:13,824 [INFO] IPUIPlugin:80 - create IPUIPlugin
2026-07-29 18:07:13,824 [INFO] IPUIPlugin:80 - create IPUIPlugin
2026-07-29 18:07:13,824 [INFO] IPUIPlugin:80 - create IPUIPlugin
2026-07-29 18:07:13,825 [INFO] IPUIPlugin:80 - create IPUIPlugin
2026-07-29 18:07:13,825 [INFO] IPUIPlugin:80 - create IPUIPlugin
2026-07-29 18:07:13,825 [INFO] IPUIPlugin:80 - create IPUIPlugin
2026-07-29 18:07:13,825 [INFO] IPUIPlugin:80 - create IPUIPlugin
2026-07-29 18:07:13,828 [INFO] ApiDbMcu:507 - Load IP Config File for PDM2PCM
2026-07-29 18:07:13,843 [INFO] CADModel:165 - CPN selected for project levelSTM32F411CEU6
2026-07-29 18:07:13,843 [INFO] CADModel:114 - Register for checkConnection events
2026-07-29 18:07:13,887 [INFO] OpenFileManager:328 - Restore cursor
2026-07-29 18:07:14,098 [INFO] UtilMem:75 - End SaveConfig() Used Memory: 477225864 Bytes (1047527424)
2026-07-29 18:07:14,129 [INFO] UtilMem:75 - End SaveConfig() Used Memory: 494784464 Bytes (1047527424)
2026-07-29 18:07:14,217 [INFO] BlockDiagram:2759 - set Specific Code input for plugin: RCC
2026-07-29 18:07:14,217 [INFO] BlockDiagram:2759 - set Specific Code input for plugin: NVIC
2026-07-29 18:07:14,218 [INFO] CodeGenerator:799 - code generatio: config db path: C:\ST\STM32CubeIDE_1.13.1\STM32CubeIDE\plugins\com.st.stm32cube.common.mx_6.9.1.202307191849\\db\
2026-07-29 18:07:14,285 [INFO] CodeEngine:255 - oldGeneratedFile, C:\Users\Admin\Documents\GitHub\Drone-RTOS\Source\004HC\MXTmpFiles\license.tmp_save
2026-07-29 18:07:14,337 [INFO] CodeEngine:279 - Generated code: C:\Users\Admin\Documents\GitHub\Drone-RTOS\Source\004HC\MXTmpFiles\license.tmp
2026-07-29 18:07:14,343 [INFO] CodeEngine:255 - oldGeneratedFile, C:\Users\Admin\Documents\GitHub\Drone-RTOS\Source\004HC\Core\Src\stm32f4xx_it.c_save
2026-07-29 18:07:14,431 [INFO] CodeEngine:279 - Generated code: C:\Users\Admin\Documents\GitHub\Drone-RTOS\Source\004HC\Core\Src\stm32f4xx_it.c
2026-07-29 18:07:14,433 [INFO] CodeEngine:255 - oldGeneratedFile, C:\Users\Admin\Documents\GitHub\Drone-RTOS\Source\004HC\Core\Inc\stm32f4xx_it.h_save
2026-07-29 18:07:14,476 [INFO] CodeEngine:279 - Generated code: C:\Users\Admin\Documents\GitHub\Drone-RTOS\Source\004HC\Core\Inc\stm32f4xx_it.h
2026-07-29 18:07:14,492 [INFO] CodeEngine:255 - oldGeneratedFile, C:\Users\Admin\Documents\GitHub\Drone-RTOS\Source\004HC\Core\Src\stm32f4xx_hal_msp.c_save
2026-07-29 18:07:14,551 [INFO] CodeEngine:279 - Generated code: C:\Users\Admin\Documents\GitHub\Drone-RTOS\Source\004HC\Core\Src\stm32f4xx_hal_msp.c
2026-07-29 18:07:14,553 [INFO] CodeEngine:255 - oldGeneratedFile, C:\Users\Admin\Documents\GitHub\Drone-RTOS\Source\004HC\MXTmpFiles\system.tmp_save
2026-07-29 18:07:14,593 [INFO] CodeEngine:279 - Generated code: C:\Users\Admin\Documents\GitHub\Drone-RTOS\Source\004HC\MXTmpFiles\system.tmp
2026-07-29 18:07:14,598 [INFO] CodeEngine:311 - oldGeneratedFile, C:\Users\Admin\Documents\GitHub\Drone-RTOS\Source\004HC\Core\Inc\stm32f4xx_hal_conf.h_save
2026-07-29 18:07:14,656 [INFO] CodeEngine:335 - Generated code: C:\Users\Admin\Documents\GitHub\Drone-RTOS\Source\004HC\Core\Inc\stm32f4xx_hal_conf.h
2026-07-29 18:07:14,668 [INFO] CodeEngine:255 - oldGeneratedFile, C:\Users\Admin\Documents\GitHub\Drone-RTOS\Source\004HC\Core\Inc\main.h_save
2026-07-29 18:07:14,721 [INFO] CodeEngine:279 - Generated code: C:\Users\Admin\Documents\GitHub\Drone-RTOS\Source\004HC\Core\Inc\main.h
2026-07-29 18:07:14,724 [INFO] CodeEngine:255 - oldGeneratedFile, C:\Users\Admin\Documents\GitHub\Drone-RTOS\Source\004HC\Core\Src\main.c_save
2026-07-29 18:07:14,785 [INFO] CodeEngine:279 - Generated code: C:\Users\Admin\Documents\GitHub\Drone-RTOS\Source\004HC\Core\Src\main.c
2026-07-29 18:07:15,180 [INFO] ProjectBuilder:3064 - Time for Copy HAL[1] : 81mS.
2026-07-29 18:07:15,182 [INFO] ProjectBuilder:4404 - Project Generator version: 4.1.0
2026-07-29 18:07:15,291 [INFO] ConfigFileManager:1457 - The Die is : DIE431
2026-07-29 18:07:15,292 [INFO] ApiDbMcu:507 - Load IP Config File for FATFS
2026-07-29 18:07:15,295 [INFO] ApiDbMcu:507 - Load IP Config File for FREERTOS
2026-07-29 18:07:15,296 [INFO] ApiDbMcu:507 - Load IP Config File for LIBJPEG
2026-07-29 18:07:15,299 [INFO] ApiDbMcu:507 - Load IP Config File for MBEDTLS
2026-07-29 18:07:15,303 [INFO] ApiDbMcu:507 - Load IP Config File for USB_DEVICE
2026-07-29 18:07:15,305 [INFO] ApiDbMcu:507 - Load IP Config File for USB_HOST
2026-07-29 18:07:16,701 [INFO] ProjectBuilder:4626 - Time for Generating toolchain IDE Files: 1519mS.
2026-07-29 18:07:16,702 [INFO] ProjectBuilder:2935 - Time for Copy CMSIS : 0mS.
2026-07-29 18:07:16,704 [INFO] ProjectBuilder:2935 - Time for Copy CMSIS : 0mS.
2026-07-29 18:07:17,997 [INFO] McuFinderGlobals:76 - Set McuFinderConnectedMode to true
2026-07-29 18:07:18,004 [INFO] ApiDb:448 - Save user favorites file C:\Users\Admin/.stm32cubeide/favorites.mcus.txt: 4 item(s)
2026-07-29 18:07:18,004 [INFO] ApiDb:452 - User favorites MCUs=[STM32F103C8T6, STM32F405RGT6, STM32F411CEU6, STM32H523CET6]
2026-07-29 18:08:40,269 [INFO] Activator:176 - 


2026-07-29 18:08:40,270 [INFO] Activator:177 - !SESSION log4j initialized
2026-07-29 18:08:43,797 [INFO] LogOutputStream:77 - [STDOUT_REDIRECT] 
2026-07-29 18:08:44,412 [INFO] ApplicationProperties:184 - Using Application install path: C:\ST\STM32CubeIDE_1.13.1\STM32CubeIDE\plugins\com.st.stm32cube.common.mx_6.9.1.202307191849
2026-07-29 18:08:44,427 [INFO] DbMcusXml:78 - Set database path to: C:\ST\STM32CubeIDE_1.13.1\STM32CubeIDE\plugins\com.st.stm32cube.common.mx_6.9.1.202307191849\\db\/mcu/
2026-07-29 18:08:44,427 [INFO] ApiDb:274 - Set plugin database path to: C:\ST\STM32CubeIDE_1.13.1\STM32CubeIDE\plugins\com.st.stm32cube.common.mx_6.9.1.202307191849\\db\/plugins/boardmanager/
2026-07-29 18:08:44,427 [WARN] ApiDb:259 - Overriding images path with different value:  => C:\ST\STM32CubeIDE_1.13.1\STM32CubeIDE\plugins\com.st.stm32cube.common.mx_6.9.1.202307191849\\db\/plugins/mcufinder/images/
2026-07-29 18:08:44,434 [INFO] ApiDb:250 - Set database path to: C:\Users\Admin\.stmcufinder\plugins\mcufinder//mcu/
2026-07-29 18:08:44,435 [INFO] DbMcusAds:125 - Set database path to: C:\Users\Admin\.stmcufinder\plugins\mcufinder//mcu/
2026-07-29 18:08:44,436 [INFO] CrossReferenceDbSqlite:203 - Set database path to: C:\Users\Admin\.stmcufinder\plugins\mcufinder//mcu/cs/
2026-07-29 18:08:44,506 [INFO] RulesReader:64 - Compatibility file has been processed (293 Rules)
2026-07-29 18:08:44,571 [INFO] DbMcusXml:78 - Set database path to: C:\ST\STM32CubeIDE_1.13.1\STM32CubeIDE\plugins\com.st.stm32cube.common.mx_6.9.1.202307191849\\db\/mcu/
2026-07-29 18:08:44,571 [INFO] ApiDb:274 - Set plugin database path to: C:\ST\STM32CubeIDE_1.13.1\STM32CubeIDE\plugins\com.st.stm32cube.common.mx_6.9.1.202307191849\\db\/plugins/boardmanager/
2026-07-29 18:08:44,571 [INFO] ApiDb:261 - Set plugin images path to: C:\ST\STM32CubeIDE_1.13.1\STM32CubeIDE\plugins\com.st.stm32cube.common.mx_6.9.1.202307191849\\db\/plugins/mcufinder/images/
2026-07-29 18:08:44,571 [WARN] DbFile:41 - Overriding database path with different value: C:\Users\Admin\.stmcufinder\plugins\mcufinder/ => C:\Users\Admin\.stmcufinder\plugins\mcufinder
2026-07-29 18:08:44,571 [INFO] ApiDb:250 - Set database path to: C:\Users\Admin\.stmcufinder\plugins\mcufinder//mcu/
2026-07-29 18:08:44,571 [WARN] DbFile:41 - Overriding database path with different value: C:\Users\Admin\.stmcufinder\plugins\mcufinder/ => C:\Users\Admin\.stmcufinder\plugins\mcufinder
2026-07-29 18:08:44,571 [INFO] DbMcusAds:125 - Set database path to: C:\Users\Admin\.stmcufinder\plugins\mcufinder//mcu/
2026-07-29 18:08:44,571 [WARN] DbFile:41 - Overriding database path with different value: C:\Users\Admin\.stmcufinder\plugins\mcufinder/ => C:\Users\Admin\.stmcufinder\plugins\mcufinder
2026-07-29 18:08:44,571 [WARN] DbFile:41 - Overriding database path with different value: C:\Users\Admin\.stmcufinder\plugins\mcufinder/ => C:\Users\Admin\.stmcufinder\plugins\mcufinder
2026-07-29 18:08:44,572 [INFO] CrossReferenceDbSqlite:203 - Set database path to: C:\Users\Admin\.stmcufinder\plugins\mcufinder//mcu/cs/
2026-07-29 18:08:44,620 [INFO] MainPanel:262 - HeapMemory: 268435456
2026-07-29 18:08:44,666 [INFO] DbMcusXml:78 - Set database path to: C:\ST\STM32CubeIDE_1.13.1\STM32CubeIDE\plugins\com.st.stm32cube.common.mx_6.9.1.202307191849\\db\/mcu/
2026-07-29 18:08:44,667 [INFO] ApiDb:274 - Set plugin database path to: C:\ST\STM32CubeIDE_1.13.1\STM32CubeIDE\plugins\com.st.stm32cube.common.mx_6.9.1.202307191849\\db\/plugins/boardmanager/
2026-07-29 18:08:44,667 [INFO] ApiDb:261 - Set plugin images path to: C:\ST\STM32CubeIDE_1.13.1\STM32CubeIDE\plugins\com.st.stm32cube.common.mx_6.9.1.202307191849\\db\/plugins/mcufinder/images/
2026-07-29 18:08:44,667 [WARN] DbFile:41 - Overriding database path with different value: C:\Users\Admin\.stmcufinder\plugins\mcufinder/ => C:\Users\Admin\.stmcufinder\plugins\mcufinder
2026-07-29 18:08:44,667 [INFO] ApiDb:250 - Set database path to: C:\Users\Admin\.stmcufinder\plugins\mcufinder//mcu/
2026-07-29 18:08:44,667 [WARN] DbFile:41 - Overriding database path with different value: C:\Users\Admin\.stmcufinder\plugins\mcufinder/ => C:\Users\Admin\.stmcufinder\plugins\mcufinder
2026-07-29 18:08:44,667 [INFO] DbMcusAds:125 - Set database path to: C:\Users\Admin\.stmcufinder\plugins\mcufinder//mcu/
2026-07-29 18:08:44,667 [WARN] DbFile:41 - Overriding database path with different value: C:\Users\Admin\.stmcufinder\plugins\mcufinder/ => C:\Users\Admin\.stmcufinder\plugins\mcufinder
2026-07-29 18:08:44,667 [WARN] DbFile:41 - Overriding database path with different value: C:\Users\Admin\.stmcufinder\plugins\mcufinder/ => C:\Users\Admin\.stmcufinder\plugins\mcufinder
2026-07-29 18:08:44,667 [INFO] CrossReferenceDbSqlite:203 - Set database path to: C:\Users\Admin\.stmcufinder\plugins\mcufinder//mcu/cs/
2026-07-29 18:08:44,680 [INFO] ApplicationProperties:184 - Using Application install path: C:\ST\STM32CubeIDE_1.13.1\STM32CubeIDE\plugins\com.st.stm32cube.common.mx_6.9.1.202307191849
2026-07-29 18:08:44,682 [INFO] PluginManage:196 - Search for loadable plugins [exclusion list=, ]
2026-07-29 18:08:44,682 [INFO] PluginManage:310 - Check plugin analytics
2026-07-29 18:08:44,784 [INFO] AnalyticsPlugin:253 - Accepted Software Licenses: STM32CubeMX.6.18.0
2026-07-29 18:08:44,785 [INFO] AnalyticsPlugin:255 - Accepted CMSIS Pack Licenses: 
2026-07-29 18:08:44,785 [INFO] AnalyticsPlugin:257 - Accepted Firmware Licenses: FW.F4.1.27.0,FW.F4.1.28.0,FW.F4.1.28.3
2026-07-29 18:08:44,788 [INFO] PluginManage:359 - Loaded plugin analytics (category:tool,tabindex:-1)
2026-07-29 18:08:44,788 [INFO] PluginManage:310 - Check plugin cadmodel
2026-07-29 18:08:44,792 [INFO] CADModel:105 - Init CAD model plugin
2026-07-29 18:08:44,793 [INFO] PluginManage:359 - Loaded plugin cadmodel (category:power,tabindex:5)
2026-07-29 18:08:44,793 [INFO] PluginManage:310 - Check plugin clock
2026-07-29 18:08:44,800 [INFO] PluginManage:359 - Loaded plugin clock (category:base,tabindex:2)
2026-07-29 18:08:44,800 [INFO] PluginManage:310 - Check plugin ddr
2026-07-29 18:08:44,802 [INFO] PluginManage:359 - Loaded plugin ddr (category:tool,tabindex:6)
2026-07-29 18:08:44,802 [INFO] PluginManage:310 - Check plugin filemanager
2026-07-29 18:08:44,890 [INFO] PluginManage:359 - Loaded plugin filemanager (category:base,tabindex:10)
2026-07-29 18:08:44,890 [INFO] PluginManage:310 - Check plugin ipmanager
2026-07-29 18:08:44,895 [INFO] PluginManage:359 - Loaded plugin ipmanager (category:base,tabindex:5)
2026-07-29 18:08:44,895 [INFO] PluginManage:310 - Check plugin lpbam
2026-07-29 18:08:44,900 [INFO] PluginManage:359 - Loaded plugin lpbam (category:base,tabindex:0)
2026-07-29 18:08:44,900 [INFO] PluginManage:310 - Check plugin memorymap
2026-07-29 18:08:44,908 [INFO] PluginManage:359 - Loaded plugin memorymap (category:base,tabindex:4)
2026-07-29 18:08:44,908 [INFO] PluginManage:310 - Check plugin pinoutandconfiguration
2026-07-29 18:08:44,913 [INFO] PluginManage:359 - Loaded plugin pinoutandconfiguration (category:base,tabindex:1)
2026-07-29 18:08:44,913 [INFO] PluginManage:310 - Check plugin pinoutconfig
2026-07-29 18:08:44,974 [WARN] SupportedApi:132 - Cannot load RTOS API schema: s4s-elt-must-match.1: The content of 'definitions' must match (annotation?, (simpleType | complexType)?, (unique | key | keyref)*)). A problem was found starting at: attribute.
2026-07-29 18:08:45,062 [INFO] PluginManage:359 - Loaded plugin pinoutconfig (category:base,tabindex:0)
2026-07-29 18:08:45,062 [INFO] PluginManage:310 - Check plugin power
2026-07-29 18:08:45,068 [INFO] PluginManage:359 - Loaded plugin power (category:power,tabindex:4)
2026-07-29 18:08:45,068 [INFO] PluginManage:310 - Check plugin projectmanager
2026-07-29 18:08:45,080 [INFO] PluginManage:359 - Loaded plugin projectmanager (category:projectmanager,tabindex:3)
2026-07-29 18:08:45,080 [INFO] PluginManage:310 - Check plugin thirdparty
2026-07-29 18:08:45,165 [INFO] PluginManage:359 - Loaded plugin thirdparty (category:base,tabindex:-1)
2026-07-29 18:08:45,165 [INFO] PluginManage:310 - Check plugin tools
2026-07-29 18:08:45,165 [WARN] IntegrityCheckThread:84 - waiting for thirdparty lock release [integrity check]
2026-07-29 18:08:45,165 [INFO] IntegrityCheckThread:86 - entering critical section [integrity check]
2026-07-29 18:08:45,165 [INFO] ThirdPartyUpdaterWithRetryManager:70 - Updater plugin not ready yet. [1/15]
2026-07-29 18:08:45,167 [INFO] PluginManage:359 - Loaded plugin tools (category:base,tabindex:7)
2026-07-29 18:08:45,167 [INFO] PluginManage:310 - Check plugin tutovideos
2026-07-29 18:08:45,296 [INFO] PluginManage:359 - Loaded plugin tutovideos (category:base,tabindex:-1)
2026-07-29 18:08:45,296 [INFO] PluginManage:310 - Check plugin updater
2026-07-29 18:08:45,303 [INFO] PluginManage:359 - Loaded plugin updater (category:base,tabindex:12)
2026-07-29 18:08:45,303 [INFO] PluginManage:310 - Check plugin userauth
2026-07-29 18:08:45,306 [INFO] UserAuth:113 - Init User Auth plugin
2026-07-29 18:08:45,306 [INFO] PluginManage:359 - Loaded plugin userauth (category:base,tabindex:14)
2026-07-29 18:08:45,307 [INFO] PluginManage:283 - PluginManage : Loaded plugins [17]
2026-07-29 18:08:45,442 [INFO] PinOutPanel:1499 - setPackage(No Configuration,No Configuration)
2026-07-29 18:08:45,507 [INFO] CADModel:165 - CPN selected for project level
2026-07-29 18:08:45,507 [INFO] CADModel:114 - Register for checkConnection events
2026-07-29 18:08:45,518 [INFO] IPUIPlugin:80 - create IPUIPlugin
2026-07-29 18:08:45,518 [INFO] PluginManager:220 - loadIPPluginJar : add adc
2026-07-29 18:08:45,519 [INFO] IPUIPlugin:80 - create IPUIPlugin
2026-07-29 18:08:45,519 [INFO] PluginManager:220 - loadIPPluginJar : add aes
2026-07-29 18:08:45,521 [INFO] IPUIPlugin:80 - create IPUIPlugin
2026-07-29 18:08:45,521 [INFO] PluginManager:220 - loadIPPluginJar : add can
2026-07-29 18:08:45,522 [INFO] IPUIPlugin:80 - create IPUIPlugin
2026-07-29 18:08:45,522 [INFO] PluginManager:220 - loadIPPluginJar : add comp
2026-07-29 18:08:45,523 [INFO] IPUIPlugin:80 - create IPUIPlugin
2026-07-29 18:08:45,523 [INFO] PluginManager:220 - loadIPPluginJar : add cryp
2026-07-29 18:08:45,525 [INFO] IPUIPlugin:80 - create IPUIPlugin
2026-07-29 18:08:45,525 [INFO] PluginManager:220 - loadIPPluginJar : add dfsdm
2026-07-29 18:08:45,528 [INFO] IPUIPlugin:80 - create IPUIPlugin
2026-07-29 18:08:45,529 [INFO] PluginManager:220 - loadIPPluginJar : add dma
2026-07-29 18:08:45,530 [INFO] IPUIPlugin:80 - create IPUIPlugin
2026-07-29 18:08:45,530 [INFO] PluginManager:220 - loadIPPluginJar : add dma3
2026-07-29 18:08:45,531 [INFO] IPUIPlugin:80 - create IPUIPlugin
2026-07-29 18:08:45,531 [INFO] PluginManager:220 - loadIPPluginJar : add fatfs
2026-07-29 18:08:45,534 [INFO] IPUIPlugin:80 - create IPUIPlugin
2026-07-29 18:08:45,534 [INFO] PluginManager:220 - loadIPPluginJar : add fmc
2026-07-29 18:08:45,537 [INFO] IPUIPlugin:80 - create IPUIPlugin
2026-07-29 18:08:45,538 [INFO] PluginManager:220 - loadIPPluginJar : add freertos
2026-07-29 18:08:45,538 [INFO] IPUIPlugin:80 - create IPUIPlugin
2026-07-29 18:08:45,538 [INFO] PluginManager:220 - loadIPPluginJar : add genericplugin
2026-07-29 18:08:45,540 [INFO] IPUIPlugin:80 - create IPUIPlugin
2026-07-29 18:08:45,540 [INFO] PluginManager:220 - loadIPPluginJar : add gfxmmu
2026-07-29 18:08:45,543 [INFO] IPUIPlugin:80 - create IPUIPlugin
2026-07-29 18:08:45,543 [INFO] PluginManager:220 - loadIPPluginJar : add gic
2026-07-29 18:08:45,545 [INFO] IPUIPlugin:80 - create IPUIPlugin
2026-07-29 18:08:45,545 [INFO] PluginManager:220 - loadIPPluginJar : add gpio
2026-07-29 18:08:45,547 [INFO] IPUIPlugin:80 - create IPUIPlugin
2026-07-29 18:08:45,547 [INFO] PluginManager:220 - loadIPPluginJar : add gtzc
2026-07-29 18:08:45,548 [INFO] IPUIPlugin:80 - create IPUIPlugin
2026-07-29 18:08:45,548 [INFO] PluginManager:220 - loadIPPluginJar : add hash
2026-07-29 18:08:45,550 [INFO] IPUIPlugin:80 - create IPUIPlugin
2026-07-29 18:08:45,550 [INFO] PluginManager:220 - loadIPPluginJar : add i2c
2026-07-29 18:08:45,551 [INFO] IPUIPlugin:80 - create IPUIPlugin
2026-07-29 18:08:45,551 [INFO] PluginManager:220 - loadIPPluginJar : add i2s
2026-07-29 18:08:45,553 [INFO] IPUIPlugin:80 - create IPUIPlugin
2026-07-29 18:08:45,553 [INFO] PluginManager:220 - loadIPPluginJar : add i3c
2026-07-29 18:08:45,555 [INFO] IPUIPlugin:80 - create IPUIPlugin
2026-07-29 18:08:45,555 [INFO] PluginManager:220 - loadIPPluginJar : add ipddr
2026-07-29 18:08:45,560 [INFO] IPUIPlugin:80 - create IPUIPlugin
2026-07-29 18:08:45,560 [INFO] PluginManager:220 - loadIPPluginJar : add linkedlist
2026-07-29 18:08:45,562 [INFO] IPUIPlugin:80 - create IPUIPlugin
2026-07-29 18:08:45,562 [INFO] PluginManager:220 - loadIPPluginJar : add lorawan
2026-07-29 18:08:45,563 [INFO] IPUIPlugin:80 - create IPUIPlugin
2026-07-29 18:08:45,563 [INFO] PluginManager:220 - loadIPPluginJar : add ltdc
2026-07-29 18:08:45,567 [INFO] IPUIPlugin:80 - create IPUIPlugin
2026-07-29 18:08:45,567 [INFO] PluginManager:220 - loadIPPluginJar : add mdma
2026-07-29 18:08:45,569 [INFO] IPUIPlugin:80 - create IPUIPlugin
2026-07-29 18:08:45,569 [INFO] PluginManager:220 - loadIPPluginJar : add nvic
2026-07-29 18:08:45,570 [INFO] IPUIPlugin:80 - create IPUIPlugin
2026-07-29 18:08:45,571 [INFO] PluginManager:220 - loadIPPluginJar : add opamp
2026-07-29 18:08:45,572 [INFO] IPUIPlugin:80 - create IPUIPlugin
2026-07-29 18:08:45,572 [INFO] PluginManager:220 - loadIPPluginJar : add openamp
2026-07-29 18:08:45,574 [INFO] IPUIPlugin:80 - create IPUIPlugin
2026-07-29 18:08:45,574 [INFO] PluginManager:220 - loadIPPluginJar : add pdm2pcm
2026-07-29 18:08:45,578 [INFO] IPUIPlugin:80 - create IPUIPlugin
2026-07-29 18:08:45,580 [INFO] PluginManager:220 - loadIPPluginJar : add plateformsettings
2026-07-29 18:08:45,580 [INFO] IPUIPlugin:80 - create IPUIPlugin
2026-07-29 18:08:45,580 [INFO] PluginManager:220 - loadIPPluginJar : add quadspi
2026-07-29 18:08:45,582 [INFO] IPUIPlugin:80 - create IPUIPlugin
2026-07-29 18:08:45,582 [INFO] PluginManager:220 - loadIPPluginJar : add resmgrutility
2026-07-29 18:08:45,584 [INFO] IPUIPlugin:80 - create IPUIPlugin
2026-07-29 18:08:45,584 [INFO] PluginManager:220 - loadIPPluginJar : add sai
2026-07-29 18:08:45,585 [INFO] IPUIPlugin:80 - create IPUIPlugin
2026-07-29 18:08:45,585 [INFO] PluginManager:220 - loadIPPluginJar : add spi
2026-07-29 18:08:45,588 [INFO] IPUIPlugin:80 - create IPUIPlugin
2026-07-29 18:08:45,588 [INFO] PluginManager:220 - loadIPPluginJar : add stm32_wpan
2026-07-29 18:08:45,589 [INFO] IPUIPlugin:80 - create IPUIPlugin
2026-07-29 18:08:45,589 [INFO] PluginManager:220 - loadIPPluginJar : add tim
2026-07-29 18:08:45,590 [INFO] IPUIPlugin:80 - create IPUIPlugin
2026-07-29 18:08:45,590 [INFO] PluginManager:220 - loadIPPluginJar : add touchsensing
2026-07-29 18:08:45,591 [INFO] IPUIPlugin:80 - create IPUIPlugin
2026-07-29 18:08:45,591 [INFO] PluginManager:220 - loadIPPluginJar : add tracer_emb
2026-07-29 18:08:45,592 [INFO] IPUIPlugin:80 - create IPUIPlugin
2026-07-29 18:08:45,592 [INFO] PluginManager:220 - loadIPPluginJar : add ts
2026-07-29 18:08:45,593 [INFO] IPUIPlugin:80 - create IPUIPlugin
2026-07-29 18:08:45,593 [INFO] PluginManager:220 - loadIPPluginJar : add tsc
2026-07-29 18:08:45,594 [INFO] IPUIPlugin:80 - create IPUIPlugin
2026-07-29 18:08:45,594 [INFO] PluginManager:220 - loadIPPluginJar : add ucpd
2026-07-29 18:08:45,595 [INFO] IPUIPlugin:80 - create IPUIPlugin
2026-07-29 18:08:45,595 [INFO] PluginManager:220 - loadIPPluginJar : add usart
2026-07-29 18:08:45,597 [INFO] IPUIPlugin:80 - create IPUIPlugin
2026-07-29 18:08:45,597 [INFO] PluginManager:220 - loadIPPluginJar : add usbx
2026-07-29 18:08:45,705 [INFO] CADModel:165 - CPN selected for project level
2026-07-29 18:08:45,705 [INFO] CADModel:114 - Register for checkConnection events
2026-07-29 18:08:45,705 [FATAL] Updater:308 - Updater called before beeing initialized
2026-07-29 18:08:45,705 [ERROR] CADModel:125 - Updater not yet initialized, retry later 
2026-07-29 18:08:45,805 [INFO] CADModel:165 - CPN selected for project level
2026-07-29 18:08:45,805 [INFO] CADModel:114 - Register for checkConnection events
2026-07-29 18:08:45,805 [FATAL] Updater:308 - Updater called before beeing initialized
2026-07-29 18:08:45,805 [ERROR] CADModel:125 - Updater not yet initialized, retry later 
2026-07-29 18:08:45,807 [FATAL] Updater:308 - Updater called before beeing initialized
2026-07-29 18:08:45,874 [FATAL] Updater:308 - Updater called before beeing initialized
2026-07-29 18:08:45,878 [INFO] DbMcusAds:53 - JSON generation date=Wed Jul 15 16:46:00 GMT+07:00 2026 (1784108760991)
2026-07-29 18:08:45,878 [FATAL] Updater:308 - Updater called before beeing initialized
2026-07-29 18:08:45,903 [WARN] DetailPanel:346 - Failed to get advertising image, set to default
2026-07-29 18:08:45,995 [FATAL] Updater:308 - Updater called before beeing initialized
2026-07-29 18:08:45,997 [FATAL] Updater:308 - Updater called before beeing initialized
2026-07-29 18:08:45,997 [FATAL] Updater:308 - Updater called before beeing initialized
2026-07-29 18:08:45,997 [WARN] DetailPanel:346 - Failed to get advertising image, set to default
2026-07-29 18:08:45,997 [FATAL] Updater:308 - Updater called before beeing initialized
2026-07-29 18:08:46,027 [ERROR] Updater:1120 - MainUpdater not yet initialized. External WinMGr cannot be set.
2026-07-29 18:08:46,029 [INFO] Updater:1056 - Updater Version found : 6.9.1
2026-07-29 18:08:46,044 [INFO] ApplicationProperties:184 - Using Application install path: C:\ST\STM32CubeIDE_1.13.1\STM32CubeIDE\plugins\com.st.stm32cube.common.mx_6.9.1.202307191849
2026-07-29 18:08:46,191 [INFO] MainUpdater:2868 - connection check result : 10
2026-07-29 18:08:46,192 [INFO] MainUpdater:285 - Updater Check For Update Now.
2026-07-29 18:08:46,192 [INFO] MicroXplorer:498 - Change Database Version : DB.6.0.91
2026-07-29 18:08:46,197 [INFO] McuFinderGlobals:63 - Set McuFinder mode to 2 (CubeIDE integrated)
2026-07-29 18:08:46,197 [INFO] UserAuth:179 - activating auth plugin
2026-07-29 18:08:46,199 [INFO] UserAuth:393 - Internet connection configuration mode: 1
2026-07-29 18:08:46,221 [INFO] JxBrowserEngine:151 - Initiate JxBrowser Engine with user profile folder
2026-07-29 18:08:46,369 [INFO] CheckServerUpdateThread:120 - End of CheckServer Thread
2026-07-29 18:08:46,665 [INFO] WebApp:157 - Instantiating new browser for Auth
2026-07-29 18:08:46,988 [INFO] WebApp:753 - Register for checkConnection events
2026-07-29 18:08:46,988 [INFO] WebApp:390 - Apply proxy settings
2026-07-29 18:08:46,989 [INFO] WebApp:475 - Chromium requires no authentication
2026-07-29 18:08:46,993 [INFO] WebApp:418 - Direct internet connection detected
2026-07-29 18:08:47,103 [INFO] WebApp:188 - Starting web application
2026-07-29 18:08:47,103 [INFO] WebApp:520 - Web application path used C:\ST\STM32CubeIDE_1.13.1\STM32CubeIDE\plugins\com.st.stm32cube.common.mx_6.9.1.202307191849\db\plugins\mcufinder\reactClient1\index.html
2026-07-29 18:08:48,289 [WARN] PackLoader:240 - Cannot read IP mode file for STMicroelectronics.FP-ATR-ASTRA1.2.0.3
2026-07-29 18:08:48,300 [WARN] PackLoader:240 - Cannot read IP mode file for STMicroelectronics.FP-ATR-ASTRA1.2.0.2
2026-07-29 18:08:48,305 [ERROR] Engine:466 - C:\Users\Admin\.stm32cubemx\thirdparties\pdsc\STMicroelectronics.X-CUBE-SMBUS.2.1.1.pdsc: PDSC version is not supported
2026-07-29 18:08:48,310 [WARN] PackLoader:240 - Cannot read IP mode file for STMicroelectronics.X-CUBE-SMBUS.2.1.0
2026-07-29 18:08:48,359 [WARN] PackLoader:240 - Cannot read IP mode file for STMicroelectronics.X-CUBE-AZRTOS-F7.1.1.0
2026-07-29 18:08:48,384 [ERROR] Engine:466 - C:\Users\Admin\.stm32cubemx\thirdparties\pdsc\STMicroelectronics.X-CUBE-FREERTOS.1.6.0.pdsc: PDSC version is not supported
2026-07-29 18:08:48,411 [WARN] PackLoader:240 - Cannot read IP mode file for STMicroelectronics.X-CUBE-AZRTOS-H7RS.1.3.0
2026-07-29 18:08:48,420 [ERROR] Engine:466 - C:\Users\Admin\.stm32cubemx\thirdparties\pdsc\WES.I-CUBE-Cesium.1.4.0.pdsc: PDSC version is not supported
2026-07-29 18:08:48,428 [WARN] PackLoader:240 - Cannot read IP mode file for STMicroelectronics.X-CUBE-DISPLAY.3.0.0
2026-07-29 18:08:48,438 [WARN] PackLoader:240 - Cannot read IP mode file for wolfSSL.I-CUBE-wolfSSL.5.9.1
2026-07-29 18:08:48,444 [WARN] PackLoader:240 - Cannot read IP mode file for emotas.I-CUBE-CANOPEN.1.3.0
2026-07-29 18:08:48,446 [ERROR] Engine:466 - C:\Users\Admin\.stm32cubemx\thirdparties\pdsc\STMicroelectronics.X-CUBE-WBA.1.1.0.pdsc: PDSC version is not supported
2026-07-29 18:08:48,452 [INFO] LogOutputStream:77 - [STDOUT_REDIRECT] 1 : Invalid condition id : UX_CORESTACK_Condition cause : null
2026-07-29 18:08:48,453 [INFO] LogOutputStream:77 - [STDOUT_REDIRECT] 1 : Invalid condition id : UX_CORESTACK_Condition cause : null
2026-07-29 18:08:48,454 [INFO] LogOutputStream:77 - [STDOUT_REDIRECT] 1 : Invalid condition id : UX_CORESTACK_Condition cause : null
2026-07-29 18:08:48,455 [INFO] LogOutputStream:77 - [STDOUT_REDIRECT] 1 : Invalid condition id : UX_CORESTACK_Condition cause : null
2026-07-29 18:08:48,456 [INFO] LogOutputStream:77 - [STDOUT_REDIRECT] 1 : Invalid condition id : UX_CORESTACK_Condition cause : null
2026-07-29 18:08:48,458 [WARN] PackLoader:240 - Cannot read IP mode file for STMicroelectronics.X-CUBE-AZRTOS-WL.2.0.0
2026-07-29 18:08:48,474 [WARN] PackLoader:240 - Cannot read IP mode file for STMicroelectronics.X-CUBE-AZRTOS-H7RS.1.2.0
2026-07-29 18:08:48,485 [WARN] PackLoader:240 - Cannot read IP mode file for STMicroelectronics.X-CUBE-BLE2.3.3.0
2026-07-29 18:08:48,487 [ERROR] Engine:466 - C:\Users\Admin\.stm32cubemx\thirdparties\pdsc\Avnet-IOTCONNECT.X-CUBE-iotc-st67-sdk.1.0.0.pdsc: PDSC version is not supported
2026-07-29 18:08:48,493 [ERROR] Engine:466 - C:\Users\Admin\.stm32cubemx\thirdparties\pdsc\Infineon.AIROC-Wi-Fi-Bluetooth-STM32.1.8.0.pdsc: PDSC version is not supported
2026-07-29 18:08:48,497 [WARN] PackLoader:240 - Cannot read IP mode file for wolfSSL.I-CUBE-wolfMQTT.1.19.2
2026-07-29 18:08:48,512 [WARN] PackLoader:240 - Cannot read IP mode file for STMicroelectronics.X-CUBE-AZRTOS-G0.1.1.0
2026-07-29 18:08:48,520 [WARN] PackLoader:240 - Cannot read IP mode file for STMicroelectronics.X-CUBE-NFC4.3.0.0
2026-07-29 18:08:48,523 [ERROR] Engine:466 - C:\Users\Admin\.stm32cubemx\thirdparties\pdsc\EmbeddedOffice.I-CUBE-FS-RTOS.1.0.1.pdsc: PDSC version is not supported
2026-07-29 18:08:48,527 [WARN] PackLoader:240 - Cannot read IP mode file for wolfSSL.I-CUBE-wolfTPM.3.8.0
2026-07-29 18:08:48,529 [ERROR] Engine:466 - C:\Users\Admin\.stm32cubemx\thirdparties\pdsc\RealThread.X-CUBE-RT-Thread_Nano.4.1.1.pdsc: PDSC version is not supported
2026-07-29 18:08:48,532 [WARN] PackLoader:240 - Cannot read IP mode file for STMicroelectronics.FP-ATR-SIGFOX1.3.2.0
2026-07-29 18:08:48,534 [ERROR] Engine:466 - C:\Users\Admin\.stm32cubemx\thirdparties\pdsc\STMicroelectronics.X-CUBE-FREERTOS.1.5.0.pdsc: PDSC version is not supported
2026-07-29 18:08:48,539 [WARN] PackLoader:240 - Cannot read IP mode file for ITTIA_DB.I-CUBE-ITTIADB.8.9.0
2026-07-29 18:08:48,542 [ERROR] Engine:466 - C:\Users\Admin\.stm32cubemx\thirdparties\pdsc\Cesanta.I-CUBE-Mongoose.7.21.7.pdsc: PDSC version is not supported
2026-07-29 18:08:48,546 [WARN] PackLoader:240 - Cannot read IP mode file for STMicroelectronics.X-CUBE-AI.10.2.1
2026-07-29 18:08:48,579 [WARN] PackLoader:240 - Cannot read IP mode file for STMicroelectronics.X-CUBE-MEMS1.12.1.0
2026-07-29 18:08:48,688 [WARN] PackLoader:240 - Cannot read IP mode file for SEGGER.I-CUBE-embOS.1.3.1
2026-07-29 18:08:48,718 [WARN] PackLoader:240 - Cannot read IP mode file for STMicroelectronics.X-CUBE-ALGOBUILD.1.4.0
2026-07-29 18:08:48,725 [WARN] PackLoader:240 - Cannot read IP mode file for STMicroelectronics.X-CUBE-NFC13.1.0.0
2026-07-29 18:08:48,737 [WARN] PackLoader:240 - Cannot read IP mode file for STMicroelectronics.X-CUBE-AZRTOS-F4.1.1.0
2026-07-29 18:08:48,742 [ERROR] Engine:466 - C:\Users\Admin\.stm32cubemx\thirdparties\pdsc\STMicroelectronics.eDS-WB_DPC_TT-BIDIR.2.1.1.pdsc: PDSC version is not supported
2026-07-29 18:08:48,748 [WARN] PackLoader:240 - Cannot read IP mode file for STMicroelectronics.X-CUBE-ALGOBUILD.1.5.0
2026-07-29 18:08:48,804 [WARN] PackLoader:240 - Cannot read IP mode file for STMicroelectronics.X-CUBE-MEMS1.13.0.0
2026-07-29 18:08:48,901 [ERROR] Engine:466 - C:\Users\Admin\.stm32cubemx\thirdparties\pdsc\STMicroelectronics.eDS-WB_DPC_3PH2L-BIDIR.1.1.1.pdsc: PDSC version is not supported
2026-07-29 18:08:48,905 [WARN] PackLoader:240 - Cannot read IP mode file for STMicroelectronics.X-CUBE-TOUCHGFX.4.26.1
2026-07-29 18:08:48,920 [WARN] ConditionMgr:438 - getConditionDescription Invalid condition id : LAN8742 Phy interface Condition cause : null
2026-07-29 18:08:48,920 [WARN] PackLoader:240 - Cannot read IP mode file for STMicroelectronics.X-CUBE-AZRTOS-L4.2.0.0
2026-07-29 18:08:48,921 [WARN] ConditionMgr:1039 - genDependencies : Invalid condition id : LAN8742 Phy interface Condition cause : null
2026-07-29 18:08:48,922 [WARN] ConditionMgr:1039 - genDependencies : Invalid condition id : LAN8742 Phy interface Condition cause : null
2026-07-29 18:08:48,922 [WARN] ConditionMgr:1039 - genDependencies : Invalid condition id : LAN8742 Phy interface Condition cause : null
2026-07-29 18:08:48,928 [WARN] PackLoader:240 - Cannot read IP mode file for STMicroelectronics.X-CUBE-SFXS2LP1.4.0.0
2026-07-29 18:08:48,931 [ERROR] Engine:466 - C:\Users\Admin\.stm32cubemx\thirdparties\pdsc\quantropi.X-CUBE-qispace-sdk-base.2.1.0.pdsc: PDSC version is not supported
2026-07-29 18:08:48,942 [WARN] PackLoader:240 - Cannot read IP mode file for STMicroelectronics.X-CUBE-SUBG2.5.0.0
2026-07-29 18:08:48,959 [WARN] PackLoader:240 - Cannot read IP mode file for STMicroelectronics.X-CUBE-AZRTOS-G4.2.0.0
2026-07-29 18:08:48,968 [WARN] PackLoader:240 - Cannot read IP mode file for wolfSSL.I-CUBE-wolfSSH.1.4.20
2026-07-29 18:08:48,969 [INFO] ThirdParty:978 - Integrity check success = true
2026-07-29 18:08:48,970 [INFO] IntegrityCheckThread:100 - exiting critical section [integrity check]
2026-07-29 18:08:48,970 [INFO] IntegrityCheckThread:103 - End integrity checks thread
2026-07-29 18:09:07,589 [ERROR] LogOutputStream:75 - [STDERR_REDIRECT] SLF4J: Failed to load class "org.slf4j.impl.StaticLoggerBinder".
2026-07-29 18:09:07,589 [ERROR] LogOutputStream:75 - [STDERR_REDIRECT] SLF4J: Defaulting to no-operation (NOP) logger implementation
2026-07-29 18:09:07,590 [ERROR] LogOutputStream:75 - [STDERR_REDIRECT] SLF4J: See http://www.slf4j.org/codes.html#StaticLoggerBinder for further details.
2026-07-29 18:10:01,450 [INFO] McuFinderGlobals:63 - Set McuFinder mode to 2 (CubeIDE integrated)
2026-07-29 18:10:01,453 [INFO] MainUpdater:2868 - connection check result : 10
2026-07-29 18:10:01,453 [INFO] MainUpdater:2868 - connection check result : 10
2026-07-29 18:10:01,472 [INFO] MicroXplorer:468 - Change Database Path : 
2026-07-29 18:10:01,472 [INFO] MicroXplorer:498 - Change Database Version : DB.6.0.91
2026-07-29 18:10:01,475 [WARN] ThirdParty:871 - waiting for thirdparty lock release [close project]
2026-07-29 18:10:01,475 [INFO] ThirdParty:873 - entering critical section [close project]
2026-07-29 18:10:01,476 [INFO] ThirdParty:883 - exiting critical section [close project]
2026-07-29 18:10:01,477 [INFO] PinOutPanel:1499 - setPackage(No Configuration,No Configuration)
2026-07-29 18:10:01,482 [INFO] UtilMem:75 - Begin LoadConfig() Used Memory: 504266560 Bytes (848297984)
2026-07-29 18:10:01,483 [INFO] MicroXplorer:468 - Change Database Path : 
2026-07-29 18:10:01,483 [INFO] MicroXplorer:498 - Change Database Version : DB.6.0.91
2026-07-29 18:10:01,483 [INFO] OpenFileManager:308 - Change cursor
2026-07-29 18:10:01,499 [INFO] Mcu:1946 - Initializing MCU STM32F411C(C-E)Ux STM32F411CEUx STM32F411CEU6
2026-07-29 18:10:02,495 [INFO] Context:659 - Trying to add GPIOservice into a context  which must be forbidden
2026-07-29 18:10:02,834 [INFO] RtosManager:555 - Registered RTOS mode: class=CMSIS, group=RTOS, mode=CMSIS_V1, owner=FREERTOS
2026-07-29 18:10:02,834 [INFO] RtosManager:555 - Registered RTOS mode: class=CMSIS, group=RTOS2, mode=CMSIS_V2, owner=FREERTOS
2026-07-29 18:10:02,834 [INFO] RtosManager:555 - Registered RTOS mode: class=RTOS, group=Core, mode=CMSIS_V1, owner=FREERTOS
2026-07-29 18:10:02,834 [INFO] RtosManager:555 - Registered RTOS mode: class=RTOS, group=Core, mode=CMSIS_V2, owner=FREERTOS
2026-07-29 18:10:02,834 [WARN] ModelIntegratedComponent:184 - Missing modes for component STMicroelectronics:FreeRTOS:0.0.1:STMicroelectronics:RTOS:FreeRTOS:Core:::10.2.0:
2026-07-29 18:10:02,894 [WARN] ModelIntegratedComponent:182 - Modes not found for component STMicroelectronics:USB_HOST:1.0.0:STMicroelectronics:USB::USB Host:Audio HS::1.0:USB_HOST_1_0_RESTRICTED_HS
2026-07-29 18:10:02,894 [WARN] ModelIntegratedComponent:188 - Modes not found for component STMicroelectronics:USB_HOST:1.0.0:STMicroelectronics:USB::USB Host:Audio HS::1.0:USB_HOST_1_0_RESTRICTED_HS
2026-07-29 18:10:02,894 [WARN] ModelIntegratedComponent:182 - Modes not found for component STMicroelectronics:USB_HOST:1.0.0:STMicroelectronics:USB::USB Host:CDC HS::1.0:USB_HOST_1_0_RESTRICTED_HS
2026-07-29 18:10:02,894 [WARN] ModelIntegratedComponent:188 - Modes not found for component STMicroelectronics:USB_HOST:1.0.0:STMicroelectronics:USB::USB Host:CDC HS::1.0:USB_HOST_1_0_RESTRICTED_HS
2026-07-29 18:10:02,894 [WARN] ModelIntegratedComponent:182 - Modes not found for component STMicroelectronics:USB_HOST:1.0.0:STMicroelectronics:USB::USB Host:MSC HS::1.0:USB_HOST_1_0_RESTRICTED_HS
2026-07-29 18:10:02,894 [WARN] ModelIntegratedComponent:188 - Modes not found for component STMicroelectronics:USB_HOST:1.0.0:STMicroelectronics:USB::USB Host:MSC HS::1.0:USB_HOST_1_0_RESTRICTED_HS
2026-07-29 18:10:02,895 [WARN] ModelIntegratedComponent:182 - Modes not found for component STMicroelectronics:USB_HOST:1.0.0:STMicroelectronics:USB::USB Host:HID HS::1.0:USB_HOST_1_0_RESTRICTED_HS
2026-07-29 18:10:02,895 [WARN] ModelIntegratedComponent:188 - Modes not found for component STMicroelectronics:USB_HOST:1.0.0:STMicroelectronics:USB::USB Host:HID HS::1.0:USB_HOST_1_0_RESTRICTED_HS
2026-07-29 18:10:02,895 [WARN] ModelIntegratedComponent:182 - Modes not found for component STMicroelectronics:USB_HOST:1.0.0:STMicroelectronics:USB::USB Host:MTP HS::1.0:USB_HOST_1_0_RESTRICTED_HS
2026-07-29 18:10:02,895 [WARN] ModelIntegratedComponent:188 - Modes not found for component STMicroelectronics:USB_HOST:1.0.0:STMicroelectronics:USB::USB Host:MTP HS::1.0:USB_HOST_1_0_RESTRICTED_HS
2026-07-29 18:10:02,900 [WARN] ModelIntegratedComponent:63 - No mode defined for component null
2026-07-29 18:10:02,900 [WARN] ModelIntegratedComponent:63 - No mode defined for component null
2026-07-29 18:10:02,900 [WARN] ModelIntegratedComponent:63 - No mode defined for component null
2026-07-29 18:10:02,900 [WARN] ModelIntegratedComponent:63 - No mode defined for component null
2026-07-29 18:10:02,900 [WARN] ModelIntegratedComponent:63 - No mode defined for component null
2026-07-29 18:10:02,900 [WARN] ModelIntegratedComponent:63 - No mode defined for component null
2026-07-29 18:10:02,900 [WARN] ModelIntegratedComponent:63 - No mode defined for component null
2026-07-29 18:10:02,900 [WARN] ModelIntegratedComponent:63 - No mode defined for component null
2026-07-29 18:10:02,900 [WARN] ModelIntegratedComponent:63 - No mode defined for component null
2026-07-29 18:10:02,900 [WARN] ModelIntegratedComponent:63 - No mode defined for component null
2026-07-29 18:10:02,900 [WARN] ModelIntegratedComponent:63 - No mode defined for component null
2026-07-29 18:10:02,900 [WARN] ModelIntegratedComponent:63 - No mode defined for component null
2026-07-29 18:10:02,900 [WARN] ModelIntegratedComponent:63 - No mode defined for component null
2026-07-29 18:10:02,900 [WARN] ModelIntegratedComponent:63 - No mode defined for component null
2026-07-29 18:10:02,900 [WARN] ModelIntegratedComponent:63 - No mode defined for component null
2026-07-29 18:10:02,900 [WARN] ModelIntegratedComponent:63 - No mode defined for component null
2026-07-29 18:10:02,900 [WARN] ModelIntegratedComponent:63 - No mode defined for component null
2026-07-29 18:10:02,900 [WARN] ModelIntegratedComponent:63 - No mode defined for component null
2026-07-29 18:10:02,900 [WARN] ModelIntegratedComponent:63 - No mode defined for component null
2026-07-29 18:10:02,901 [WARN] ModelIntegratedComponent:63 - No mode defined for component null
2026-07-29 18:10:02,901 [WARN] ModelIntegratedComponent:63 - No mode defined for component null
2026-07-29 18:10:02,901 [WARN] ModelIntegratedComponent:63 - No mode defined for component null
2026-07-29 18:10:02,901 [WARN] ModelIntegratedComponent:63 - No mode defined for component null
2026-07-29 18:10:02,901 [WARN] ModelIntegratedComponent:63 - No mode defined for component null
2026-07-29 18:10:02,901 [WARN] ModelIntegratedComponent:63 - No mode defined for component null
2026-07-29 18:10:02,901 [WARN] ModelIntegratedComponent:63 - No mode defined for component null
2026-07-29 18:10:02,901 [WARN] ModelIntegratedComponent:63 - No mode defined for component null
2026-07-29 18:10:02,901 [WARN] ModelIntegratedComponent:63 - No mode defined for component null
2026-07-29 18:10:02,901 [WARN] ModelIntegratedComponent:63 - No mode defined for component null
2026-07-29 18:10:02,901 [WARN] ModelIntegratedComponent:63 - No mode defined for component null
2026-07-29 18:10:02,901 [WARN] ModelIntegratedComponent:63 - No mode defined for component null
2026-07-29 18:10:02,901 [WARN] ModelIntegratedComponent:63 - No mode defined for component null
2026-07-29 18:10:02,901 [WARN] ModelIntegratedComponent:63 - No mode defined for component null
2026-07-29 18:10:02,948 [WARN] ModelIntegratedComponent:182 - Modes not found for component STMicroelectronics:USB_DEVICE:1.0.0:STMicroelectronics:USB::USB Device:Audio HS::1.0:USB_DEVICE_1_0_RESTRICTED_HS
2026-07-29 18:10:02,948 [WARN] ModelIntegratedComponent:188 - Modes not found for component STMicroelectronics:USB_DEVICE:1.0.0:STMicroelectronics:USB::USB Device:Audio HS::1.0:USB_DEVICE_1_0_RESTRICTED_HS
2026-07-29 18:10:02,948 [WARN] ModelIntegratedComponent:182 - Modes not found for component STMicroelectronics:USB_DEVICE:1.0.0:STMicroelectronics:USB::USB Device:CDC HS::1.0:USB_DEVICE_1_0_RESTRICTED_HS
2026-07-29 18:10:02,948 [WARN] ModelIntegratedComponent:188 - Modes not found for component STMicroelectronics:USB_DEVICE:1.0.0:STMicroelectronics:USB::USB Device:CDC HS::1.0:USB_DEVICE_1_0_RESTRICTED_HS
2026-07-29 18:10:02,948 [WARN] ModelIntegratedComponent:182 - Modes not found for component STMicroelectronics:USB_DEVICE:1.0.0:STMicroelectronics:USB::USB Device:DFU HS::1.0:USB_DEVICE_1_0_RESTRICTED_HS
2026-07-29 18:10:02,948 [WARN] ModelIntegratedComponent:188 - Modes not found for component STMicroelectronics:USB_DEVICE:1.0.0:STMicroelectronics:USB::USB Device:DFU HS::1.0:USB_DEVICE_1_0_RESTRICTED_HS
2026-07-29 18:10:02,948 [WARN] ModelIntegratedComponent:182 - Modes not found for component STMicroelectronics:USB_DEVICE:1.0.0:STMicroelectronics:USB::USB Device:HID HS::1.0:USB_DEVICE_1_0_RESTRICTED_HS
2026-07-29 18:10:02,948 [WARN] ModelIntegratedComponent:188 - Modes not found for component STMicroelectronics:USB_DEVICE:1.0.0:STMicroelectronics:USB::USB Device:HID HS::1.0:USB_DEVICE_1_0_RESTRICTED_HS
2026-07-29 18:10:02,948 [WARN] ModelIntegratedComponent:182 - Modes not found for component STMicroelectronics:USB_DEVICE:1.0.0:STMicroelectronics:USB::USB Device:Custom HID HS::1.0:USB_DEVICE_1_0_RESTRICTED_HS
2026-07-29 18:10:02,949 [WARN] ModelIntegratedComponent:188 - Modes not found for component STMicroelectronics:USB_DEVICE:1.0.0:STMicroelectronics:USB::USB Device:Custom HID HS::1.0:USB_DEVICE_1_0_RESTRICTED_HS
2026-07-29 18:10:02,949 [WARN] ModelIntegratedComponent:182 - Modes not found for component STMicroelectronics:USB_DEVICE:1.0.0:STMicroelectronics:USB::USB Device:MSC HS::1.0:USB_DEVICE_1_0_RESTRICTED_HS
2026-07-29 18:10:02,949 [WARN] ModelIntegratedComponent:188 - Modes not found for component STMicroelectronics:USB_DEVICE:1.0.0:STMicroelectronics:USB::USB Device:MSC HS::1.0:USB_DEVICE_1_0_RESTRICTED_HS
2026-07-29 18:10:02,961 [INFO] ThirdPartyModel:298 - Start build external matchings
2026-07-29 18:10:03,127 [INFO] ThirdPartyModel:316 - End build external matchings
2026-07-29 18:10:03,300 [INFO] UtilMem:75 - End LoadConfig() Used Memory: 666123568 Bytes (1073741824)
2026-07-29 18:10:03,365 [INFO] ApiDb:581 - Connected to CubeFinder SQLite database (C:\Users\Admin\.stmcufinder\plugins\mcufinder\mcu\cube-finder-db.db)
2026-07-29 18:10:03,426 [INFO] ApiDb:668 - CubeFinder database Data Model version=2.1
2026-07-29 18:10:03,427 [INFO] ApiDb:669 - CubeFinder database Configuration version=3.0.42
2026-07-29 18:10:03,427 [INFO] ApiDb:670 - CubeFinder database generation date=2026-06-23 (1782213372)
2026-07-29 18:10:03,427 [INFO] ApiDb:671 - CubeFinder database FW Pack versions=[FP-ATR-ASTRA1_V2.0.0, FP-SNS-FLIGHT1_V5.1.0, FP-SNS-MOTENV1_V5.1.0, FP-SNS-MOTENVWB1_V1.5.0, FP-SNS-SMARTAG2_V1.2.0, FP-SNS-STBOX1_V2.1.0, STM32Cube_FW_C0_V1.4.0, STM32Cube_FW_F4_V1.28.3, STM32Cube_FW_F7_V1.17.4, STM32Cube_FW_G0_V1.6.3, STM32Cube_FW_G4_V1.6.2, STM32Cube_FW_H5_V1.7.0, STM32Cube_FW_H7RS_V1.3.0, STM32Cube_FW_H7_V1.13.0, STM32Cube_FW_L0_V1.12.2, STM32Cube_FW_L4_V1.18.2, STM32Cube_FW_L5_V1.6.0, STM32Cube_FW_N6_V1.4.0, STM32Cube_FW_U0_V1.3.0, STM32Cube_FW_U3_V1.4.0, STM32Cube_FW_U5_V1.9.0, STM32Cube_FW_WB0_V1.5.0, STM32Cube_FW_WBA_V1.10.0, STM32Cube_FW_WB_V1.24.0, STM32Cube_FW_WL3_V1.5.0, STM32Cube_FW_WL_V1.6.0, X-CUBE-ALGOBUILD_V1.5.0, X-CUBE-ALS_V1.0.2, X-CUBE-AZRTOS-F4_V1.1.0, X-CUBE-AZRTOS-F7_V1.1.0, X-CUBE-AZRTOS-G0_V1.1.0, X-CUBE-AZRTOS-G4_V2.0.0, X-CUBE-AZRTOS-H7RS_V1.1.0, X-CUBE-AZRTOS-H7_V3.5.0, X-CUBE-AZRTOS-L4_V2.0.0, X-CUBE-AZRTOS-L5_V2.0.0, X-CUBE-AZRTOS-WB_V2.0.0, X-CUBE-AZRTOS-WL_V2.0.0, X-CUBE-BLE1_V7.1.0, X-CUBE-BLE2_V3.3.0, X-CUBE-BLEMGR_V4.1.0, X-CUBE-EEPRMA1_V5.2.0, X-CUBE-FREERTOS_V1.5.0, X-CUBE-GNSS1_V7.1.1, X-CUBE-MEMS1_V12.1.0, X-CUBE-NFC4_V3.0.0, X-CUBE-NFC7_V2.0.0, X-CUBE-SFXS2LP1_V4.0.0, X-CUBE-ST67W61_V1.3.0, X-CUBE-SUBG2_V5.0.0, X-CUBE-TOF1_V3.4.3]
2026-07-29 18:10:05,416 [INFO] ApiDb:240 - Found 323 in-development CPN: [B-G473E-ZEST1S, B-WB1M-WPAN1, B-WL5M-SUBG1, NUCLEO-C031C6, NUCLEO-H503RB, NUCLEO-H563ZI, NUCLEO-U545RE-Q, NUCLEO-U5A5ZJ-Q, NUCLEO-WBA52CG, STEVAL-PROTEUS1, STEVAL-SMARTAG2, STEVAL-STWINBX1, STM320518-EVAL, STM32C0116-DK, STM32C011D6Y3TR, STM32C011D6Y6TR, STM32C011F4P3, STM32C011F4P6, STM32C011F4U3, STM32C011F4U6TR, STM32C011F6P3, STM32C011F6P6, STM32C011F6U3, STM32C011F6U6TR, STM32C011J4M3, STM32C011J4M6, STM32C011J6M3, STM32C011J6M6, STM32C0316-DK, STM32C031C4T3, STM32C031C4T6, STM32C031C4U3, STM32C031C4U6, STM32C031C6T3, STM32C031C6T6, STM32C031C6U3, STM32C031C6U6, STM32C031F4P3, STM32C031F4P6, STM32C031F6P3, STM32C031F6P6, STM32C031G4U3, STM32C031G4U6, STM32C031G6U3, STM32C031G6U6, STM32C031K4T3, STM32C031K4T6, STM32C031K4U3, STM32C031K4U6, STM32C031K6T3, STM32C031K6T6, STM32C031K6U3, STM32C031K6U6, STM32G071K8TXN, STM32G071K8UXN, STM32G081GBU6N, STM32G081KBT6N, STM32G081KBUXN, STM32G0B1CCT6N, STM32G0B1KCT6, STM32G0B1NEY6TR, STM32G0B1RCT6N, STM32G0C1CCT6, STM32G0C1CCT6N, STM32G0C1CCU6N, STM32G0C1CET6N, STM32G0C1CEU6N, STM32G0C1KCT6, STM32G0C1NEY6TR, STM32G0C1RCI6N, STM32G0C1RCT6N, STM32G0C1REI6N, STM32G0C1RET6N, STM32G0C1VCI6, STM32G0C1VEI6, STM32G471CCT6, STM32G471CCU6, STM32G471CET3, STM32G471CET6, STM32G471CEU3, STM32G471CEU6, STM32G471MCT6, STM32G471MET3, STM32G471MET6, STM32G471MEY6TR, STM32G471QCT6, STM32G471QET3, STM32G471RCT6, STM32G471RET3, STM32G471RET6, STM32G471VCH6, STM32G471VCI6, STM32G471VCT6, STM32G471VEH3, STM32G471VEH6, STM32G471VEI3, STM32G471VEI6, STM32G471VET3, STM32G471VET6, STM32G474CCT6, STM32H503CBT6, STM32H503CBU6, STM32H503EBY6TR, STM32H503KBU6, STM32H503RBT6, STM32H562AGI6, STM32H562AII6, STM32H562IGK6, STM32H562IGT6, STM32H562IIK6, STM32H562IIT6, STM32H562RGT6, STM32H562RGV6, STM32H562RIT6, STM32H562RIV6, STM32H562VGT6, STM32H562VIT6, STM32H562ZGT6, STM32H562ZIT6, STM32H563AGI6, STM32H563AII3Q, STM32H563AII6, STM32H563IGK6, STM32H563IGT6, STM32H563IIK3Q, STM32H563IIK6, STM32H563IIT3Q, STM32H563IIT6, STM32H563MIY3QTR, STM32H563RGT6, STM32H563RGV6, STM32H563RIT6, STM32H563RIV6, STM32H563VGT6, STM32H563VIT3Q, STM32H563VIT6, STM32H563ZGT6, STM32H563ZIT3Q, STM32H563ZIT6, STM32H573AII3Q, STM32H573AII6, STM32H573I-DK, STM32H573IIK3Q, STM32H573IIK6, STM32H573IIT3Q, STM32H573IIT6, STM32H573MIY3QTR, STM32H573RIT6, STM32H573RIV6, STM32H573VIT3Q, STM32H573VIT6, STM32H573ZIT3Q, STM32H573ZIT6, STM32L4R5QGI6STR, STM32MP131AAE3, STM32MP131AAF3, STM32MP131AAG3, STM32MP131CAE3, STM32MP131CAF3, STM32MP131CAG3, STM32MP131DAE7, STM32MP131DAF7, STM32MP131DAG7, STM32MP131FAE7, STM32MP131FAF7, STM32MP131FAG7, STM32MP133AAE3, STM32MP133AAF3, STM32MP133AAG3, STM32MP133CAE3, STM32MP133CAF3, STM32MP133CAG3, STM32MP133DAE7, STM32MP133DAF7, STM32MP133DAG7, STM32MP133FAE7, STM32MP133FAF7, STM32MP133FAG7, STM32MP135AAE3, STM32MP135AAF3, STM32MP135AAG3, STM32MP135CAE3, STM32MP135CAF3, STM32MP135CAG3, STM32MP135DAE7, STM32MP135DAF7, STM32MP135DAG7, STM32MP135F-DK, STM32MP135FAE7, STM32MP135FAF7, STM32MP135FAF7T, STM32MP135FAF7U, STM32MP135FAG7, STM32U535CBT6, STM32U535CBT6Q, STM32U535CBU6, STM32U535CBU6Q, STM32U535CCT6, STM32U535CCT6Q, STM32U535CCU6, STM32U535CCU6Q, STM32U535CET6, STM32U535CET6Q, STM32U535CEU6, STM32U535CEU6Q, STM32U535JEY6QTR, STM32U535NCY6QTR, STM32U535NEY6QTR, STM32U535RBI6, STM32U535RBI6Q, STM32U535RBT6, STM32U535RBT6Q, STM32U535RCI6, STM32U535RCI6Q, STM32U535RCT6, STM32U535RCT6Q, STM32U535REI6, STM32U535REI6Q, STM32U535RET6, STM32U535RET6Q, STM32U535VCI6, STM32U535VCI6Q, STM32U535VCT6, STM32U535VCT6Q, STM32U535VEI6, STM32U535VEI6Q, STM32U535VET6, STM32U535VET6Q, STM32U545CET6, STM32U545CET6Q, STM32U545CEU6, STM32U545CEU6Q, STM32U545JEY6QTR, STM32U545NEY6QTR, STM32U545REI6, STM32U545REI6Q, STM32U545RET6, STM32U545RET6Q, STM32U545VEI6, STM32U545VEI6Q, STM32U545VET6, STM32U545VET6Q, STM32U595AIH6, STM32U595AIH6Q, STM32U595AJH6, STM32U595AJH6Q, STM32U595QII6, STM32U595QII6Q, STM32U595QJI6, STM32U595QJI6Q, STM32U595RIT6, STM32U595RIT6Q, STM32U595RJT6, STM32U595RJT6Q, STM32U595VIT6, STM32U595VIT6Q, STM32U595VJT6, STM32U595VJT6Q, STM32U595ZIT6, STM32U595ZIT6Q, STM32U595ZIY6QTR, STM32U595ZJT6, STM32U595ZJT6Q, STM32U595ZJY6QTR, STM32U599BJY6QTR, STM32U599NIH6Q, STM32U599NJH6Q, STM32U599VIT6Q, STM32U599VJT6, STM32U599VJT6Q, STM32U599ZIT6Q, STM32U599ZIY6QTR, STM32U599ZJT6Q, STM32U599ZJY6QTR, STM32U5A5AJH6, STM32U5A5AJH6Q, STM32U5A5QJI6, STM32U5A5QJI6Q, STM32U5A5RJT6, STM32U5A5RJT6Q, STM32U5A5VJT6, STM32U5A5VJT6Q, STM32U5A5ZJT6, STM32U5A5ZJT6Q, STM32U5A5ZJY6QTR, STM32U5A9BJY6QTR, STM32U5A9J-DK, STM32U5A9NJH6Q, STM32U5A9VJT6Q, STM32U5A9ZJT6Q, STM32U5A9ZJY6QTR, STM32U5F7VIT6, STM32U5F7VIT6Q, STM32U5F7VJT6, STM32U5F7VJT6Q, STM32U5F9BJY6QTR, STM32U5F9NJH6Q, STM32U5F9VIT6Q, STM32U5F9VJT6Q, STM32U5F9ZIJ6QTR, STM32U5F9ZIT6Q, STM32U5F9ZJJ6QTR, STM32U5F9ZJT6Q, STM32U5G7VJT6, STM32U5G7VJT6Q, STM32U5G9BJY6QTR, STM32U5G9J-DK1, STM32U5G9J-DK2, STM32U5G9NJH6Q, STM32U5G9VJT6Q, STM32U5G9ZJJ6QTR, STM32U5G9ZJT6Q, STM32WB1MMCH6, STM32WBA52CEU6, STM32WBA52CEU6T, STM32WBA52CGU6, STM32WBA52CGU6T, STM32WBA52KEU6, STM32WBA52KEU6T, STM32WBA52KGU6, STM32WBA52KGU6T, STM32WL5MOCH6, STM32WL5MOCH6TR]
2026-07-29 18:10:05,420 [INFO] DbMcus:217 - Found 5228 MCUs, 5075 are supported
2026-07-29 18:10:05,420 [INFO] ApiDb:423 - Load user favorites file C:\Users\Admin/.stm32cubeide/favorites.mcus.txt: 4 item(s)
2026-07-29 18:10:05,420 [INFO] ApiDb:427 - User favorites MCUs=[STM32F103C8T6, STM32F405RGT6, STM32F411CEU6, STM32H523CET6]
2026-07-29 18:10:05,420 [INFO] DbMcus:223 - Set 4 / 4 favorites MCUs
2026-07-29 18:10:05,796 [WARN] ThirdParty:833 - waiting for thirdparty lock release [change project]
2026-07-29 18:10:05,796 [INFO] ThirdParty:835 - entering critical section [change project]
2026-07-29 18:10:05,796 [INFO] ThirdParty:1030 - CMSIS Pack Vendor :STMicroelectronics USBPD 4.1
2026-07-29 18:10:05,796 [INFO] ThirdParty:1030 - CMSIS Pack Vendor :STMicroelectronics USB_HOST 2.0.0
2026-07-29 18:10:05,796 [INFO] ThirdParty:1030 - CMSIS Pack Vendor :STMicroelectronics FP-ATR-ASTRA1 2.0.3
2026-07-29 18:10:05,796 [INFO] ThirdParty:1030 - CMSIS Pack Vendor :STMicroelectronics X-CUBE-AZRTOS-F4 1.1.0
2026-07-29 18:10:05,796 [INFO] ThirdParty:1030 - CMSIS Pack Vendor :STMicroelectronics LIBJPEG 8.0.0
2026-07-29 18:10:05,796 [INFO] ThirdParty:1030 - CMSIS Pack Vendor :STMicroelectronics FP-ATR-ASTRA1 2.0.2
2026-07-29 18:10:05,796 [INFO] ThirdParty:1030 - CMSIS Pack Vendor :STMicroelectronics X-CUBE-SMBUS 2.1.0
2026-07-29 18:10:05,796 [INFO] ThirdParty:1030 - CMSIS Pack Vendor :wolfSSL I-CUBE-wolfMQTT 1.19.2
2026-07-29 18:10:05,796 [INFO] ThirdParty:1030 - CMSIS Pack Vendor :STMicroelectronics USB_DEVICE 3.0.0
2026-07-29 18:10:05,796 [INFO] ThirdParty:1030 - CMSIS Pack Vendor :STMicroelectronics X-CUBE-AZRTOS-F7 1.1.0
2026-07-29 18:10:05,796 [INFO] ThirdParty:1030 - CMSIS Pack Vendor :STMicroelectronics USB_DEVICE 2.0.0
2026-07-29 18:10:05,796 [INFO] ThirdParty:1030 - CMSIS Pack Vendor :STMicroelectronics X-CUBE-ALGOBUILD 1.5.0
2026-07-29 18:10:05,797 [INFO] ThirdParty:1030 - CMSIS Pack Vendor :STMicroelectronics FreeRTOS 0.0.1
2026-07-29 18:10:05,797 [INFO] ThirdParty:1030 - CMSIS Pack Vendor :STMicroelectronics X-CUBE-AZRTOS-H7RS 1.3.0
2026-07-29 18:10:05,797 [INFO] ThirdParty:1030 - CMSIS Pack Vendor :STMicroelectronics X-CUBE-AZRTOS-G0 1.1.0
2026-07-29 18:10:05,797 [INFO] ThirdParty:1030 - CMSIS Pack Vendor :STMicroelectronics X-CUBE-NFC4 3.0.0
2026-07-29 18:10:05,797 [INFO] ThirdParty:1030 - CMSIS Pack Vendor :STMicroelectronics X-CUBE-SUBG2 5.0.0
2026-07-29 18:10:05,797 [INFO] ThirdParty:1030 - CMSIS Pack Vendor :STMicroelectronics STM32_WPAN 1.0.0
2026-07-29 18:10:05,797 [INFO] ThirdParty:1030 - CMSIS Pack Vendor :STMicroelectronics lwIP 2.0.3
2026-07-29 18:10:05,797 [INFO] ThirdParty:1030 - CMSIS Pack Vendor :STMicroelectronics X-CUBE-MEMS1 13.0.0
2026-07-29 18:10:05,797 [INFO] ThirdParty:1030 - CMSIS Pack Vendor :STMicroelectronics USB_HOST 1.0.0
2026-07-29 18:10:05,797 [INFO] ThirdParty:1030 - CMSIS Pack Vendor :STMicroelectronics X-CUBE-AZRTOS-G4 2.0.0
2026-07-29 18:10:05,797 [INFO] ThirdParty:1030 - CMSIS Pack Vendor :STMicroelectronics PDM2PCM 3.1.0
2026-07-29 18:10:05,797 [INFO] ThirdParty:1030 - CMSIS Pack Vendor :STMicroelectronics PDM2PCM 3.3.0
2026-07-29 18:10:05,797 [INFO] ThirdParty:1030 - CMSIS Pack Vendor :wolfSSL I-CUBE-wolfTPM 3.8.0
2026-07-29 18:10:05,797 [INFO] ThirdParty:1030 - CMSIS Pack Vendor :STMicroelectronics X-CUBE-DISPLAY 3.0.0
2026-07-29 18:10:05,797 [INFO] ThirdParty:1030 - CMSIS Pack Vendor :wolfSSL I-CUBE-wolfSSH 1.4.20
2026-07-29 18:10:05,797 [INFO] ThirdParty:1030 - CMSIS Pack Vendor :wolfSSL I-CUBE-wolfSSL 5.9.1
2026-07-29 18:10:05,797 [INFO] ThirdParty:1030 - CMSIS Pack Vendor :STMicroelectronics FP-ATR-SIGFOX1 3.2.0
2026-07-29 18:10:05,797 [INFO] ThirdParty:1030 - CMSIS Pack Vendor :STMicroelectronics HAL Drivers 0.0.0
2026-07-29 18:10:05,797 [INFO] ThirdParty:1030 - CMSIS Pack Vendor :STMicroelectronics MBEDTLS 2.16.2
2026-07-29 18:10:05,797 [INFO] ThirdParty:1030 - CMSIS Pack Vendor :emotas I-CUBE-CANOPEN 1.3.0
2026-07-29 18:10:05,797 [INFO] ThirdParty:1030 - CMSIS Pack Vendor :STMicroelectronics MBEDTLS 2.14.1
2026-07-29 18:10:05,797 [INFO] ThirdParty:1030 - CMSIS Pack Vendor :ITTIA_DB I-CUBE-ITTIADB 8.9.0
2026-07-29 18:10:05,797 [INFO] ThirdParty:1030 - CMSIS Pack Vendor :STMicroelectronics X-CUBE-TOUCHGFX 4.26.1
2026-07-29 18:10:05,797 [INFO] ThirdParty:1030 - CMSIS Pack Vendor :STMicroelectronics X-CUBE-AI 10.2.1
2026-07-29 18:10:05,797 [INFO] ThirdParty:1030 - CMSIS Pack Vendor :STMicroelectronics ThreadX 1.0.0
2026-07-29 18:10:05,797 [INFO] ThirdParty:1030 - CMSIS Pack Vendor :STMicroelectronics X-CUBE-MEMS1 12.1.0
2026-07-29 18:10:05,797 [INFO] ThirdParty:1030 - CMSIS Pack Vendor :STMicroelectronics X-CUBE-AZRTOS-WL 2.0.0
2026-07-29 18:10:05,797 [INFO] ThirdParty:1030 - CMSIS Pack Vendor :SEGGER I-CUBE-embOS 1.3.1
2026-07-29 18:10:05,797 [INFO] ThirdParty:1030 - CMSIS Pack Vendor :STMicroelectronics X-CUBE-ALGOBUILD 1.4.0
2026-07-29 18:10:05,797 [INFO] ThirdParty:1030 - CMSIS Pack Vendor :STMicroelectronics USB_DEVICE 1.0.0
2026-07-29 18:10:05,797 [INFO] ThirdParty:1030 - CMSIS Pack Vendor :STMicroelectronics X-CUBE-AZRTOS-H7RS 1.2.0
2026-07-29 18:10:05,797 [INFO] ThirdParty:1030 - CMSIS Pack Vendor :STMicroelectronics X-CUBE-AZRTOS-L4 2.0.0
2026-07-29 18:10:05,797 [INFO] ThirdParty:1030 - CMSIS Pack Vendor :STMicroelectronics ThreadX 0.0.2
2026-07-29 18:10:05,797 [INFO] ThirdParty:1030 - CMSIS Pack Vendor :STMicroelectronics lwIP 2.1.2
2026-07-29 18:10:05,797 [INFO] ThirdParty:1030 - CMSIS Pack Vendor :STMicroelectronics X-CUBE-SFXS2LP1 4.0.0
2026-07-29 18:10:05,798 [INFO] ThirdParty:1030 - CMSIS Pack Vendor :STMicroelectronics X-CUBE-BLE2 3.3.0
2026-07-29 18:10:05,798 [INFO] ThirdParty:1030 - CMSIS Pack Vendor :STMicroelectronics X-CUBE-NFC13 1.0.0
2026-07-29 18:10:05,798 [INFO] ThirdParty:1030 - CMSIS Pack Vendor :STMicroelectronics PDM2PCM 3.2.0
2026-07-29 18:10:05,798 [INFO] ThirdParty:841 - exiting critical section [change project]
2026-07-29 18:10:06,068 [INFO] PinOutPanel:1499 - setPackage(No Configuration,No Configuration)
2026-07-29 18:10:06,070 [INFO] PinOutPanel:1499 - setPackage(STM32F411CEUx,UFQFPN48)
2026-07-29 18:10:06,396 [INFO] UtilMem:75 - Before build in PCC Used Memory: 537599504 Bytes (1073741824)
2026-07-29 18:10:07,231 [INFO] UtilMem:75 - After build in PCC Used Memory: 604682704 Bytes (1073741824)
2026-07-29 18:10:07,266 [INFO] IPUIPlugin:80 - create IPUIPlugin
2026-07-29 18:10:07,266 [INFO] IPUIPlugin:80 - create IPUIPlugin
2026-07-29 18:10:07,266 [INFO] IPUIPlugin:80 - create IPUIPlugin
2026-07-29 18:10:07,266 [INFO] IPUIPlugin:80 - create IPUIPlugin
2026-07-29 18:10:07,266 [INFO] IPUIPlugin:80 - create IPUIPlugin
2026-07-29 18:10:07,267 [INFO] IPUIPlugin:80 - create IPUIPlugin
2026-07-29 18:10:07,267 [INFO] IPUIPlugin:80 - create IPUIPlugin
2026-07-29 18:10:07,267 [INFO] IPUIPlugin:80 - create IPUIPlugin
2026-07-29 18:10:07,267 [INFO] IPUIPlugin:80 - create IPUIPlugin
2026-07-29 18:10:07,268 [INFO] IPUIPlugin:80 - create IPUIPlugin
2026-07-29 18:10:07,268 [INFO] IPUIPlugin:80 - create IPUIPlugin
2026-07-29 18:10:07,268 [INFO] IPUIPlugin:80 - create IPUIPlugin
2026-07-29 18:10:07,268 [INFO] IPUIPlugin:80 - create IPUIPlugin
2026-07-29 18:10:07,268 [INFO] IPUIPlugin:80 - create IPUIPlugin
2026-07-29 18:10:07,268 [INFO] IPUIPlugin:80 - create IPUIPlugin
2026-07-29 18:10:07,268 [INFO] IPUIPlugin:80 - create IPUIPlugin
2026-07-29 18:10:07,269 [INFO] IPUIPlugin:80 - create IPUIPlugin
2026-07-29 18:10:07,269 [INFO] IPUIPlugin:80 - create IPUIPlugin
2026-07-29 18:10:07,269 [INFO] IPUIPlugin:80 - create IPUIPlugin
2026-07-29 18:10:07,269 [INFO] IPUIPlugin:80 - create IPUIPlugin
2026-07-29 18:10:07,269 [INFO] IPUIPlugin:80 - create IPUIPlugin
2026-07-29 18:10:07,270 [INFO] IPUIPlugin:80 - create IPUIPlugin
2026-07-29 18:10:07,270 [INFO] IPUIPlugin:80 - create IPUIPlugin
2026-07-29 18:10:07,270 [INFO] IPUIPlugin:80 - create IPUIPlugin
2026-07-29 18:10:07,270 [INFO] IPUIPlugin:80 - create IPUIPlugin
2026-07-29 18:10:07,270 [INFO] IPUIPlugin:80 - create IPUIPlugin
2026-07-29 18:10:07,270 [INFO] IPUIPlugin:80 - create IPUIPlugin
2026-07-29 18:10:07,271 [INFO] IPUIPlugin:80 - create IPUIPlugin
2026-07-29 18:10:07,271 [INFO] IPUIPlugin:80 - create IPUIPlugin
2026-07-29 18:10:07,271 [INFO] IPUIPlugin:80 - create IPUIPlugin
2026-07-29 18:10:07,271 [INFO] IPUIPlugin:80 - create IPUIPlugin
2026-07-29 18:10:07,271 [INFO] IPUIPlugin:80 - create IPUIPlugin
2026-07-29 18:10:07,272 [INFO] IPUIPlugin:80 - create IPUIPlugin
2026-07-29 18:10:07,272 [INFO] IPUIPlugin:80 - create IPUIPlugin
2026-07-29 18:10:07,272 [INFO] IPUIPlugin:80 - create IPUIPlugin
2026-07-29 18:10:07,272 [INFO] IPUIPlugin:80 - create IPUIPlugin
2026-07-29 18:10:07,272 [INFO] IPUIPlugin:80 - create IPUIPlugin
2026-07-29 18:10:07,273 [INFO] IPUIPlugin:80 - create IPUIPlugin
2026-07-29 18:10:07,273 [INFO] IPUIPlugin:80 - create IPUIPlugin
2026-07-29 18:10:07,273 [INFO] IPUIPlugin:80 - create IPUIPlugin
2026-07-29 18:10:07,273 [INFO] IPUIPlugin:80 - create IPUIPlugin
2026-07-29 18:10:07,273 [INFO] IPUIPlugin:80 - create IPUIPlugin
2026-07-29 18:10:07,274 [INFO] IPUIPlugin:80 - create IPUIPlugin
2026-07-29 18:10:07,357 [INFO] ApiDbMcu:507 - Load IP Config File for PDM2PCM
2026-07-29 18:10:07,549 [INFO] CADModel:165 - CPN selected for project levelSTM32F411CEU6
2026-07-29 18:10:07,550 [INFO] CADModel:114 - Register for checkConnection events
2026-07-29 18:10:07,598 [INFO] OpenFileManager:328 - Restore cursor
2026-07-29 18:19:46,189 [WARN] IP:2114 - I2C_Coeff_DF not found: check if there is a RefParameter without a condition.
2026-07-29 18:19:46,189 [WARN] IP:2114 - Analog_Filter not found: check if there is a RefParameter without a condition.
2026-07-29 18:19:46,204 [WARN] IP:2114 - I2C_Coeff_DF not found: check if there is a RefParameter without a condition.
2026-07-29 18:19:46,204 [WARN] IP:2114 - Analog_Filter not found: check if there is a RefParameter without a condition.
2026-07-29 18:19:46,205 [WARN] IP:2114 - I2C_Coeff_DF not found: check if there is a RefParameter without a condition.
2026-07-29 18:19:46,205 [WARN] IP:2114 - Analog_Filter not found: check if there is a RefParameter without a condition.
2026-07-29 18:19:46,315 [WARN] IP:2114 - I2C_Coeff_DF not found: check if there is a RefParameter without a condition.
2026-07-29 18:19:46,315 [WARN] IP:2114 - Analog_Filter not found: check if there is a RefParameter without a condition.
2026-07-29 18:19:46,317 [WARN] IP:2114 - I2C_Coeff_DF not found: check if there is a RefParameter without a condition.
2026-07-29 18:19:46,317 [WARN] IP:2114 - Analog_Filter not found: check if there is a RefParameter without a condition.
2026-07-29 18:19:52,470 [WARN] IP:2114 - I2C_Coeff_DF not found: check if there is a RefParameter without a condition.
2026-07-29 18:19:52,470 [WARN] IP:2114 - Analog_Filter not found: check if there is a RefParameter without a condition.
2026-07-29 18:19:52,481 [WARN] IP:2114 - I2C_Coeff_DF not found: check if there is a RefParameter without a condition.
2026-07-29 18:19:52,481 [WARN] IP:2114 - Analog_Filter not found: check if there is a RefParameter without a condition.
2026-07-29 18:19:52,481 [WARN] IP:2114 - I2C_Coeff_DF not found: check if there is a RefParameter without a condition.
2026-07-29 18:19:52,481 [WARN] IP:2114 - Analog_Filter not found: check if there is a RefParameter without a condition.
2026-07-29 18:19:52,520 [WARN] IP:2114 - I2C_Coeff_DF not found: check if there is a RefParameter without a condition.
2026-07-29 18:19:52,520 [WARN] IP:2114 - Analog_Filter not found: check if there is a RefParameter without a condition.
2026-07-29 18:19:52,521 [WARN] IP:2114 - I2C_Coeff_DF not found: check if there is a RefParameter without a condition.
2026-07-29 18:19:52,521 [WARN] IP:2114 - Analog_Filter not found: check if there is a RefParameter without a condition.
2026-07-29 18:20:01,713 [WARN] IP:2114 - I2C_Coeff_DF not found: check if there is a RefParameter without a condition.
2026-07-29 18:20:01,713 [WARN] IP:2114 - Analog_Filter not found: check if there is a RefParameter without a condition.
2026-07-29 18:20:01,726 [WARN] IP:2114 - I2C_Coeff_DF not found: check if there is a RefParameter without a condition.
2026-07-29 18:20:01,726 [WARN] IP:2114 - Analog_Filter not found: check if there is a RefParameter without a condition.
2026-07-29 18:20:01,726 [WARN] IP:2114 - I2C_Coeff_DF not found: check if there is a RefParameter without a condition.
2026-07-29 18:20:01,726 [WARN] IP:2114 - Analog_Filter not found: check if there is a RefParameter without a condition.
2026-07-29 18:20:01,769 [WARN] IP:2114 - I2C_Coeff_DF not found: check if there is a RefParameter without a condition.
2026-07-29 18:20:01,769 [WARN] IP:2114 - Analog_Filter not found: check if there is a RefParameter without a condition.
2026-07-29 18:20:01,771 [WARN] IP:2114 - I2C_Coeff_DF not found: check if there is a RefParameter without a condition.
2026-07-29 18:20:01,771 [WARN] IP:2114 - Analog_Filter not found: check if there is a RefParameter without a condition.
2026-07-29 18:37:43,160 [WARN] IP:2114 - I2C_Coeff_DF not found: check if there is a RefParameter without a condition.
2026-07-29 18:37:43,160 [WARN] IP:2114 - Analog_Filter not found: check if there is a RefParameter without a condition.
2026-07-29 18:50:40,805 [WARN] IP:2114 - I2C_Coeff_DF not found: check if there is a RefParameter without a condition.
2026-07-29 18:50:40,806 [WARN] IP:2114 - Analog_Filter not found: check if there is a RefParameter without a condition.
2026-07-29 18:50:43,790 [WARN] IP:2114 - I2C_Coeff_DF not found: check if there is a RefParameter without a condition.
2026-07-29 18:50:43,790 [WARN] IP:2114 - Analog_Filter not found: check if there is a RefParameter without a condition.
2026-07-29 18:57:02,992 [INFO] WebApp:330 - JxBrowser engine has been closed 
2026-07-29 18:57:15,107 [ERROR] LogOutputStream:75 - [STDERR_REDIRECT] 
