2026-08-04 14:11:31,687 [INFO] Activator:176 - 


2026-08-04 14:11:31,693 [INFO] Activator:177 - !SESSION log4j initialized
2026-08-04 14:11:36,109 [INFO] LogOutputStream:77 - [STDOUT_REDIRECT] 
2026-08-04 14:11:37,286 [INFO] ApplicationProperties:184 - Using Application install path: C:\ST\STM32CubeIDE_1.13.1\STM32CubeIDE\plugins\com.st.stm32cube.common.mx_6.9.1.202307191849
2026-08-04 14:11:37,302 [INFO] DbMcusXml:78 - Set database path to: C:\ST\STM32CubeIDE_1.13.1\STM32CubeIDE\plugins\com.st.stm32cube.common.mx_6.9.1.202307191849\\db\/mcu/
2026-08-04 14:11:37,303 [INFO] ApiDb:274 - Set plugin database path to: C:\ST\STM32CubeIDE_1.13.1\STM32CubeIDE\plugins\com.st.stm32cube.common.mx_6.9.1.202307191849\\db\/plugins/boardmanager/
2026-08-04 14:11:37,304 [WARN] ApiDb:259 - Overriding images path with different value:  => C:\ST\STM32CubeIDE_1.13.1\STM32CubeIDE\plugins\com.st.stm32cube.common.mx_6.9.1.202307191849\\db\/plugins/mcufinder/images/
2026-08-04 14:11:37,314 [INFO] ApiDb:250 - Set database path to: C:\Users\Admin\.stmcufinder\plugins\mcufinder//mcu/
2026-08-04 14:11:37,315 [INFO] DbMcusAds:125 - Set database path to: C:\Users\Admin\.stmcufinder\plugins\mcufinder//mcu/
2026-08-04 14:11:37,317 [INFO] CrossReferenceDbSqlite:203 - Set database path to: C:\Users\Admin\.stmcufinder\plugins\mcufinder//mcu/cs/
2026-08-04 14:11:37,395 [INFO] RulesReader:64 - Compatibility file has been processed (293 Rules)
2026-08-04 14:11:37,462 [INFO] DbMcusXml:78 - Set database path to: C:\ST\STM32CubeIDE_1.13.1\STM32CubeIDE\plugins\com.st.stm32cube.common.mx_6.9.1.202307191849\\db\/mcu/
2026-08-04 14:11:37,462 [INFO] ApiDb:274 - Set plugin database path to: C:\ST\STM32CubeIDE_1.13.1\STM32CubeIDE\plugins\com.st.stm32cube.common.mx_6.9.1.202307191849\\db\/plugins/boardmanager/
2026-08-04 14:11:37,463 [INFO] ApiDb:261 - Set plugin images path to: C:\ST\STM32CubeIDE_1.13.1\STM32CubeIDE\plugins\com.st.stm32cube.common.mx_6.9.1.202307191849\\db\/plugins/mcufinder/images/
2026-08-04 14:11:37,463 [WARN] DbFile:41 - Overriding database path with different value: C:\Users\Admin\.stmcufinder\plugins\mcufinder/ => C:\Users\Admin\.stmcufinder\plugins\mcufinder
2026-08-04 14:11:37,463 [INFO] ApiDb:250 - Set database path to: C:\Users\Admin\.stmcufinder\plugins\mcufinder//mcu/
2026-08-04 14:11:37,463 [WARN] DbFile:41 - Overriding database path with different value: C:\Users\Admin\.stmcufinder\plugins\mcufinder/ => C:\Users\Admin\.stmcufinder\plugins\mcufinder
2026-08-04 14:11:37,463 [INFO] DbMcusAds:125 - Set database path to: C:\Users\Admin\.stmcufinder\plugins\mcufinder//mcu/
2026-08-04 14:11:37,463 [WARN] DbFile:41 - Overriding database path with different value: C:\Users\Admin\.stmcufinder\plugins\mcufinder/ => C:\Users\Admin\.stmcufinder\plugins\mcufinder
2026-08-04 14:11:37,463 [WARN] DbFile:41 - Overriding database path with different value: C:\Users\Admin\.stmcufinder\plugins\mcufinder/ => C:\Users\Admin\.stmcufinder\plugins\mcufinder
2026-08-04 14:11:37,463 [INFO] CrossReferenceDbSqlite:203 - Set database path to: C:\Users\Admin\.stmcufinder\plugins\mcufinder//mcu/cs/
2026-08-04 14:11:37,524 [INFO] MainPanel:262 - HeapMemory: 268435456
2026-08-04 14:11:37,604 [INFO] DbMcusXml:78 - Set database path to: C:\ST\STM32CubeIDE_1.13.1\STM32CubeIDE\plugins\com.st.stm32cube.common.mx_6.9.1.202307191849\\db\/mcu/
2026-08-04 14:11:37,604 [INFO] ApiDb:274 - Set plugin database path to: C:\ST\STM32CubeIDE_1.13.1\STM32CubeIDE\plugins\com.st.stm32cube.common.mx_6.9.1.202307191849\\db\/plugins/boardmanager/
2026-08-04 14:11:37,605 [INFO] ApiDb:261 - Set plugin images path to: C:\ST\STM32CubeIDE_1.13.1\STM32CubeIDE\plugins\com.st.stm32cube.common.mx_6.9.1.202307191849\\db\/plugins/mcufinder/images/
2026-08-04 14:11:37,605 [WARN] DbFile:41 - Overriding database path with different value: C:\Users\Admin\.stmcufinder\plugins\mcufinder/ => C:\Users\Admin\.stmcufinder\plugins\mcufinder
2026-08-04 14:11:37,605 [INFO] ApiDb:250 - Set database path to: C:\Users\Admin\.stmcufinder\plugins\mcufinder//mcu/
2026-08-04 14:11:37,605 [WARN] DbFile:41 - Overriding database path with different value: C:\Users\Admin\.stmcufinder\plugins\mcufinder/ => C:\Users\Admin\.stmcufinder\plugins\mcufinder
2026-08-04 14:11:37,605 [INFO] DbMcusAds:125 - Set database path to: C:\Users\Admin\.stmcufinder\plugins\mcufinder//mcu/
2026-08-04 14:11:37,605 [WARN] DbFile:41 - Overriding database path with different value: C:\Users\Admin\.stmcufinder\plugins\mcufinder/ => C:\Users\Admin\.stmcufinder\plugins\mcufinder
2026-08-04 14:11:37,605 [WARN] DbFile:41 - Overriding database path with different value: C:\Users\Admin\.stmcufinder\plugins\mcufinder/ => C:\Users\Admin\.stmcufinder\plugins\mcufinder
2026-08-04 14:11:37,605 [INFO] CrossReferenceDbSqlite:203 - Set database path to: C:\Users\Admin\.stmcufinder\plugins\mcufinder//mcu/cs/
2026-08-04 14:11:37,620 [INFO] ApplicationProperties:184 - Using Application install path: C:\ST\STM32CubeIDE_1.13.1\STM32CubeIDE\plugins\com.st.stm32cube.common.mx_6.9.1.202307191849
2026-08-04 14:11:37,621 [INFO] PluginManage:196 - Search for loadable plugins [exclusion list=, ]
2026-08-04 14:11:37,623 [INFO] PluginManage:310 - Check plugin analytics
2026-08-04 14:11:37,746 [INFO] AnalyticsPlugin:253 - Accepted Software Licenses: STM32CubeMX.6.18.0
2026-08-04 14:11:37,746 [INFO] AnalyticsPlugin:255 - Accepted CMSIS Pack Licenses: 
2026-08-04 14:11:37,747 [INFO] AnalyticsPlugin:257 - Accepted Firmware Licenses: FW.F4.1.27.0,FW.F4.1.28.0,FW.F4.1.28.3
2026-08-04 14:11:37,749 [INFO] PluginManage:359 - Loaded plugin analytics (category:tool,tabindex:-1)
2026-08-04 14:11:37,750 [INFO] PluginManage:310 - Check plugin cadmodel
2026-08-04 14:11:37,755 [INFO] CADModel:105 - Init CAD model plugin
2026-08-04 14:11:37,756 [INFO] PluginManage:359 - Loaded plugin cadmodel (category:power,tabindex:5)
2026-08-04 14:11:37,756 [INFO] PluginManage:310 - Check plugin clock
2026-08-04 14:11:37,765 [INFO] PluginManage:359 - Loaded plugin clock (category:base,tabindex:2)
2026-08-04 14:11:37,765 [INFO] PluginManage:310 - Check plugin ddr
2026-08-04 14:11:37,768 [INFO] PluginManage:359 - Loaded plugin ddr (category:tool,tabindex:6)
2026-08-04 14:11:37,768 [INFO] PluginManage:310 - Check plugin filemanager
2026-08-04 14:11:37,873 [INFO] PluginManage:359 - Loaded plugin filemanager (category:base,tabindex:10)
2026-08-04 14:11:37,874 [INFO] PluginManage:310 - Check plugin ipmanager
2026-08-04 14:11:37,878 [INFO] PluginManage:359 - Loaded plugin ipmanager (category:base,tabindex:5)
2026-08-04 14:11:37,878 [INFO] PluginManage:310 - Check plugin lpbam
2026-08-04 14:11:37,886 [INFO] PluginManage:359 - Loaded plugin lpbam (category:base,tabindex:0)
2026-08-04 14:11:37,886 [INFO] PluginManage:310 - Check plugin memorymap
2026-08-04 14:11:37,896 [INFO] PluginManage:359 - Loaded plugin memorymap (category:base,tabindex:4)
2026-08-04 14:11:37,897 [INFO] PluginManage:310 - Check plugin pinoutandconfiguration
2026-08-04 14:11:37,903 [INFO] PluginManage:359 - Loaded plugin pinoutandconfiguration (category:base,tabindex:1)
2026-08-04 14:11:37,903 [INFO] PluginManage:310 - Check plugin pinoutconfig
2026-08-04 14:11:37,971 [WARN] SupportedApi:132 - Cannot load RTOS API schema: s4s-elt-must-match.1: The content of 'definitions' must match (annotation?, (simpleType | complexType)?, (unique | key | keyref)*)). A problem was found starting at: attribute.
2026-08-04 14:11:38,072 [INFO] PluginManage:359 - Loaded plugin pinoutconfig (category:base,tabindex:0)
2026-08-04 14:11:38,072 [INFO] PluginManage:310 - Check plugin power
2026-08-04 14:11:38,081 [INFO] PluginManage:359 - Loaded plugin power (category:power,tabindex:4)
2026-08-04 14:11:38,081 [INFO] PluginManage:310 - Check plugin projectmanager
2026-08-04 14:11:38,093 [INFO] PluginManage:359 - Loaded plugin projectmanager (category:projectmanager,tabindex:3)
2026-08-04 14:11:38,093 [INFO] PluginManage:310 - Check plugin thirdparty
2026-08-04 14:11:38,200 [INFO] PluginManage:359 - Loaded plugin thirdparty (category:base,tabindex:-1)
2026-08-04 14:11:38,200 [WARN] IntegrityCheckThread:84 - waiting for thirdparty lock release [integrity check]
2026-08-04 14:11:38,200 [INFO] PluginManage:310 - Check plugin tools
2026-08-04 14:11:38,201 [INFO] IntegrityCheckThread:86 - entering critical section [integrity check]
2026-08-04 14:11:38,201 [INFO] ThirdPartyUpdaterWithRetryManager:70 - Updater plugin not ready yet. [1/15]
2026-08-04 14:11:38,204 [INFO] PluginManage:359 - Loaded plugin tools (category:base,tabindex:7)
2026-08-04 14:11:38,204 [INFO] PluginManage:310 - Check plugin tutovideos
2026-08-04 14:11:38,340 [INFO] PluginManage:359 - Loaded plugin tutovideos (category:base,tabindex:-1)
2026-08-04 14:11:38,341 [INFO] PluginManage:310 - Check plugin updater
2026-08-04 14:11:38,350 [INFO] PluginManage:359 - Loaded plugin updater (category:base,tabindex:12)
2026-08-04 14:11:38,350 [INFO] PluginManage:310 - Check plugin userauth
2026-08-04 14:11:38,354 [INFO] UserAuth:113 - Init User Auth plugin
2026-08-04 14:11:38,354 [INFO] PluginManage:359 - Loaded plugin userauth (category:base,tabindex:14)
2026-08-04 14:11:38,355 [INFO] PluginManage:283 - PluginManage : Loaded plugins [17]
2026-08-04 14:11:38,533 [INFO] PinOutPanel:1499 - setPackage(No Configuration,No Configuration)
2026-08-04 14:11:38,608 [INFO] CADModel:165 - CPN selected for project level
2026-08-04 14:11:38,608 [INFO] CADModel:114 - Register for checkConnection events
2026-08-04 14:11:38,622 [INFO] IPUIPlugin:80 - create IPUIPlugin
2026-08-04 14:11:38,622 [INFO] PluginManager:220 - loadIPPluginJar : add adc
2026-08-04 14:11:38,624 [INFO] IPUIPlugin:80 - create IPUIPlugin
2026-08-04 14:11:38,624 [INFO] PluginManager:220 - loadIPPluginJar : add aes
2026-08-04 14:11:38,626 [INFO] IPUIPlugin:80 - create IPUIPlugin
2026-08-04 14:11:38,626 [INFO] PluginManager:220 - loadIPPluginJar : add can
2026-08-04 14:11:38,627 [INFO] IPUIPlugin:80 - create IPUIPlugin
2026-08-04 14:11:38,627 [INFO] PluginManager:220 - loadIPPluginJar : add comp
2026-08-04 14:11:38,629 [INFO] IPUIPlugin:80 - create IPUIPlugin
2026-08-04 14:11:38,629 [INFO] PluginManager:220 - loadIPPluginJar : add cryp
2026-08-04 14:11:38,631 [INFO] IPUIPlugin:80 - create IPUIPlugin
2026-08-04 14:11:38,631 [INFO] PluginManager:220 - loadIPPluginJar : add dfsdm
2026-08-04 14:11:38,634 [INFO] IPUIPlugin:80 - create IPUIPlugin
2026-08-04 14:11:38,634 [INFO] PluginManager:220 - loadIPPluginJar : add dma
2026-08-04 14:11:38,636 [INFO] IPUIPlugin:80 - create IPUIPlugin
2026-08-04 14:11:38,636 [INFO] PluginManager:220 - loadIPPluginJar : add dma3
2026-08-04 14:11:38,637 [INFO] IPUIPlugin:80 - create IPUIPlugin
2026-08-04 14:11:38,637 [INFO] PluginManager:220 - loadIPPluginJar : add fatfs
2026-08-04 14:11:38,640 [INFO] IPUIPlugin:80 - create IPUIPlugin
2026-08-04 14:11:38,640 [INFO] PluginManager:220 - loadIPPluginJar : add fmc
2026-08-04 14:11:38,644 [INFO] IPUIPlugin:80 - create IPUIPlugin
2026-08-04 14:11:38,644 [INFO] PluginManager:220 - loadIPPluginJar : add freertos
2026-08-04 14:11:38,645 [INFO] IPUIPlugin:80 - create IPUIPlugin
2026-08-04 14:11:38,645 [INFO] PluginManager:220 - loadIPPluginJar : add genericplugin
2026-08-04 14:11:38,646 [INFO] IPUIPlugin:80 - create IPUIPlugin
2026-08-04 14:11:38,647 [INFO] PluginManager:220 - loadIPPluginJar : add gfxmmu
2026-08-04 14:11:38,650 [INFO] IPUIPlugin:80 - create IPUIPlugin
2026-08-04 14:11:38,650 [INFO] PluginManager:220 - loadIPPluginJar : add gic
2026-08-04 14:11:38,653 [INFO] IPUIPlugin:80 - create IPUIPlugin
2026-08-04 14:11:38,653 [INFO] PluginManager:220 - loadIPPluginJar : add gpio
2026-08-04 14:11:38,655 [INFO] IPUIPlugin:80 - create IPUIPlugin
2026-08-04 14:11:38,655 [INFO] PluginManager:220 - loadIPPluginJar : add gtzc
2026-08-04 14:11:38,657 [INFO] IPUIPlugin:80 - create IPUIPlugin
2026-08-04 14:11:38,657 [INFO] PluginManager:220 - loadIPPluginJar : add hash
2026-08-04 14:11:38,658 [INFO] IPUIPlugin:80 - create IPUIPlugin
2026-08-04 14:11:38,658 [INFO] PluginManager:220 - loadIPPluginJar : add i2c
2026-08-04 14:11:38,660 [INFO] IPUIPlugin:80 - create IPUIPlugin
2026-08-04 14:11:38,660 [INFO] PluginManager:220 - loadIPPluginJar : add i2s
2026-08-04 14:11:38,662 [INFO] IPUIPlugin:80 - create IPUIPlugin
2026-08-04 14:11:38,662 [INFO] PluginManager:220 - loadIPPluginJar : add i3c
2026-08-04 14:11:38,664 [INFO] IPUIPlugin:80 - create IPUIPlugin
2026-08-04 14:11:38,664 [INFO] PluginManager:220 - loadIPPluginJar : add ipddr
2026-08-04 14:11:38,670 [INFO] IPUIPlugin:80 - create IPUIPlugin
2026-08-04 14:11:38,670 [INFO] PluginManager:220 - loadIPPluginJar : add linkedlist
2026-08-04 14:11:38,671 [INFO] IPUIPlugin:80 - create IPUIPlugin
2026-08-04 14:11:38,671 [INFO] PluginManager:220 - loadIPPluginJar : add lorawan
2026-08-04 14:11:38,672 [INFO] IPUIPlugin:80 - create IPUIPlugin
2026-08-04 14:11:38,672 [INFO] PluginManager:220 - loadIPPluginJar : add ltdc
2026-08-04 14:11:38,677 [INFO] IPUIPlugin:80 - create IPUIPlugin
2026-08-04 14:11:38,677 [INFO] PluginManager:220 - loadIPPluginJar : add mdma
2026-08-04 14:11:38,679 [INFO] IPUIPlugin:80 - create IPUIPlugin
2026-08-04 14:11:38,680 [INFO] PluginManager:220 - loadIPPluginJar : add nvic
2026-08-04 14:11:38,681 [INFO] IPUIPlugin:80 - create IPUIPlugin
2026-08-04 14:11:38,681 [INFO] PluginManager:220 - loadIPPluginJar : add opamp
2026-08-04 14:11:38,683 [INFO] IPUIPlugin:80 - create IPUIPlugin
2026-08-04 14:11:38,683 [INFO] PluginManager:220 - loadIPPluginJar : add openamp
2026-08-04 14:11:38,685 [INFO] IPUIPlugin:80 - create IPUIPlugin
2026-08-04 14:11:38,685 [INFO] PluginManager:220 - loadIPPluginJar : add pdm2pcm
2026-08-04 14:11:38,689 [INFO] IPUIPlugin:80 - create IPUIPlugin
2026-08-04 14:11:38,691 [INFO] PluginManager:220 - loadIPPluginJar : add plateformsettings
2026-08-04 14:11:38,692 [INFO] IPUIPlugin:80 - create IPUIPlugin
2026-08-04 14:11:38,692 [INFO] PluginManager:220 - loadIPPluginJar : add quadspi
2026-08-04 14:11:38,695 [INFO] IPUIPlugin:80 - create IPUIPlugin
2026-08-04 14:11:38,695 [INFO] PluginManager:220 - loadIPPluginJar : add resmgrutility
2026-08-04 14:11:38,697 [INFO] IPUIPlugin:80 - create IPUIPlugin
2026-08-04 14:11:38,697 [INFO] PluginManager:220 - loadIPPluginJar : add sai
2026-08-04 14:11:38,699 [INFO] IPUIPlugin:80 - create IPUIPlugin
2026-08-04 14:11:38,699 [INFO] PluginManager:220 - loadIPPluginJar : add spi
2026-08-04 14:11:38,702 [INFO] IPUIPlugin:80 - create IPUIPlugin
2026-08-04 14:11:38,702 [INFO] PluginManager:220 - loadIPPluginJar : add stm32_wpan
2026-08-04 14:11:38,703 [INFO] IPUIPlugin:80 - create IPUIPlugin
2026-08-04 14:11:38,703 [INFO] PluginManager:220 - loadIPPluginJar : add tim
2026-08-04 14:11:38,705 [INFO] IPUIPlugin:80 - create IPUIPlugin
2026-08-04 14:11:38,705 [INFO] PluginManager:220 - loadIPPluginJar : add touchsensing
2026-08-04 14:11:38,707 [INFO] IPUIPlugin:80 - create IPUIPlugin
2026-08-04 14:11:38,707 [INFO] PluginManager:220 - loadIPPluginJar : add tracer_emb
2026-08-04 14:11:38,708 [INFO] IPUIPlugin:80 - create IPUIPlugin
2026-08-04 14:11:38,708 [INFO] PluginManager:220 - loadIPPluginJar : add ts
2026-08-04 14:11:38,709 [INFO] IPUIPlugin:80 - create IPUIPlugin
2026-08-04 14:11:38,709 [INFO] PluginManager:220 - loadIPPluginJar : add tsc
2026-08-04 14:11:38,710 [INFO] IPUIPlugin:80 - create IPUIPlugin
2026-08-04 14:11:38,710 [INFO] PluginManager:220 - loadIPPluginJar : add ucpd
2026-08-04 14:11:38,712 [INFO] IPUIPlugin:80 - create IPUIPlugin
2026-08-04 14:11:38,712 [INFO] PluginManager:220 - loadIPPluginJar : add usart
2026-08-04 14:11:38,714 [INFO] IPUIPlugin:80 - create IPUIPlugin
2026-08-04 14:11:38,714 [INFO] PluginManager:220 - loadIPPluginJar : add usbx
2026-08-04 14:11:38,823 [INFO] CADModel:165 - CPN selected for project level
2026-08-04 14:11:38,823 [INFO] CADModel:114 - Register for checkConnection events
2026-08-04 14:11:38,823 [FATAL] Updater:308 - Updater called before beeing initialized
2026-08-04 14:11:38,823 [ERROR] CADModel:125 - Updater not yet initialized, retry later 
2026-08-04 14:11:38,944 [INFO] CADModel:165 - CPN selected for project level
2026-08-04 14:11:38,944 [INFO] CADModel:114 - Register for checkConnection events
2026-08-04 14:11:38,944 [FATAL] Updater:308 - Updater called before beeing initialized
2026-08-04 14:11:38,944 [ERROR] CADModel:125 - Updater not yet initialized, retry later 
2026-08-04 14:11:38,947 [FATAL] Updater:308 - Updater called before beeing initialized
2026-08-04 14:11:39,030 [FATAL] Updater:308 - Updater called before beeing initialized
2026-08-04 14:11:39,035 [INFO] DbMcusAds:53 - JSON generation date=Wed Jul 15 16:44:54 GMT+07:00 2026 (1784108694001)
2026-08-04 14:11:39,036 [FATAL] Updater:308 - Updater called before beeing initialized
2026-08-04 14:11:39,071 [WARN] DetailPanel:346 - Failed to get advertising image, set to default
2026-08-04 14:11:39,152 [FATAL] Updater:308 - Updater called before beeing initialized
2026-08-04 14:11:39,153 [FATAL] Updater:308 - Updater called before beeing initialized
2026-08-04 14:11:39,153 [FATAL] Updater:308 - Updater called before beeing initialized
2026-08-04 14:11:39,153 [WARN] DetailPanel:346 - Failed to get advertising image, set to default
2026-08-04 14:11:39,154 [FATAL] Updater:308 - Updater called before beeing initialized
2026-08-04 14:11:39,191 [ERROR] Updater:1120 - MainUpdater not yet initialized. External WinMGr cannot be set.
2026-08-04 14:11:39,193 [INFO] Updater:1056 - Updater Version found : 6.9.1
2026-08-04 14:11:39,209 [INFO] ApplicationProperties:184 - Using Application install path: C:\ST\STM32CubeIDE_1.13.1\STM32CubeIDE\plugins\com.st.stm32cube.common.mx_6.9.1.202307191849
2026-08-04 14:11:40,224 [INFO] MainUpdater:2868 - connection check result : 10
2026-08-04 14:11:40,225 [INFO] MainUpdater:285 - Updater Check For Update Now.
2026-08-04 14:11:40,225 [INFO] MicroXplorer:498 - Change Database Version : DB.6.0.91
2026-08-04 14:11:40,240 [INFO] McuFinderGlobals:63 - Set McuFinder mode to 2 (CubeIDE integrated)
2026-08-04 14:11:40,241 [INFO] UserAuth:179 - activating auth plugin
2026-08-04 14:11:40,243 [INFO] UserAuth:393 - Internet connection configuration mode: 1
2026-08-04 14:11:40,261 [INFO] JxBrowserEngine:151 - Initiate JxBrowser Engine with user profile folder
2026-08-04 14:11:40,401 [INFO] CheckServerUpdateThread:120 - End of CheckServer Thread
2026-08-04 14:11:40,872 [INFO] WebApp:157 - Instantiating new browser for Auth
2026-08-04 14:11:41,309 [INFO] WebApp:753 - Register for checkConnection events
2026-08-04 14:11:41,310 [INFO] WebApp:390 - Apply proxy settings
2026-08-04 14:11:41,310 [INFO] WebApp:475 - Chromium requires no authentication
2026-08-04 14:11:41,321 [INFO] WebApp:418 - Direct internet connection detected
2026-08-04 14:11:41,397 [WARN] PackLoader:240 - Cannot read IP mode file for STMicroelectronics.FP-ATR-ASTRA1.2.0.3
2026-08-04 14:11:41,401 [WARN] PackLoader:240 - Cannot read IP mode file for STMicroelectronics.FP-ATR-ASTRA1.2.0.2
2026-08-04 14:11:41,406 [ERROR] Engine:466 - C:\Users\Admin\.stm32cubemx\thirdparties\pdsc\STMicroelectronics.X-CUBE-SMBUS.2.1.1.pdsc: PDSC version is not supported
2026-08-04 14:11:41,411 [WARN] PackLoader:240 - Cannot read IP mode file for STMicroelectronics.X-CUBE-SMBUS.2.1.0
2026-08-04 14:11:41,434 [WARN] PackLoader:240 - Cannot read IP mode file for STMicroelectronics.X-CUBE-AZRTOS-F7.1.1.0
2026-08-04 14:11:41,443 [ERROR] Engine:466 - C:\Users\Admin\.stm32cubemx\thirdparties\pdsc\STMicroelectronics.X-CUBE-FREERTOS.1.6.0.pdsc: PDSC version is not supported
2026-08-04 14:11:41,467 [WARN] PackLoader:240 - Cannot read IP mode file for STMicroelectronics.X-CUBE-AZRTOS-H7RS.1.3.0
2026-08-04 14:11:41,477 [ERROR] Engine:466 - C:\Users\Admin\.stm32cubemx\thirdparties\pdsc\WES.I-CUBE-Cesium.1.4.0.pdsc: PDSC version is not supported
2026-08-04 14:11:41,485 [WARN] PackLoader:240 - Cannot read IP mode file for STMicroelectronics.X-CUBE-DISPLAY.3.0.0
2026-08-04 14:11:41,494 [WARN] PackLoader:240 - Cannot read IP mode file for wolfSSL.I-CUBE-wolfSSL.5.9.1
2026-08-04 14:11:41,500 [WARN] PackLoader:240 - Cannot read IP mode file for emotas.I-CUBE-CANOPEN.1.3.0
2026-08-04 14:11:41,503 [ERROR] Engine:466 - C:\Users\Admin\.stm32cubemx\thirdparties\pdsc\STMicroelectronics.X-CUBE-WBA.1.1.0.pdsc: PDSC version is not supported
2026-08-04 14:11:41,514 [INFO] LogOutputStream:77 - [STDOUT_REDIRECT] 1 : Invalid condition id : UX_CORESTACK_Condition cause : null
2026-08-04 14:11:41,515 [INFO] LogOutputStream:77 - [STDOUT_REDIRECT] 1 : Invalid condition id : UX_CORESTACK_Condition cause : null
2026-08-04 14:11:41,516 [INFO] LogOutputStream:77 - [STDOUT_REDIRECT] 1 : Invalid condition id : UX_CORESTACK_Condition cause : null
2026-08-04 14:11:41,517 [INFO] LogOutputStream:77 - [STDOUT_REDIRECT] 1 : Invalid condition id : UX_CORESTACK_Condition cause : null
2026-08-04 14:11:41,518 [INFO] LogOutputStream:77 - [STDOUT_REDIRECT] 1 : Invalid condition id : UX_CORESTACK_Condition cause : null
2026-08-04 14:11:41,521 [WARN] PackLoader:240 - Cannot read IP mode file for STMicroelectronics.X-CUBE-AZRTOS-WL.2.0.0
2026-08-04 14:11:41,540 [WARN] PackLoader:240 - Cannot read IP mode file for STMicroelectronics.X-CUBE-AZRTOS-H7RS.1.2.0
2026-08-04 14:11:41,552 [WARN] PackLoader:240 - Cannot read IP mode file for STMicroelectronics.X-CUBE-BLE2.3.3.0
2026-08-04 14:11:41,555 [ERROR] Engine:466 - C:\Users\Admin\.stm32cubemx\thirdparties\pdsc\Avnet-IOTCONNECT.X-CUBE-iotc-st67-sdk.1.0.0.pdsc: PDSC version is not supported
2026-08-04 14:11:41,561 [ERROR] Engine:466 - C:\Users\Admin\.stm32cubemx\thirdparties\pdsc\Infineon.AIROC-Wi-Fi-Bluetooth-STM32.1.8.0.pdsc: PDSC version is not supported
2026-08-04 14:11:41,566 [WARN] PackLoader:240 - Cannot read IP mode file for wolfSSL.I-CUBE-wolfMQTT.1.19.2
2026-08-04 14:11:41,581 [WARN] PackLoader:240 - Cannot read IP mode file for STMicroelectronics.X-CUBE-AZRTOS-G0.1.1.0
2026-08-04 14:11:41,588 [WARN] PackLoader:240 - Cannot read IP mode file for STMicroelectronics.X-CUBE-NFC4.3.0.0
2026-08-04 14:11:41,592 [ERROR] Engine:466 - C:\Users\Admin\.stm32cubemx\thirdparties\pdsc\EmbeddedOffice.I-CUBE-FS-RTOS.1.0.1.pdsc: PDSC version is not supported
2026-08-04 14:11:41,596 [WARN] PackLoader:240 - Cannot read IP mode file for wolfSSL.I-CUBE-wolfTPM.3.8.0
2026-08-04 14:11:41,599 [ERROR] Engine:466 - C:\Users\Admin\.stm32cubemx\thirdparties\pdsc\RealThread.X-CUBE-RT-Thread_Nano.4.1.1.pdsc: PDSC version is not supported
2026-08-04 14:11:41,602 [WARN] PackLoader:240 - Cannot read IP mode file for STMicroelectronics.FP-ATR-SIGFOX1.3.2.0
2026-08-04 14:11:41,605 [ERROR] Engine:466 - C:\Users\Admin\.stm32cubemx\thirdparties\pdsc\STMicroelectronics.X-CUBE-FREERTOS.1.5.0.pdsc: PDSC version is not supported
2026-08-04 14:11:41,610 [WARN] PackLoader:240 - Cannot read IP mode file for ITTIA_DB.I-CUBE-ITTIADB.8.9.0
2026-08-04 14:11:41,612 [ERROR] Engine:466 - C:\Users\Admin\.stm32cubemx\thirdparties\pdsc\Cesanta.I-CUBE-Mongoose.7.21.7.pdsc: PDSC version is not supported
2026-08-04 14:11:41,612 [INFO] WebApp:188 - Starting web application
2026-08-04 14:11:41,613 [INFO] WebApp:520 - Web application path used C:\ST\STM32CubeIDE_1.13.1\STM32CubeIDE\plugins\com.st.stm32cube.common.mx_6.9.1.202307191849\db\plugins\mcufinder\reactClient1\index.html
2026-08-04 14:11:41,616 [WARN] PackLoader:240 - Cannot read IP mode file for STMicroelectronics.X-CUBE-AI.10.2.1
2026-08-04 14:11:41,665 [WARN] PackLoader:240 - Cannot read IP mode file for STMicroelectronics.X-CUBE-MEMS1.12.1.0
2026-08-04 14:11:41,786 [WARN] PackLoader:240 - Cannot read IP mode file for SEGGER.I-CUBE-embOS.1.3.1
2026-08-04 14:11:41,844 [WARN] PackLoader:240 - Cannot read IP mode file for STMicroelectronics.X-CUBE-ALGOBUILD.1.4.0
2026-08-04 14:11:41,853 [WARN] PackLoader:240 - Cannot read IP mode file for STMicroelectronics.X-CUBE-NFC13.1.0.0
2026-08-04 14:11:41,871 [WARN] PackLoader:240 - Cannot read IP mode file for STMicroelectronics.X-CUBE-AZRTOS-F4.1.1.0
2026-08-04 14:11:41,878 [ERROR] Engine:466 - C:\Users\Admin\.stm32cubemx\thirdparties\pdsc\STMicroelectronics.eDS-WB_DPC_TT-BIDIR.2.1.1.pdsc: PDSC version is not supported
2026-08-04 14:11:41,884 [WARN] PackLoader:240 - Cannot read IP mode file for STMicroelectronics.X-CUBE-ALGOBUILD.1.5.0
2026-08-04 14:11:41,962 [WARN] PackLoader:240 - Cannot read IP mode file for STMicroelectronics.X-CUBE-MEMS1.13.0.0
2026-08-04 14:11:42,060 [ERROR] Engine:466 - C:\Users\Admin\.stm32cubemx\thirdparties\pdsc\STMicroelectronics.eDS-WB_DPC_3PH2L-BIDIR.1.1.1.pdsc: PDSC version is not supported
2026-08-04 14:11:42,065 [WARN] PackLoader:240 - Cannot read IP mode file for STMicroelectronics.X-CUBE-TOUCHGFX.4.26.1
2026-08-04 14:11:42,077 [WARN] ConditionMgr:438 - getConditionDescription Invalid condition id : LAN8742 Phy interface Condition cause : null
2026-08-04 14:11:42,078 [WARN] PackLoader:240 - Cannot read IP mode file for STMicroelectronics.X-CUBE-AZRTOS-L4.2.0.0
2026-08-04 14:11:42,079 [WARN] ConditionMgr:1039 - genDependencies : Invalid condition id : LAN8742 Phy interface Condition cause : null
2026-08-04 14:11:42,079 [WARN] ConditionMgr:1039 - genDependencies : Invalid condition id : LAN8742 Phy interface Condition cause : null
2026-08-04 14:11:42,080 [WARN] ConditionMgr:1039 - genDependencies : Invalid condition id : LAN8742 Phy interface Condition cause : null
2026-08-04 14:11:42,087 [WARN] PackLoader:240 - Cannot read IP mode file for STMicroelectronics.X-CUBE-SFXS2LP1.4.0.0
2026-08-04 14:11:42,091 [ERROR] Engine:466 - C:\Users\Admin\.stm32cubemx\thirdparties\pdsc\quantropi.X-CUBE-qispace-sdk-base.2.1.0.pdsc: PDSC version is not supported
2026-08-04 14:11:42,102 [WARN] PackLoader:240 - Cannot read IP mode file for STMicroelectronics.X-CUBE-SUBG2.5.0.0
2026-08-04 14:11:42,120 [WARN] PackLoader:240 - Cannot read IP mode file for STMicroelectronics.X-CUBE-AZRTOS-G4.2.0.0
2026-08-04 14:11:42,127 [WARN] PackLoader:240 - Cannot read IP mode file for wolfSSL.I-CUBE-wolfSSH.1.4.20
2026-08-04 14:11:42,128 [INFO] ThirdParty:978 - Integrity check success = true
2026-08-04 14:11:42,128 [INFO] IntegrityCheckThread:100 - exiting critical section [integrity check]
2026-08-04 14:11:42,128 [INFO] IntegrityCheckThread:103 - End integrity checks thread
2026-08-04 14:12:02,332 [ERROR] LogOutputStream:75 - [STDERR_REDIRECT] SLF4J: Failed to load class "org.slf4j.impl.StaticLoggerBinder".
2026-08-04 14:12:02,333 [ERROR] LogOutputStream:75 - [STDERR_REDIRECT] SLF4J: Defaulting to no-operation (NOP) logger implementation
2026-08-04 14:12:02,334 [ERROR] LogOutputStream:75 - [STDERR_REDIRECT] SLF4J: See http://www.slf4j.org/codes.html#StaticLoggerBinder for further details.
2026-08-04 17:16:27,208 [INFO] McuFinderGlobals:63 - Set McuFinder mode to 2 (CubeIDE integrated)
2026-08-04 17:16:27,213 [INFO] MainUpdater:2868 - connection check result : 10
2026-08-04 17:16:27,215 [INFO] MainUpdater:2868 - connection check result : 10
2026-08-04 17:16:27,254 [INFO] MicroXplorer:468 - Change Database Path : 
2026-08-04 17:16:27,254 [INFO] MicroXplorer:498 - Change Database Version : DB.6.0.91
2026-08-04 17:16:27,258 [WARN] ThirdParty:871 - waiting for thirdparty lock release [close project]
2026-08-04 17:16:27,258 [INFO] ThirdParty:873 - entering critical section [close project]
2026-08-04 17:16:27,259 [INFO] ThirdParty:883 - exiting critical section [close project]
2026-08-04 17:16:27,261 [INFO] PinOutPanel:1499 - setPackage(No Configuration,No Configuration)
2026-08-04 17:16:27,273 [INFO] UtilMem:75 - Begin LoadConfig() Used Memory: 872777760 Bytes (1073741824)
2026-08-04 17:16:27,275 [INFO] MicroXplorer:468 - Change Database Path : 
2026-08-04 17:16:27,275 [INFO] MicroXplorer:498 - Change Database Version : DB.6.0.91
2026-08-04 17:16:27,276 [INFO] OpenFileManager:308 - Change cursor
2026-08-04 17:16:27,325 [INFO] Mcu:1946 - Initializing MCU STM32F405RGTx STM32F405RGTx STM32F405RGT6
2026-08-04 17:16:29,748 [INFO] Context:659 - Trying to add GPIOservice into a context  which must be forbidden
2026-08-04 17:16:30,661 [INFO] RtosManager:555 - Registered RTOS mode: class=CMSIS, group=RTOS, mode=CMSIS_V1, owner=FREERTOS
2026-08-04 17:16:30,661 [INFO] RtosManager:555 - Registered RTOS mode: class=CMSIS, group=RTOS2, mode=CMSIS_V2, owner=FREERTOS
2026-08-04 17:16:30,662 [INFO] RtosManager:555 - Registered RTOS mode: class=RTOS, group=Core, mode=CMSIS_V1, owner=FREERTOS
2026-08-04 17:16:30,662 [INFO] RtosManager:555 - Registered RTOS mode: class=RTOS, group=Core, mode=CMSIS_V2, owner=FREERTOS
2026-08-04 17:16:30,662 [WARN] ModelIntegratedComponent:184 - Missing modes for component STMicroelectronics:FreeRTOS:0.0.1:STMicroelectronics:RTOS:FreeRTOS:Core:::10.2.0:
2026-08-04 17:16:30,790 [WARN] ModelIntegratedComponent:63 - No mode defined for component null
2026-08-04 17:16:30,791 [WARN] ModelIntegratedComponent:63 - No mode defined for component null
2026-08-04 17:16:30,791 [WARN] ModelIntegratedComponent:63 - No mode defined for component null
2026-08-04 17:16:30,791 [WARN] ModelIntegratedComponent:63 - No mode defined for component null
2026-08-04 17:16:30,791 [WARN] ModelIntegratedComponent:63 - No mode defined for component null
2026-08-04 17:16:30,791 [WARN] ModelIntegratedComponent:63 - No mode defined for component null
2026-08-04 17:16:30,791 [WARN] ModelIntegratedComponent:63 - No mode defined for component null
2026-08-04 17:16:30,791 [WARN] ModelIntegratedComponent:63 - No mode defined for component null
2026-08-04 17:16:30,791 [WARN] ModelIntegratedComponent:63 - No mode defined for component null
2026-08-04 17:16:30,791 [WARN] ModelIntegratedComponent:63 - No mode defined for component null
2026-08-04 17:16:30,791 [WARN] ModelIntegratedComponent:63 - No mode defined for component null
2026-08-04 17:16:30,792 [WARN] ModelIntegratedComponent:63 - No mode defined for component null
2026-08-04 17:16:30,792 [WARN] ModelIntegratedComponent:63 - No mode defined for component null
2026-08-04 17:16:30,792 [WARN] ModelIntegratedComponent:63 - No mode defined for component null
2026-08-04 17:16:30,792 [WARN] ModelIntegratedComponent:63 - No mode defined for component null
2026-08-04 17:16:30,792 [WARN] ModelIntegratedComponent:63 - No mode defined for component null
2026-08-04 17:16:30,792 [WARN] ModelIntegratedComponent:63 - No mode defined for component null
2026-08-04 17:16:30,792 [WARN] ModelIntegratedComponent:63 - No mode defined for component null
2026-08-04 17:16:30,792 [WARN] ModelIntegratedComponent:63 - No mode defined for component null
2026-08-04 17:16:30,792 [WARN] ModelIntegratedComponent:63 - No mode defined for component null
2026-08-04 17:16:30,792 [WARN] ModelIntegratedComponent:63 - No mode defined for component null
2026-08-04 17:16:30,793 [WARN] ModelIntegratedComponent:63 - No mode defined for component null
2026-08-04 17:16:30,793 [WARN] ModelIntegratedComponent:63 - No mode defined for component null
2026-08-04 17:16:30,793 [WARN] ModelIntegratedComponent:63 - No mode defined for component null
2026-08-04 17:16:30,793 [WARN] ModelIntegratedComponent:63 - No mode defined for component null
2026-08-04 17:16:30,793 [WARN] ModelIntegratedComponent:63 - No mode defined for component null
2026-08-04 17:16:30,793 [WARN] ModelIntegratedComponent:63 - No mode defined for component null
2026-08-04 17:16:30,794 [WARN] ModelIntegratedComponent:63 - No mode defined for component null
2026-08-04 17:16:30,794 [WARN] ModelIntegratedComponent:63 - No mode defined for component null
2026-08-04 17:16:30,794 [WARN] ModelIntegratedComponent:63 - No mode defined for component null
2026-08-04 17:16:30,794 [WARN] ModelIntegratedComponent:63 - No mode defined for component null
2026-08-04 17:16:30,794 [WARN] ModelIntegratedComponent:63 - No mode defined for component null
2026-08-04 17:16:30,794 [WARN] ModelIntegratedComponent:63 - No mode defined for component null
2026-08-04 17:16:30,918 [INFO] ThirdPartyModel:298 - Start build external matchings
2026-08-04 17:16:31,365 [INFO] ThirdPartyModel:316 - End build external matchings
2026-08-04 17:16:31,381 [INFO] RtosManager:919 - Current active RTOS is FREERTOS [Cortex-M4NS]
2026-08-04 17:16:31,397 [INFO] ImportTextPane:194 - (OptionalMessage_ERROR) IP (RCC) : Parameter (48MHZClocksFreq_Value) has invalid value (84000000)
2026-08-04 17:16:31,397 [INFO] ImportTextPane:194 - (OptionalMessage_ERROR) IP (RCC) : Parameter (RTCHSEDivFreq_Value) has invalid value (4000000)
2026-08-04 17:16:31,978 [INFO] UtilMem:75 - End LoadConfig() Used Memory: 929812576 Bytes (1073741824)
2026-08-04 17:16:32,122 [INFO] ApiDb:581 - Connected to CubeFinder SQLite database (C:\Users\Admin\.stmcufinder\plugins\mcufinder\mcu\cube-finder-db.db)
2026-08-04 17:16:32,288 [INFO] ApiDb:668 - CubeFinder database Data Model version=2.1
2026-08-04 17:16:32,288 [INFO] ApiDb:669 - CubeFinder database Configuration version=3.0.42
2026-08-04 17:16:32,290 [INFO] ApiDb:670 - CubeFinder database generation date=2026-06-23 (1782213372)
2026-08-04 17:16:32,290 [INFO] ApiDb:671 - CubeFinder database FW Pack versions=[FP-ATR-ASTRA1_V2.0.0, FP-SNS-FLIGHT1_V5.1.0, FP-SNS-MOTENV1_V5.1.0, FP-SNS-MOTENVWB1_V1.5.0, FP-SNS-SMARTAG2_V1.2.0, FP-SNS-STBOX1_V2.1.0, STM32Cube_FW_C0_V1.4.0, STM32Cube_FW_F4_V1.28.3, STM32Cube_FW_F7_V1.17.4, STM32Cube_FW_G0_V1.6.3, STM32Cube_FW_G4_V1.6.2, STM32Cube_FW_H5_V1.7.0, STM32Cube_FW_H7RS_V1.3.0, STM32Cube_FW_H7_V1.13.0, STM32Cube_FW_L0_V1.12.2, STM32Cube_FW_L4_V1.18.2, STM32Cube_FW_L5_V1.6.0, STM32Cube_FW_N6_V1.4.0, STM32Cube_FW_U0_V1.3.0, STM32Cube_FW_U3_V1.4.0, STM32Cube_FW_U5_V1.9.0, STM32Cube_FW_WB0_V1.5.0, STM32Cube_FW_WBA_V1.10.0, STM32Cube_FW_WB_V1.24.0, STM32Cube_FW_WL3_V1.5.0, STM32Cube_FW_WL_V1.6.0, X-CUBE-ALGOBUILD_V1.5.0, X-CUBE-ALS_V1.0.2, X-CUBE-AZRTOS-F4_V1.1.0, X-CUBE-AZRTOS-F7_V1.1.0, X-CUBE-AZRTOS-G0_V1.1.0, X-CUBE-AZRTOS-G4_V2.0.0, X-CUBE-AZRTOS-H7RS_V1.1.0, X-CUBE-AZRTOS-H7_V3.5.0, X-CUBE-AZRTOS-L4_V2.0.0, X-CUBE-AZRTOS-L5_V2.0.0, X-CUBE-AZRTOS-WB_V2.0.0, X-CUBE-AZRTOS-WL_V2.0.0, X-CUBE-BLE1_V7.1.0, X-CUBE-BLE2_V3.3.0, X-CUBE-BLEMGR_V4.1.0, X-CUBE-EEPRMA1_V5.2.0, X-CUBE-FREERTOS_V1.5.0, X-CUBE-GNSS1_V7.1.1, X-CUBE-MEMS1_V12.1.0, X-CUBE-NFC4_V3.0.0, X-CUBE-NFC7_V2.0.0, X-CUBE-SFXS2LP1_V4.0.0, X-CUBE-ST67W61_V1.3.0, X-CUBE-SUBG2_V5.0.0, X-CUBE-TOF1_V3.4.3]
2026-08-04 17:16:36,934 [INFO] ApiDb:240 - Found 323 in-development CPN: [B-G473E-ZEST1S, B-WB1M-WPAN1, B-WL5M-SUBG1, NUCLEO-C031C6, NUCLEO-H503RB, NUCLEO-H563ZI, NUCLEO-U545RE-Q, NUCLEO-U5A5ZJ-Q, NUCLEO-WBA52CG, STEVAL-PROTEUS1, STEVAL-SMARTAG2, STEVAL-STWINBX1, STM320518-EVAL, STM32C0116-DK, STM32C011D6Y3TR, STM32C011D6Y6TR, STM32C011F4P3, STM32C011F4P6, STM32C011F4U3, STM32C011F4U6TR, STM32C011F6P3, STM32C011F6P6, STM32C011F6U3, STM32C011F6U6TR, STM32C011J4M3, STM32C011J4M6, STM32C011J6M3, STM32C011J6M6, STM32C0316-DK, STM32C031C4T3, STM32C031C4T6, STM32C031C4U3, STM32C031C4U6, STM32C031C6T3, STM32C031C6T6, STM32C031C6U3, STM32C031C6U6, STM32C031F4P3, STM32C031F4P6, STM32C031F6P3, STM32C031F6P6, STM32C031G4U3, STM32C031G4U6, STM32C031G6U3, STM32C031G6U6, STM32C031K4T3, STM32C031K4T6, STM32C031K4U3, STM32C031K4U6, STM32C031K6T3, STM32C031K6T6, STM32C031K6U3, STM32C031K6U6, STM32G071K8TXN, STM32G071K8UXN, STM32G081GBU6N, STM32G081KBT6N, STM32G081KBUXN, STM32G0B1CCT6N, STM32G0B1KCT6, STM32G0B1NEY6TR, STM32G0B1RCT6N, STM32G0C1CCT6, STM32G0C1CCT6N, STM32G0C1CCU6N, STM32G0C1CET6N, STM32G0C1CEU6N, STM32G0C1KCT6, STM32G0C1NEY6TR, STM32G0C1RCI6N, STM32G0C1RCT6N, STM32G0C1REI6N, STM32G0C1RET6N, STM32G0C1VCI6, STM32G0C1VEI6, STM32G471CCT6, STM32G471CCU6, STM32G471CET3, STM32G471CET6, STM32G471CEU3, STM32G471CEU6, STM32G471MCT6, STM32G471MET3, STM32G471MET6, STM32G471MEY6TR, STM32G471QCT6, STM32G471QET3, STM32G471RCT6, STM32G471RET3, STM32G471RET6, STM32G471VCH6, STM32G471VCI6, STM32G471VCT6, STM32G471VEH3, STM32G471VEH6, STM32G471VEI3, STM32G471VEI6, STM32G471VET3, STM32G471VET6, STM32G474CCT6, STM32H503CBT6, STM32H503CBU6, STM32H503EBY6TR, STM32H503KBU6, STM32H503RBT6, STM32H562AGI6, STM32H562AII6, STM32H562IGK6, STM32H562IGT6, STM32H562IIK6, STM32H562IIT6, STM32H562RGT6, STM32H562RGV6, STM32H562RIT6, STM32H562RIV6, STM32H562VGT6, STM32H562VIT6, STM32H562ZGT6, STM32H562ZIT6, STM32H563AGI6, STM32H563AII3Q, STM32H563AII6, STM32H563IGK6, STM32H563IGT6, STM32H563IIK3Q, STM32H563IIK6, STM32H563IIT3Q, STM32H563IIT6, STM32H563MIY3QTR, STM32H563RGT6, STM32H563RGV6, STM32H563RIT6, STM32H563RIV6, STM32H563VGT6, STM32H563VIT3Q, STM32H563VIT6, STM32H563ZGT6, STM32H563ZIT3Q, STM32H563ZIT6, STM32H573AII3Q, STM32H573AII6, STM32H573I-DK, STM32H573IIK3Q, STM32H573IIK6, STM32H573IIT3Q, STM32H573IIT6, STM32H573MIY3QTR, STM32H573RIT6, STM32H573RIV6, STM32H573VIT3Q, STM32H573VIT6, STM32H573ZIT3Q, STM32H573ZIT6, STM32L4R5QGI6STR, STM32MP131AAE3, STM32MP131AAF3, STM32MP131AAG3, STM32MP131CAE3, STM32MP131CAF3, STM32MP131CAG3, STM32MP131DAE7, STM32MP131DAF7, STM32MP131DAG7, STM32MP131FAE7, STM32MP131FAF7, STM32MP131FAG7, STM32MP133AAE3, STM32MP133AAF3, STM32MP133AAG3, STM32MP133CAE3, STM32MP133CAF3, STM32MP133CAG3, STM32MP133DAE7, STM32MP133DAF7, STM32MP133DAG7, STM32MP133FAE7, STM32MP133FAF7, STM32MP133FAG7, STM32MP135AAE3, STM32MP135AAF3, STM32MP135AAG3, STM32MP135CAE3, STM32MP135CAF3, STM32MP135CAG3, STM32MP135DAE7, STM32MP135DAF7, STM32MP135DAG7, STM32MP135F-DK, STM32MP135FAE7, STM32MP135FAF7, STM32MP135FAF7T, STM32MP135FAF7U, STM32MP135FAG7, STM32U535CBT6, STM32U535CBT6Q, STM32U535CBU6, STM32U535CBU6Q, STM32U535CCT6, STM32U535CCT6Q, STM32U535CCU6, STM32U535CCU6Q, STM32U535CET6, STM32U535CET6Q, STM32U535CEU6, STM32U535CEU6Q, STM32U535JEY6QTR, STM32U535NCY6QTR, STM32U535NEY6QTR, STM32U535RBI6, STM32U535RBI6Q, STM32U535RBT6, STM32U535RBT6Q, STM32U535RCI6, STM32U535RCI6Q, STM32U535RCT6, STM32U535RCT6Q, STM32U535REI6, STM32U535REI6Q, STM32U535RET6, STM32U535RET6Q, STM32U535VCI6, STM32U535VCI6Q, STM32U535VCT6, STM32U535VCT6Q, STM32U535VEI6, STM32U535VEI6Q, STM32U535VET6, STM32U535VET6Q, STM32U545CET6, STM32U545CET6Q, STM32U545CEU6, STM32U545CEU6Q, STM32U545JEY6QTR, STM32U545NEY6QTR, STM32U545REI6, STM32U545REI6Q, STM32U545RET6, STM32U545RET6Q, STM32U545VEI6, STM32U545VEI6Q, STM32U545VET6, STM32U545VET6Q, STM32U595AIH6, STM32U595AIH6Q, STM32U595AJH6, STM32U595AJH6Q, STM32U595QII6, STM32U595QII6Q, STM32U595QJI6, STM32U595QJI6Q, STM32U595RIT6, STM32U595RIT6Q, STM32U595RJT6, STM32U595RJT6Q, STM32U595VIT6, STM32U595VIT6Q, STM32U595VJT6, STM32U595VJT6Q, STM32U595ZIT6, STM32U595ZIT6Q, STM32U595ZIY6QTR, STM32U595ZJT6, STM32U595ZJT6Q, STM32U595ZJY6QTR, STM32U599BJY6QTR, STM32U599NIH6Q, STM32U599NJH6Q, STM32U599VIT6Q, STM32U599VJT6, STM32U599VJT6Q, STM32U599ZIT6Q, STM32U599ZIY6QTR, STM32U599ZJT6Q, STM32U599ZJY6QTR, STM32U5A5AJH6, STM32U5A5AJH6Q, STM32U5A5QJI6, STM32U5A5QJI6Q, STM32U5A5RJT6, STM32U5A5RJT6Q, STM32U5A5VJT6, STM32U5A5VJT6Q, STM32U5A5ZJT6, STM32U5A5ZJT6Q, STM32U5A5ZJY6QTR, STM32U5A9BJY6QTR, STM32U5A9J-DK, STM32U5A9NJH6Q, STM32U5A9VJT6Q, STM32U5A9ZJT6Q, STM32U5A9ZJY6QTR, STM32U5F7VIT6, STM32U5F7VIT6Q, STM32U5F7VJT6, STM32U5F7VJT6Q, STM32U5F9BJY6QTR, STM32U5F9NJH6Q, STM32U5F9VIT6Q, STM32U5F9VJT6Q, STM32U5F9ZIJ6QTR, STM32U5F9ZIT6Q, STM32U5F9ZJJ6QTR, STM32U5F9ZJT6Q, STM32U5G7VJT6, STM32U5G7VJT6Q, STM32U5G9BJY6QTR, STM32U5G9J-DK1, STM32U5G9J-DK2, STM32U5G9NJH6Q, STM32U5G9VJT6Q, STM32U5G9ZJJ6QTR, STM32U5G9ZJT6Q, STM32WB1MMCH6, STM32WBA52CEU6, STM32WBA52CEU6T, STM32WBA52CGU6, STM32WBA52CGU6T, STM32WBA52KEU6, STM32WBA52KEU6T, STM32WBA52KGU6, STM32WBA52KGU6T, STM32WL5MOCH6, STM32WL5MOCH6TR]
2026-08-04 17:16:36,942 [INFO] DbMcus:217 - Found 5228 MCUs, 5075 are supported
2026-08-04 17:16:36,944 [INFO] ApiDb:423 - Load user favorites file C:\Users\Admin/.stm32cubeide/favorites.mcus.txt: 4 item(s)
2026-08-04 17:16:36,945 [INFO] ApiDb:427 - User favorites MCUs=[STM32F103C8T6, STM32F405RGT6, STM32F411CEU6, STM32H523CET6]
2026-08-04 17:16:36,945 [INFO] DbMcus:223 - Set 4 / 4 favorites MCUs
2026-08-04 17:16:37,727 [WARN] ThirdParty:833 - waiting for thirdparty lock release [change project]
2026-08-04 17:16:37,727 [INFO] ThirdParty:835 - entering critical section [change project]
2026-08-04 17:16:37,727 [INFO] ThirdParty:1030 - CMSIS Pack Vendor :STMicroelectronics USBPD 4.1
2026-08-04 17:16:37,727 [INFO] ThirdParty:1030 - CMSIS Pack Vendor :STMicroelectronics USB_HOST 2.0.0
2026-08-04 17:16:37,727 [INFO] ThirdParty:1030 - CMSIS Pack Vendor :STMicroelectronics FP-ATR-ASTRA1 2.0.3
2026-08-04 17:16:37,728 [INFO] ThirdParty:1030 - CMSIS Pack Vendor :STMicroelectronics X-CUBE-AZRTOS-F4 1.1.0
2026-08-04 17:16:37,728 [INFO] ThirdParty:1030 - CMSIS Pack Vendor :STMicroelectronics LIBJPEG 8.0.0
2026-08-04 17:16:37,728 [INFO] ThirdParty:1030 - CMSIS Pack Vendor :STMicroelectronics FP-ATR-ASTRA1 2.0.2
2026-08-04 17:16:37,728 [INFO] ThirdParty:1030 - CMSIS Pack Vendor :STMicroelectronics X-CUBE-SMBUS 2.1.0
2026-08-04 17:16:37,728 [INFO] ThirdParty:1030 - CMSIS Pack Vendor :wolfSSL I-CUBE-wolfMQTT 1.19.2
2026-08-04 17:16:37,728 [INFO] ThirdParty:1030 - CMSIS Pack Vendor :STMicroelectronics USB_DEVICE 3.0.0
2026-08-04 17:16:37,728 [INFO] ThirdParty:1030 - CMSIS Pack Vendor :STMicroelectronics X-CUBE-AZRTOS-F7 1.1.0
2026-08-04 17:16:37,728 [INFO] ThirdParty:1030 - CMSIS Pack Vendor :STMicroelectronics USB_DEVICE 2.0.0
2026-08-04 17:16:37,728 [INFO] ThirdParty:1030 - CMSIS Pack Vendor :STMicroelectronics X-CUBE-ALGOBUILD 1.5.0
2026-08-04 17:16:37,728 [INFO] ThirdParty:1030 - CMSIS Pack Vendor :STMicroelectronics FreeRTOS 0.0.1
2026-08-04 17:16:37,728 [INFO] ThirdParty:1030 - CMSIS Pack Vendor :STMicroelectronics X-CUBE-AZRTOS-H7RS 1.3.0
2026-08-04 17:16:37,728 [INFO] ThirdParty:1030 - CMSIS Pack Vendor :STMicroelectronics X-CUBE-AZRTOS-G0 1.1.0
2026-08-04 17:16:37,728 [INFO] ThirdParty:1030 - CMSIS Pack Vendor :STMicroelectronics X-CUBE-NFC4 3.0.0
2026-08-04 17:16:37,728 [INFO] ThirdParty:1030 - CMSIS Pack Vendor :STMicroelectronics X-CUBE-SUBG2 5.0.0
2026-08-04 17:16:37,728 [INFO] ThirdParty:1030 - CMSIS Pack Vendor :STMicroelectronics STM32_WPAN 1.0.0
2026-08-04 17:16:37,728 [INFO] ThirdParty:1030 - CMSIS Pack Vendor :STMicroelectronics lwIP 2.0.3
2026-08-04 17:16:37,729 [INFO] ThirdParty:1030 - CMSIS Pack Vendor :STMicroelectronics X-CUBE-MEMS1 13.0.0
2026-08-04 17:16:37,729 [INFO] ThirdParty:1030 - CMSIS Pack Vendor :STMicroelectronics USB_HOST 1.0.0
2026-08-04 17:16:37,729 [INFO] ThirdParty:1030 - CMSIS Pack Vendor :STMicroelectronics X-CUBE-AZRTOS-G4 2.0.0
2026-08-04 17:16:37,729 [INFO] ThirdParty:1030 - CMSIS Pack Vendor :STMicroelectronics PDM2PCM 3.1.0
2026-08-04 17:16:37,729 [INFO] ThirdParty:1030 - CMSIS Pack Vendor :STMicroelectronics PDM2PCM 3.3.0
2026-08-04 17:16:37,729 [INFO] ThirdParty:1030 - CMSIS Pack Vendor :wolfSSL I-CUBE-wolfTPM 3.8.0
2026-08-04 17:16:37,729 [INFO] ThirdParty:1030 - CMSIS Pack Vendor :STMicroelectronics X-CUBE-DISPLAY 3.0.0
2026-08-04 17:16:37,729 [INFO] ThirdParty:1030 - CMSIS Pack Vendor :wolfSSL I-CUBE-wolfSSH 1.4.20
2026-08-04 17:16:37,729 [INFO] ThirdParty:1030 - CMSIS Pack Vendor :wolfSSL I-CUBE-wolfSSL 5.9.1
2026-08-04 17:16:37,729 [INFO] ThirdParty:1030 - CMSIS Pack Vendor :STMicroelectronics FP-ATR-SIGFOX1 3.2.0
2026-08-04 17:16:37,729 [INFO] ThirdParty:1030 - CMSIS Pack Vendor :STMicroelectronics HAL Drivers 0.0.0
2026-08-04 17:16:37,729 [INFO] ThirdParty:1030 - CMSIS Pack Vendor :STMicroelectronics MBEDTLS 2.16.2
2026-08-04 17:16:37,729 [INFO] ThirdParty:1030 - CMSIS Pack Vendor :emotas I-CUBE-CANOPEN 1.3.0
2026-08-04 17:16:37,729 [INFO] ThirdParty:1030 - CMSIS Pack Vendor :STMicroelectronics MBEDTLS 2.14.1
2026-08-04 17:16:37,729 [INFO] ThirdParty:1030 - CMSIS Pack Vendor :ITTIA_DB I-CUBE-ITTIADB 8.9.0
2026-08-04 17:16:37,729 [INFO] ThirdParty:1030 - CMSIS Pack Vendor :STMicroelectronics X-CUBE-TOUCHGFX 4.26.1
2026-08-04 17:16:37,729 [INFO] ThirdParty:1030 - CMSIS Pack Vendor :STMicroelectronics X-CUBE-AI 10.2.1
2026-08-04 17:16:37,729 [INFO] ThirdParty:1030 - CMSIS Pack Vendor :STMicroelectronics ThreadX 1.0.0
2026-08-04 17:16:37,729 [INFO] ThirdParty:1030 - CMSIS Pack Vendor :STMicroelectronics X-CUBE-MEMS1 12.1.0
2026-08-04 17:16:37,729 [INFO] ThirdParty:1030 - CMSIS Pack Vendor :STMicroelectronics X-CUBE-AZRTOS-WL 2.0.0
2026-08-04 17:16:37,729 [INFO] ThirdParty:1030 - CMSIS Pack Vendor :SEGGER I-CUBE-embOS 1.3.1
2026-08-04 17:16:37,729 [INFO] ThirdParty:1030 - CMSIS Pack Vendor :STMicroelectronics X-CUBE-ALGOBUILD 1.4.0
2026-08-04 17:16:37,729 [INFO] ThirdParty:1030 - CMSIS Pack Vendor :STMicroelectronics USB_DEVICE 1.0.0
2026-08-04 17:16:37,730 [INFO] ThirdParty:1030 - CMSIS Pack Vendor :STMicroelectronics X-CUBE-AZRTOS-H7RS 1.2.0
2026-08-04 17:16:37,730 [INFO] ThirdParty:1030 - CMSIS Pack Vendor :STMicroelectronics X-CUBE-AZRTOS-L4 2.0.0
2026-08-04 17:16:37,730 [INFO] ThirdParty:1030 - CMSIS Pack Vendor :STMicroelectronics ThreadX 0.0.2
2026-08-04 17:16:37,730 [INFO] ThirdParty:1030 - CMSIS Pack Vendor :STMicroelectronics lwIP 2.1.2
2026-08-04 17:16:37,730 [INFO] ThirdParty:1030 - CMSIS Pack Vendor :STMicroelectronics X-CUBE-SFXS2LP1 4.0.0
2026-08-04 17:16:37,730 [INFO] ThirdParty:1030 - CMSIS Pack Vendor :STMicroelectronics X-CUBE-BLE2 3.3.0
2026-08-04 17:16:37,730 [INFO] ThirdParty:1030 - CMSIS Pack Vendor :STMicroelectronics X-CUBE-NFC13 1.0.0
2026-08-04 17:16:37,730 [INFO] ThirdParty:1030 - CMSIS Pack Vendor :STMicroelectronics PDM2PCM 3.2.0
2026-08-04 17:16:37,730 [INFO] ThirdParty:841 - exiting critical section [change project]
2026-08-04 17:16:38,315 [INFO] PinOutPanel:1499 - setPackage(No Configuration,No Configuration)
2026-08-04 17:16:38,317 [INFO] PinOutPanel:1499 - setPackage(STM32F405RGTx,LQFP64)
2026-08-04 17:16:38,959 [INFO] UtilMem:75 - Before build in PCC Used Memory: 781197912 Bytes (1073741824)
2026-08-04 17:16:40,068 [INFO] UtilMem:75 - After build in PCC Used Memory: 853023320 Bytes (1073741824)
2026-08-04 17:16:40,262 [INFO] ApiDbMcu:507 - Load IP Config File for FREERTOS
2026-08-04 17:16:40,309 [INFO] IPUIPlugin:80 - create IPUIPlugin
2026-08-04 17:16:40,309 [INFO] IPUIPlugin:80 - create IPUIPlugin
2026-08-04 17:16:40,309 [INFO] IPUIPlugin:80 - create IPUIPlugin
2026-08-04 17:16:40,309 [INFO] IPUIPlugin:80 - create IPUIPlugin
2026-08-04 17:16:40,309 [INFO] IPUIPlugin:80 - create IPUIPlugin
2026-08-04 17:16:40,310 [INFO] IPUIPlugin:80 - create IPUIPlugin
2026-08-04 17:16:40,310 [INFO] IPUIPlugin:80 - create IPUIPlugin
2026-08-04 17:16:40,310 [INFO] IPUIPlugin:80 - create IPUIPlugin
2026-08-04 17:16:40,311 [INFO] IPUIPlugin:80 - create IPUIPlugin
2026-08-04 17:16:40,311 [INFO] IPUIPlugin:80 - create IPUIPlugin
2026-08-04 17:16:40,311 [INFO] IPUIPlugin:80 - create IPUIPlugin
2026-08-04 17:16:40,311 [INFO] IPUIPlugin:80 - create IPUIPlugin
2026-08-04 17:16:40,312 [INFO] IPUIPlugin:80 - create IPUIPlugin
2026-08-04 17:16:40,312 [INFO] IPUIPlugin:80 - create IPUIPlugin
2026-08-04 17:16:40,312 [INFO] IPUIPlugin:80 - create IPUIPlugin
2026-08-04 17:16:40,312 [INFO] IPUIPlugin:80 - create IPUIPlugin
2026-08-04 17:16:40,313 [INFO] IPUIPlugin:80 - create IPUIPlugin
2026-08-04 17:16:40,313 [INFO] IPUIPlugin:80 - create IPUIPlugin
2026-08-04 17:16:40,313 [INFO] IPUIPlugin:80 - create IPUIPlugin
2026-08-04 17:16:40,314 [INFO] IPUIPlugin:80 - create IPUIPlugin
2026-08-04 17:16:40,314 [INFO] IPUIPlugin:80 - create IPUIPlugin
2026-08-04 17:16:40,315 [INFO] IPUIPlugin:80 - create IPUIPlugin
2026-08-04 17:16:40,315 [INFO] IPUIPlugin:80 - create IPUIPlugin
2026-08-04 17:16:40,315 [INFO] IPUIPlugin:80 - create IPUIPlugin
2026-08-04 17:16:40,315 [INFO] IPUIPlugin:80 - create IPUIPlugin
2026-08-04 17:16:40,316 [INFO] IPUIPlugin:80 - create IPUIPlugin
2026-08-04 17:16:40,316 [INFO] IPUIPlugin:80 - create IPUIPlugin
2026-08-04 17:16:40,316 [INFO] IPUIPlugin:80 - create IPUIPlugin
2026-08-04 17:16:40,317 [INFO] IPUIPlugin:80 - create IPUIPlugin
2026-08-04 17:16:40,317 [INFO] IPUIPlugin:80 - create IPUIPlugin
2026-08-04 17:16:40,317 [INFO] IPUIPlugin:80 - create IPUIPlugin
2026-08-04 17:16:40,317 [INFO] IPUIPlugin:80 - create IPUIPlugin
2026-08-04 17:16:40,318 [INFO] IPUIPlugin:80 - create IPUIPlugin
2026-08-04 17:16:40,318 [INFO] IPUIPlugin:80 - create IPUIPlugin
2026-08-04 17:16:40,318 [INFO] IPUIPlugin:80 - create IPUIPlugin
2026-08-04 17:16:40,318 [INFO] IPUIPlugin:80 - create IPUIPlugin
2026-08-04 17:16:40,319 [INFO] IPUIPlugin:80 - create IPUIPlugin
2026-08-04 17:16:40,319 [INFO] IPUIPlugin:80 - create IPUIPlugin
2026-08-04 17:16:40,319 [INFO] IPUIPlugin:80 - create IPUIPlugin
2026-08-04 17:16:40,320 [INFO] IPUIPlugin:80 - create IPUIPlugin
2026-08-04 17:16:40,320 [INFO] IPUIPlugin:80 - create IPUIPlugin
2026-08-04 17:16:40,320 [INFO] IPUIPlugin:80 - create IPUIPlugin
2026-08-04 17:16:40,321 [INFO] IPUIPlugin:80 - create IPUIPlugin
2026-08-04 17:16:40,321 [INFO] IPUIPlugin:80 - create IPUIPlugin
2026-08-04 17:16:40,322 [INFO] IPUIPlugin:80 - create IPUIPlugin
2026-08-04 17:16:40,322 [INFO] IPUIPlugin:80 - create IPUIPlugin
2026-08-04 17:16:40,323 [INFO] IPUIPlugin:80 - create IPUIPlugin
2026-08-04 17:16:40,323 [INFO] IPUIPlugin:80 - create IPUIPlugin
2026-08-04 17:16:40,324 [INFO] IPUIPlugin:80 - create IPUIPlugin
2026-08-04 17:16:40,324 [INFO] IPUIPlugin:80 - create IPUIPlugin
2026-08-04 17:16:40,325 [INFO] IPUIPlugin:80 - create IPUIPlugin
2026-08-04 17:16:40,326 [INFO] IPUIPlugin:80 - create IPUIPlugin
2026-08-04 17:16:40,326 [INFO] IPUIPlugin:80 - create IPUIPlugin
2026-08-04 17:16:40,327 [INFO] IPUIPlugin:80 - create IPUIPlugin
2026-08-04 17:16:40,351 [INFO] ApiDbMcu:507 - Load IP Config File for PDM2PCM
2026-08-04 17:16:40,365 [WARN] IP:2114 - I2C_Coeff_DF not found: check if there is a RefParameter without a condition.
2026-08-04 17:16:40,365 [WARN] IP:2114 - Analog_Filter not found: check if there is a RefParameter without a condition.
2026-08-04 17:16:40,403 [WARN] FreeRTOS:1023 - Null or empty value: should not occur! (nothing added to the table)
2026-08-04 17:16:40,703 [INFO] CADModel:165 - CPN selected for project levelSTM32F405RGT6
2026-08-04 17:16:40,703 [INFO] CADModel:114 - Register for checkConnection events
2026-08-04 17:16:40,707 [INFO] RtosManager:697 - Active RTOS found at IOC load: FREERTOS [Cortex-M4NS]
2026-08-04 17:16:40,775 [INFO] OpenFileManager:328 - Restore cursor
2026-08-04 17:16:40,948 [WARN] IP:2114 - I2C_Coeff_DF not found: check if there is a RefParameter without a condition.
2026-08-04 17:16:40,948 [WARN] IP:2114 - Analog_Filter not found: check if there is a RefParameter without a condition.
2026-08-04 17:16:40,948 [WARN] IP:2114 - I2C_Coeff_DF not found: check if there is a RefParameter without a condition.
2026-08-04 17:16:40,948 [WARN] IP:2114 - Analog_Filter not found: check if there is a RefParameter without a condition.
2026-08-04 17:16:54,828 [WARN] IP:2114 - I2C_Coeff_DF not found: check if there is a RefParameter without a condition.
2026-08-04 17:16:54,828 [WARN] IP:2114 - Analog_Filter not found: check if there is a RefParameter without a condition.
2026-08-04 17:16:54,829 [WARN] IP:2114 - I2C_Coeff_DF not found: check if there is a RefParameter without a condition.
2026-08-04 17:16:54,829 [WARN] IP:2114 - Analog_Filter not found: check if there is a RefParameter without a condition.
2026-08-04 17:16:54,869 [WARN] IP:2114 - I2C_Coeff_DF not found: check if there is a RefParameter without a condition.
2026-08-04 17:16:54,869 [WARN] IP:2114 - Analog_Filter not found: check if there is a RefParameter without a condition.
2026-08-04 17:16:54,901 [WARN] IP:2114 - I2C_Coeff_DF not found: check if there is a RefParameter without a condition.
2026-08-04 17:16:54,901 [WARN] IP:2114 - Analog_Filter not found: check if there is a RefParameter without a condition.
2026-08-04 17:18:11,865 [WARN] IP:2114 - I2C_Coeff_DF not found: check if there is a RefParameter without a condition.
2026-08-04 17:18:11,865 [WARN] IP:2114 - Analog_Filter not found: check if there is a RefParameter without a condition.
2026-08-04 17:18:11,866 [WARN] IP:2114 - I2C_Coeff_DF not found: check if there is a RefParameter without a condition.
2026-08-04 17:18:11,866 [WARN] IP:2114 - Analog_Filter not found: check if there is a RefParameter without a condition.
2026-08-04 17:18:11,910 [WARN] IP:2114 - I2C_Coeff_DF not found: check if there is a RefParameter without a condition.
2026-08-04 17:18:11,911 [WARN] IP:2114 - Analog_Filter not found: check if there is a RefParameter without a condition.
2026-08-04 17:18:11,952 [WARN] IP:2114 - I2C_Coeff_DF not found: check if there is a RefParameter without a condition.
2026-08-04 17:18:11,952 [WARN] IP:2114 - Analog_Filter not found: check if there is a RefParameter without a condition.
2026-08-04 17:18:58,956 [INFO] UtilMem:75 - End SaveConfig() Used Memory: 912796400 Bytes (1073741824)
2026-08-04 17:19:04,487 [INFO] UtilMem:75 - End SaveConfig() Used Memory: 789955936 Bytes (1073741824)
2026-08-04 17:19:05,245 [INFO] BlockDiagram:2759 - set Specific Code input for plugin: FREERTOS
2026-08-04 17:19:05,246 [INFO] BlockDiagram:2759 - set Specific Code input for plugin: SYS
2026-08-04 17:19:05,246 [INFO] BlockDiagram:2759 - set Specific Code input for plugin: RCC
2026-08-04 17:19:05,246 [INFO] BlockDiagram:2759 - set Specific Code input for plugin: I2C
2026-08-04 17:19:05,246 [INFO] BlockDiagram:2759 - set Specific Code input for plugin: NVIC
2026-08-04 17:19:05,247 [INFO] BlockDiagram:2759 - set Specific Code input for plugin: GPIO
2026-08-04 17:19:05,249 [INFO] CodeGenerator:799 - code generatio: config db path: C:\ST\STM32CubeIDE_1.13.1\STM32CubeIDE\plugins\com.st.stm32cube.common.mx_6.9.1.202307191849\\db\
2026-08-04 17:19:05,264 [WARN] IP:2114 - I2C_Coeff_DF not found: check if there is a RefParameter without a condition.
2026-08-04 17:19:05,264 [WARN] IP:2114 - Analog_Filter not found: check if there is a RefParameter without a condition.
2026-08-04 17:19:05,736 [INFO] CodeEngine:255 - oldGeneratedFile, C:\Users\Admin\Documents\GitHub\Drone-RTOS\Source\006MPU_Interrupt\MXTmpFiles\license.tmp_save
2026-08-04 17:19:06,281 [INFO] CodeEngine:279 - Generated code: C:\Users\Admin\Documents\GitHub\Drone-RTOS\Source\006MPU_Interrupt\MXTmpFiles\license.tmp
2026-08-04 17:19:06,432 [INFO] CodeEngine:255 - oldGeneratedFile, C:\Users\Admin\Documents\GitHub\Drone-RTOS\Source\006MPU_Interrupt\MXTmpFiles\gpio.tmp_save
2026-08-04 17:19:06,693 [INFO] CodeEngine:279 - Generated code: C:\Users\Admin\Documents\GitHub\Drone-RTOS\Source\006MPU_Interrupt\MXTmpFiles\gpio.tmp
2026-08-04 17:19:06,916 [INFO] Middleware:1439 - No code input for Bsp Dependency
2026-08-04 17:19:06,934 [INFO] CodeEngine:255 - oldGeneratedFile, C:\Users\Admin\Documents\GitHub\Drone-RTOS\Source\006MPU_Interrupt\MXTmpFiles\rtos_inc.tmp_save
2026-08-04 17:19:07,097 [INFO] CodeEngine:279 - Generated code: C:\Users\Admin\Documents\GitHub\Drone-RTOS\Source\006MPU_Interrupt\MXTmpFiles\rtos_inc.tmp
2026-08-04 17:19:07,107 [INFO] CodeEngine:255 - oldGeneratedFile, C:\Users\Admin\Documents\GitHub\Drone-RTOS\Source\006MPU_Interrupt\MXTmpFiles\rtos_kernelInit.tmp_save
2026-08-04 17:19:07,226 [INFO] CodeEngine:279 - Generated code: C:\Users\Admin\Documents\GitHub\Drone-RTOS\Source\006MPU_Interrupt\MXTmpFiles\rtos_kernelInit.tmp
2026-08-04 17:19:07,236 [INFO] CodeEngine:255 - oldGeneratedFile, C:\Users\Admin\Documents\GitHub\Drone-RTOS\Source\006MPU_Interrupt\MXTmpFiles\rtos_kernelStart.tmp_save
2026-08-04 17:19:07,342 [INFO] CodeEngine:279 - Generated code: C:\Users\Admin\Documents\GitHub\Drone-RTOS\Source\006MPU_Interrupt\MXTmpFiles\rtos_kernelStart.tmp
2026-08-04 17:19:07,348 [INFO] CodeEngine:255 - oldGeneratedFile, C:\Users\Admin\Documents\GitHub\Drone-RTOS\Source\006MPU_Interrupt\MXTmpFiles\rtos_typedefs.tmp_save
2026-08-04 17:19:07,447 [INFO] CodeEngine:279 - Generated code: C:\Users\Admin\Documents\GitHub\Drone-RTOS\Source\006MPU_Interrupt\MXTmpFiles\rtos_typedefs.tmp
2026-08-04 17:19:07,452 [INFO] CodeEngine:255 - oldGeneratedFile, C:\Users\Admin\Documents\GitHub\Drone-RTOS\Source\006MPU_Interrupt\MXTmpFiles\rtos_vars.tmp_save
2026-08-04 17:19:07,552 [INFO] CodeEngine:279 - Generated code: C:\Users\Admin\Documents\GitHub\Drone-RTOS\Source\006MPU_Interrupt\MXTmpFiles\rtos_vars.tmp
2026-08-04 17:19:07,558 [INFO] CodeEngine:255 - oldGeneratedFile, C:\Users\Admin\Documents\GitHub\Drone-RTOS\Source\006MPU_Interrupt\MXTmpFiles\rtos_pfp.tmp_save
2026-08-04 17:19:07,658 [INFO] CodeEngine:279 - Generated code: C:\Users\Admin\Documents\GitHub\Drone-RTOS\Source\006MPU_Interrupt\MXTmpFiles\rtos_pfp.tmp
2026-08-04 17:19:07,663 [INFO] CodeEngine:255 - oldGeneratedFile, C:\Users\Admin\Documents\GitHub\Drone-RTOS\Source\006MPU_Interrupt\MXTmpFiles\rtos_obj_creat.tmp_save
2026-08-04 17:19:07,747 [INFO] CodeEngine:279 - Generated code: C:\Users\Admin\Documents\GitHub\Drone-RTOS\Source\006MPU_Interrupt\MXTmpFiles\rtos_obj_creat.tmp
2026-08-04 17:19:07,753 [INFO] CodeEngine:255 - oldGeneratedFile, C:\Users\Admin\Documents\GitHub\Drone-RTOS\Source\006MPU_Interrupt\MXTmpFiles\rtos_default_thread.tmp_save
2026-08-04 17:19:07,825 [INFO] CodeEngine:279 - Generated code: C:\Users\Admin\Documents\GitHub\Drone-RTOS\Source\006MPU_Interrupt\MXTmpFiles\rtos_default_thread.tmp
2026-08-04 17:19:07,831 [INFO] CodeEngine:255 - oldGeneratedFile, C:\Users\Admin\Documents\GitHub\Drone-RTOS\Source\006MPU_Interrupt\MXTmpFiles\rtos_threads.tmp_save
2026-08-04 17:19:07,905 [INFO] CodeEngine:279 - Generated code: C:\Users\Admin\Documents\GitHub\Drone-RTOS\Source\006MPU_Interrupt\MXTmpFiles\rtos_threads.tmp
2026-08-04 17:19:07,917 [INFO] Middleware:1439 - No code input for Bsp Dependency
2026-08-04 17:19:07,928 [INFO] CodeEngine:255 - oldGeneratedFile, C:\Users\Admin\Documents\GitHub\Drone-RTOS\Source\006MPU_Interrupt\MXTmpFiles\rtos_inc.tmp_save
2026-08-04 17:19:07,999 [INFO] CodeEngine:279 - Generated code: C:\Users\Admin\Documents\GitHub\Drone-RTOS\Source\006MPU_Interrupt\MXTmpFiles\rtos_inc.tmp
2026-08-04 17:19:08,007 [INFO] CodeEngine:255 - oldGeneratedFile, C:\Users\Admin\Documents\GitHub\Drone-RTOS\Source\006MPU_Interrupt\MXTmpFiles\rtos_kernelInit.tmp_save
2026-08-04 17:19:08,075 [INFO] CodeEngine:279 - Generated code: C:\Users\Admin\Documents\GitHub\Drone-RTOS\Source\006MPU_Interrupt\MXTmpFiles\rtos_kernelInit.tmp
2026-08-04 17:19:08,081 [INFO] CodeEngine:255 - oldGeneratedFile, C:\Users\Admin\Documents\GitHub\Drone-RTOS\Source\006MPU_Interrupt\MXTmpFiles\rtos_kernelStart.tmp_save
2026-08-04 17:19:08,147 [INFO] CodeEngine:279 - Generated code: C:\Users\Admin\Documents\GitHub\Drone-RTOS\Source\006MPU_Interrupt\MXTmpFiles\rtos_kernelStart.tmp
2026-08-04 17:19:08,153 [INFO] CodeEngine:255 - oldGeneratedFile, C:\Users\Admin\Documents\GitHub\Drone-RTOS\Source\006MPU_Interrupt\MXTmpFiles\rtos_typedefs.tmp_save
2026-08-04 17:19:08,223 [INFO] CodeEngine:279 - Generated code: C:\Users\Admin\Documents\GitHub\Drone-RTOS\Source\006MPU_Interrupt\MXTmpFiles\rtos_typedefs.tmp
2026-08-04 17:19:08,231 [INFO] CodeEngine:255 - oldGeneratedFile, C:\Users\Admin\Documents\GitHub\Drone-RTOS\Source\006MPU_Interrupt\MXTmpFiles\rtos_vars.tmp_save
2026-08-04 17:19:08,316 [INFO] CodeEngine:279 - Generated code: C:\Users\Admin\Documents\GitHub\Drone-RTOS\Source\006MPU_Interrupt\MXTmpFiles\rtos_vars.tmp
2026-08-04 17:19:08,322 [INFO] CodeEngine:255 - oldGeneratedFile, C:\Users\Admin\Documents\GitHub\Drone-RTOS\Source\006MPU_Interrupt\MXTmpFiles\rtos_pfp.tmp_save
2026-08-04 17:19:08,394 [INFO] CodeEngine:279 - Generated code: C:\Users\Admin\Documents\GitHub\Drone-RTOS\Source\006MPU_Interrupt\MXTmpFiles\rtos_pfp.tmp
2026-08-04 17:19:08,401 [INFO] CodeEngine:255 - oldGeneratedFile, C:\Users\Admin\Documents\GitHub\Drone-RTOS\Source\006MPU_Interrupt\MXTmpFiles\rtos_obj_creat.tmp_save
2026-08-04 17:19:08,476 [INFO] CodeEngine:279 - Generated code: C:\Users\Admin\Documents\GitHub\Drone-RTOS\Source\006MPU_Interrupt\MXTmpFiles\rtos_obj_creat.tmp
2026-08-04 17:19:08,482 [INFO] CodeEngine:255 - oldGeneratedFile, C:\Users\Admin\Documents\GitHub\Drone-RTOS\Source\006MPU_Interrupt\MXTmpFiles\rtos_default_thread.tmp_save
2026-08-04 17:19:08,561 [INFO] CodeEngine:279 - Generated code: C:\Users\Admin\Documents\GitHub\Drone-RTOS\Source\006MPU_Interrupt\MXTmpFiles\rtos_default_thread.tmp
2026-08-04 17:19:08,567 [INFO] CodeEngine:255 - oldGeneratedFile, C:\Users\Admin\Documents\GitHub\Drone-RTOS\Source\006MPU_Interrupt\MXTmpFiles\rtos_threads.tmp_save
2026-08-04 17:19:08,643 [INFO] CodeEngine:279 - Generated code: C:\Users\Admin\Documents\GitHub\Drone-RTOS\Source\006MPU_Interrupt\MXTmpFiles\rtos_threads.tmp
2026-08-04 17:19:08,652 [INFO] CodeEngine:255 - oldGeneratedFile, C:\Users\Admin\Documents\GitHub\Drone-RTOS\Source\006MPU_Interrupt\Core\Inc\FreeRTOSConfig.h_save
2026-08-04 17:19:08,752 [INFO] CodeEngine:279 - Generated code: C:\Users\Admin\Documents\GitHub\Drone-RTOS\Source\006MPU_Interrupt\Core\Inc\FreeRTOSConfig.h
2026-08-04 17:19:08,760 [INFO] CodeEngine:255 - oldGeneratedFile, C:\Users\Admin\Documents\GitHub\Drone-RTOS\Source\006MPU_Interrupt\Core\Src\freertos.c_save
2026-08-04 17:19:08,872 [INFO] CodeEngine:279 - Generated code: C:\Users\Admin\Documents\GitHub\Drone-RTOS\Source\006MPU_Interrupt\Core\Src\freertos.c
2026-08-04 17:19:08,888 [INFO] CodeEngine:255 - oldGeneratedFile, C:\Users\Admin\Documents\GitHub\Drone-RTOS\Source\006MPU_Interrupt\Core\Src\stm32f4xx_it.c_save
2026-08-04 17:19:09,031 [INFO] CodeEngine:279 - Generated code: C:\Users\Admin\Documents\GitHub\Drone-RTOS\Source\006MPU_Interrupt\Core\Src\stm32f4xx_it.c
2026-08-04 17:19:09,041 [INFO] CodeEngine:255 - oldGeneratedFile, C:\Users\Admin\Documents\GitHub\Drone-RTOS\Source\006MPU_Interrupt\Core\Inc\stm32f4xx_it.h_save
2026-08-04 17:19:09,126 [INFO] CodeEngine:279 - Generated code: C:\Users\Admin\Documents\GitHub\Drone-RTOS\Source\006MPU_Interrupt\Core\Inc\stm32f4xx_it.h
2026-08-04 17:19:09,145 [INFO] CodeEngine:255 - oldGeneratedFile, C:\Users\Admin\Documents\GitHub\Drone-RTOS\Source\006MPU_Interrupt\Core\Src\stm32f4xx_hal_msp.c_save
2026-08-04 17:19:09,287 [INFO] CodeEngine:279 - Generated code: C:\Users\Admin\Documents\GitHub\Drone-RTOS\Source\006MPU_Interrupt\Core\Src\stm32f4xx_hal_msp.c
2026-08-04 17:19:09,296 [INFO] CodeEngine:255 - oldGeneratedFile, C:\Users\Admin\Documents\GitHub\Drone-RTOS\Source\006MPU_Interrupt\MXTmpFiles\system.tmp_save
2026-08-04 17:19:09,387 [INFO] CodeEngine:279 - Generated code: C:\Users\Admin\Documents\GitHub\Drone-RTOS\Source\006MPU_Interrupt\MXTmpFiles\system.tmp
2026-08-04 17:19:09,396 [INFO] CodeEngine:255 - oldGeneratedFile, C:\Users\Admin\Documents\GitHub\Drone-RTOS\Source\006MPU_Interrupt\Core\Src\stm32f4xx_hal_timebase_tim.c_save
2026-08-04 17:19:09,487 [INFO] CodeEngine:279 - Generated code: C:\Users\Admin\Documents\GitHub\Drone-RTOS\Source\006MPU_Interrupt\Core\Src\stm32f4xx_hal_timebase_tim.c
2026-08-04 17:19:09,502 [INFO] CodeEngine:311 - oldGeneratedFile, C:\Users\Admin\Documents\GitHub\Drone-RTOS\Source\006MPU_Interrupt\Core\Inc\stm32f4xx_hal_conf.h_save
2026-08-04 17:19:09,608 [INFO] CodeEngine:335 - Generated code: C:\Users\Admin\Documents\GitHub\Drone-RTOS\Source\006MPU_Interrupt\Core\Inc\stm32f4xx_hal_conf.h
2026-08-04 17:19:09,675 [INFO] CodeEngine:255 - oldGeneratedFile, C:\Users\Admin\Documents\GitHub\Drone-RTOS\Source\006MPU_Interrupt\Core\Inc\main.h_save
2026-08-04 17:19:09,841 [INFO] CodeEngine:279 - Generated code: C:\Users\Admin\Documents\GitHub\Drone-RTOS\Source\006MPU_Interrupt\Core\Inc\main.h
2026-08-04 17:19:09,851 [INFO] CodeEngine:255 - oldGeneratedFile, C:\Users\Admin\Documents\GitHub\Drone-RTOS\Source\006MPU_Interrupt\Core\Src\main.c_save
2026-08-04 17:19:10,200 [INFO] CodeEngine:279 - Generated code: C:\Users\Admin\Documents\GitHub\Drone-RTOS\Source\006MPU_Interrupt\Core\Src\main.c
2026-08-04 17:19:11,495 [INFO] ProjectBuilder:3064 - Time for Copy HAL[1] : 597mS.
2026-08-04 17:19:11,514 [INFO] ProjectBuilder:4404 - Project Generator version: 4.1.0
2026-08-04 17:19:12,028 [INFO] ConfigFileManager:1457 - The Die is : DIE413
2026-08-04 17:19:12,051 [INFO] ApiDbMcu:507 - Load IP Config File for FATFS
2026-08-04 17:19:12,058 [INFO] ApiDbMcu:507 - Load IP Config File for LIBJPEG
2026-08-04 17:19:12,075 [INFO] ApiDbMcu:507 - Load IP Config File for MBEDTLS
2026-08-04 17:19:12,096 [INFO] ApiDbMcu:507 - Load IP Config File for USB_DEVICE
2026-08-04 17:19:12,105 [INFO] ApiDbMcu:507 - Load IP Config File for USB_HOST
2026-08-04 17:19:13,795 [INFO] LogOutputStream:77 - [STDOUT_REDIRECT] 
2026-08-04 17:19:15,510 [INFO] ProjectBuilder:4626 - Time for Generating toolchain IDE Files: 3994mS.
2026-08-04 17:19:15,512 [INFO] ProjectBuilder:2935 - Time for Copy CMSIS : 1mS.
2026-08-04 17:19:15,526 [INFO] ProjectBuilder:2935 - Time for Copy CMSIS : 1mS.
2026-08-04 17:19:35,635 [INFO] MainUpdater:2868 - connection check result : 10
2026-08-04 17:19:35,635 [INFO] MainUpdater:2868 - connection check result : 10
2026-08-04 17:19:35,773 [INFO] MicroXplorer:468 - Change Database Path : 
2026-08-04 17:19:35,773 [INFO] MicroXplorer:498 - Change Database Version : DB.6.0.91
2026-08-04 17:19:35,797 [WARN] ThirdParty:871 - waiting for thirdparty lock release [close project]
2026-08-04 17:19:35,797 [INFO] ThirdParty:873 - entering critical section [close project]
2026-08-04 17:19:35,797 [INFO] ThirdParty:883 - exiting critical section [close project]
2026-08-04 17:19:35,799 [INFO] PinOutPanel:1499 - setPackage(No Configuration,No Configuration)
2026-08-04 17:19:35,806 [WARN] IpParametersView:151 - Warning: This peripheral hasn't parameters
2026-08-04 17:19:35,817 [WARN] MainPanel:272 - <html><b><center>Warning: This peripheral has no parameters to be configured<br></b></html>
2026-08-04 17:19:35,824 [INFO] UtilMem:75 - Begin LoadConfig() Used Memory: 869741552 Bytes (1073741824)
2026-08-04 17:19:35,825 [INFO] MicroXplorer:468 - Change Database Path : 
2026-08-04 17:19:35,825 [INFO] MicroXplorer:498 - Change Database Version : DB.6.0.91
2026-08-04 17:19:35,825 [INFO] OpenFileManager:308 - Change cursor
2026-08-04 17:19:35,843 [INFO] RulesReader:64 - Compatibility file has been processed (293 Rules)
2026-08-04 17:19:35,850 [INFO] Mcu:1946 - Initializing MCU STM32F405RGTx STM32F405RGTx STM32F405RGT6
2026-08-04 17:19:37,422 [INFO] Context:659 - Trying to add GPIOservice into a context  which must be forbidden
2026-08-04 17:19:37,899 [INFO] RtosManager:555 - Registered RTOS mode: class=CMSIS, group=RTOS, mode=CMSIS_V1, owner=FREERTOS
2026-08-04 17:19:37,899 [INFO] RtosManager:555 - Registered RTOS mode: class=CMSIS, group=RTOS2, mode=CMSIS_V2, owner=FREERTOS
2026-08-04 17:19:37,899 [INFO] RtosManager:555 - Registered RTOS mode: class=RTOS, group=Core, mode=CMSIS_V1, owner=FREERTOS
2026-08-04 17:19:37,899 [INFO] RtosManager:555 - Registered RTOS mode: class=RTOS, group=Core, mode=CMSIS_V2, owner=FREERTOS
2026-08-04 17:19:37,899 [WARN] ModelIntegratedComponent:184 - Missing modes for component STMicroelectronics:FreeRTOS:0.0.1:STMicroelectronics:RTOS:FreeRTOS:Core:::10.2.0:
2026-08-04 17:19:38,024 [WARN] ModelIntegratedComponent:63 - No mode defined for component null
2026-08-04 17:19:38,025 [WARN] ModelIntegratedComponent:63 - No mode defined for component null
2026-08-04 17:19:38,025 [WARN] ModelIntegratedComponent:63 - No mode defined for component null
2026-08-04 17:19:38,025 [WARN] ModelIntegratedComponent:63 - No mode defined for component null
2026-08-04 17:19:38,025 [WARN] ModelIntegratedComponent:63 - No mode defined for component null
2026-08-04 17:19:38,025 [WARN] ModelIntegratedComponent:63 - No mode defined for component null
2026-08-04 17:19:38,025 [WARN] ModelIntegratedComponent:63 - No mode defined for component null
2026-08-04 17:19:38,025 [WARN] ModelIntegratedComponent:63 - No mode defined for component null
2026-08-04 17:19:38,025 [WARN] ModelIntegratedComponent:63 - No mode defined for component null
2026-08-04 17:19:38,025 [WARN] ModelIntegratedComponent:63 - No mode defined for component null
2026-08-04 17:19:38,025 [WARN] ModelIntegratedComponent:63 - No mode defined for component null
2026-08-04 17:19:38,025 [WARN] ModelIntegratedComponent:63 - No mode defined for component null
2026-08-04 17:19:38,025 [WARN] ModelIntegratedComponent:63 - No mode defined for component null
2026-08-04 17:19:38,025 [WARN] ModelIntegratedComponent:63 - No mode defined for component null
2026-08-04 17:19:38,025 [WARN] ModelIntegratedComponent:63 - No mode defined for component null
2026-08-04 17:19:38,025 [WARN] ModelIntegratedComponent:63 - No mode defined for component null
2026-08-04 17:19:38,025 [WARN] ModelIntegratedComponent:63 - No mode defined for component null
2026-08-04 17:19:38,026 [WARN] ModelIntegratedComponent:63 - No mode defined for component null
2026-08-04 17:19:38,026 [WARN] ModelIntegratedComponent:63 - No mode defined for component null
2026-08-04 17:19:38,026 [WARN] ModelIntegratedComponent:63 - No mode defined for component null
2026-08-04 17:19:38,026 [WARN] ModelIntegratedComponent:63 - No mode defined for component null
2026-08-04 17:19:38,026 [WARN] ModelIntegratedComponent:63 - No mode defined for component null
2026-08-04 17:19:38,026 [WARN] ModelIntegratedComponent:63 - No mode defined for component null
2026-08-04 17:19:38,026 [WARN] ModelIntegratedComponent:63 - No mode defined for component null
2026-08-04 17:19:38,026 [WARN] ModelIntegratedComponent:63 - No mode defined for component null
2026-08-04 17:19:38,026 [WARN] ModelIntegratedComponent:63 - No mode defined for component null
2026-08-04 17:19:38,026 [WARN] ModelIntegratedComponent:63 - No mode defined for component null
2026-08-04 17:19:38,026 [WARN] ModelIntegratedComponent:63 - No mode defined for component null
2026-08-04 17:19:38,026 [WARN] ModelIntegratedComponent:63 - No mode defined for component null
2026-08-04 17:19:38,026 [WARN] ModelIntegratedComponent:63 - No mode defined for component null
2026-08-04 17:19:38,026 [WARN] ModelIntegratedComponent:63 - No mode defined for component null
2026-08-04 17:19:38,026 [WARN] ModelIntegratedComponent:63 - No mode defined for component null
2026-08-04 17:19:38,027 [WARN] ModelIntegratedComponent:63 - No mode defined for component null
2026-08-04 17:19:38,176 [INFO] ThirdPartyModel:298 - Start build external matchings
2026-08-04 17:19:38,694 [INFO] ThirdPartyModel:316 - End build external matchings
2026-08-04 17:19:38,707 [INFO] RtosManager:919 - Current active RTOS is FREERTOS [Cortex-M4NS]
2026-08-04 17:19:38,718 [INFO] ImportTextPane:194 - (OptionalMessage_ERROR) IP (RCC) : Parameter (48MHZClocksFreq_Value) has invalid value (84000000)
2026-08-04 17:19:38,719 [INFO] ImportTextPane:194 - (OptionalMessage_ERROR) IP (RCC) : Parameter (RTCHSEDivFreq_Value) has invalid value (4000000)
2026-08-04 17:19:39,061 [INFO] UtilMem:75 - End LoadConfig() Used Memory: 921813976 Bytes (1073741824)
2026-08-04 17:19:39,091 [WARN] ThirdParty:833 - waiting for thirdparty lock release [change project]
2026-08-04 17:19:39,091 [INFO] ThirdParty:835 - entering critical section [change project]
2026-08-04 17:19:39,091 [INFO] ThirdParty:1030 - CMSIS Pack Vendor :STMicroelectronics USBPD 4.1
2026-08-04 17:19:39,091 [INFO] ThirdParty:1030 - CMSIS Pack Vendor :STMicroelectronics USB_HOST 2.0.0
2026-08-04 17:19:39,091 [INFO] ThirdParty:1030 - CMSIS Pack Vendor :STMicroelectronics FP-ATR-ASTRA1 2.0.3
2026-08-04 17:19:39,092 [INFO] ThirdParty:1030 - CMSIS Pack Vendor :STMicroelectronics X-CUBE-AZRTOS-F4 1.1.0
2026-08-04 17:19:39,092 [INFO] ThirdParty:1030 - CMSIS Pack Vendor :STMicroelectronics LIBJPEG 8.0.0
2026-08-04 17:19:39,092 [INFO] ThirdParty:1030 - CMSIS Pack Vendor :STMicroelectronics FP-ATR-ASTRA1 2.0.2
2026-08-04 17:19:39,092 [INFO] ThirdParty:1030 - CMSIS Pack Vendor :STMicroelectronics X-CUBE-SMBUS 2.1.0
2026-08-04 17:19:39,092 [INFO] ThirdParty:1030 - CMSIS Pack Vendor :wolfSSL I-CUBE-wolfMQTT 1.19.2
2026-08-04 17:19:39,092 [INFO] ThirdParty:1030 - CMSIS Pack Vendor :STMicroelectronics USB_DEVICE 3.0.0
2026-08-04 17:19:39,092 [INFO] ThirdParty:1030 - CMSIS Pack Vendor :STMicroelectronics X-CUBE-AZRTOS-F7 1.1.0
2026-08-04 17:19:39,092 [INFO] ThirdParty:1030 - CMSIS Pack Vendor :STMicroelectronics USB_DEVICE 2.0.0
2026-08-04 17:19:39,092 [INFO] ThirdParty:1030 - CMSIS Pack Vendor :STMicroelectronics X-CUBE-ALGOBUILD 1.5.0
2026-08-04 17:19:39,092 [INFO] ThirdParty:1030 - CMSIS Pack Vendor :STMicroelectronics FreeRTOS 0.0.1
2026-08-04 17:19:39,092 [INFO] ThirdParty:1030 - CMSIS Pack Vendor :STMicroelectronics X-CUBE-AZRTOS-H7RS 1.3.0
2026-08-04 17:19:39,092 [INFO] ThirdParty:1030 - CMSIS Pack Vendor :STMicroelectronics X-CUBE-AZRTOS-G0 1.1.0
2026-08-04 17:19:39,092 [INFO] ThirdParty:1030 - CMSIS Pack Vendor :STMicroelectronics X-CUBE-NFC4 3.0.0
2026-08-04 17:19:39,092 [INFO] ThirdParty:1030 - CMSIS Pack Vendor :STMicroelectronics X-CUBE-SUBG2 5.0.0
2026-08-04 17:19:39,092 [INFO] ThirdParty:1030 - CMSIS Pack Vendor :STMicroelectronics STM32_WPAN 1.0.0
2026-08-04 17:19:39,092 [INFO] ThirdParty:1030 - CMSIS Pack Vendor :STMicroelectronics lwIP 2.0.3
2026-08-04 17:19:39,092 [INFO] ThirdParty:1030 - CMSIS Pack Vendor :STMicroelectronics X-CUBE-MEMS1 13.0.0
2026-08-04 17:19:39,092 [INFO] ThirdParty:1030 - CMSIS Pack Vendor :STMicroelectronics USB_HOST 1.0.0
2026-08-04 17:19:39,092 [INFO] ThirdParty:1030 - CMSIS Pack Vendor :STMicroelectronics X-CUBE-AZRTOS-G4 2.0.0
2026-08-04 17:19:39,092 [INFO] ThirdParty:1030 - CMSIS Pack Vendor :STMicroelectronics PDM2PCM 3.1.0
2026-08-04 17:19:39,092 [INFO] ThirdParty:1030 - CMSIS Pack Vendor :STMicroelectronics PDM2PCM 3.3.0
2026-08-04 17:19:39,092 [INFO] ThirdParty:1030 - CMSIS Pack Vendor :wolfSSL I-CUBE-wolfTPM 3.8.0
2026-08-04 17:19:39,092 [INFO] ThirdParty:1030 - CMSIS Pack Vendor :STMicroelectronics X-CUBE-DISPLAY 3.0.0
2026-08-04 17:19:39,092 [INFO] ThirdParty:1030 - CMSIS Pack Vendor :wolfSSL I-CUBE-wolfSSH 1.4.20
2026-08-04 17:19:39,092 [INFO] ThirdParty:1030 - CMSIS Pack Vendor :wolfSSL I-CUBE-wolfSSL 5.9.1
2026-08-04 17:19:39,092 [INFO] ThirdParty:1030 - CMSIS Pack Vendor :STMicroelectronics FP-ATR-SIGFOX1 3.2.0
2026-08-04 17:19:39,092 [INFO] ThirdParty:1030 - CMSIS Pack Vendor :STMicroelectronics HAL Drivers 0.0.0
2026-08-04 17:19:39,092 [INFO] ThirdParty:1030 - CMSIS Pack Vendor :STMicroelectronics MBEDTLS 2.16.2
2026-08-04 17:19:39,092 [INFO] ThirdParty:1030 - CMSIS Pack Vendor :emotas I-CUBE-CANOPEN 1.3.0
2026-08-04 17:19:39,092 [INFO] ThirdParty:1030 - CMSIS Pack Vendor :STMicroelectronics MBEDTLS 2.14.1
2026-08-04 17:19:39,092 [INFO] ThirdParty:1030 - CMSIS Pack Vendor :ITTIA_DB I-CUBE-ITTIADB 8.9.0
2026-08-04 17:19:39,092 [INFO] ThirdParty:1030 - CMSIS Pack Vendor :STMicroelectronics X-CUBE-TOUCHGFX 4.26.1
2026-08-04 17:19:39,092 [INFO] ThirdParty:1030 - CMSIS Pack Vendor :STMicroelectronics X-CUBE-AI 10.2.1
2026-08-04 17:19:39,092 [INFO] ThirdParty:1030 - CMSIS Pack Vendor :STMicroelectronics ThreadX 1.0.0
2026-08-04 17:19:39,092 [INFO] ThirdParty:1030 - CMSIS Pack Vendor :STMicroelectronics X-CUBE-MEMS1 12.1.0
2026-08-04 17:19:39,092 [INFO] ThirdParty:1030 - CMSIS Pack Vendor :STMicroelectronics X-CUBE-AZRTOS-WL 2.0.0
2026-08-04 17:19:39,092 [INFO] ThirdParty:1030 - CMSIS Pack Vendor :SEGGER I-CUBE-embOS 1.3.1
2026-08-04 17:19:39,093 [INFO] ThirdParty:1030 - CMSIS Pack Vendor :STMicroelectronics X-CUBE-ALGOBUILD 1.4.0
2026-08-04 17:19:39,093 [INFO] ThirdParty:1030 - CMSIS Pack Vendor :STMicroelectronics USB_DEVICE 1.0.0
2026-08-04 17:19:39,093 [INFO] ThirdParty:1030 - CMSIS Pack Vendor :STMicroelectronics X-CUBE-AZRTOS-H7RS 1.2.0
2026-08-04 17:19:39,093 [INFO] ThirdParty:1030 - CMSIS Pack Vendor :STMicroelectronics X-CUBE-AZRTOS-L4 2.0.0
2026-08-04 17:19:39,093 [INFO] ThirdParty:1030 - CMSIS Pack Vendor :STMicroelectronics ThreadX 0.0.2
2026-08-04 17:19:39,093 [INFO] ThirdParty:1030 - CMSIS Pack Vendor :STMicroelectronics lwIP 2.1.2
2026-08-04 17:19:39,093 [INFO] ThirdParty:1030 - CMSIS Pack Vendor :STMicroelectronics X-CUBE-SFXS2LP1 4.0.0
2026-08-04 17:19:39,093 [INFO] ThirdParty:1030 - CMSIS Pack Vendor :STMicroelectronics X-CUBE-BLE2 3.3.0
2026-08-04 17:19:39,093 [INFO] ThirdParty:1030 - CMSIS Pack Vendor :STMicroelectronics X-CUBE-NFC13 1.0.0
2026-08-04 17:19:39,093 [INFO] ThirdParty:1030 - CMSIS Pack Vendor :STMicroelectronics PDM2PCM 3.2.0
2026-08-04 17:19:39,093 [INFO] ThirdParty:841 - exiting critical section [change project]
2026-08-04 17:19:39,328 [INFO] PinOutPanel:1499 - setPackage(No Configuration,No Configuration)
2026-08-04 17:19:39,330 [INFO] PinOutPanel:1499 - setPackage(STM32F405RGTx,LQFP64)
2026-08-04 17:19:39,732 [INFO] UtilMem:75 - Before build in PCC Used Memory: 825900064 Bytes (1073741824)
2026-08-04 17:19:40,141 [INFO] UtilMem:75 - After build in PCC Used Memory: 870462496 Bytes (1073741824)
2026-08-04 17:19:40,150 [INFO] ApiDbMcu:507 - Load IP Config File for FREERTOS
2026-08-04 17:19:40,189 [INFO] IPUIPlugin:80 - create IPUIPlugin
2026-08-04 17:19:40,189 [INFO] IPUIPlugin:80 - create IPUIPlugin
2026-08-04 17:19:40,189 [INFO] IPUIPlugin:80 - create IPUIPlugin
2026-08-04 17:19:40,189 [INFO] IPUIPlugin:80 - create IPUIPlugin
2026-08-04 17:19:40,189 [INFO] IPUIPlugin:80 - create IPUIPlugin
2026-08-04 17:19:40,189 [INFO] IPUIPlugin:80 - create IPUIPlugin
2026-08-04 17:19:40,190 [INFO] IPUIPlugin:80 - create IPUIPlugin
2026-08-04 17:19:40,190 [INFO] IPUIPlugin:80 - create IPUIPlugin
2026-08-04 17:19:40,190 [INFO] IPUIPlugin:80 - create IPUIPlugin
2026-08-04 17:19:40,190 [INFO] IPUIPlugin:80 - create IPUIPlugin
2026-08-04 17:19:40,190 [INFO] IPUIPlugin:80 - create IPUIPlugin
2026-08-04 17:19:40,190 [INFO] IPUIPlugin:80 - create IPUIPlugin
2026-08-04 17:19:40,191 [INFO] IPUIPlugin:80 - create IPUIPlugin
2026-08-04 17:19:40,191 [INFO] IPUIPlugin:80 - create IPUIPlugin
2026-08-04 17:19:40,191 [INFO] IPUIPlugin:80 - create IPUIPlugin
2026-08-04 17:19:40,191 [INFO] IPUIPlugin:80 - create IPUIPlugin
2026-08-04 17:19:40,191 [INFO] IPUIPlugin:80 - create IPUIPlugin
2026-08-04 17:19:40,192 [INFO] IPUIPlugin:80 - create IPUIPlugin
2026-08-04 17:19:40,192 [INFO] IPUIPlugin:80 - create IPUIPlugin
2026-08-04 17:19:40,192 [INFO] IPUIPlugin:80 - create IPUIPlugin
2026-08-04 17:19:40,192 [INFO] IPUIPlugin:80 - create IPUIPlugin
2026-08-04 17:19:40,193 [INFO] IPUIPlugin:80 - create IPUIPlugin
2026-08-04 17:19:40,193 [INFO] IPUIPlugin:80 - create IPUIPlugin
2026-08-04 17:19:40,194 [INFO] IPUIPlugin:80 - create IPUIPlugin
2026-08-04 17:19:40,194 [INFO] IPUIPlugin:80 - create IPUIPlugin
2026-08-04 17:19:40,195 [INFO] IPUIPlugin:80 - create IPUIPlugin
2026-08-04 17:19:40,195 [INFO] IPUIPlugin:80 - create IPUIPlugin
2026-08-04 17:19:40,195 [INFO] IPUIPlugin:80 - create IPUIPlugin
2026-08-04 17:19:40,196 [INFO] IPUIPlugin:80 - create IPUIPlugin
2026-08-04 17:19:40,196 [INFO] IPUIPlugin:80 - create IPUIPlugin
2026-08-04 17:19:40,197 [INFO] IPUIPlugin:80 - create IPUIPlugin
2026-08-04 17:19:40,197 [INFO] IPUIPlugin:80 - create IPUIPlugin
2026-08-04 17:19:40,197 [INFO] IPUIPlugin:80 - create IPUIPlugin
2026-08-04 17:19:40,198 [INFO] IPUIPlugin:80 - create IPUIPlugin
2026-08-04 17:19:40,198 [INFO] IPUIPlugin:80 - create IPUIPlugin
2026-08-04 17:19:40,199 [INFO] IPUIPlugin:80 - create IPUIPlugin
2026-08-04 17:19:40,199 [INFO] IPUIPlugin:80 - create IPUIPlugin
2026-08-04 17:19:40,200 [INFO] IPUIPlugin:80 - create IPUIPlugin
2026-08-04 17:19:40,200 [INFO] IPUIPlugin:80 - create IPUIPlugin
2026-08-04 17:19:40,200 [INFO] IPUIPlugin:80 - create IPUIPlugin
2026-08-04 17:19:40,201 [INFO] IPUIPlugin:80 - create IPUIPlugin
2026-08-04 17:19:40,202 [INFO] IPUIPlugin:80 - create IPUIPlugin
2026-08-04 17:19:40,202 [INFO] IPUIPlugin:80 - create IPUIPlugin
2026-08-04 17:19:40,203 [INFO] IPUIPlugin:80 - create IPUIPlugin
2026-08-04 17:19:40,203 [INFO] IPUIPlugin:80 - create IPUIPlugin
2026-08-04 17:19:40,204 [INFO] IPUIPlugin:80 - create IPUIPlugin
2026-08-04 17:19:40,205 [INFO] IPUIPlugin:80 - create IPUIPlugin
2026-08-04 17:19:40,205 [INFO] IPUIPlugin:80 - create IPUIPlugin
2026-08-04 17:19:40,206 [INFO] IPUIPlugin:80 - create IPUIPlugin
2026-08-04 17:19:40,207 [INFO] IPUIPlugin:80 - create IPUIPlugin
2026-08-04 17:19:40,208 [INFO] IPUIPlugin:80 - create IPUIPlugin
2026-08-04 17:19:40,209 [INFO] IPUIPlugin:80 - create IPUIPlugin
2026-08-04 17:19:40,209 [INFO] IPUIPlugin:80 - create IPUIPlugin
2026-08-04 17:19:40,210 [INFO] IPUIPlugin:80 - create IPUIPlugin
2026-08-04 17:19:40,214 [INFO] ApiDbMcu:507 - Load IP Config File for PDM2PCM
2026-08-04 17:19:40,215 [WARN] IP:2114 - I2C_Coeff_DF not found: check if there is a RefParameter without a condition.
2026-08-04 17:19:40,215 [WARN] IP:2114 - Analog_Filter not found: check if there is a RefParameter without a condition.
2026-08-04 17:19:40,226 [WARN] FreeRTOS:1023 - Null or empty value: should not occur! (nothing added to the table)
2026-08-04 17:19:40,313 [INFO] CADModel:165 - CPN selected for project levelSTM32F405RGT6
2026-08-04 17:19:40,313 [INFO] CADModel:114 - Register for checkConnection events
2026-08-04 17:19:40,318 [INFO] RtosManager:697 - Active RTOS found at IOC load: FREERTOS [Cortex-M4NS]
2026-08-04 17:19:40,389 [INFO] OpenFileManager:328 - Restore cursor
2026-08-04 17:19:40,593 [WARN] IP:2114 - I2C_Coeff_DF not found: check if there is a RefParameter without a condition.
2026-08-04 17:19:40,593 [WARN] IP:2114 - Analog_Filter not found: check if there is a RefParameter without a condition.
2026-08-04 17:19:40,593 [WARN] IP:2114 - I2C_Coeff_DF not found: check if there is a RefParameter without a condition.
2026-08-04 17:19:40,593 [WARN] IP:2114 - Analog_Filter not found: check if there is a RefParameter without a condition.
2026-08-04 17:26:09,754 [INFO] MainUpdater:2868 - connection check result : 10
2026-08-04 17:26:09,754 [INFO] MainUpdater:2868 - connection check result : 10
2026-08-04 17:26:09,930 [INFO] MicroXplorer:468 - Change Database Path : 
2026-08-04 17:26:09,930 [INFO] MicroXplorer:498 - Change Database Version : DB.6.0.91
2026-08-04 17:26:09,959 [WARN] ThirdParty:871 - waiting for thirdparty lock release [close project]
2026-08-04 17:26:09,959 [INFO] ThirdParty:873 - entering critical section [close project]
2026-08-04 17:26:09,959 [INFO] ThirdParty:883 - exiting critical section [close project]
2026-08-04 17:26:09,961 [INFO] PinOutPanel:1499 - setPackage(No Configuration,No Configuration)
2026-08-04 17:26:09,967 [WARN] IpParametersView:151 - Warning: This peripheral hasn't parameters
2026-08-04 17:26:09,970 [WARN] MainPanel:272 - <html><b><center>Warning: This peripheral has no parameters to be configured<br></b></html>
2026-08-04 17:26:09,975 [INFO] UtilMem:75 - Begin LoadConfig() Used Memory: 934727536 Bytes (1073741824)
2026-08-04 17:26:09,976 [INFO] MicroXplorer:468 - Change Database Path : 
2026-08-04 17:26:09,976 [INFO] MicroXplorer:498 - Change Database Version : DB.6.0.91
2026-08-04 17:26:09,977 [INFO] OpenFileManager:308 - Change cursor
2026-08-04 17:26:09,988 [INFO] Mcu:1946 - Initializing MCU STM32F405RGTx STM32F405RGTx STM32F405RGT6
2026-08-04 17:26:11,548 [INFO] Context:659 - Trying to add GPIOservice into a context  which must be forbidden
2026-08-04 17:26:11,882 [INFO] RtosManager:555 - Registered RTOS mode: class=CMSIS, group=RTOS, mode=CMSIS_V1, owner=FREERTOS
2026-08-04 17:26:11,882 [INFO] RtosManager:555 - Registered RTOS mode: class=CMSIS, group=RTOS2, mode=CMSIS_V2, owner=FREERTOS
2026-08-04 17:26:11,882 [INFO] RtosManager:555 - Registered RTOS mode: class=RTOS, group=Core, mode=CMSIS_V1, owner=FREERTOS
2026-08-04 17:26:11,882 [INFO] RtosManager:555 - Registered RTOS mode: class=RTOS, group=Core, mode=CMSIS_V2, owner=FREERTOS
2026-08-04 17:26:11,882 [WARN] ModelIntegratedComponent:184 - Missing modes for component STMicroelectronics:FreeRTOS:0.0.1:STMicroelectronics:RTOS:FreeRTOS:Core:::10.2.0:
2026-08-04 17:26:11,957 [WARN] ModelIntegratedComponent:63 - No mode defined for component null
2026-08-04 17:26:11,957 [WARN] ModelIntegratedComponent:63 - No mode defined for component null
2026-08-04 17:26:11,957 [WARN] ModelIntegratedComponent:63 - No mode defined for component null
2026-08-04 17:26:11,957 [WARN] ModelIntegratedComponent:63 - No mode defined for component null
2026-08-04 17:26:11,957 [WARN] ModelIntegratedComponent:63 - No mode defined for component null
2026-08-04 17:26:11,957 [WARN] ModelIntegratedComponent:63 - No mode defined for component null
2026-08-04 17:26:11,957 [WARN] ModelIntegratedComponent:63 - No mode defined for component null
2026-08-04 17:26:11,957 [WARN] ModelIntegratedComponent:63 - No mode defined for component null
2026-08-04 17:26:11,957 [WARN] ModelIntegratedComponent:63 - No mode defined for component null
2026-08-04 17:26:11,957 [WARN] ModelIntegratedComponent:63 - No mode defined for component null
2026-08-04 17:26:11,957 [WARN] ModelIntegratedComponent:63 - No mode defined for component null
2026-08-04 17:26:11,957 [WARN] ModelIntegratedComponent:63 - No mode defined for component null
2026-08-04 17:26:11,957 [WARN] ModelIntegratedComponent:63 - No mode defined for component null
2026-08-04 17:26:11,957 [WARN] ModelIntegratedComponent:63 - No mode defined for component null
2026-08-04 17:26:11,957 [WARN] ModelIntegratedComponent:63 - No mode defined for component null
2026-08-04 17:26:11,957 [WARN] ModelIntegratedComponent:63 - No mode defined for component null
2026-08-04 17:26:11,957 [WARN] ModelIntegratedComponent:63 - No mode defined for component null
2026-08-04 17:26:11,957 [WARN] ModelIntegratedComponent:63 - No mode defined for component null
2026-08-04 17:26:11,957 [WARN] ModelIntegratedComponent:63 - No mode defined for component null
2026-08-04 17:26:11,957 [WARN] ModelIntegratedComponent:63 - No mode defined for component null
2026-08-04 17:26:11,957 [WARN] ModelIntegratedComponent:63 - No mode defined for component null
2026-08-04 17:26:11,957 [WARN] ModelIntegratedComponent:63 - No mode defined for component null
2026-08-04 17:26:11,957 [WARN] ModelIntegratedComponent:63 - No mode defined for component null
2026-08-04 17:26:11,957 [WARN] ModelIntegratedComponent:63 - No mode defined for component null
2026-08-04 17:26:11,957 [WARN] ModelIntegratedComponent:63 - No mode defined for component null
2026-08-04 17:26:11,958 [WARN] ModelIntegratedComponent:63 - No mode defined for component null
2026-08-04 17:26:11,958 [WARN] ModelIntegratedComponent:63 - No mode defined for component null
2026-08-04 17:26:11,958 [WARN] ModelIntegratedComponent:63 - No mode defined for component null
2026-08-04 17:26:11,958 [WARN] ModelIntegratedComponent:63 - No mode defined for component null
2026-08-04 17:26:11,958 [WARN] ModelIntegratedComponent:63 - No mode defined for component null
2026-08-04 17:26:11,958 [WARN] ModelIntegratedComponent:63 - No mode defined for component null
2026-08-04 17:26:11,958 [WARN] ModelIntegratedComponent:63 - No mode defined for component null
2026-08-04 17:26:11,958 [WARN] ModelIntegratedComponent:63 - No mode defined for component null
2026-08-04 17:26:12,032 [INFO] ThirdPartyModel:298 - Start build external matchings
2026-08-04 17:26:12,471 [INFO] ThirdPartyModel:316 - End build external matchings
2026-08-04 17:26:12,482 [INFO] RtosManager:919 - Current active RTOS is FREERTOS [Cortex-M4NS]
2026-08-04 17:26:12,492 [INFO] ImportTextPane:194 - (OptionalMessage_ERROR) IP (RCC) : Parameter (48MHZClocksFreq_Value) has invalid value (84000000)
2026-08-04 17:26:12,493 [INFO] ImportTextPane:194 - (OptionalMessage_ERROR) IP (RCC) : Parameter (RTCHSEDivFreq_Value) has invalid value (4000000)
2026-08-04 17:26:12,850 [INFO] UtilMem:75 - End LoadConfig() Used Memory: 938009040 Bytes (1073741824)
2026-08-04 17:26:12,871 [WARN] ThirdParty:833 - waiting for thirdparty lock release [change project]
2026-08-04 17:26:12,872 [INFO] ThirdParty:835 - entering critical section [change project]
2026-08-04 17:26:12,872 [INFO] ThirdParty:1030 - CMSIS Pack Vendor :STMicroelectronics USBPD 4.1
2026-08-04 17:26:12,872 [INFO] ThirdParty:1030 - CMSIS Pack Vendor :STMicroelectronics USB_HOST 2.0.0
2026-08-04 17:26:12,872 [INFO] ThirdParty:1030 - CMSIS Pack Vendor :STMicroelectronics FP-ATR-ASTRA1 2.0.3
2026-08-04 17:26:12,872 [INFO] ThirdParty:1030 - CMSIS Pack Vendor :STMicroelectronics X-CUBE-AZRTOS-F4 1.1.0
2026-08-04 17:26:12,872 [INFO] ThirdParty:1030 - CMSIS Pack Vendor :STMicroelectronics LIBJPEG 8.0.0
2026-08-04 17:26:12,872 [INFO] ThirdParty:1030 - CMSIS Pack Vendor :STMicroelectronics FP-ATR-ASTRA1 2.0.2
2026-08-04 17:26:12,872 [INFO] ThirdParty:1030 - CMSIS Pack Vendor :STMicroelectronics X-CUBE-SMBUS 2.1.0
2026-08-04 17:26:12,872 [INFO] ThirdParty:1030 - CMSIS Pack Vendor :wolfSSL I-CUBE-wolfMQTT 1.19.2
2026-08-04 17:26:12,872 [INFO] ThirdParty:1030 - CMSIS Pack Vendor :STMicroelectronics USB_DEVICE 3.0.0
2026-08-04 17:26:12,872 [INFO] ThirdParty:1030 - CMSIS Pack Vendor :STMicroelectronics X-CUBE-AZRTOS-F7 1.1.0
2026-08-04 17:26:12,872 [INFO] ThirdParty:1030 - CMSIS Pack Vendor :STMicroelectronics USB_DEVICE 2.0.0
2026-08-04 17:26:12,872 [INFO] ThirdParty:1030 - CMSIS Pack Vendor :STMicroelectronics X-CUBE-ALGOBUILD 1.5.0
2026-08-04 17:26:12,872 [INFO] ThirdParty:1030 - CMSIS Pack Vendor :STMicroelectronics FreeRTOS 0.0.1
2026-08-04 17:26:12,872 [INFO] ThirdParty:1030 - CMSIS Pack Vendor :STMicroelectronics X-CUBE-AZRTOS-H7RS 1.3.0
2026-08-04 17:26:12,872 [INFO] ThirdParty:1030 - CMSIS Pack Vendor :STMicroelectronics X-CUBE-AZRTOS-G0 1.1.0
2026-08-04 17:26:12,873 [INFO] ThirdParty:1030 - CMSIS Pack Vendor :STMicroelectronics X-CUBE-NFC4 3.0.0
2026-08-04 17:26:12,873 [INFO] ThirdParty:1030 - CMSIS Pack Vendor :STMicroelectronics X-CUBE-SUBG2 5.0.0
2026-08-04 17:26:12,873 [INFO] ThirdParty:1030 - CMSIS Pack Vendor :STMicroelectronics STM32_WPAN 1.0.0
2026-08-04 17:26:12,873 [INFO] ThirdParty:1030 - CMSIS Pack Vendor :STMicroelectronics lwIP 2.0.3
2026-08-04 17:26:12,873 [INFO] ThirdParty:1030 - CMSIS Pack Vendor :STMicroelectronics X-CUBE-MEMS1 13.0.0
2026-08-04 17:26:12,873 [INFO] ThirdParty:1030 - CMSIS Pack Vendor :STMicroelectronics USB_HOST 1.0.0
2026-08-04 17:26:12,873 [INFO] ThirdParty:1030 - CMSIS Pack Vendor :STMicroelectronics X-CUBE-AZRTOS-G4 2.0.0
2026-08-04 17:26:12,873 [INFO] ThirdParty:1030 - CMSIS Pack Vendor :STMicroelectronics PDM2PCM 3.1.0
2026-08-04 17:26:12,873 [INFO] ThirdParty:1030 - CMSIS Pack Vendor :STMicroelectronics PDM2PCM 3.3.0
2026-08-04 17:26:12,873 [INFO] ThirdParty:1030 - CMSIS Pack Vendor :wolfSSL I-CUBE-wolfTPM 3.8.0
2026-08-04 17:26:12,873 [INFO] ThirdParty:1030 - CMSIS Pack Vendor :STMicroelectronics X-CUBE-DISPLAY 3.0.0
2026-08-04 17:26:12,873 [INFO] ThirdParty:1030 - CMSIS Pack Vendor :wolfSSL I-CUBE-wolfSSH 1.4.20
2026-08-04 17:26:12,873 [INFO] ThirdParty:1030 - CMSIS Pack Vendor :wolfSSL I-CUBE-wolfSSL 5.9.1
2026-08-04 17:26:12,873 [INFO] ThirdParty:1030 - CMSIS Pack Vendor :STMicroelectronics FP-ATR-SIGFOX1 3.2.0
2026-08-04 17:26:12,873 [INFO] ThirdParty:1030 - CMSIS Pack Vendor :STMicroelectronics HAL Drivers 0.0.0
2026-08-04 17:26:12,873 [INFO] ThirdParty:1030 - CMSIS Pack Vendor :STMicroelectronics MBEDTLS 2.16.2
2026-08-04 17:26:12,873 [INFO] ThirdParty:1030 - CMSIS Pack Vendor :emotas I-CUBE-CANOPEN 1.3.0
2026-08-04 17:26:12,873 [INFO] ThirdParty:1030 - CMSIS Pack Vendor :STMicroelectronics MBEDTLS 2.14.1
2026-08-04 17:26:12,873 [INFO] ThirdParty:1030 - CMSIS Pack Vendor :ITTIA_DB I-CUBE-ITTIADB 8.9.0
2026-08-04 17:26:12,874 [INFO] ThirdParty:1030 - CMSIS Pack Vendor :STMicroelectronics X-CUBE-TOUCHGFX 4.26.1
2026-08-04 17:26:12,874 [INFO] ThirdParty:1030 - CMSIS Pack Vendor :STMicroelectronics X-CUBE-AI 10.2.1
2026-08-04 17:26:12,874 [INFO] ThirdParty:1030 - CMSIS Pack Vendor :STMicroelectronics ThreadX 1.0.0
2026-08-04 17:26:12,874 [INFO] ThirdParty:1030 - CMSIS Pack Vendor :STMicroelectronics X-CUBE-MEMS1 12.1.0
2026-08-04 17:26:12,874 [INFO] ThirdParty:1030 - CMSIS Pack Vendor :STMicroelectronics X-CUBE-AZRTOS-WL 2.0.0
2026-08-04 17:26:12,874 [INFO] ThirdParty:1030 - CMSIS Pack Vendor :SEGGER I-CUBE-embOS 1.3.1
2026-08-04 17:26:12,874 [INFO] ThirdParty:1030 - CMSIS Pack Vendor :STMicroelectronics X-CUBE-ALGOBUILD 1.4.0
2026-08-04 17:26:12,874 [INFO] ThirdParty:1030 - CMSIS Pack Vendor :STMicroelectronics USB_DEVICE 1.0.0
2026-08-04 17:26:12,874 [INFO] ThirdParty:1030 - CMSIS Pack Vendor :STMicroelectronics X-CUBE-AZRTOS-H7RS 1.2.0
2026-08-04 17:26:12,874 [INFO] ThirdParty:1030 - CMSIS Pack Vendor :STMicroelectronics X-CUBE-AZRTOS-L4 2.0.0
2026-08-04 17:26:12,874 [INFO] ThirdParty:1030 - CMSIS Pack Vendor :STMicroelectronics ThreadX 0.0.2
2026-08-04 17:26:12,874 [INFO] ThirdParty:1030 - CMSIS Pack Vendor :STMicroelectronics lwIP 2.1.2
2026-08-04 17:26:12,874 [INFO] ThirdParty:1030 - CMSIS Pack Vendor :STMicroelectronics X-CUBE-SFXS2LP1 4.0.0
2026-08-04 17:26:12,874 [INFO] ThirdParty:1030 - CMSIS Pack Vendor :STMicroelectronics X-CUBE-BLE2 3.3.0
2026-08-04 17:26:12,874 [INFO] ThirdParty:1030 - CMSIS Pack Vendor :STMicroelectronics X-CUBE-NFC13 1.0.0
2026-08-04 17:26:12,874 [INFO] ThirdParty:1030 - CMSIS Pack Vendor :STMicroelectronics PDM2PCM 3.2.0
2026-08-04 17:26:12,874 [INFO] ThirdParty:841 - exiting critical section [change project]
2026-08-04 17:26:13,148 [INFO] PinOutPanel:1499 - setPackage(No Configuration,No Configuration)
2026-08-04 17:26:13,149 [INFO] PinOutPanel:1499 - setPackage(STM32F405RGTx,LQFP64)
2026-08-04 17:26:13,410 [INFO] UtilMem:75 - Before build in PCC Used Memory: 797792240 Bytes (1073741824)
2026-08-04 17:26:13,591 [INFO] UtilMem:75 - After build in PCC Used Memory: 796805736 Bytes (1073741824)
2026-08-04 17:26:13,597 [INFO] ApiDbMcu:507 - Load IP Config File for FREERTOS
2026-08-04 17:26:13,623 [INFO] IPUIPlugin:80 - create IPUIPlugin
2026-08-04 17:26:13,623 [INFO] IPUIPlugin:80 - create IPUIPlugin
2026-08-04 17:26:13,623 [INFO] IPUIPlugin:80 - create IPUIPlugin
2026-08-04 17:26:13,623 [INFO] IPUIPlugin:80 - create IPUIPlugin
2026-08-04 17:26:13,623 [INFO] IPUIPlugin:80 - create IPUIPlugin
2026-08-04 17:26:13,624 [INFO] IPUIPlugin:80 - create IPUIPlugin
2026-08-04 17:26:13,624 [INFO] IPUIPlugin:80 - create IPUIPlugin
2026-08-04 17:26:13,624 [INFO] IPUIPlugin:80 - create IPUIPlugin
2026-08-04 17:26:13,624 [INFO] IPUIPlugin:80 - create IPUIPlugin
2026-08-04 17:26:13,624 [INFO] IPUIPlugin:80 - create IPUIPlugin
2026-08-04 17:26:13,624 [INFO] IPUIPlugin:80 - create IPUIPlugin
2026-08-04 17:26:13,624 [INFO] IPUIPlugin:80 - create IPUIPlugin
2026-08-04 17:26:13,624 [INFO] IPUIPlugin:80 - create IPUIPlugin
2026-08-04 17:26:13,625 [INFO] IPUIPlugin:80 - create IPUIPlugin
2026-08-04 17:26:13,625 [INFO] IPUIPlugin:80 - create IPUIPlugin
2026-08-04 17:26:13,625 [INFO] IPUIPlugin:80 - create IPUIPlugin
2026-08-04 17:26:13,625 [INFO] IPUIPlugin:80 - create IPUIPlugin
2026-08-04 17:26:13,625 [INFO] IPUIPlugin:80 - create IPUIPlugin
2026-08-04 17:26:13,626 [INFO] IPUIPlugin:80 - create IPUIPlugin
2026-08-04 17:26:13,626 [INFO] IPUIPlugin:80 - create IPUIPlugin
2026-08-04 17:26:13,626 [INFO] IPUIPlugin:80 - create IPUIPlugin
2026-08-04 17:26:13,626 [INFO] IPUIPlugin:80 - create IPUIPlugin
2026-08-04 17:26:13,627 [INFO] IPUIPlugin:80 - create IPUIPlugin
2026-08-04 17:26:13,627 [INFO] IPUIPlugin:80 - create IPUIPlugin
2026-08-04 17:26:13,627 [INFO] IPUIPlugin:80 - create IPUIPlugin
2026-08-04 17:26:13,628 [INFO] IPUIPlugin:80 - create IPUIPlugin
2026-08-04 17:26:13,628 [INFO] IPUIPlugin:80 - create IPUIPlugin
2026-08-04 17:26:13,628 [INFO] IPUIPlugin:80 - create IPUIPlugin
2026-08-04 17:26:13,628 [INFO] IPUIPlugin:80 - create IPUIPlugin
2026-08-04 17:26:13,628 [INFO] IPUIPlugin:80 - create IPUIPlugin
2026-08-04 17:26:13,628 [INFO] IPUIPlugin:80 - create IPUIPlugin
2026-08-04 17:26:13,629 [INFO] IPUIPlugin:80 - create IPUIPlugin
2026-08-04 17:26:13,629 [INFO] IPUIPlugin:80 - create IPUIPlugin
2026-08-04 17:26:13,629 [INFO] IPUIPlugin:80 - create IPUIPlugin
2026-08-04 17:26:13,629 [INFO] IPUIPlugin:80 - create IPUIPlugin
2026-08-04 17:26:13,629 [INFO] IPUIPlugin:80 - create IPUIPlugin
2026-08-04 17:26:13,630 [INFO] IPUIPlugin:80 - create IPUIPlugin
2026-08-04 17:26:13,630 [INFO] IPUIPlugin:80 - create IPUIPlugin
2026-08-04 17:26:13,630 [INFO] IPUIPlugin:80 - create IPUIPlugin
2026-08-04 17:26:13,630 [INFO] IPUIPlugin:80 - create IPUIPlugin
2026-08-04 17:26:13,630 [INFO] IPUIPlugin:80 - create IPUIPlugin
2026-08-04 17:26:13,631 [INFO] IPUIPlugin:80 - create IPUIPlugin
2026-08-04 17:26:13,631 [INFO] IPUIPlugin:80 - create IPUIPlugin
2026-08-04 17:26:13,631 [INFO] IPUIPlugin:80 - create IPUIPlugin
2026-08-04 17:26:13,631 [INFO] IPUIPlugin:80 - create IPUIPlugin
2026-08-04 17:26:13,631 [INFO] IPUIPlugin:80 - create IPUIPlugin
2026-08-04 17:26:13,632 [INFO] IPUIPlugin:80 - create IPUIPlugin
2026-08-04 17:26:13,632 [INFO] IPUIPlugin:80 - create IPUIPlugin
2026-08-04 17:26:13,632 [INFO] IPUIPlugin:80 - create IPUIPlugin
2026-08-04 17:26:13,633 [INFO] IPUIPlugin:80 - create IPUIPlugin
2026-08-04 17:26:13,633 [INFO] IPUIPlugin:80 - create IPUIPlugin
2026-08-04 17:26:13,634 [INFO] IPUIPlugin:80 - create IPUIPlugin
2026-08-04 17:26:13,635 [INFO] IPUIPlugin:80 - create IPUIPlugin
2026-08-04 17:26:13,635 [INFO] IPUIPlugin:80 - create IPUIPlugin
2026-08-04 17:26:13,638 [INFO] ApiDbMcu:507 - Load IP Config File for PDM2PCM
2026-08-04 17:26:13,639 [WARN] IP:2114 - I2C_Coeff_DF not found: check if there is a RefParameter without a condition.
2026-08-04 17:26:13,639 [WARN] IP:2114 - Analog_Filter not found: check if there is a RefParameter without a condition.
2026-08-04 17:26:13,647 [WARN] FreeRTOS:1023 - Null or empty value: should not occur! (nothing added to the table)
2026-08-04 17:26:13,713 [INFO] CADModel:165 - CPN selected for project levelSTM32F405RGT6
2026-08-04 17:26:13,713 [INFO] CADModel:114 - Register for checkConnection events
2026-08-04 17:26:13,720 [INFO] RtosManager:697 - Active RTOS found at IOC load: FREERTOS [Cortex-M4NS]
2026-08-04 17:26:13,757 [INFO] OpenFileManager:328 - Restore cursor
2026-08-04 17:26:13,930 [WARN] IP:2114 - I2C_Coeff_DF not found: check if there is a RefParameter without a condition.
2026-08-04 17:26:13,930 [WARN] IP:2114 - Analog_Filter not found: check if there is a RefParameter without a condition.
2026-08-04 17:26:13,930 [WARN] IP:2114 - I2C_Coeff_DF not found: check if there is a RefParameter without a condition.
2026-08-04 17:26:13,930 [WARN] IP:2114 - Analog_Filter not found: check if there is a RefParameter without a condition.
2026-08-04 17:26:20,555 [INFO] Gpio:273 - dependency for GPIO [I2C1, RCC, SYS]
2026-08-04 17:26:31,132 [INFO] UtilMem:75 - End SaveConfig() Used Memory: 806160272 Bytes (1073741824)
2026-08-04 17:26:41,080 [INFO] UtilMem:75 - End SaveConfig() Used Memory: 896896904 Bytes (1073741824)
2026-08-04 17:26:41,352 [INFO] BlockDiagram:2759 - set Specific Code input for plugin: FREERTOS
2026-08-04 17:26:41,352 [INFO] BlockDiagram:2759 - set Specific Code input for plugin: SYS
2026-08-04 17:26:41,352 [INFO] BlockDiagram:2759 - set Specific Code input for plugin: RCC
2026-08-04 17:26:41,352 [INFO] BlockDiagram:2759 - set Specific Code input for plugin: I2C
2026-08-04 17:26:41,352 [INFO] BlockDiagram:2759 - set Specific Code input for plugin: NVIC
2026-08-04 17:26:41,352 [INFO] BlockDiagram:2759 - set Specific Code input for plugin: GPIO
2026-08-04 17:26:41,354 [INFO] CodeGenerator:799 - code generatio: config db path: C:\ST\STM32CubeIDE_1.13.1\STM32CubeIDE\plugins\com.st.stm32cube.common.mx_6.9.1.202307191849\\db\
2026-08-04 17:26:41,360 [WARN] IP:2114 - I2C_Coeff_DF not found: check if there is a RefParameter without a condition.
2026-08-04 17:26:41,360 [WARN] IP:2114 - Analog_Filter not found: check if there is a RefParameter without a condition.
2026-08-04 17:26:41,618 [INFO] CodeEngine:255 - oldGeneratedFile, C:\Users\Admin\Documents\GitHub\Drone-RTOS\Source\006MPU_Interrupt\MXTmpFiles\license.tmp_save
2026-08-04 17:26:41,882 [INFO] CodeEngine:279 - Generated code: C:\Users\Admin\Documents\GitHub\Drone-RTOS\Source\006MPU_Interrupt\MXTmpFiles\license.tmp
2026-08-04 17:26:42,003 [INFO] CodeEngine:255 - oldGeneratedFile, C:\Users\Admin\Documents\GitHub\Drone-RTOS\Source\006MPU_Interrupt\MXTmpFiles\gpio.tmp_save
2026-08-04 17:26:42,239 [INFO] CodeEngine:279 - Generated code: C:\Users\Admin\Documents\GitHub\Drone-RTOS\Source\006MPU_Interrupt\MXTmpFiles\gpio.tmp
2026-08-04 17:26:42,383 [INFO] Middleware:1439 - No code input for Bsp Dependency
2026-08-04 17:26:42,397 [INFO] CodeEngine:255 - oldGeneratedFile, C:\Users\Admin\Documents\GitHub\Drone-RTOS\Source\006MPU_Interrupt\MXTmpFiles\rtos_inc.tmp_save
2026-08-04 17:26:42,548 [INFO] CodeEngine:279 - Generated code: C:\Users\Admin\Documents\GitHub\Drone-RTOS\Source\006MPU_Interrupt\MXTmpFiles\rtos_inc.tmp
2026-08-04 17:26:42,558 [INFO] CodeEngine:255 - oldGeneratedFile, C:\Users\Admin\Documents\GitHub\Drone-RTOS\Source\006MPU_Interrupt\MXTmpFiles\rtos_kernelInit.tmp_save
2026-08-04 17:26:42,664 [INFO] CodeEngine:279 - Generated code: C:\Users\Admin\Documents\GitHub\Drone-RTOS\Source\006MPU_Interrupt\MXTmpFiles\rtos_kernelInit.tmp
2026-08-04 17:26:42,669 [INFO] CodeEngine:255 - oldGeneratedFile, C:\Users\Admin\Documents\GitHub\Drone-RTOS\Source\006MPU_Interrupt\MXTmpFiles\rtos_kernelStart.tmp_save
2026-08-04 17:26:42,747 [INFO] CodeEngine:279 - Generated code: C:\Users\Admin\Documents\GitHub\Drone-RTOS\Source\006MPU_Interrupt\MXTmpFiles\rtos_kernelStart.tmp
2026-08-04 17:26:42,750 [INFO] CodeEngine:255 - oldGeneratedFile, C:\Users\Admin\Documents\GitHub\Drone-RTOS\Source\006MPU_Interrupt\MXTmpFiles\rtos_typedefs.tmp_save
2026-08-04 17:26:42,829 [INFO] CodeEngine:279 - Generated code: C:\Users\Admin\Documents\GitHub\Drone-RTOS\Source\006MPU_Interrupt\MXTmpFiles\rtos_typedefs.tmp
2026-08-04 17:26:42,832 [INFO] CodeEngine:255 - oldGeneratedFile, C:\Users\Admin\Documents\GitHub\Drone-RTOS\Source\006MPU_Interrupt\MXTmpFiles\rtos_vars.tmp_save
2026-08-04 17:26:42,902 [INFO] CodeEngine:279 - Generated code: C:\Users\Admin\Documents\GitHub\Drone-RTOS\Source\006MPU_Interrupt\MXTmpFiles\rtos_vars.tmp
2026-08-04 17:26:42,908 [INFO] CodeEngine:255 - oldGeneratedFile, C:\Users\Admin\Documents\GitHub\Drone-RTOS\Source\006MPU_Interrupt\MXTmpFiles\rtos_pfp.tmp_save
2026-08-04 17:26:42,978 [INFO] CodeEngine:279 - Generated code: C:\Users\Admin\Documents\GitHub\Drone-RTOS\Source\006MPU_Interrupt\MXTmpFiles\rtos_pfp.tmp
2026-08-04 17:26:42,983 [INFO] CodeEngine:255 - oldGeneratedFile, C:\Users\Admin\Documents\GitHub\Drone-RTOS\Source\006MPU_Interrupt\MXTmpFiles\rtos_obj_creat.tmp_save
2026-08-04 17:26:43,062 [INFO] CodeEngine:279 - Generated code: C:\Users\Admin\Documents\GitHub\Drone-RTOS\Source\006MPU_Interrupt\MXTmpFiles\rtos_obj_creat.tmp
2026-08-04 17:26:43,068 [INFO] CodeEngine:255 - oldGeneratedFile, C:\Users\Admin\Documents\GitHub\Drone-RTOS\Source\006MPU_Interrupt\MXTmpFiles\rtos_default_thread.tmp_save
2026-08-04 17:26:43,164 [INFO] CodeEngine:279 - Generated code: C:\Users\Admin\Documents\GitHub\Drone-RTOS\Source\006MPU_Interrupt\MXTmpFiles\rtos_default_thread.tmp
2026-08-04 17:26:43,169 [INFO] CodeEngine:255 - oldGeneratedFile, C:\Users\Admin\Documents\GitHub\Drone-RTOS\Source\006MPU_Interrupt\MXTmpFiles\rtos_threads.tmp_save
2026-08-04 17:26:43,251 [INFO] CodeEngine:279 - Generated code: C:\Users\Admin\Documents\GitHub\Drone-RTOS\Source\006MPU_Interrupt\MXTmpFiles\rtos_threads.tmp
2026-08-04 17:26:43,262 [INFO] Middleware:1439 - No code input for Bsp Dependency
2026-08-04 17:26:43,270 [INFO] CodeEngine:255 - oldGeneratedFile, C:\Users\Admin\Documents\GitHub\Drone-RTOS\Source\006MPU_Interrupt\MXTmpFiles\rtos_inc.tmp_save
2026-08-04 17:26:43,355 [INFO] CodeEngine:279 - Generated code: C:\Users\Admin\Documents\GitHub\Drone-RTOS\Source\006MPU_Interrupt\MXTmpFiles\rtos_inc.tmp
2026-08-04 17:26:43,360 [INFO] CodeEngine:255 - oldGeneratedFile, C:\Users\Admin\Documents\GitHub\Drone-RTOS\Source\006MPU_Interrupt\MXTmpFiles\rtos_kernelInit.tmp_save
2026-08-04 17:26:43,431 [INFO] CodeEngine:279 - Generated code: C:\Users\Admin\Documents\GitHub\Drone-RTOS\Source\006MPU_Interrupt\MXTmpFiles\rtos_kernelInit.tmp
2026-08-04 17:26:43,436 [INFO] CodeEngine:255 - oldGeneratedFile, C:\Users\Admin\Documents\GitHub\Drone-RTOS\Source\006MPU_Interrupt\MXTmpFiles\rtos_kernelStart.tmp_save
2026-08-04 17:26:43,511 [INFO] CodeEngine:279 - Generated code: C:\Users\Admin\Documents\GitHub\Drone-RTOS\Source\006MPU_Interrupt\MXTmpFiles\rtos_kernelStart.tmp
2026-08-04 17:26:43,517 [INFO] CodeEngine:255 - oldGeneratedFile, C:\Users\Admin\Documents\GitHub\Drone-RTOS\Source\006MPU_Interrupt\MXTmpFiles\rtos_typedefs.tmp_save
2026-08-04 17:26:43,598 [INFO] CodeEngine:279 - Generated code: C:\Users\Admin\Documents\GitHub\Drone-RTOS\Source\006MPU_Interrupt\MXTmpFiles\rtos_typedefs.tmp
2026-08-04 17:26:43,605 [INFO] CodeEngine:255 - oldGeneratedFile, C:\Users\Admin\Documents\GitHub\Drone-RTOS\Source\006MPU_Interrupt\MXTmpFiles\rtos_vars.tmp_save
2026-08-04 17:26:43,696 [INFO] CodeEngine:279 - Generated code: C:\Users\Admin\Documents\GitHub\Drone-RTOS\Source\006MPU_Interrupt\MXTmpFiles\rtos_vars.tmp
2026-08-04 17:26:43,702 [INFO] CodeEngine:255 - oldGeneratedFile, C:\Users\Admin\Documents\GitHub\Drone-RTOS\Source\006MPU_Interrupt\MXTmpFiles\rtos_pfp.tmp_save
2026-08-04 17:26:43,781 [INFO] CodeEngine:279 - Generated code: C:\Users\Admin\Documents\GitHub\Drone-RTOS\Source\006MPU_Interrupt\MXTmpFiles\rtos_pfp.tmp
2026-08-04 17:26:43,788 [INFO] CodeEngine:255 - oldGeneratedFile, C:\Users\Admin\Documents\GitHub\Drone-RTOS\Source\006MPU_Interrupt\MXTmpFiles\rtos_obj_creat.tmp_save
2026-08-04 17:26:43,869 [INFO] CodeEngine:279 - Generated code: C:\Users\Admin\Documents\GitHub\Drone-RTOS\Source\006MPU_Interrupt\MXTmpFiles\rtos_obj_creat.tmp
2026-08-04 17:26:43,876 [INFO] CodeEngine:255 - oldGeneratedFile, C:\Users\Admin\Documents\GitHub\Drone-RTOS\Source\006MPU_Interrupt\MXTmpFiles\rtos_default_thread.tmp_save
2026-08-04 17:26:43,957 [INFO] CodeEngine:279 - Generated code: C:\Users\Admin\Documents\GitHub\Drone-RTOS\Source\006MPU_Interrupt\MXTmpFiles\rtos_default_thread.tmp
2026-08-04 17:26:43,964 [INFO] CodeEngine:255 - oldGeneratedFile, C:\Users\Admin\Documents\GitHub\Drone-RTOS\Source\006MPU_Interrupt\MXTmpFiles\rtos_threads.tmp_save
2026-08-04 17:26:44,048 [INFO] CodeEngine:279 - Generated code: C:\Users\Admin\Documents\GitHub\Drone-RTOS\Source\006MPU_Interrupt\MXTmpFiles\rtos_threads.tmp
2026-08-04 17:26:44,054 [INFO] CodeEngine:255 - oldGeneratedFile, C:\Users\Admin\Documents\GitHub\Drone-RTOS\Source\006MPU_Interrupt\Core\Inc\FreeRTOSConfig.h_save
2026-08-04 17:26:44,150 [INFO] CodeEngine:279 - Generated code: C:\Users\Admin\Documents\GitHub\Drone-RTOS\Source\006MPU_Interrupt\Core\Inc\FreeRTOSConfig.h
2026-08-04 17:26:44,156 [INFO] CodeEngine:255 - oldGeneratedFile, C:\Users\Admin\Documents\GitHub\Drone-RTOS\Source\006MPU_Interrupt\Core\Src\freertos.c_save
2026-08-04 17:26:44,256 [INFO] CodeEngine:279 - Generated code: C:\Users\Admin\Documents\GitHub\Drone-RTOS\Source\006MPU_Interrupt\Core\Src\freertos.c
2026-08-04 17:26:44,272 [INFO] CodeEngine:255 - oldGeneratedFile, C:\Users\Admin\Documents\GitHub\Drone-RTOS\Source\006MPU_Interrupt\Core\Src\stm32f4xx_it.c_save
2026-08-04 17:26:44,514 [INFO] CodeEngine:279 - Generated code: C:\Users\Admin\Documents\GitHub\Drone-RTOS\Source\006MPU_Interrupt\Core\Src\stm32f4xx_it.c
2026-08-04 17:26:44,526 [INFO] CodeEngine:255 - oldGeneratedFile, C:\Users\Admin\Documents\GitHub\Drone-RTOS\Source\006MPU_Interrupt\Core\Inc\stm32f4xx_it.h_save
2026-08-04 17:26:44,650 [INFO] CodeEngine:279 - Generated code: C:\Users\Admin\Documents\GitHub\Drone-RTOS\Source\006MPU_Interrupt\Core\Inc\stm32f4xx_it.h
2026-08-04 17:26:44,670 [INFO] CodeEngine:255 - oldGeneratedFile, C:\Users\Admin\Documents\GitHub\Drone-RTOS\Source\006MPU_Interrupt\Core\Src\stm32f4xx_hal_msp.c_save
2026-08-04 17:26:44,850 [INFO] CodeEngine:279 - Generated code: C:\Users\Admin\Documents\GitHub\Drone-RTOS\Source\006MPU_Interrupt\Core\Src\stm32f4xx_hal_msp.c
2026-08-04 17:26:44,854 [INFO] CodeEngine:255 - oldGeneratedFile, C:\Users\Admin\Documents\GitHub\Drone-RTOS\Source\006MPU_Interrupt\MXTmpFiles\system.tmp_save
2026-08-04 17:26:44,952 [INFO] CodeEngine:279 - Generated code: C:\Users\Admin\Documents\GitHub\Drone-RTOS\Source\006MPU_Interrupt\MXTmpFiles\system.tmp
2026-08-04 17:26:44,959 [INFO] CodeEngine:255 - oldGeneratedFile, C:\Users\Admin\Documents\GitHub\Drone-RTOS\Source\006MPU_Interrupt\Core\Src\stm32f4xx_hal_timebase_tim.c_save
2026-08-04 17:26:45,084 [INFO] CodeEngine:279 - Generated code: C:\Users\Admin\Documents\GitHub\Drone-RTOS\Source\006MPU_Interrupt\Core\Src\stm32f4xx_hal_timebase_tim.c
2026-08-04 17:26:45,097 [INFO] CodeEngine:311 - oldGeneratedFile, C:\Users\Admin\Documents\GitHub\Drone-RTOS\Source\006MPU_Interrupt\Core\Inc\stm32f4xx_hal_conf.h_save
2026-08-04 17:26:45,216 [INFO] CodeEngine:335 - Generated code: C:\Users\Admin\Documents\GitHub\Drone-RTOS\Source\006MPU_Interrupt\Core\Inc\stm32f4xx_hal_conf.h
2026-08-04 17:26:45,256 [INFO] CodeEngine:255 - oldGeneratedFile, C:\Users\Admin\Documents\GitHub\Drone-RTOS\Source\006MPU_Interrupt\Core\Inc\main.h_save
2026-08-04 17:26:45,369 [INFO] CodeEngine:279 - Generated code: C:\Users\Admin\Documents\GitHub\Drone-RTOS\Source\006MPU_Interrupt\Core\Inc\main.h
2026-08-04 17:26:45,377 [INFO] CodeEngine:255 - oldGeneratedFile, C:\Users\Admin\Documents\GitHub\Drone-RTOS\Source\006MPU_Interrupt\Core\Src\main.c_save
2026-08-04 17:26:45,534 [INFO] CodeEngine:279 - Generated code: C:\Users\Admin\Documents\GitHub\Drone-RTOS\Source\006MPU_Interrupt\Core\Src\main.c
2026-08-04 17:26:46,471 [INFO] ProjectBuilder:3064 - Time for Copy HAL[1] : 307mS.
2026-08-04 17:26:46,476 [INFO] ProjectBuilder:4404 - Project Generator version: 4.1.0
2026-08-04 17:26:46,769 [INFO] ConfigFileManager:1457 - The Die is : DIE413
2026-08-04 17:26:46,771 [INFO] ApiDbMcu:507 - Load IP Config File for FATFS
2026-08-04 17:26:46,772 [INFO] ApiDbMcu:507 - Load IP Config File for LIBJPEG
2026-08-04 17:26:46,777 [INFO] ApiDbMcu:507 - Load IP Config File for MBEDTLS
2026-08-04 17:26:46,829 [INFO] ApiDbMcu:507 - Load IP Config File for USB_DEVICE
2026-08-04 17:26:46,834 [INFO] ApiDbMcu:507 - Load IP Config File for USB_HOST
2026-08-04 17:26:49,367 [INFO] ProjectBuilder:4626 - Time for Generating toolchain IDE Files: 2891mS.
2026-08-04 17:26:49,368 [INFO] ProjectBuilder:2935 - Time for Copy CMSIS : 1mS.
2026-08-04 17:26:49,390 [INFO] ProjectBuilder:2935 - Time for Copy CMSIS : 1mS.
2026-08-04 18:01:01,724 [INFO] WebApp:330 - JxBrowser engine has been closed 
2026-08-04 18:12:28,041 [ERROR] LogOutputStream:75 - [STDERR_REDIRECT] 
