2026-08-03 02:33:23,685 [INFO] Activator:176 - 


2026-08-03 02:33:23,691 [INFO] Activator:177 - !SESSION log4j initialized
2026-08-03 02:33:28,353 [INFO] LogOutputStream:77 - [STDOUT_REDIRECT] 
2026-08-03 02:33:29,906 [INFO] ApplicationProperties:184 - Using Application install path: C:\ST\STM32CubeIDE_1.13.1\STM32CubeIDE\plugins\com.st.stm32cube.common.mx_6.9.1.202307191849
2026-08-03 02:33:29,934 [INFO] DbMcusXml:78 - Set database path to: C:\ST\STM32CubeIDE_1.13.1\STM32CubeIDE\plugins\com.st.stm32cube.common.mx_6.9.1.202307191849\\db\/mcu/
2026-08-03 02:33:29,935 [INFO] ApiDb:274 - Set plugin database path to: C:\ST\STM32CubeIDE_1.13.1\STM32CubeIDE\plugins\com.st.stm32cube.common.mx_6.9.1.202307191849\\db\/plugins/boardmanager/
2026-08-03 02:33:29,936 [WARN] ApiDb:259 - Overriding images path with different value:  => C:\ST\STM32CubeIDE_1.13.1\STM32CubeIDE\plugins\com.st.stm32cube.common.mx_6.9.1.202307191849\\db\/plugins/mcufinder/images/
2026-08-03 02:33:29,956 [INFO] ApiDb:250 - Set database path to: C:\Users\Admin\.stmcufinder\plugins\mcufinder//mcu/
2026-08-03 02:33:29,958 [INFO] DbMcusAds:125 - Set database path to: C:\Users\Admin\.stmcufinder\plugins\mcufinder//mcu/
2026-08-03 02:33:29,962 [INFO] CrossReferenceDbSqlite:203 - Set database path to: C:\Users\Admin\.stmcufinder\plugins\mcufinder//mcu/cs/
2026-08-03 02:33:30,148 [INFO] RulesReader:64 - Compatibility file has been processed (293 Rules)
2026-08-03 02:33:30,298 [INFO] DbMcusXml:78 - Set database path to: C:\ST\STM32CubeIDE_1.13.1\STM32CubeIDE\plugins\com.st.stm32cube.common.mx_6.9.1.202307191849\\db\/mcu/
2026-08-03 02:33:30,298 [INFO] ApiDb:274 - Set plugin database path to: C:\ST\STM32CubeIDE_1.13.1\STM32CubeIDE\plugins\com.st.stm32cube.common.mx_6.9.1.202307191849\\db\/plugins/boardmanager/
2026-08-03 02:33:30,298 [INFO] ApiDb:261 - Set plugin images path to: C:\ST\STM32CubeIDE_1.13.1\STM32CubeIDE\plugins\com.st.stm32cube.common.mx_6.9.1.202307191849\\db\/plugins/mcufinder/images/
2026-08-03 02:33:30,299 [WARN] DbFile:41 - Overriding database path with different value: C:\Users\Admin\.stmcufinder\plugins\mcufinder/ => C:\Users\Admin\.stmcufinder\plugins\mcufinder
2026-08-03 02:33:30,299 [INFO] ApiDb:250 - Set database path to: C:\Users\Admin\.stmcufinder\plugins\mcufinder//mcu/
2026-08-03 02:33:30,300 [WARN] DbFile:41 - Overriding database path with different value: C:\Users\Admin\.stmcufinder\plugins\mcufinder/ => C:\Users\Admin\.stmcufinder\plugins\mcufinder
2026-08-03 02:33:30,300 [INFO] DbMcusAds:125 - Set database path to: C:\Users\Admin\.stmcufinder\plugins\mcufinder//mcu/
2026-08-03 02:33:30,300 [WARN] DbFile:41 - Overriding database path with different value: C:\Users\Admin\.stmcufinder\plugins\mcufinder/ => C:\Users\Admin\.stmcufinder\plugins\mcufinder
2026-08-03 02:33:30,300 [WARN] DbFile:41 - Overriding database path with different value: C:\Users\Admin\.stmcufinder\plugins\mcufinder/ => C:\Users\Admin\.stmcufinder\plugins\mcufinder
2026-08-03 02:33:30,300 [INFO] CrossReferenceDbSqlite:203 - Set database path to: C:\Users\Admin\.stmcufinder\plugins\mcufinder//mcu/cs/
2026-08-03 02:33:30,454 [INFO] MainPanel:262 - HeapMemory: 268435456
2026-08-03 02:33:30,601 [INFO] DbMcusXml:78 - Set database path to: C:\ST\STM32CubeIDE_1.13.1\STM32CubeIDE\plugins\com.st.stm32cube.common.mx_6.9.1.202307191849\\db\/mcu/
2026-08-03 02:33:30,601 [INFO] ApiDb:274 - Set plugin database path to: C:\ST\STM32CubeIDE_1.13.1\STM32CubeIDE\plugins\com.st.stm32cube.common.mx_6.9.1.202307191849\\db\/plugins/boardmanager/
2026-08-03 02:33:30,601 [INFO] ApiDb:261 - Set plugin images path to: C:\ST\STM32CubeIDE_1.13.1\STM32CubeIDE\plugins\com.st.stm32cube.common.mx_6.9.1.202307191849\\db\/plugins/mcufinder/images/
2026-08-03 02:33:30,602 [WARN] DbFile:41 - Overriding database path with different value: C:\Users\Admin\.stmcufinder\plugins\mcufinder/ => C:\Users\Admin\.stmcufinder\plugins\mcufinder
2026-08-03 02:33:30,602 [INFO] ApiDb:250 - Set database path to: C:\Users\Admin\.stmcufinder\plugins\mcufinder//mcu/
2026-08-03 02:33:30,602 [WARN] DbFile:41 - Overriding database path with different value: C:\Users\Admin\.stmcufinder\plugins\mcufinder/ => C:\Users\Admin\.stmcufinder\plugins\mcufinder
2026-08-03 02:33:30,602 [INFO] DbMcusAds:125 - Set database path to: C:\Users\Admin\.stmcufinder\plugins\mcufinder//mcu/
2026-08-03 02:33:30,603 [WARN] DbFile:41 - Overriding database path with different value: C:\Users\Admin\.stmcufinder\plugins\mcufinder/ => C:\Users\Admin\.stmcufinder\plugins\mcufinder
2026-08-03 02:33:30,603 [WARN] DbFile:41 - Overriding database path with different value: C:\Users\Admin\.stmcufinder\plugins\mcufinder/ => C:\Users\Admin\.stmcufinder\plugins\mcufinder
2026-08-03 02:33:30,603 [INFO] CrossReferenceDbSqlite:203 - Set database path to: C:\Users\Admin\.stmcufinder\plugins\mcufinder//mcu/cs/
2026-08-03 02:33:30,630 [INFO] ApplicationProperties:184 - Using Application install path: C:\ST\STM32CubeIDE_1.13.1\STM32CubeIDE\plugins\com.st.stm32cube.common.mx_6.9.1.202307191849
2026-08-03 02:33:30,632 [INFO] PluginManage:196 - Search for loadable plugins [exclusion list=, ]
2026-08-03 02:33:30,635 [INFO] PluginManage:310 - Check plugin analytics
2026-08-03 02:33:30,895 [INFO] AnalyticsPlugin:253 - Accepted Software Licenses: STM32CubeMX.6.18.0
2026-08-03 02:33:30,895 [INFO] AnalyticsPlugin:255 - Accepted CMSIS Pack Licenses: 
2026-08-03 02:33:30,896 [INFO] AnalyticsPlugin:257 - Accepted Firmware Licenses: FW.F4.1.27.0,FW.F4.1.28.0,FW.F4.1.28.3
2026-08-03 02:33:30,899 [INFO] PluginManage:359 - Loaded plugin analytics (category:tool,tabindex:-1)
2026-08-03 02:33:30,900 [INFO] PluginManage:310 - Check plugin cadmodel
2026-08-03 02:33:30,907 [INFO] CADModel:105 - Init CAD model plugin
2026-08-03 02:33:30,908 [INFO] PluginManage:359 - Loaded plugin cadmodel (category:power,tabindex:5)
2026-08-03 02:33:30,908 [INFO] PluginManage:310 - Check plugin clock
2026-08-03 02:33:30,943 [INFO] PluginManage:359 - Loaded plugin clock (category:base,tabindex:2)
2026-08-03 02:33:30,943 [INFO] PluginManage:310 - Check plugin ddr
2026-08-03 02:33:30,949 [INFO] PluginManage:359 - Loaded plugin ddr (category:tool,tabindex:6)
2026-08-03 02:33:30,950 [INFO] PluginManage:310 - Check plugin filemanager
2026-08-03 02:33:31,149 [INFO] PluginManage:359 - Loaded plugin filemanager (category:base,tabindex:10)
2026-08-03 02:33:31,150 [INFO] PluginManage:310 - Check plugin ipmanager
2026-08-03 02:33:31,163 [INFO] PluginManage:359 - Loaded plugin ipmanager (category:base,tabindex:5)
2026-08-03 02:33:31,163 [INFO] PluginManage:310 - Check plugin lpbam
2026-08-03 02:33:31,177 [INFO] PluginManage:359 - Loaded plugin lpbam (category:base,tabindex:0)
2026-08-03 02:33:31,177 [INFO] PluginManage:310 - Check plugin memorymap
2026-08-03 02:33:31,199 [INFO] PluginManage:359 - Loaded plugin memorymap (category:base,tabindex:4)
2026-08-03 02:33:31,200 [INFO] PluginManage:310 - Check plugin pinoutandconfiguration
2026-08-03 02:33:31,211 [INFO] PluginManage:359 - Loaded plugin pinoutandconfiguration (category:base,tabindex:1)
2026-08-03 02:33:31,211 [INFO] PluginManage:310 - Check plugin pinoutconfig
2026-08-03 02:33:31,339 [WARN] SupportedApi:132 - Cannot load RTOS API schema: s4s-elt-must-match.1: The content of 'definitions' must match (annotation?, (simpleType | complexType)?, (unique | key | keyref)*)). A problem was found starting at: attribute.
2026-08-03 02:33:31,614 [INFO] PluginManage:359 - Loaded plugin pinoutconfig (category:base,tabindex:0)
2026-08-03 02:33:31,614 [INFO] PluginManage:310 - Check plugin power
2026-08-03 02:33:31,633 [INFO] PluginManage:359 - Loaded plugin power (category:power,tabindex:4)
2026-08-03 02:33:31,633 [INFO] PluginManage:310 - Check plugin projectmanager
2026-08-03 02:33:31,657 [INFO] PluginManage:359 - Loaded plugin projectmanager (category:projectmanager,tabindex:3)
2026-08-03 02:33:31,657 [INFO] PluginManage:310 - Check plugin thirdparty
2026-08-03 02:33:31,863 [INFO] PluginManage:359 - Loaded plugin thirdparty (category:base,tabindex:-1)
2026-08-03 02:33:31,863 [WARN] IntegrityCheckThread:84 - waiting for thirdparty lock release [integrity check]
2026-08-03 02:33:31,864 [INFO] PluginManage:310 - Check plugin tools
2026-08-03 02:33:31,864 [INFO] IntegrityCheckThread:86 - entering critical section [integrity check]
2026-08-03 02:33:31,865 [INFO] ThirdPartyUpdaterWithRetryManager:70 - Updater plugin not ready yet. [1/15]
2026-08-03 02:33:31,868 [INFO] PluginManage:359 - Loaded plugin tools (category:base,tabindex:7)
2026-08-03 02:33:31,869 [INFO] PluginManage:310 - Check plugin tutovideos
2026-08-03 02:33:32,138 [INFO] PluginManage:359 - Loaded plugin tutovideos (category:base,tabindex:-1)
2026-08-03 02:33:32,138 [INFO] PluginManage:310 - Check plugin updater
2026-08-03 02:33:32,156 [INFO] PluginManage:359 - Loaded plugin updater (category:base,tabindex:12)
2026-08-03 02:33:32,156 [INFO] PluginManage:310 - Check plugin userauth
2026-08-03 02:33:32,165 [INFO] UserAuth:113 - Init User Auth plugin
2026-08-03 02:33:32,165 [INFO] PluginManage:359 - Loaded plugin userauth (category:base,tabindex:14)
2026-08-03 02:33:32,166 [INFO] PluginManage:283 - PluginManage : Loaded plugins [17]
2026-08-03 02:33:32,393 [INFO] PinOutPanel:1499 - setPackage(No Configuration,No Configuration)
2026-08-03 02:33:32,469 [INFO] CADModel:165 - CPN selected for project level
2026-08-03 02:33:32,469 [INFO] CADModel:114 - Register for checkConnection events
2026-08-03 02:33:32,483 [INFO] IPUIPlugin:80 - create IPUIPlugin
2026-08-03 02:33:32,483 [INFO] PluginManager:220 - loadIPPluginJar : add adc
2026-08-03 02:33:32,485 [INFO] IPUIPlugin:80 - create IPUIPlugin
2026-08-03 02:33:32,485 [INFO] PluginManager:220 - loadIPPluginJar : add aes
2026-08-03 02:33:32,487 [INFO] IPUIPlugin:80 - create IPUIPlugin
2026-08-03 02:33:32,487 [INFO] PluginManager:220 - loadIPPluginJar : add can
2026-08-03 02:33:32,488 [INFO] IPUIPlugin:80 - create IPUIPlugin
2026-08-03 02:33:32,488 [INFO] PluginManager:220 - loadIPPluginJar : add comp
2026-08-03 02:33:32,490 [INFO] IPUIPlugin:80 - create IPUIPlugin
2026-08-03 02:33:32,490 [INFO] PluginManager:220 - loadIPPluginJar : add cryp
2026-08-03 02:33:32,492 [INFO] IPUIPlugin:80 - create IPUIPlugin
2026-08-03 02:33:32,492 [INFO] PluginManager:220 - loadIPPluginJar : add dfsdm
2026-08-03 02:33:32,496 [INFO] IPUIPlugin:80 - create IPUIPlugin
2026-08-03 02:33:32,496 [INFO] PluginManager:220 - loadIPPluginJar : add dma
2026-08-03 02:33:32,498 [INFO] IPUIPlugin:80 - create IPUIPlugin
2026-08-03 02:33:32,498 [INFO] PluginManager:220 - loadIPPluginJar : add dma3
2026-08-03 02:33:32,499 [INFO] IPUIPlugin:80 - create IPUIPlugin
2026-08-03 02:33:32,499 [INFO] PluginManager:220 - loadIPPluginJar : add fatfs
2026-08-03 02:33:32,502 [INFO] IPUIPlugin:80 - create IPUIPlugin
2026-08-03 02:33:32,502 [INFO] PluginManager:220 - loadIPPluginJar : add fmc
2026-08-03 02:33:32,505 [INFO] IPUIPlugin:80 - create IPUIPlugin
2026-08-03 02:33:32,506 [INFO] PluginManager:220 - loadIPPluginJar : add freertos
2026-08-03 02:33:32,507 [INFO] IPUIPlugin:80 - create IPUIPlugin
2026-08-03 02:33:32,507 [INFO] PluginManager:220 - loadIPPluginJar : add genericplugin
2026-08-03 02:33:32,508 [INFO] IPUIPlugin:80 - create IPUIPlugin
2026-08-03 02:33:32,509 [INFO] PluginManager:220 - loadIPPluginJar : add gfxmmu
2026-08-03 02:33:32,511 [INFO] IPUIPlugin:80 - create IPUIPlugin
2026-08-03 02:33:32,511 [INFO] PluginManager:220 - loadIPPluginJar : add gic
2026-08-03 02:33:32,514 [INFO] IPUIPlugin:80 - create IPUIPlugin
2026-08-03 02:33:32,515 [INFO] PluginManager:220 - loadIPPluginJar : add gpio
2026-08-03 02:33:32,516 [INFO] IPUIPlugin:80 - create IPUIPlugin
2026-08-03 02:33:32,516 [INFO] PluginManager:220 - loadIPPluginJar : add gtzc
2026-08-03 02:33:32,518 [INFO] IPUIPlugin:80 - create IPUIPlugin
2026-08-03 02:33:32,518 [INFO] PluginManager:220 - loadIPPluginJar : add hash
2026-08-03 02:33:32,520 [INFO] IPUIPlugin:80 - create IPUIPlugin
2026-08-03 02:33:32,520 [INFO] PluginManager:220 - loadIPPluginJar : add i2c
2026-08-03 02:33:32,521 [INFO] IPUIPlugin:80 - create IPUIPlugin
2026-08-03 02:33:32,521 [INFO] PluginManager:220 - loadIPPluginJar : add i2s
2026-08-03 02:33:32,523 [INFO] IPUIPlugin:80 - create IPUIPlugin
2026-08-03 02:33:32,523 [INFO] PluginManager:220 - loadIPPluginJar : add i3c
2026-08-03 02:33:32,525 [INFO] IPUIPlugin:80 - create IPUIPlugin
2026-08-03 02:33:32,525 [INFO] PluginManager:220 - loadIPPluginJar : add ipddr
2026-08-03 02:33:32,529 [INFO] IPUIPlugin:80 - create IPUIPlugin
2026-08-03 02:33:32,529 [INFO] PluginManager:220 - loadIPPluginJar : add linkedlist
2026-08-03 02:33:32,531 [INFO] IPUIPlugin:80 - create IPUIPlugin
2026-08-03 02:33:32,531 [INFO] PluginManager:220 - loadIPPluginJar : add lorawan
2026-08-03 02:33:32,532 [INFO] IPUIPlugin:80 - create IPUIPlugin
2026-08-03 02:33:32,532 [INFO] PluginManager:220 - loadIPPluginJar : add ltdc
2026-08-03 02:33:32,536 [INFO] IPUIPlugin:80 - create IPUIPlugin
2026-08-03 02:33:32,536 [INFO] PluginManager:220 - loadIPPluginJar : add mdma
2026-08-03 02:33:32,539 [INFO] IPUIPlugin:80 - create IPUIPlugin
2026-08-03 02:33:32,539 [INFO] PluginManager:220 - loadIPPluginJar : add nvic
2026-08-03 02:33:32,541 [INFO] IPUIPlugin:80 - create IPUIPlugin
2026-08-03 02:33:32,541 [INFO] PluginManager:220 - loadIPPluginJar : add opamp
2026-08-03 02:33:32,543 [INFO] IPUIPlugin:80 - create IPUIPlugin
2026-08-03 02:33:32,543 [INFO] PluginManager:220 - loadIPPluginJar : add openamp
2026-08-03 02:33:32,545 [INFO] IPUIPlugin:80 - create IPUIPlugin
2026-08-03 02:33:32,545 [INFO] PluginManager:220 - loadIPPluginJar : add pdm2pcm
2026-08-03 02:33:32,549 [INFO] IPUIPlugin:80 - create IPUIPlugin
2026-08-03 02:33:32,551 [INFO] PluginManager:220 - loadIPPluginJar : add plateformsettings
2026-08-03 02:33:32,552 [INFO] IPUIPlugin:80 - create IPUIPlugin
2026-08-03 02:33:32,552 [INFO] PluginManager:220 - loadIPPluginJar : add quadspi
2026-08-03 02:33:32,555 [INFO] IPUIPlugin:80 - create IPUIPlugin
2026-08-03 02:33:32,555 [INFO] PluginManager:220 - loadIPPluginJar : add resmgrutility
2026-08-03 02:33:32,557 [INFO] IPUIPlugin:80 - create IPUIPlugin
2026-08-03 02:33:32,557 [INFO] PluginManager:220 - loadIPPluginJar : add sai
2026-08-03 02:33:32,559 [INFO] IPUIPlugin:80 - create IPUIPlugin
2026-08-03 02:33:32,559 [INFO] PluginManager:220 - loadIPPluginJar : add spi
2026-08-03 02:33:32,562 [INFO] IPUIPlugin:80 - create IPUIPlugin
2026-08-03 02:33:32,562 [INFO] PluginManager:220 - loadIPPluginJar : add stm32_wpan
2026-08-03 02:33:32,563 [INFO] IPUIPlugin:80 - create IPUIPlugin
2026-08-03 02:33:32,563 [INFO] PluginManager:220 - loadIPPluginJar : add tim
2026-08-03 02:33:32,566 [INFO] IPUIPlugin:80 - create IPUIPlugin
2026-08-03 02:33:32,566 [INFO] PluginManager:220 - loadIPPluginJar : add touchsensing
2026-08-03 02:33:32,567 [INFO] IPUIPlugin:80 - create IPUIPlugin
2026-08-03 02:33:32,567 [INFO] PluginManager:220 - loadIPPluginJar : add tracer_emb
2026-08-03 02:33:32,569 [INFO] IPUIPlugin:80 - create IPUIPlugin
2026-08-03 02:33:32,569 [INFO] PluginManager:220 - loadIPPluginJar : add ts
2026-08-03 02:33:32,571 [INFO] IPUIPlugin:80 - create IPUIPlugin
2026-08-03 02:33:32,571 [INFO] PluginManager:220 - loadIPPluginJar : add tsc
2026-08-03 02:33:32,572 [INFO] IPUIPlugin:80 - create IPUIPlugin
2026-08-03 02:33:32,572 [INFO] PluginManager:220 - loadIPPluginJar : add ucpd
2026-08-03 02:33:32,575 [INFO] IPUIPlugin:80 - create IPUIPlugin
2026-08-03 02:33:32,575 [INFO] PluginManager:220 - loadIPPluginJar : add usart
2026-08-03 02:33:32,577 [INFO] IPUIPlugin:80 - create IPUIPlugin
2026-08-03 02:33:32,577 [INFO] PluginManager:220 - loadIPPluginJar : add usbx
2026-08-03 02:33:32,695 [INFO] CADModel:165 - CPN selected for project level
2026-08-03 02:33:32,695 [INFO] CADModel:114 - Register for checkConnection events
2026-08-03 02:33:32,695 [FATAL] Updater:308 - Updater called before beeing initialized
2026-08-03 02:33:32,695 [ERROR] CADModel:125 - Updater not yet initialized, retry later 
2026-08-03 02:33:32,815 [INFO] CADModel:165 - CPN selected for project level
2026-08-03 02:33:32,815 [INFO] CADModel:114 - Register for checkConnection events
2026-08-03 02:33:32,815 [FATAL] Updater:308 - Updater called before beeing initialized
2026-08-03 02:33:32,815 [ERROR] CADModel:125 - Updater not yet initialized, retry later 
2026-08-03 02:33:32,818 [FATAL] Updater:308 - Updater called before beeing initialized
2026-08-03 02:33:32,894 [FATAL] Updater:308 - Updater called before beeing initialized
2026-08-03 02:33:32,898 [INFO] DbMcusAds:53 - JSON generation date=Wed Jul 15 16:44:54 GMT+07:00 2026 (1784108694001)
2026-08-03 02:33:32,898 [FATAL] Updater:308 - Updater called before beeing initialized
2026-08-03 02:33:32,929 [WARN] DetailPanel:346 - Failed to get advertising image, set to default
2026-08-03 02:33:33,006 [FATAL] Updater:308 - Updater called before beeing initialized
2026-08-03 02:33:33,007 [FATAL] Updater:308 - Updater called before beeing initialized
2026-08-03 02:33:33,007 [FATAL] Updater:308 - Updater called before beeing initialized
2026-08-03 02:33:33,007 [WARN] DetailPanel:346 - Failed to get advertising image, set to default
2026-08-03 02:33:33,008 [FATAL] Updater:308 - Updater called before beeing initialized
2026-08-03 02:33:33,042 [ERROR] Updater:1120 - MainUpdater not yet initialized. External WinMGr cannot be set.
2026-08-03 02:33:33,043 [INFO] Updater:1056 - Updater Version found : 6.9.1
2026-08-03 02:33:33,056 [INFO] ApplicationProperties:184 - Using Application install path: C:\ST\STM32CubeIDE_1.13.1\STM32CubeIDE\plugins\com.st.stm32cube.common.mx_6.9.1.202307191849
2026-08-03 02:33:34,083 [INFO] MainUpdater:2868 - connection check result : 10
2026-08-03 02:33:34,084 [INFO] MainUpdater:3562 - Updater definition file requires update
2026-08-03 02:33:34,084 [INFO] MainUpdater:285 - Updater Check For Update Now.
2026-08-03 02:33:34,084 [INFO] MicroXplorer:498 - Change Database Version : DB.6.0.91
2026-08-03 02:33:34,089 [INFO] McuFinderGlobals:63 - Set McuFinder mode to 2 (CubeIDE integrated)
2026-08-03 02:33:34,089 [INFO] UserAuth:179 - activating auth plugin
2026-08-03 02:33:34,090 [INFO] UserAuth:393 - Internet connection configuration mode: 1
2026-08-03 02:33:34,103 [INFO] JxBrowserEngine:151 - Initiate JxBrowser Engine with user profile folder
2026-08-03 02:33:34,650 [INFO] WebApp:157 - Instantiating new browser for Auth
2026-08-03 02:33:34,868 [WARN] MainUpdater:1189 - Updater busy. Cannot search thirdparties
2026-08-03 02:33:34,868 [INFO] ThirdPartyUpdaterWithRetryManager:96 - Updater plugin is busy. [1/15]
2026-08-03 02:33:35,043 [INFO] WebApp:753 - Register for checkConnection events
2026-08-03 02:33:35,043 [INFO] WebApp:390 - Apply proxy settings
2026-08-03 02:33:35,043 [INFO] WebApp:475 - Chromium requires no authentication
2026-08-03 02:33:35,050 [INFO] WebApp:418 - Direct internet connection detected
2026-08-03 02:33:35,171 [INFO] WebApp:188 - Starting web application
2026-08-03 02:33:35,171 [INFO] WebApp:520 - Web application path used C:\ST\STM32CubeIDE_1.13.1\STM32CubeIDE\plugins\com.st.stm32cube.common.mx_6.9.1.202307191849\db\plugins\mcufinder\reactClient1\index.html
2026-08-03 02:33:35,824 [INFO] ServerAccessManage:473 - Download File updaters.zip
2026-08-03 02:33:35,969 [INFO] FileExtend:240 - Unzip File : updaters.zip
2026-08-03 02:33:35,970 [INFO] FileExtend:255 - Standard Zip Deflate
2026-08-03 02:33:37,384 [INFO] ServerAccessManage:473 - Download File PacksControlFlags.xml
2026-08-03 02:33:37,868 [WARN] MainUpdater:1189 - Updater busy. Cannot search thirdparties
2026-08-03 02:33:37,868 [INFO] ThirdPartyUpdaterWithRetryManager:96 - Updater plugin is busy. [2/15]
2026-08-03 02:33:38,626 [INFO] ServerAccessManage:473 - Download File cubemx.pidx
2026-08-03 02:33:38,701 [INFO] LoadServerUpdatesThread:373 - End of LoadServerUpdate Thread
2026-08-03 02:33:38,872 [INFO] CheckServerUpdateThread:120 - End of CheckServer Thread
2026-08-03 02:33:41,020 [WARN] PackLoader:240 - Cannot read IP mode file for STMicroelectronics.FP-ATR-ASTRA1.2.0.3
2026-08-03 02:33:41,023 [WARN] PackLoader:240 - Cannot read IP mode file for STMicroelectronics.FP-ATR-ASTRA1.2.0.2
2026-08-03 02:33:41,028 [ERROR] Engine:466 - C:\Users\Admin\.stm32cubemx\thirdparties\pdsc\STMicroelectronics.X-CUBE-SMBUS.2.1.1.pdsc: PDSC version is not supported
2026-08-03 02:33:41,031 [WARN] PackLoader:240 - Cannot read IP mode file for STMicroelectronics.X-CUBE-SMBUS.2.1.0
2026-08-03 02:33:41,051 [WARN] PackLoader:240 - Cannot read IP mode file for STMicroelectronics.X-CUBE-AZRTOS-F7.1.1.0
2026-08-03 02:33:41,057 [ERROR] Engine:466 - C:\Users\Admin\.stm32cubemx\thirdparties\pdsc\STMicroelectronics.X-CUBE-FREERTOS.1.6.0.pdsc: PDSC version is not supported
2026-08-03 02:33:41,076 [WARN] PackLoader:240 - Cannot read IP mode file for STMicroelectronics.X-CUBE-AZRTOS-H7RS.1.3.0
2026-08-03 02:33:41,084 [ERROR] Engine:466 - C:\Users\Admin\.stm32cubemx\thirdparties\pdsc\WES.I-CUBE-Cesium.1.4.0.pdsc: PDSC version is not supported
2026-08-03 02:33:41,092 [WARN] PackLoader:240 - Cannot read IP mode file for STMicroelectronics.X-CUBE-DISPLAY.3.0.0
2026-08-03 02:33:41,100 [WARN] PackLoader:240 - Cannot read IP mode file for wolfSSL.I-CUBE-wolfSSL.5.9.1
2026-08-03 02:33:41,105 [WARN] PackLoader:240 - Cannot read IP mode file for emotas.I-CUBE-CANOPEN.1.3.0
2026-08-03 02:33:41,107 [ERROR] Engine:466 - C:\Users\Admin\.stm32cubemx\thirdparties\pdsc\STMicroelectronics.X-CUBE-WBA.1.1.0.pdsc: PDSC version is not supported
2026-08-03 02:33:41,114 [INFO] LogOutputStream:77 - [STDOUT_REDIRECT] 1 : Invalid condition id : UX_CORESTACK_Condition cause : null
2026-08-03 02:33:41,114 [INFO] LogOutputStream:77 - [STDOUT_REDIRECT] 1 : Invalid condition id : UX_CORESTACK_Condition cause : null
2026-08-03 02:33:41,116 [INFO] LogOutputStream:77 - [STDOUT_REDIRECT] 1 : Invalid condition id : UX_CORESTACK_Condition cause : null
2026-08-03 02:33:41,117 [INFO] LogOutputStream:77 - [STDOUT_REDIRECT] 1 : Invalid condition id : UX_CORESTACK_Condition cause : null
2026-08-03 02:33:41,117 [INFO] LogOutputStream:77 - [STDOUT_REDIRECT] 1 : Invalid condition id : UX_CORESTACK_Condition cause : null
2026-08-03 02:33:41,120 [WARN] PackLoader:240 - Cannot read IP mode file for STMicroelectronics.X-CUBE-AZRTOS-WL.2.0.0
2026-08-03 02:33:41,138 [WARN] PackLoader:240 - Cannot read IP mode file for STMicroelectronics.X-CUBE-AZRTOS-H7RS.1.2.0
2026-08-03 02:33:41,148 [WARN] PackLoader:240 - Cannot read IP mode file for STMicroelectronics.X-CUBE-BLE2.3.3.0
2026-08-03 02:33:41,151 [ERROR] Engine:466 - C:\Users\Admin\.stm32cubemx\thirdparties\pdsc\Avnet-IOTCONNECT.X-CUBE-iotc-st67-sdk.1.0.0.pdsc: PDSC version is not supported
2026-08-03 02:33:41,156 [ERROR] Engine:466 - C:\Users\Admin\.stm32cubemx\thirdparties\pdsc\Infineon.AIROC-Wi-Fi-Bluetooth-STM32.1.8.0.pdsc: PDSC version is not supported
2026-08-03 02:33:41,160 [WARN] PackLoader:240 - Cannot read IP mode file for wolfSSL.I-CUBE-wolfMQTT.1.19.2
2026-08-03 02:33:41,172 [WARN] PackLoader:240 - Cannot read IP mode file for STMicroelectronics.X-CUBE-AZRTOS-G0.1.1.0
2026-08-03 02:33:41,179 [WARN] PackLoader:240 - Cannot read IP mode file for STMicroelectronics.X-CUBE-NFC4.3.0.0
2026-08-03 02:33:41,183 [ERROR] Engine:466 - C:\Users\Admin\.stm32cubemx\thirdparties\pdsc\EmbeddedOffice.I-CUBE-FS-RTOS.1.0.1.pdsc: PDSC version is not supported
2026-08-03 02:33:41,187 [WARN] PackLoader:240 - Cannot read IP mode file for wolfSSL.I-CUBE-wolfTPM.3.8.0
2026-08-03 02:33:41,191 [ERROR] Engine:466 - C:\Users\Admin\.stm32cubemx\thirdparties\pdsc\RealThread.X-CUBE-RT-Thread_Nano.4.1.1.pdsc: PDSC version is not supported
2026-08-03 02:33:41,195 [WARN] PackLoader:240 - Cannot read IP mode file for STMicroelectronics.FP-ATR-SIGFOX1.3.2.0
2026-08-03 02:33:41,198 [ERROR] Engine:466 - C:\Users\Admin\.stm32cubemx\thirdparties\pdsc\STMicroelectronics.X-CUBE-FREERTOS.1.5.0.pdsc: PDSC version is not supported
2026-08-03 02:33:41,203 [WARN] PackLoader:240 - Cannot read IP mode file for ITTIA_DB.I-CUBE-ITTIADB.8.9.0
2026-08-03 02:33:41,206 [ERROR] Engine:466 - C:\Users\Admin\.stm32cubemx\thirdparties\pdsc\Cesanta.I-CUBE-Mongoose.7.21.7.pdsc: PDSC version is not supported
2026-08-03 02:33:41,210 [WARN] PackLoader:240 - Cannot read IP mode file for STMicroelectronics.X-CUBE-AI.10.2.1
2026-08-03 02:33:41,243 [WARN] PackLoader:240 - Cannot read IP mode file for STMicroelectronics.X-CUBE-MEMS1.12.1.0
2026-08-03 02:33:41,333 [WARN] PackLoader:240 - Cannot read IP mode file for SEGGER.I-CUBE-embOS.1.3.1
2026-08-03 02:33:41,366 [WARN] PackLoader:240 - Cannot read IP mode file for STMicroelectronics.X-CUBE-ALGOBUILD.1.4.0
2026-08-03 02:33:41,373 [WARN] PackLoader:240 - Cannot read IP mode file for STMicroelectronics.X-CUBE-NFC13.1.0.0
2026-08-03 02:33:41,388 [WARN] PackLoader:240 - Cannot read IP mode file for STMicroelectronics.X-CUBE-AZRTOS-F4.1.1.0
2026-08-03 02:33:41,393 [ERROR] Engine:466 - C:\Users\Admin\.stm32cubemx\thirdparties\pdsc\STMicroelectronics.eDS-WB_DPC_TT-BIDIR.2.1.1.pdsc: PDSC version is not supported
2026-08-03 02:33:41,398 [WARN] PackLoader:240 - Cannot read IP mode file for STMicroelectronics.X-CUBE-ALGOBUILD.1.5.0
2026-08-03 02:33:41,439 [WARN] PackLoader:240 - Cannot read IP mode file for STMicroelectronics.X-CUBE-MEMS1.13.0.0
2026-08-03 02:33:41,565 [ERROR] Engine:466 - C:\Users\Admin\.stm32cubemx\thirdparties\pdsc\STMicroelectronics.eDS-WB_DPC_3PH2L-BIDIR.1.1.1.pdsc: PDSC version is not supported
2026-08-03 02:33:41,571 [WARN] PackLoader:240 - Cannot read IP mode file for STMicroelectronics.X-CUBE-TOUCHGFX.4.26.1
2026-08-03 02:33:41,584 [WARN] ConditionMgr:438 - getConditionDescription Invalid condition id : LAN8742 Phy interface Condition cause : null
2026-08-03 02:33:41,585 [WARN] PackLoader:240 - Cannot read IP mode file for STMicroelectronics.X-CUBE-AZRTOS-L4.2.0.0
2026-08-03 02:33:41,587 [WARN] ConditionMgr:1039 - genDependencies : Invalid condition id : LAN8742 Phy interface Condition cause : null
2026-08-03 02:33:41,587 [WARN] ConditionMgr:1039 - genDependencies : Invalid condition id : LAN8742 Phy interface Condition cause : null
2026-08-03 02:33:41,587 [WARN] ConditionMgr:1039 - genDependencies : Invalid condition id : LAN8742 Phy interface Condition cause : null
2026-08-03 02:33:41,594 [WARN] PackLoader:240 - Cannot read IP mode file for STMicroelectronics.X-CUBE-SFXS2LP1.4.0.0
2026-08-03 02:33:41,597 [ERROR] Engine:466 - C:\Users\Admin\.stm32cubemx\thirdparties\pdsc\quantropi.X-CUBE-qispace-sdk-base.2.1.0.pdsc: PDSC version is not supported
2026-08-03 02:33:41,606 [WARN] PackLoader:240 - Cannot read IP mode file for STMicroelectronics.X-CUBE-SUBG2.5.0.0
2026-08-03 02:33:41,620 [WARN] PackLoader:240 - Cannot read IP mode file for STMicroelectronics.X-CUBE-AZRTOS-G4.2.0.0
2026-08-03 02:33:41,626 [WARN] PackLoader:240 - Cannot read IP mode file for wolfSSL.I-CUBE-wolfSSH.1.4.20
2026-08-03 02:33:41,628 [INFO] ThirdParty:978 - Integrity check success = true
2026-08-03 02:33:41,628 [INFO] IntegrityCheckThread:100 - exiting critical section [integrity check]
2026-08-03 02:33:41,628 [INFO] IntegrityCheckThread:103 - End integrity checks thread
2026-08-03 02:33:55,750 [ERROR] LogOutputStream:75 - [STDERR_REDIRECT] SLF4J: Failed to load class "org.slf4j.impl.StaticLoggerBinder".
2026-08-03 02:33:55,750 [ERROR] LogOutputStream:75 - [STDERR_REDIRECT] SLF4J: Defaulting to no-operation (NOP) logger implementation
2026-08-03 02:33:55,751 [ERROR] LogOutputStream:75 - [STDERR_REDIRECT] SLF4J: See http://www.slf4j.org/codes.html#StaticLoggerBinder for further details.
2026-08-03 02:37:05,678 [INFO] McuFinderGlobals:63 - Set McuFinder mode to 2 (CubeIDE integrated)
2026-08-03 02:37:05,681 [INFO] MainUpdater:2868 - connection check result : 10
2026-08-03 02:37:05,682 [INFO] McuFinderGlobals:76 - Set McuFinderConnectedMode to true
2026-08-03 02:37:06,056 [INFO] ServerAccessManage:473 - Download File mcusAds.json._tmp_
2026-08-03 02:37:06,163 [INFO] LoadUrlFilesThread:156 - End of LoadUrlFiles Thread
2026-08-03 02:37:07,602 [INFO] ServerAccessManage:473 - Download File cube-finder-db.zip
2026-08-03 02:37:09,554 [INFO] FileExtend:240 - Unzip File : cube-finder-db.zip
2026-08-03 02:37:09,555 [INFO] FileExtend:255 - Standard Zip Deflate
2026-08-03 02:37:10,097 [INFO] LoadUrlFilesThread:156 - End of LoadUrlFiles Thread
2026-08-03 02:37:31,365 [ERROR] ServerAccessManage:1172 - Problem during Server Connection :  IO error Connection timed out: no further information
2026-08-03 02:37:31,365 [ERROR] ServerAccessManage:651 - Problem during Server Connection :  : crdb.zip.
2026-08-03 02:37:34,302 [INFO] LoadUrlFilesThread:156 - End of LoadUrlFiles Thread
2026-08-03 02:37:34,930 [INFO] DbMcusAds:53 - JSON generation date=Wed Jul 15 16:44:54 GMT+07:00 2026 (1784108694001)
2026-08-03 02:37:34,953 [ERROR] TargetSelectorAdapter:267 - Unable to refresh data
2026-08-03 02:37:35,133 [INFO] ApiDb:581 - Connected to CubeFinder SQLite database (C:\Users\Admin\.stmcufinder\plugins\mcufinder\mcu\cube-finder-db.db)
2026-08-03 02:37:35,201 [INFO] ApiDb:668 - CubeFinder database Data Model version=2.1
2026-08-03 02:37:35,201 [INFO] ApiDb:669 - CubeFinder database Configuration version=3.0.42
2026-08-03 02:37:35,201 [INFO] ApiDb:670 - CubeFinder database generation date=2026-06-23 (1782213372)
2026-08-03 02:37:35,201 [INFO] ApiDb:671 - CubeFinder database FW Pack versions=[FP-ATR-ASTRA1_V2.0.0, FP-SNS-FLIGHT1_V5.1.0, FP-SNS-MOTENV1_V5.1.0, FP-SNS-MOTENVWB1_V1.5.0, FP-SNS-SMARTAG2_V1.2.0, FP-SNS-STBOX1_V2.1.0, STM32Cube_FW_C0_V1.4.0, STM32Cube_FW_F4_V1.28.3, STM32Cube_FW_F7_V1.17.4, STM32Cube_FW_G0_V1.6.3, STM32Cube_FW_G4_V1.6.2, STM32Cube_FW_H5_V1.7.0, STM32Cube_FW_H7RS_V1.3.0, STM32Cube_FW_H7_V1.13.0, STM32Cube_FW_L0_V1.12.2, STM32Cube_FW_L4_V1.18.2, STM32Cube_FW_L5_V1.6.0, STM32Cube_FW_N6_V1.4.0, STM32Cube_FW_U0_V1.3.0, STM32Cube_FW_U3_V1.4.0, STM32Cube_FW_U5_V1.9.0, STM32Cube_FW_WB0_V1.5.0, STM32Cube_FW_WBA_V1.10.0, STM32Cube_FW_WB_V1.24.0, STM32Cube_FW_WL3_V1.5.0, STM32Cube_FW_WL_V1.6.0, X-CUBE-ALGOBUILD_V1.5.0, X-CUBE-ALS_V1.0.2, X-CUBE-AZRTOS-F4_V1.1.0, X-CUBE-AZRTOS-F7_V1.1.0, X-CUBE-AZRTOS-G0_V1.1.0, X-CUBE-AZRTOS-G4_V2.0.0, X-CUBE-AZRTOS-H7RS_V1.1.0, X-CUBE-AZRTOS-H7_V3.5.0, X-CUBE-AZRTOS-L4_V2.0.0, X-CUBE-AZRTOS-L5_V2.0.0, X-CUBE-AZRTOS-WB_V2.0.0, X-CUBE-AZRTOS-WL_V2.0.0, X-CUBE-BLE1_V7.1.0, X-CUBE-BLE2_V3.3.0, X-CUBE-BLEMGR_V4.1.0, X-CUBE-EEPRMA1_V5.2.0, X-CUBE-FREERTOS_V1.5.0, X-CUBE-GNSS1_V7.1.1, X-CUBE-MEMS1_V12.1.0, X-CUBE-NFC4_V3.0.0, X-CUBE-NFC7_V2.0.0, X-CUBE-SFXS2LP1_V4.0.0, X-CUBE-ST67W61_V1.3.0, X-CUBE-SUBG2_V5.0.0, X-CUBE-TOF1_V3.4.3]
2026-08-03 02:37:35,250 [INFO] DbBoardsSqlite:226 - include board P-NUCLEO-WB55-NUCLEO as a kit item of type 'Nucleo-64'
2026-08-03 02:37:35,250 [INFO] DbBoardsSqlite:226 - include board P-NUCLEO-WB55-USBDONGLE as a kit item of type 'Nucleo USB Dongle'
2026-08-03 02:37:35,251 [INFO] DbBoardsSqlite:226 - include board STEVAL-IDP005V1 as a kit item of type 'Evaluation Board'
2026-08-03 02:37:35,251 [INFO] DbBoardsSqlite:226 - include board STEVAL-IDP005V2 as a kit item of type 'Evaluation Board'
2026-08-03 02:37:35,312 [INFO] ApiDb:240 - Found 323 in-development CPN: [B-G473E-ZEST1S, B-WB1M-WPAN1, B-WL5M-SUBG1, NUCLEO-C031C6, NUCLEO-H503RB, NUCLEO-H563ZI, NUCLEO-U545RE-Q, NUCLEO-U5A5ZJ-Q, NUCLEO-WBA52CG, STEVAL-PROTEUS1, STEVAL-SMARTAG2, STEVAL-STWINBX1, STM320518-EVAL, STM32C0116-DK, STM32C011D6Y3TR, STM32C011D6Y6TR, STM32C011F4P3, STM32C011F4P6, STM32C011F4U3, STM32C011F4U6TR, STM32C011F6P3, STM32C011F6P6, STM32C011F6U3, STM32C011F6U6TR, STM32C011J4M3, STM32C011J4M6, STM32C011J6M3, STM32C011J6M6, STM32C0316-DK, STM32C031C4T3, STM32C031C4T6, STM32C031C4U3, STM32C031C4U6, STM32C031C6T3, STM32C031C6T6, STM32C031C6U3, STM32C031C6U6, STM32C031F4P3, STM32C031F4P6, STM32C031F6P3, STM32C031F6P6, STM32C031G4U3, STM32C031G4U6, STM32C031G6U3, STM32C031G6U6, STM32C031K4T3, STM32C031K4T6, STM32C031K4U3, STM32C031K4U6, STM32C031K6T3, STM32C031K6T6, STM32C031K6U3, STM32C031K6U6, STM32G071K8TXN, STM32G071K8UXN, STM32G081GBU6N, STM32G081KBT6N, STM32G081KBUXN, STM32G0B1CCT6N, STM32G0B1KCT6, STM32G0B1NEY6TR, STM32G0B1RCT6N, STM32G0C1CCT6, STM32G0C1CCT6N, STM32G0C1CCU6N, STM32G0C1CET6N, STM32G0C1CEU6N, STM32G0C1KCT6, STM32G0C1NEY6TR, STM32G0C1RCI6N, STM32G0C1RCT6N, STM32G0C1REI6N, STM32G0C1RET6N, STM32G0C1VCI6, STM32G0C1VEI6, STM32G471CCT6, STM32G471CCU6, STM32G471CET3, STM32G471CET6, STM32G471CEU3, STM32G471CEU6, STM32G471MCT6, STM32G471MET3, STM32G471MET6, STM32G471MEY6TR, STM32G471QCT6, STM32G471QET3, STM32G471RCT6, STM32G471RET3, STM32G471RET6, STM32G471VCH6, STM32G471VCI6, STM32G471VCT6, STM32G471VEH3, STM32G471VEH6, STM32G471VEI3, STM32G471VEI6, STM32G471VET3, STM32G471VET6, STM32G474CCT6, STM32H503CBT6, STM32H503CBU6, STM32H503EBY6TR, STM32H503KBU6, STM32H503RBT6, STM32H562AGI6, STM32H562AII6, STM32H562IGK6, STM32H562IGT6, STM32H562IIK6, STM32H562IIT6, STM32H562RGT6, STM32H562RGV6, STM32H562RIT6, STM32H562RIV6, STM32H562VGT6, STM32H562VIT6, STM32H562ZGT6, STM32H562ZIT6, STM32H563AGI6, STM32H563AII3Q, STM32H563AII6, STM32H563IGK6, STM32H563IGT6, STM32H563IIK3Q, STM32H563IIK6, STM32H563IIT3Q, STM32H563IIT6, STM32H563MIY3QTR, STM32H563RGT6, STM32H563RGV6, STM32H563RIT6, STM32H563RIV6, STM32H563VGT6, STM32H563VIT3Q, STM32H563VIT6, STM32H563ZGT6, STM32H563ZIT3Q, STM32H563ZIT6, STM32H573AII3Q, STM32H573AII6, STM32H573I-DK, STM32H573IIK3Q, STM32H573IIK6, STM32H573IIT3Q, STM32H573IIT6, STM32H573MIY3QTR, STM32H573RIT6, STM32H573RIV6, STM32H573VIT3Q, STM32H573VIT6, STM32H573ZIT3Q, STM32H573ZIT6, STM32L4R5QGI6STR, STM32MP131AAE3, STM32MP131AAF3, STM32MP131AAG3, STM32MP131CAE3, STM32MP131CAF3, STM32MP131CAG3, STM32MP131DAE7, STM32MP131DAF7, STM32MP131DAG7, STM32MP131FAE7, STM32MP131FAF7, STM32MP131FAG7, STM32MP133AAE3, STM32MP133AAF3, STM32MP133AAG3, STM32MP133CAE3, STM32MP133CAF3, STM32MP133CAG3, STM32MP133DAE7, STM32MP133DAF7, STM32MP133DAG7, STM32MP133FAE7, STM32MP133FAF7, STM32MP133FAG7, STM32MP135AAE3, STM32MP135AAF3, STM32MP135AAG3, STM32MP135CAE3, STM32MP135CAF3, STM32MP135CAG3, STM32MP135DAE7, STM32MP135DAF7, STM32MP135DAG7, STM32MP135F-DK, STM32MP135FAE7, STM32MP135FAF7, STM32MP135FAF7T, STM32MP135FAF7U, STM32MP135FAG7, STM32U535CBT6, STM32U535CBT6Q, STM32U535CBU6, STM32U535CBU6Q, STM32U535CCT6, STM32U535CCT6Q, STM32U535CCU6, STM32U535CCU6Q, STM32U535CET6, STM32U535CET6Q, STM32U535CEU6, STM32U535CEU6Q, STM32U535JEY6QTR, STM32U535NCY6QTR, STM32U535NEY6QTR, STM32U535RBI6, STM32U535RBI6Q, STM32U535RBT6, STM32U535RBT6Q, STM32U535RCI6, STM32U535RCI6Q, STM32U535RCT6, STM32U535RCT6Q, STM32U535REI6, STM32U535REI6Q, STM32U535RET6, STM32U535RET6Q, STM32U535VCI6, STM32U535VCI6Q, STM32U535VCT6, STM32U535VCT6Q, STM32U535VEI6, STM32U535VEI6Q, STM32U535VET6, STM32U535VET6Q, STM32U545CET6, STM32U545CET6Q, STM32U545CEU6, STM32U545CEU6Q, STM32U545JEY6QTR, STM32U545NEY6QTR, STM32U545REI6, STM32U545REI6Q, STM32U545RET6, STM32U545RET6Q, STM32U545VEI6, STM32U545VEI6Q, STM32U545VET6, STM32U545VET6Q, STM32U595AIH6, STM32U595AIH6Q, STM32U595AJH6, STM32U595AJH6Q, STM32U595QII6, STM32U595QII6Q, STM32U595QJI6, STM32U595QJI6Q, STM32U595RIT6, STM32U595RIT6Q, STM32U595RJT6, STM32U595RJT6Q, STM32U595VIT6, STM32U595VIT6Q, STM32U595VJT6, STM32U595VJT6Q, STM32U595ZIT6, STM32U595ZIT6Q, STM32U595ZIY6QTR, STM32U595ZJT6, STM32U595ZJT6Q, STM32U595ZJY6QTR, STM32U599BJY6QTR, STM32U599NIH6Q, STM32U599NJH6Q, STM32U599VIT6Q, STM32U599VJT6, STM32U599VJT6Q, STM32U599ZIT6Q, STM32U599ZIY6QTR, STM32U599ZJT6Q, STM32U599ZJY6QTR, STM32U5A5AJH6, STM32U5A5AJH6Q, STM32U5A5QJI6, STM32U5A5QJI6Q, STM32U5A5RJT6, STM32U5A5RJT6Q, STM32U5A5VJT6, STM32U5A5VJT6Q, STM32U5A5ZJT6, STM32U5A5ZJT6Q, STM32U5A5ZJY6QTR, STM32U5A9BJY6QTR, STM32U5A9J-DK, STM32U5A9NJH6Q, STM32U5A9VJT6Q, STM32U5A9ZJT6Q, STM32U5A9ZJY6QTR, STM32U5F7VIT6, STM32U5F7VIT6Q, STM32U5F7VJT6, STM32U5F7VJT6Q, STM32U5F9BJY6QTR, STM32U5F9NJH6Q, STM32U5F9VIT6Q, STM32U5F9VJT6Q, STM32U5F9ZIJ6QTR, STM32U5F9ZIT6Q, STM32U5F9ZJJ6QTR, STM32U5F9ZJT6Q, STM32U5G7VJT6, STM32U5G7VJT6Q, STM32U5G9BJY6QTR, STM32U5G9J-DK1, STM32U5G9J-DK2, STM32U5G9NJH6Q, STM32U5G9VJT6Q, STM32U5G9ZJJ6QTR, STM32U5G9ZJT6Q, STM32WB1MMCH6, STM32WBA52CEU6, STM32WBA52CEU6T, STM32WBA52CGU6, STM32WBA52CGU6T, STM32WBA52KEU6, STM32WBA52KEU6T, STM32WBA52KGU6, STM32WBA52KGU6T, STM32WL5MOCH6, STM32WL5MOCH6TR]
2026-08-03 02:37:35,315 [INFO] ApiDb:668 - CubeFinder database Data Model version=2.1
2026-08-03 02:37:35,315 [INFO] ApiDb:669 - CubeFinder database Configuration version=3.0.42
2026-08-03 02:37:35,315 [INFO] ApiDb:670 - CubeFinder database generation date=2026-06-23 (1782213372)
2026-08-03 02:37:35,315 [INFO] ApiDb:671 - CubeFinder database FW Pack versions=[FP-ATR-ASTRA1_V2.0.0, FP-SNS-FLIGHT1_V5.1.0, FP-SNS-MOTENV1_V5.1.0, FP-SNS-MOTENVWB1_V1.5.0, FP-SNS-SMARTAG2_V1.2.0, FP-SNS-STBOX1_V2.1.0, STM32Cube_FW_C0_V1.4.0, STM32Cube_FW_F4_V1.28.3, STM32Cube_FW_F7_V1.17.4, STM32Cube_FW_G0_V1.6.3, STM32Cube_FW_G4_V1.6.2, STM32Cube_FW_H5_V1.7.0, STM32Cube_FW_H7RS_V1.3.0, STM32Cube_FW_H7_V1.13.0, STM32Cube_FW_L0_V1.12.2, STM32Cube_FW_L4_V1.18.2, STM32Cube_FW_L5_V1.6.0, STM32Cube_FW_N6_V1.4.0, STM32Cube_FW_U0_V1.3.0, STM32Cube_FW_U3_V1.4.0, STM32Cube_FW_U5_V1.9.0, STM32Cube_FW_WB0_V1.5.0, STM32Cube_FW_WBA_V1.10.0, STM32Cube_FW_WB_V1.24.0, STM32Cube_FW_WL3_V1.5.0, STM32Cube_FW_WL_V1.6.0, X-CUBE-ALGOBUILD_V1.5.0, X-CUBE-ALS_V1.0.2, X-CUBE-AZRTOS-F4_V1.1.0, X-CUBE-AZRTOS-F7_V1.1.0, X-CUBE-AZRTOS-G0_V1.1.0, X-CUBE-AZRTOS-G4_V2.0.0, X-CUBE-AZRTOS-H7RS_V1.1.0, X-CUBE-AZRTOS-H7_V3.5.0, X-CUBE-AZRTOS-L4_V2.0.0, X-CUBE-AZRTOS-L5_V2.0.0, X-CUBE-AZRTOS-WB_V2.0.0, X-CUBE-AZRTOS-WL_V2.0.0, X-CUBE-BLE1_V7.1.0, X-CUBE-BLE2_V3.3.0, X-CUBE-BLEMGR_V4.1.0, X-CUBE-EEPRMA1_V5.2.0, X-CUBE-FREERTOS_V1.5.0, X-CUBE-GNSS1_V7.1.1, X-CUBE-MEMS1_V12.1.0, X-CUBE-NFC4_V3.0.0, X-CUBE-NFC7_V2.0.0, X-CUBE-SFXS2LP1_V4.0.0, X-CUBE-ST67W61_V1.3.0, X-CUBE-SUBG2_V5.0.0, X-CUBE-TOF1_V3.4.3]
2026-08-03 02:37:37,360 [INFO] ApiDb:240 - Found 323 in-development CPN: [B-G473E-ZEST1S, B-WB1M-WPAN1, B-WL5M-SUBG1, NUCLEO-C031C6, NUCLEO-H503RB, NUCLEO-H563ZI, NUCLEO-U545RE-Q, NUCLEO-U5A5ZJ-Q, NUCLEO-WBA52CG, STEVAL-PROTEUS1, STEVAL-SMARTAG2, STEVAL-STWINBX1, STM320518-EVAL, STM32C0116-DK, STM32C011D6Y3TR, STM32C011D6Y6TR, STM32C011F4P3, STM32C011F4P6, STM32C011F4U3, STM32C011F4U6TR, STM32C011F6P3, STM32C011F6P6, STM32C011F6U3, STM32C011F6U6TR, STM32C011J4M3, STM32C011J4M6, STM32C011J6M3, STM32C011J6M6, STM32C0316-DK, STM32C031C4T3, STM32C031C4T6, STM32C031C4U3, STM32C031C4U6, STM32C031C6T3, STM32C031C6T6, STM32C031C6U3, STM32C031C6U6, STM32C031F4P3, STM32C031F4P6, STM32C031F6P3, STM32C031F6P6, STM32C031G4U3, STM32C031G4U6, STM32C031G6U3, STM32C031G6U6, STM32C031K4T3, STM32C031K4T6, STM32C031K4U3, STM32C031K4U6, STM32C031K6T3, STM32C031K6T6, STM32C031K6U3, STM32C031K6U6, STM32G071K8TXN, STM32G071K8UXN, STM32G081GBU6N, STM32G081KBT6N, STM32G081KBUXN, STM32G0B1CCT6N, STM32G0B1KCT6, STM32G0B1NEY6TR, STM32G0B1RCT6N, STM32G0C1CCT6, STM32G0C1CCT6N, STM32G0C1CCU6N, STM32G0C1CET6N, STM32G0C1CEU6N, STM32G0C1KCT6, STM32G0C1NEY6TR, STM32G0C1RCI6N, STM32G0C1RCT6N, STM32G0C1REI6N, STM32G0C1RET6N, STM32G0C1VCI6, STM32G0C1VEI6, STM32G471CCT6, STM32G471CCU6, STM32G471CET3, STM32G471CET6, STM32G471CEU3, STM32G471CEU6, STM32G471MCT6, STM32G471MET3, STM32G471MET6, STM32G471MEY6TR, STM32G471QCT6, STM32G471QET3, STM32G471RCT6, STM32G471RET3, STM32G471RET6, STM32G471VCH6, STM32G471VCI6, STM32G471VCT6, STM32G471VEH3, STM32G471VEH6, STM32G471VEI3, STM32G471VEI6, STM32G471VET3, STM32G471VET6, STM32G474CCT6, STM32H503CBT6, STM32H503CBU6, STM32H503EBY6TR, STM32H503KBU6, STM32H503RBT6, STM32H562AGI6, STM32H562AII6, STM32H562IGK6, STM32H562IGT6, STM32H562IIK6, STM32H562IIT6, STM32H562RGT6, STM32H562RGV6, STM32H562RIT6, STM32H562RIV6, STM32H562VGT6, STM32H562VIT6, STM32H562ZGT6, STM32H562ZIT6, STM32H563AGI6, STM32H563AII3Q, STM32H563AII6, STM32H563IGK6, STM32H563IGT6, STM32H563IIK3Q, STM32H563IIK6, STM32H563IIT3Q, STM32H563IIT6, STM32H563MIY3QTR, STM32H563RGT6, STM32H563RGV6, STM32H563RIT6, STM32H563RIV6, STM32H563VGT6, STM32H563VIT3Q, STM32H563VIT6, STM32H563ZGT6, STM32H563ZIT3Q, STM32H563ZIT6, STM32H573AII3Q, STM32H573AII6, STM32H573I-DK, STM32H573IIK3Q, STM32H573IIK6, STM32H573IIT3Q, STM32H573IIT6, STM32H573MIY3QTR, STM32H573RIT6, STM32H573RIV6, STM32H573VIT3Q, STM32H573VIT6, STM32H573ZIT3Q, STM32H573ZIT6, STM32L4R5QGI6STR, STM32MP131AAE3, STM32MP131AAF3, STM32MP131AAG3, STM32MP131CAE3, STM32MP131CAF3, STM32MP131CAG3, STM32MP131DAE7, STM32MP131DAF7, STM32MP131DAG7, STM32MP131FAE7, STM32MP131FAF7, STM32MP131FAG7, STM32MP133AAE3, STM32MP133AAF3, STM32MP133AAG3, STM32MP133CAE3, STM32MP133CAF3, STM32MP133CAG3, STM32MP133DAE7, STM32MP133DAF7, STM32MP133DAG7, STM32MP133FAE7, STM32MP133FAF7, STM32MP133FAG7, STM32MP135AAE3, STM32MP135AAF3, STM32MP135AAG3, STM32MP135CAE3, STM32MP135CAF3, STM32MP135CAG3, STM32MP135DAE7, STM32MP135DAF7, STM32MP135DAG7, STM32MP135F-DK, STM32MP135FAE7, STM32MP135FAF7, STM32MP135FAF7T, STM32MP135FAF7U, STM32MP135FAG7, STM32U535CBT6, STM32U535CBT6Q, STM32U535CBU6, STM32U535CBU6Q, STM32U535CCT6, STM32U535CCT6Q, STM32U535CCU6, STM32U535CCU6Q, STM32U535CET6, STM32U535CET6Q, STM32U535CEU6, STM32U535CEU6Q, STM32U535JEY6QTR, STM32U535NCY6QTR, STM32U535NEY6QTR, STM32U535RBI6, STM32U535RBI6Q, STM32U535RBT6, STM32U535RBT6Q, STM32U535RCI6, STM32U535RCI6Q, STM32U535RCT6, STM32U535RCT6Q, STM32U535REI6, STM32U535REI6Q, STM32U535RET6, STM32U535RET6Q, STM32U535VCI6, STM32U535VCI6Q, STM32U535VCT6, STM32U535VCT6Q, STM32U535VEI6, STM32U535VEI6Q, STM32U535VET6, STM32U535VET6Q, STM32U545CET6, STM32U545CET6Q, STM32U545CEU6, STM32U545CEU6Q, STM32U545JEY6QTR, STM32U545NEY6QTR, STM32U545REI6, STM32U545REI6Q, STM32U545RET6, STM32U545RET6Q, STM32U545VEI6, STM32U545VEI6Q, STM32U545VET6, STM32U545VET6Q, STM32U595AIH6, STM32U595AIH6Q, STM32U595AJH6, STM32U595AJH6Q, STM32U595QII6, STM32U595QII6Q, STM32U595QJI6, STM32U595QJI6Q, STM32U595RIT6, STM32U595RIT6Q, STM32U595RJT6, STM32U595RJT6Q, STM32U595VIT6, STM32U595VIT6Q, STM32U595VJT6, STM32U595VJT6Q, STM32U595ZIT6, STM32U595ZIT6Q, STM32U595ZIY6QTR, STM32U595ZJT6, STM32U595ZJT6Q, STM32U595ZJY6QTR, STM32U599BJY6QTR, STM32U599NIH6Q, STM32U599NJH6Q, STM32U599VIT6Q, STM32U599VJT6, STM32U599VJT6Q, STM32U599ZIT6Q, STM32U599ZIY6QTR, STM32U599ZJT6Q, STM32U599ZJY6QTR, STM32U5A5AJH6, STM32U5A5AJH6Q, STM32U5A5QJI6, STM32U5A5QJI6Q, STM32U5A5RJT6, STM32U5A5RJT6Q, STM32U5A5VJT6, STM32U5A5VJT6Q, STM32U5A5ZJT6, STM32U5A5ZJT6Q, STM32U5A5ZJY6QTR, STM32U5A9BJY6QTR, STM32U5A9J-DK, STM32U5A9NJH6Q, STM32U5A9VJT6Q, STM32U5A9ZJT6Q, STM32U5A9ZJY6QTR, STM32U5F7VIT6, STM32U5F7VIT6Q, STM32U5F7VJT6, STM32U5F7VJT6Q, STM32U5F9BJY6QTR, STM32U5F9NJH6Q, STM32U5F9VIT6Q, STM32U5F9VJT6Q, STM32U5F9ZIJ6QTR, STM32U5F9ZIT6Q, STM32U5F9ZJJ6QTR, STM32U5F9ZJT6Q, STM32U5G7VJT6, STM32U5G7VJT6Q, STM32U5G9BJY6QTR, STM32U5G9J-DK1, STM32U5G9J-DK2, STM32U5G9NJH6Q, STM32U5G9VJT6Q, STM32U5G9ZJJ6QTR, STM32U5G9ZJT6Q, STM32WB1MMCH6, STM32WBA52CEU6, STM32WBA52CEU6T, STM32WBA52CGU6, STM32WBA52CGU6T, STM32WBA52KEU6, STM32WBA52KEU6T, STM32WBA52KGU6, STM32WBA52KGU6T, STM32WL5MOCH6, STM32WL5MOCH6TR]
2026-08-03 02:37:37,365 [INFO] DbMcus:217 - Found 5228 MCUs, 5075 are supported
2026-08-03 02:37:37,365 [INFO] ApiDb:423 - Load user favorites file C:\Users\Admin/.stm32cubeide/favorites.mcus.txt: 4 item(s)
2026-08-03 02:37:37,365 [INFO] ApiDb:427 - User favorites MCUs=[STM32F103C8T6, STM32F405RGT6, STM32F411CEU6, STM32H523CET6]
2026-08-03 02:37:37,365 [INFO] DbMcus:223 - Set 4 / 4 favorites MCUs
2026-08-03 02:37:37,734 [INFO] BoardInfo:880 - No configuration file found for board B-WBA5M-WPAN
2026-08-03 02:37:37,734 [INFO] DbBoards:157 - Board is not supported: B-WBA5M-WPAN
2026-08-03 02:37:37,737 [INFO] BoardInfo:880 - No configuration file found for board NUCLEO-C051C8
2026-08-03 02:37:37,737 [INFO] DbBoards:157 - Board is not supported: NUCLEO-C051C8
2026-08-03 02:37:37,738 [INFO] BoardInfo:880 - No configuration file found for board NUCLEO-C071RB
2026-08-03 02:37:37,738 [INFO] DbBoards:157 - Board is not supported: NUCLEO-C071RB
2026-08-03 02:37:37,738 [INFO] BoardInfo:880 - No configuration file found for board NUCLEO-C092RC
2026-08-03 02:37:37,738 [INFO] DbBoards:157 - Board is not supported: NUCLEO-C092RC
2026-08-03 02:37:37,779 [INFO] BoardInfo:880 - No configuration file found for board NUCLEO-H533RE
2026-08-03 02:37:37,779 [INFO] DbBoards:157 - Board is not supported: NUCLEO-H533RE
2026-08-03 02:37:37,781 [INFO] BoardInfo:880 - No configuration file found for board NUCLEO-H5E5ZJ
2026-08-03 02:37:37,781 [INFO] DbBoards:157 - Board is not supported: NUCLEO-H5E5ZJ
2026-08-03 02:37:37,787 [INFO] BoardInfo:880 - No configuration file found for board NUCLEO-H7S3L8
2026-08-03 02:37:37,787 [INFO] DbBoards:157 - Board is not supported: NUCLEO-H7S3L8
2026-08-03 02:37:37,804 [INFO] BoardInfo:880 - No configuration file found for board NUCLEO-N657X0-Q
2026-08-03 02:37:37,804 [INFO] DbBoards:157 - Board is not supported: NUCLEO-N657X0-Q
2026-08-03 02:37:37,805 [INFO] BoardInfo:880 - No configuration file found for board NUCLEO-U031R8
2026-08-03 02:37:37,805 [INFO] DbBoards:157 - Board is not supported: NUCLEO-U031R8
2026-08-03 02:37:37,806 [INFO] BoardInfo:880 - No configuration file found for board NUCLEO-U083RC
2026-08-03 02:37:37,806 [INFO] DbBoards:157 - Board is not supported: NUCLEO-U083RC
2026-08-03 02:37:37,806 [INFO] BoardInfo:880 - No configuration file found for board NUCLEO-U385RG-Q
2026-08-03 02:37:37,807 [INFO] DbBoards:157 - Board is not supported: NUCLEO-U385RG-Q
2026-08-03 02:37:37,807 [INFO] BoardInfo:880 - No configuration file found for board NUCLEO-U3C5ZI-Q
2026-08-03 02:37:37,807 [INFO] DbBoards:157 - Board is not supported: NUCLEO-U3C5ZI-Q
2026-08-03 02:37:37,811 [INFO] BoardInfo:880 - No configuration file found for board NUCLEO-WB05KZ
2026-08-03 02:37:37,811 [INFO] DbBoards:157 - Board is not supported: NUCLEO-WB05KZ
2026-08-03 02:37:37,811 [INFO] BoardInfo:880 - No configuration file found for board NUCLEO-WB07CC
2026-08-03 02:37:37,811 [INFO] DbBoards:157 - Board is not supported: NUCLEO-WB07CC
2026-08-03 02:37:37,812 [INFO] BoardInfo:880 - No configuration file found for board NUCLEO-WB09KE
2026-08-03 02:37:37,812 [INFO] DbBoards:157 - Board is not supported: NUCLEO-WB09KE
2026-08-03 02:37:37,814 [INFO] BoardInfo:880 - No configuration file found for board NUCLEO-WBA25CE1
2026-08-03 02:37:37,814 [INFO] DbBoards:157 - Board is not supported: NUCLEO-WBA25CE1
2026-08-03 02:37:37,816 [INFO] BoardInfo:880 - No configuration file found for board NUCLEO-WBA55CG
2026-08-03 02:37:37,816 [INFO] DbBoards:157 - Board is not supported: NUCLEO-WBA55CG
2026-08-03 02:37:37,817 [INFO] BoardInfo:880 - No configuration file found for board NUCLEO-WBA65RI
2026-08-03 02:37:37,817 [INFO] DbBoards:157 - Board is not supported: NUCLEO-WBA65RI
2026-08-03 02:37:37,818 [INFO] BoardInfo:880 - No configuration file found for board NUCLEO-WL33CC1
2026-08-03 02:37:37,818 [INFO] DbBoards:157 - Board is not supported: NUCLEO-WL33CC1
2026-08-03 02:37:37,818 [INFO] BoardInfo:880 - No configuration file found for board NUCLEO-WL33CC2
2026-08-03 02:37:37,818 [INFO] DbBoards:157 - Board is not supported: NUCLEO-WL33CC2
2026-08-03 02:37:37,819 [INFO] BoardInfo:880 - No configuration file found for board NUCLEO-WL3RKB1
2026-08-03 02:37:37,819 [INFO] DbBoards:157 - Board is not supported: NUCLEO-WL3RKB1
2026-08-03 02:37:37,820 [INFO] BoardInfo:880 - No configuration file found for board NUCLEO-WL3RKB2
2026-08-03 02:37:37,820 [INFO] DbBoards:157 - Board is not supported: NUCLEO-WL3RKB2
2026-08-03 02:37:37,824 [INFO] BoardInfo:880 - No configuration file found for board P-NUCLEO-WB55
2026-08-03 02:37:37,824 [INFO] DbBoards:157 - Kit is not supported: P-NUCLEO-WB55
2026-08-03 02:37:37,828 [INFO] BoardInfo:880 - No configuration file found for board STEVAL-BFA001V1B
2026-08-03 02:37:37,828 [INFO] DbBoards:157 - Kit is not supported: STEVAL-BFA001V1B
2026-08-03 02:37:37,828 [INFO] BoardInfo:880 - No configuration file found for board STEVAL-BFA001V2B
2026-08-03 02:37:37,828 [INFO] DbBoards:157 - Kit is not supported: STEVAL-BFA001V2B
2026-08-03 02:37:37,831 [INFO] BoardInfo:880 - No configuration file found for board STEVAL-MKBOXPRO
2026-08-03 02:37:37,831 [INFO] DbBoards:157 - Board is not supported: STEVAL-MKBOXPRO
2026-08-03 02:37:37,878 [INFO] BoardInfo:880 - No configuration file found for board STM32H5F5J-DK
2026-08-03 02:37:37,879 [INFO] DbBoards:157 - Board is not supported: STM32H5F5J-DK
2026-08-03 02:37:37,890 [INFO] BoardInfo:880 - No configuration file found for board STM32H7S78-DK
2026-08-03 02:37:37,890 [INFO] DbBoards:157 - Board is not supported: STM32H7S78-DK
2026-08-03 02:37:37,906 [INFO] BoardInfo:880 - No configuration file found for board STM32MP215F-DK
2026-08-03 02:37:37,906 [INFO] DbBoards:157 - Board is not supported: STM32MP215F-DK
2026-08-03 02:37:37,907 [INFO] BoardInfo:880 - No configuration file found for board STM32MP257F-DK
2026-08-03 02:37:37,907 [INFO] DbBoards:157 - Board is not supported: STM32MP257F-DK
2026-08-03 02:37:37,908 [INFO] BoardInfo:880 - No configuration file found for board STM32MP257F-EV1
2026-08-03 02:37:37,908 [INFO] DbBoards:157 - Board is not supported: STM32MP257F-EV1
2026-08-03 02:37:37,909 [INFO] BoardInfo:880 - No configuration file found for board STM32N6570-DK
2026-08-03 02:37:37,909 [INFO] DbBoards:157 - Board is not supported: STM32N6570-DK
2026-08-03 02:37:37,910 [INFO] BoardInfo:880 - No configuration file found for board STM32U083C-DK
2026-08-03 02:37:37,910 [INFO] DbBoards:157 - Board is not supported: STM32U083C-DK
2026-08-03 02:37:37,915 [INFO] BoardInfo:880 - No configuration file found for board STM32WBA55G-DK1
2026-08-03 02:37:37,916 [INFO] DbBoards:157 - Board is not supported: STM32WBA55G-DK1
2026-08-03 02:37:37,916 [INFO] BoardInfo:880 - No configuration file found for board STM32WBA65I-DK1
2026-08-03 02:37:37,917 [INFO] DbBoards:157 - Board is not supported: STM32WBA65I-DK1
2026-08-03 02:37:37,917 [INFO] DbBoards:161 - Found 218 boards, 183 are supported
2026-08-03 02:37:37,920 [INFO] ApiDb:423 - Load user favorites file C:\Users\Admin/.stm32cubeide/favorites.boards.txt: 0 item(s)
2026-08-03 02:37:37,920 [INFO] ApiDb:427 - User favorites Boards=[]
2026-08-03 02:37:37,920 [INFO] DbBoards:190 - Set 0 / 0 favorites Boards
2026-08-03 02:37:37,920 [INFO] McuFinderGlobals:76 - Set McuFinderConnectedMode to true
2026-08-03 02:37:37,928 [INFO] MultiScanPanel:200 - Auto-refresh data requested => check proxy status ongoing
2026-08-03 02:37:37,930 [INFO] FinderPluginLoader:95 - Searching for filters in installed packs
2026-08-03 02:37:39,104 [INFO] LoadUrlFilesThread:185 - End of LoadServerUrlFiles without Thread
2026-08-03 02:37:39,129 [INFO] DetailPanel:341 - Set advertising image to C:/Users/Admin/STM32Cube/Repository/\en.stm32h5cubemxbanner.png
2026-08-03 02:41:20,183 [INFO] MainUpdater:2868 - connection check result : 10
2026-08-03 02:41:20,183 [INFO] MainUpdater:2868 - connection check result : 10
2026-08-03 02:41:20,193 [INFO] MicroXplorer:468 - Change Database Path : 
2026-08-03 02:41:20,193 [INFO] MicroXplorer:498 - Change Database Version : DB.6.0.91
2026-08-03 02:41:20,196 [WARN] ThirdParty:871 - waiting for thirdparty lock release [close project]
2026-08-03 02:41:20,196 [INFO] ThirdParty:873 - entering critical section [close project]
2026-08-03 02:41:20,197 [INFO] ThirdParty:883 - exiting critical section [close project]
2026-08-03 02:41:20,198 [INFO] PinOutPanel:1499 - setPackage(No Configuration,No Configuration)
2026-08-03 02:41:20,201 [INFO] UtilMem:75 - Begin LoadConfig() Used Memory: 858686936 Bytes (1073741824)
2026-08-03 02:41:20,202 [INFO] MicroXplorer:468 - Change Database Path : 
2026-08-03 02:41:20,202 [INFO] MicroXplorer:498 - Change Database Version : DB.6.0.91
2026-08-03 02:41:20,202 [INFO] OpenFileManager:308 - Change cursor
2026-08-03 02:41:20,219 [INFO] Mcu:1946 - Initializing MCU STM32F405RGTx STM32F405RGTx STM32F405RGT6
2026-08-03 02:41:21,517 [INFO] Context:659 - Trying to add GPIOservice into a context  which must be forbidden
2026-08-03 02:41:21,863 [INFO] ImportTextPane:194 - (OptionalMessage_ERROR) Unable to find key (Mcu.ThirdPartyNb) in loaded IOC file
2026-08-03 02:41:21,864 [INFO] ImportTextPane:194 - (OptionalMessage_ERROR) Unable to find key (Mcu.PinsNb) in loaded IOC file
2026-08-03 02:41:21,864 [INFO] ImportTextPane:194 - (OptionalMessage_ERROR) Unable to find key (Mcu.IPNb) in loaded IOC file
2026-08-03 02:41:21,946 [INFO] RtosManager:555 - Registered RTOS mode: class=CMSIS, group=RTOS, mode=CMSIS_V1, owner=FREERTOS
2026-08-03 02:41:21,946 [INFO] RtosManager:555 - Registered RTOS mode: class=CMSIS, group=RTOS2, mode=CMSIS_V2, owner=FREERTOS
2026-08-03 02:41:21,946 [INFO] RtosManager:555 - Registered RTOS mode: class=RTOS, group=Core, mode=CMSIS_V1, owner=FREERTOS
2026-08-03 02:41:21,946 [INFO] RtosManager:555 - Registered RTOS mode: class=RTOS, group=Core, mode=CMSIS_V2, owner=FREERTOS
2026-08-03 02:41:21,946 [WARN] ModelIntegratedComponent:184 - Missing modes for component STMicroelectronics:FreeRTOS:0.0.1:STMicroelectronics:RTOS:FreeRTOS:Core:::10.2.0:
2026-08-03 02:41:22,021 [WARN] ModelIntegratedComponent:63 - No mode defined for component null
2026-08-03 02:41:22,021 [WARN] ModelIntegratedComponent:63 - No mode defined for component null
2026-08-03 02:41:22,021 [WARN] ModelIntegratedComponent:63 - No mode defined for component null
2026-08-03 02:41:22,021 [WARN] ModelIntegratedComponent:63 - No mode defined for component null
2026-08-03 02:41:22,021 [WARN] ModelIntegratedComponent:63 - No mode defined for component null
2026-08-03 02:41:22,021 [WARN] ModelIntegratedComponent:63 - No mode defined for component null
2026-08-03 02:41:22,021 [WARN] ModelIntegratedComponent:63 - No mode defined for component null
2026-08-03 02:41:22,021 [WARN] ModelIntegratedComponent:63 - No mode defined for component null
2026-08-03 02:41:22,021 [WARN] ModelIntegratedComponent:63 - No mode defined for component null
2026-08-03 02:41:22,021 [WARN] ModelIntegratedComponent:63 - No mode defined for component null
2026-08-03 02:41:22,021 [WARN] ModelIntegratedComponent:63 - No mode defined for component null
2026-08-03 02:41:22,021 [WARN] ModelIntegratedComponent:63 - No mode defined for component null
2026-08-03 02:41:22,021 [WARN] ModelIntegratedComponent:63 - No mode defined for component null
2026-08-03 02:41:22,021 [WARN] ModelIntegratedComponent:63 - No mode defined for component null
2026-08-03 02:41:22,021 [WARN] ModelIntegratedComponent:63 - No mode defined for component null
2026-08-03 02:41:22,021 [WARN] ModelIntegratedComponent:63 - No mode defined for component null
2026-08-03 02:41:22,021 [WARN] ModelIntegratedComponent:63 - No mode defined for component null
2026-08-03 02:41:22,021 [WARN] ModelIntegratedComponent:63 - No mode defined for component null
2026-08-03 02:41:22,021 [WARN] ModelIntegratedComponent:63 - No mode defined for component null
2026-08-03 02:41:22,021 [WARN] ModelIntegratedComponent:63 - No mode defined for component null
2026-08-03 02:41:22,021 [WARN] ModelIntegratedComponent:63 - No mode defined for component null
2026-08-03 02:41:22,022 [WARN] ModelIntegratedComponent:63 - No mode defined for component null
2026-08-03 02:41:22,022 [WARN] ModelIntegratedComponent:63 - No mode defined for component null
2026-08-03 02:41:22,022 [WARN] ModelIntegratedComponent:63 - No mode defined for component null
2026-08-03 02:41:22,022 [WARN] ModelIntegratedComponent:63 - No mode defined for component null
2026-08-03 02:41:22,022 [WARN] ModelIntegratedComponent:63 - No mode defined for component null
2026-08-03 02:41:22,022 [WARN] ModelIntegratedComponent:63 - No mode defined for component null
2026-08-03 02:41:22,022 [WARN] ModelIntegratedComponent:63 - No mode defined for component null
2026-08-03 02:41:22,022 [WARN] ModelIntegratedComponent:63 - No mode defined for component null
2026-08-03 02:41:22,022 [WARN] ModelIntegratedComponent:63 - No mode defined for component null
2026-08-03 02:41:22,022 [WARN] ModelIntegratedComponent:63 - No mode defined for component null
2026-08-03 02:41:22,022 [WARN] ModelIntegratedComponent:63 - No mode defined for component null
2026-08-03 02:41:22,022 [WARN] ModelIntegratedComponent:63 - No mode defined for component null
2026-08-03 02:41:22,095 [INFO] ThirdPartyModel:298 - Start build external matchings
2026-08-03 02:41:22,290 [INFO] ThirdPartyModel:316 - End build external matchings
2026-08-03 02:41:22,510 [INFO] UtilMem:75 - End LoadConfig() Used Memory: 820592848 Bytes (1073741824)
2026-08-03 02:41:22,526 [WARN] ThirdParty:833 - waiting for thirdparty lock release [change project]
2026-08-03 02:41:22,526 [INFO] ThirdParty:835 - entering critical section [change project]
2026-08-03 02:41:22,526 [INFO] ThirdParty:1030 - CMSIS Pack Vendor :STMicroelectronics USBPD 4.1
2026-08-03 02:41:22,526 [INFO] ThirdParty:1030 - CMSIS Pack Vendor :STMicroelectronics USB_HOST 2.0.0
2026-08-03 02:41:22,526 [INFO] ThirdParty:1030 - CMSIS Pack Vendor :STMicroelectronics FP-ATR-ASTRA1 2.0.3
2026-08-03 02:41:22,526 [INFO] ThirdParty:1030 - CMSIS Pack Vendor :STMicroelectronics X-CUBE-AZRTOS-F4 1.1.0
2026-08-03 02:41:22,526 [INFO] ThirdParty:1030 - CMSIS Pack Vendor :STMicroelectronics LIBJPEG 8.0.0
2026-08-03 02:41:22,526 [INFO] ThirdParty:1030 - CMSIS Pack Vendor :STMicroelectronics FP-ATR-ASTRA1 2.0.2
2026-08-03 02:41:22,526 [INFO] ThirdParty:1030 - CMSIS Pack Vendor :STMicroelectronics X-CUBE-SMBUS 2.1.0
2026-08-03 02:41:22,526 [INFO] ThirdParty:1030 - CMSIS Pack Vendor :wolfSSL I-CUBE-wolfMQTT 1.19.2
2026-08-03 02:41:22,526 [INFO] ThirdParty:1030 - CMSIS Pack Vendor :STMicroelectronics USB_DEVICE 3.0.0
2026-08-03 02:41:22,526 [INFO] ThirdParty:1030 - CMSIS Pack Vendor :STMicroelectronics X-CUBE-AZRTOS-F7 1.1.0
2026-08-03 02:41:22,526 [INFO] ThirdParty:1030 - CMSIS Pack Vendor :STMicroelectronics USB_DEVICE 2.0.0
2026-08-03 02:41:22,526 [INFO] ThirdParty:1030 - CMSIS Pack Vendor :STMicroelectronics X-CUBE-ALGOBUILD 1.5.0
2026-08-03 02:41:22,526 [INFO] ThirdParty:1030 - CMSIS Pack Vendor :STMicroelectronics FreeRTOS 0.0.1
2026-08-03 02:41:22,526 [INFO] ThirdParty:1030 - CMSIS Pack Vendor :STMicroelectronics X-CUBE-AZRTOS-H7RS 1.3.0
2026-08-03 02:41:22,526 [INFO] ThirdParty:1030 - CMSIS Pack Vendor :STMicroelectronics X-CUBE-AZRTOS-G0 1.1.0
2026-08-03 02:41:22,526 [INFO] ThirdParty:1030 - CMSIS Pack Vendor :STMicroelectronics X-CUBE-NFC4 3.0.0
2026-08-03 02:41:22,526 [INFO] ThirdParty:1030 - CMSIS Pack Vendor :STMicroelectronics X-CUBE-SUBG2 5.0.0
2026-08-03 02:41:22,526 [INFO] ThirdParty:1030 - CMSIS Pack Vendor :STMicroelectronics STM32_WPAN 1.0.0
2026-08-03 02:41:22,527 [INFO] ThirdParty:1030 - CMSIS Pack Vendor :STMicroelectronics lwIP 2.0.3
2026-08-03 02:41:22,527 [INFO] ThirdParty:1030 - CMSIS Pack Vendor :STMicroelectronics X-CUBE-MEMS1 13.0.0
2026-08-03 02:41:22,527 [INFO] ThirdParty:1030 - CMSIS Pack Vendor :STMicroelectronics USB_HOST 1.0.0
2026-08-03 02:41:22,527 [INFO] ThirdParty:1030 - CMSIS Pack Vendor :STMicroelectronics X-CUBE-AZRTOS-G4 2.0.0
2026-08-03 02:41:22,527 [INFO] ThirdParty:1030 - CMSIS Pack Vendor :STMicroelectronics PDM2PCM 3.1.0
2026-08-03 02:41:22,527 [INFO] ThirdParty:1030 - CMSIS Pack Vendor :STMicroelectronics PDM2PCM 3.3.0
2026-08-03 02:41:22,527 [INFO] ThirdParty:1030 - CMSIS Pack Vendor :wolfSSL I-CUBE-wolfTPM 3.8.0
2026-08-03 02:41:22,527 [INFO] ThirdParty:1030 - CMSIS Pack Vendor :STMicroelectronics X-CUBE-DISPLAY 3.0.0
2026-08-03 02:41:22,527 [INFO] ThirdParty:1030 - CMSIS Pack Vendor :wolfSSL I-CUBE-wolfSSH 1.4.20
2026-08-03 02:41:22,527 [INFO] ThirdParty:1030 - CMSIS Pack Vendor :wolfSSL I-CUBE-wolfSSL 5.9.1
2026-08-03 02:41:22,527 [INFO] ThirdParty:1030 - CMSIS Pack Vendor :STMicroelectronics FP-ATR-SIGFOX1 3.2.0
2026-08-03 02:41:22,527 [INFO] ThirdParty:1030 - CMSIS Pack Vendor :STMicroelectronics HAL Drivers 0.0.0
2026-08-03 02:41:22,527 [INFO] ThirdParty:1030 - CMSIS Pack Vendor :STMicroelectronics MBEDTLS 2.16.2
2026-08-03 02:41:22,527 [INFO] ThirdParty:1030 - CMSIS Pack Vendor :emotas I-CUBE-CANOPEN 1.3.0
2026-08-03 02:41:22,527 [INFO] ThirdParty:1030 - CMSIS Pack Vendor :STMicroelectronics MBEDTLS 2.14.1
2026-08-03 02:41:22,527 [INFO] ThirdParty:1030 - CMSIS Pack Vendor :ITTIA_DB I-CUBE-ITTIADB 8.9.0
2026-08-03 02:41:22,527 [INFO] ThirdParty:1030 - CMSIS Pack Vendor :STMicroelectronics X-CUBE-TOUCHGFX 4.26.1
2026-08-03 02:41:22,527 [INFO] ThirdParty:1030 - CMSIS Pack Vendor :STMicroelectronics X-CUBE-AI 10.2.1
2026-08-03 02:41:22,527 [INFO] ThirdParty:1030 - CMSIS Pack Vendor :STMicroelectronics ThreadX 1.0.0
2026-08-03 02:41:22,527 [INFO] ThirdParty:1030 - CMSIS Pack Vendor :STMicroelectronics X-CUBE-MEMS1 12.1.0
2026-08-03 02:41:22,527 [INFO] ThirdParty:1030 - CMSIS Pack Vendor :STMicroelectronics X-CUBE-AZRTOS-WL 2.0.0
2026-08-03 02:41:22,527 [INFO] ThirdParty:1030 - CMSIS Pack Vendor :SEGGER I-CUBE-embOS 1.3.1
2026-08-03 02:41:22,527 [INFO] ThirdParty:1030 - CMSIS Pack Vendor :STMicroelectronics X-CUBE-ALGOBUILD 1.4.0
2026-08-03 02:41:22,527 [INFO] ThirdParty:1030 - CMSIS Pack Vendor :STMicroelectronics USB_DEVICE 1.0.0
2026-08-03 02:41:22,527 [INFO] ThirdParty:1030 - CMSIS Pack Vendor :STMicroelectronics X-CUBE-AZRTOS-H7RS 1.2.0
2026-08-03 02:41:22,527 [INFO] ThirdParty:1030 - CMSIS Pack Vendor :STMicroelectronics X-CUBE-AZRTOS-L4 2.0.0
2026-08-03 02:41:22,527 [INFO] ThirdParty:1030 - CMSIS Pack Vendor :STMicroelectronics ThreadX 0.0.2
2026-08-03 02:41:22,527 [INFO] ThirdParty:1030 - CMSIS Pack Vendor :STMicroelectronics lwIP 2.1.2
2026-08-03 02:41:22,527 [INFO] ThirdParty:1030 - CMSIS Pack Vendor :STMicroelectronics X-CUBE-SFXS2LP1 4.0.0
2026-08-03 02:41:22,527 [INFO] ThirdParty:1030 - CMSIS Pack Vendor :STMicroelectronics X-CUBE-BLE2 3.3.0
2026-08-03 02:41:22,527 [INFO] ThirdParty:1030 - CMSIS Pack Vendor :STMicroelectronics X-CUBE-NFC13 1.0.0
2026-08-03 02:41:22,527 [INFO] ThirdParty:1030 - CMSIS Pack Vendor :STMicroelectronics PDM2PCM 3.2.0
2026-08-03 02:41:22,527 [INFO] ThirdParty:841 - exiting critical section [change project]
2026-08-03 02:41:22,751 [INFO] PinOutPanel:1499 - setPackage(No Configuration,No Configuration)
2026-08-03 02:41:22,752 [INFO] PinOutPanel:1499 - setPackage(STM32F405RGTx,LQFP64)
2026-08-03 02:41:23,103 [INFO] UtilMem:75 - Before build in PCC Used Memory: 860540872 Bytes (1073741824)
2026-08-03 02:41:23,867 [INFO] UtilMem:75 - After build in PCC Used Memory: 927086576 Bytes (1073741824)
2026-08-03 02:41:23,902 [INFO] IPUIPlugin:80 - create IPUIPlugin
2026-08-03 02:41:23,902 [INFO] IPUIPlugin:80 - create IPUIPlugin
2026-08-03 02:41:23,902 [INFO] IPUIPlugin:80 - create IPUIPlugin
2026-08-03 02:41:23,902 [INFO] IPUIPlugin:80 - create IPUIPlugin
2026-08-03 02:41:23,903 [INFO] IPUIPlugin:80 - create IPUIPlugin
2026-08-03 02:41:23,903 [INFO] IPUIPlugin:80 - create IPUIPlugin
2026-08-03 02:41:23,903 [INFO] IPUIPlugin:80 - create IPUIPlugin
2026-08-03 02:41:23,903 [INFO] IPUIPlugin:80 - create IPUIPlugin
2026-08-03 02:41:23,903 [INFO] IPUIPlugin:80 - create IPUIPlugin
2026-08-03 02:41:23,903 [INFO] IPUIPlugin:80 - create IPUIPlugin
2026-08-03 02:41:23,903 [INFO] IPUIPlugin:80 - create IPUIPlugin
2026-08-03 02:41:23,903 [INFO] IPUIPlugin:80 - create IPUIPlugin
2026-08-03 02:41:23,904 [INFO] IPUIPlugin:80 - create IPUIPlugin
2026-08-03 02:41:23,904 [INFO] IPUIPlugin:80 - create IPUIPlugin
2026-08-03 02:41:23,904 [INFO] IPUIPlugin:80 - create IPUIPlugin
2026-08-03 02:41:23,904 [INFO] IPUIPlugin:80 - create IPUIPlugin
2026-08-03 02:41:23,904 [INFO] IPUIPlugin:80 - create IPUIPlugin
2026-08-03 02:41:23,904 [INFO] IPUIPlugin:80 - create IPUIPlugin
2026-08-03 02:41:23,904 [INFO] IPUIPlugin:80 - create IPUIPlugin
2026-08-03 02:41:23,904 [INFO] IPUIPlugin:80 - create IPUIPlugin
2026-08-03 02:41:23,905 [INFO] IPUIPlugin:80 - create IPUIPlugin
2026-08-03 02:41:23,905 [INFO] IPUIPlugin:80 - create IPUIPlugin
2026-08-03 02:41:23,905 [INFO] IPUIPlugin:80 - create IPUIPlugin
2026-08-03 02:41:23,905 [INFO] IPUIPlugin:80 - create IPUIPlugin
2026-08-03 02:41:23,906 [INFO] IPUIPlugin:80 - create IPUIPlugin
2026-08-03 02:41:23,906 [INFO] IPUIPlugin:80 - create IPUIPlugin
2026-08-03 02:41:23,906 [INFO] IPUIPlugin:80 - create IPUIPlugin
2026-08-03 02:41:23,906 [INFO] IPUIPlugin:80 - create IPUIPlugin
2026-08-03 02:41:23,906 [INFO] IPUIPlugin:80 - create IPUIPlugin
2026-08-03 02:41:23,907 [INFO] IPUIPlugin:80 - create IPUIPlugin
2026-08-03 02:41:23,907 [INFO] IPUIPlugin:80 - create IPUIPlugin
2026-08-03 02:41:23,907 [INFO] IPUIPlugin:80 - create IPUIPlugin
2026-08-03 02:41:23,907 [INFO] IPUIPlugin:80 - create IPUIPlugin
2026-08-03 02:41:23,908 [INFO] IPUIPlugin:80 - create IPUIPlugin
2026-08-03 02:41:23,908 [INFO] IPUIPlugin:80 - create IPUIPlugin
2026-08-03 02:41:23,908 [INFO] IPUIPlugin:80 - create IPUIPlugin
2026-08-03 02:41:23,908 [INFO] IPUIPlugin:80 - create IPUIPlugin
2026-08-03 02:41:23,909 [INFO] IPUIPlugin:80 - create IPUIPlugin
2026-08-03 02:41:23,909 [INFO] IPUIPlugin:80 - create IPUIPlugin
2026-08-03 02:41:23,909 [INFO] IPUIPlugin:80 - create IPUIPlugin
2026-08-03 02:41:23,909 [INFO] IPUIPlugin:80 - create IPUIPlugin
2026-08-03 02:41:23,910 [INFO] IPUIPlugin:80 - create IPUIPlugin
2026-08-03 02:41:23,910 [INFO] IPUIPlugin:80 - create IPUIPlugin
2026-08-03 02:41:23,910 [INFO] IPUIPlugin:80 - create IPUIPlugin
2026-08-03 02:41:23,910 [INFO] IPUIPlugin:80 - create IPUIPlugin
2026-08-03 02:41:23,911 [INFO] IPUIPlugin:80 - create IPUIPlugin
2026-08-03 02:41:23,911 [INFO] IPUIPlugin:80 - create IPUIPlugin
2026-08-03 02:41:23,911 [INFO] IPUIPlugin:80 - create IPUIPlugin
2026-08-03 02:41:23,911 [INFO] IPUIPlugin:80 - create IPUIPlugin
2026-08-03 02:41:23,911 [INFO] IPUIPlugin:80 - create IPUIPlugin
2026-08-03 02:41:23,911 [INFO] IPUIPlugin:80 - create IPUIPlugin
2026-08-03 02:41:23,912 [INFO] IPUIPlugin:80 - create IPUIPlugin
2026-08-03 02:41:23,912 [INFO] IPUIPlugin:80 - create IPUIPlugin
2026-08-03 02:41:23,912 [INFO] IPUIPlugin:80 - create IPUIPlugin
2026-08-03 02:41:24,001 [INFO] ApiDbMcu:507 - Load IP Config File for PDM2PCM
2026-08-03 02:41:24,183 [INFO] CADModel:165 - CPN selected for project levelSTM32F405RGT6
2026-08-03 02:41:24,183 [INFO] CADModel:114 - Register for checkConnection events
2026-08-03 02:41:24,228 [INFO] OpenFileManager:328 - Restore cursor
2026-08-03 02:41:24,832 [INFO] UtilMem:75 - End SaveConfig() Used Memory: 810521728 Bytes (1073741824)
2026-08-03 02:41:24,892 [INFO] UtilMem:75 - End SaveConfig() Used Memory: 832537120 Bytes (1073741824)
2026-08-03 02:41:25,281 [INFO] BlockDiagram:2759 - set Specific Code input for plugin: RCC
2026-08-03 02:41:25,281 [INFO] BlockDiagram:2759 - set Specific Code input for plugin: NVIC
2026-08-03 02:41:25,282 [INFO] CodeGenerator:799 - code generatio: config db path: C:\ST\STM32CubeIDE_1.13.1\STM32CubeIDE\plugins\com.st.stm32cube.common.mx_6.9.1.202307191849\\db\
2026-08-03 02:41:25,564 [INFO] CodeEngine:255 - oldGeneratedFile, C:\Users\Admin\Documents\GitHub\Drone-RTOS\Source\008HMC5883L\MXTmpFiles\license.tmp_save
2026-08-03 02:41:25,881 [INFO] CodeEngine:279 - Generated code: C:\Users\Admin\Documents\GitHub\Drone-RTOS\Source\008HMC5883L\MXTmpFiles\license.tmp
2026-08-03 02:41:25,901 [INFO] CodeEngine:255 - oldGeneratedFile, C:\Users\Admin\Documents\GitHub\Drone-RTOS\Source\008HMC5883L\Core\Src\stm32f4xx_it.c_save
2026-08-03 02:41:26,050 [INFO] CodeEngine:279 - Generated code: C:\Users\Admin\Documents\GitHub\Drone-RTOS\Source\008HMC5883L\Core\Src\stm32f4xx_it.c
2026-08-03 02:41:26,053 [INFO] CodeEngine:255 - oldGeneratedFile, C:\Users\Admin\Documents\GitHub\Drone-RTOS\Source\008HMC5883L\Core\Inc\stm32f4xx_it.h_save
2026-08-03 02:41:26,123 [INFO] CodeEngine:279 - Generated code: C:\Users\Admin\Documents\GitHub\Drone-RTOS\Source\008HMC5883L\Core\Inc\stm32f4xx_it.h
2026-08-03 02:41:26,185 [INFO] CodeEngine:255 - oldGeneratedFile, C:\Users\Admin\Documents\GitHub\Drone-RTOS\Source\008HMC5883L\Core\Src\stm32f4xx_hal_msp.c_save
2026-08-03 02:41:26,295 [INFO] CodeEngine:279 - Generated code: C:\Users\Admin\Documents\GitHub\Drone-RTOS\Source\008HMC5883L\Core\Src\stm32f4xx_hal_msp.c
2026-08-03 02:41:26,300 [INFO] CodeEngine:255 - oldGeneratedFile, C:\Users\Admin\Documents\GitHub\Drone-RTOS\Source\008HMC5883L\MXTmpFiles\system.tmp_save
2026-08-03 02:41:26,406 [INFO] CodeEngine:279 - Generated code: C:\Users\Admin\Documents\GitHub\Drone-RTOS\Source\008HMC5883L\MXTmpFiles\system.tmp
2026-08-03 02:41:26,417 [INFO] CodeEngine:311 - oldGeneratedFile, C:\Users\Admin\Documents\GitHub\Drone-RTOS\Source\008HMC5883L\Core\Inc\stm32f4xx_hal_conf.h_save
2026-08-03 02:41:26,500 [INFO] CodeEngine:335 - Generated code: C:\Users\Admin\Documents\GitHub\Drone-RTOS\Source\008HMC5883L\Core\Inc\stm32f4xx_hal_conf.h
2026-08-03 02:41:26,546 [INFO] CodeEngine:255 - oldGeneratedFile, C:\Users\Admin\Documents\GitHub\Drone-RTOS\Source\008HMC5883L\Core\Inc\main.h_save
2026-08-03 02:41:26,636 [INFO] CodeEngine:279 - Generated code: C:\Users\Admin\Documents\GitHub\Drone-RTOS\Source\008HMC5883L\Core\Inc\main.h
2026-08-03 02:41:26,641 [INFO] CodeEngine:255 - oldGeneratedFile, C:\Users\Admin\Documents\GitHub\Drone-RTOS\Source\008HMC5883L\Core\Src\main.c_save
2026-08-03 02:41:26,778 [INFO] CodeEngine:279 - Generated code: C:\Users\Admin\Documents\GitHub\Drone-RTOS\Source\008HMC5883L\Core\Src\main.c
2026-08-03 02:41:27,204 [INFO] ProjectBuilder:3064 - Time for Copy HAL[1] : 127mS.
2026-08-03 02:41:27,210 [INFO] ProjectBuilder:4404 - Project Generator version: 4.1.0
2026-08-03 02:41:27,408 [INFO] ConfigFileManager:1457 - The Die is : DIE413
2026-08-03 02:41:27,417 [INFO] ApiDbMcu:507 - Load IP Config File for FATFS
2026-08-03 02:41:27,424 [INFO] ApiDbMcu:507 - Load IP Config File for FREERTOS
2026-08-03 02:41:27,427 [INFO] ApiDbMcu:507 - Load IP Config File for LIBJPEG
2026-08-03 02:41:27,433 [INFO] ApiDbMcu:507 - Load IP Config File for MBEDTLS
2026-08-03 02:41:27,441 [INFO] ApiDbMcu:507 - Load IP Config File for USB_DEVICE
2026-08-03 02:41:27,445 [INFO] ApiDbMcu:507 - Load IP Config File for USB_HOST
2026-08-03 02:41:28,224 [INFO] LogOutputStream:77 - [STDOUT_REDIRECT] 
2026-08-03 02:41:29,318 [INFO] ProjectBuilder:4626 - Time for Generating toolchain IDE Files: 2107mS.
2026-08-03 02:41:29,319 [INFO] ProjectBuilder:2935 - Time for Copy CMSIS : 1mS.
2026-08-03 02:41:29,321 [INFO] ProjectBuilder:2935 - Time for Copy CMSIS : 0mS.
2026-08-03 02:41:30,266 [INFO] McuFinderGlobals:76 - Set McuFinderConnectedMode to true
2026-08-03 02:41:30,271 [INFO] ApiDb:448 - Save user favorites file C:\Users\Admin/.stm32cubeide/favorites.mcus.txt: 4 item(s)
2026-08-03 02:41:30,271 [INFO] ApiDb:452 - User favorites MCUs=[STM32F103C8T6, STM32F405RGT6, STM32F411CEU6, STM32H523CET6]
2026-08-03 02:41:54,741 [WARN] IP:2114 - I2C_Coeff_DF not found: check if there is a RefParameter without a condition.
2026-08-03 02:41:54,741 [WARN] IP:2114 - Analog_Filter not found: check if there is a RefParameter without a condition.
2026-08-03 02:41:54,759 [WARN] IP:2114 - I2C_Coeff_DF not found: check if there is a RefParameter without a condition.
2026-08-03 02:41:54,760 [WARN] IP:2114 - Analog_Filter not found: check if there is a RefParameter without a condition.
2026-08-03 02:41:54,760 [WARN] IP:2114 - I2C_Coeff_DF not found: check if there is a RefParameter without a condition.
2026-08-03 02:41:54,760 [WARN] IP:2114 - Analog_Filter not found: check if there is a RefParameter without a condition.
2026-08-03 02:41:54,897 [WARN] IP:2114 - I2C_Coeff_DF not found: check if there is a RefParameter without a condition.
2026-08-03 02:41:54,897 [WARN] IP:2114 - Analog_Filter not found: check if there is a RefParameter without a condition.
2026-08-03 02:41:54,900 [WARN] IP:2114 - I2C_Coeff_DF not found: check if there is a RefParameter without a condition.
2026-08-03 02:41:54,900 [WARN] IP:2114 - Analog_Filter not found: check if there is a RefParameter without a condition.
2026-08-03 02:42:22,427 [WARN] IP:2114 - I2C_Coeff_DF not found: check if there is a RefParameter without a condition.
2026-08-03 02:42:22,427 [WARN] IP:2114 - Analog_Filter not found: check if there is a RefParameter without a condition.
2026-08-03 02:42:22,428 [WARN] IP:2114 - I2C_Coeff_DF not found: check if there is a RefParameter without a condition.
2026-08-03 02:42:22,428 [WARN] IP:2114 - Analog_Filter not found: check if there is a RefParameter without a condition.
2026-08-03 02:42:24,445 [WARN] IP:2114 - I2C_Coeff_DF not found: check if there is a RefParameter without a condition.
2026-08-03 02:42:24,445 [WARN] IP:2114 - Analog_Filter not found: check if there is a RefParameter without a condition.
2026-08-03 02:42:24,445 [WARN] IP:2114 - I2C_Coeff_DF not found: check if there is a RefParameter without a condition.
2026-08-03 02:42:24,445 [WARN] IP:2114 - Analog_Filter not found: check if there is a RefParameter without a condition.
2026-08-03 02:42:28,676 [WARN] IP:2114 - I2C_Coeff_DF not found: check if there is a RefParameter without a condition.
2026-08-03 02:42:28,676 [WARN] IP:2114 - Analog_Filter not found: check if there is a RefParameter without a condition.
2026-08-03 02:42:28,676 [WARN] IP:2114 - I2C_Coeff_DF not found: check if there is a RefParameter without a condition.
2026-08-03 02:42:28,676 [WARN] IP:2114 - Analog_Filter not found: check if there is a RefParameter without a condition.
2026-08-03 02:42:32,636 [WARN] IP:2114 - I2C_Coeff_DF not found: check if there is a RefParameter without a condition.
2026-08-03 02:42:32,636 [WARN] IP:2114 - Analog_Filter not found: check if there is a RefParameter without a condition.
2026-08-03 02:42:32,636 [WARN] IP:2114 - I2C_Coeff_DF not found: check if there is a RefParameter without a condition.
2026-08-03 02:42:32,636 [WARN] IP:2114 - Analog_Filter not found: check if there is a RefParameter without a condition.
2026-08-03 02:42:32,784 [WARN] IP:2114 - I2C_Coeff_DF not found: check if there is a RefParameter without a condition.
2026-08-03 02:42:32,784 [WARN] IP:2114 - Analog_Filter not found: check if there is a RefParameter without a condition.
2026-08-03 02:42:32,785 [WARN] IP:2114 - I2C_Coeff_DF not found: check if there is a RefParameter without a condition.
2026-08-03 02:42:32,785 [WARN] IP:2114 - Analog_Filter not found: check if there is a RefParameter without a condition.
2026-08-03 02:42:32,909 [WARN] IP:2114 - I2C_Coeff_DF not found: check if there is a RefParameter without a condition.
2026-08-03 02:42:32,909 [WARN] IP:2114 - Analog_Filter not found: check if there is a RefParameter without a condition.
2026-08-03 02:42:32,909 [WARN] IP:2114 - I2C_Coeff_DF not found: check if there is a RefParameter without a condition.
2026-08-03 02:42:32,909 [WARN] IP:2114 - Analog_Filter not found: check if there is a RefParameter without a condition.
2026-08-03 02:42:33,946 [INFO] UtilMem:75 - End SaveConfig() Used Memory: 835888656 Bytes (1073741824)
2026-08-03 02:42:39,648 [INFO] UtilMem:75 - End SaveConfig() Used Memory: 790739896 Bytes (1073741824)
2026-08-03 02:42:39,814 [INFO] BlockDiagram:2759 - set Specific Code input for plugin: SYS
2026-08-03 02:42:39,814 [INFO] BlockDiagram:2759 - set Specific Code input for plugin: RCC
2026-08-03 02:42:39,814 [INFO] BlockDiagram:2759 - set Specific Code input for plugin: I2C
2026-08-03 02:42:39,814 [INFO] BlockDiagram:2759 - set Specific Code input for plugin: NVIC
2026-08-03 02:42:39,814 [INFO] BlockDiagram:2759 - set Specific Code input for plugin: GPIO
2026-08-03 02:42:39,815 [INFO] CodeGenerator:799 - code generatio: config db path: C:\ST\STM32CubeIDE_1.13.1\STM32CubeIDE\plugins\com.st.stm32cube.common.mx_6.9.1.202307191849\\db\
2026-08-03 02:42:39,816 [WARN] IP:2114 - I2C_Coeff_DF not found: check if there is a RefParameter without a condition.
2026-08-03 02:42:39,816 [WARN] IP:2114 - Analog_Filter not found: check if there is a RefParameter without a condition.
2026-08-03 02:42:39,923 [INFO] CodeEngine:255 - oldGeneratedFile, C:\Users\Admin\Documents\GitHub\Drone-RTOS\Source\008HMC5883L\MXTmpFiles\license.tmp_save
2026-08-03 02:42:40,048 [INFO] CodeEngine:279 - Generated code: C:\Users\Admin\Documents\GitHub\Drone-RTOS\Source\008HMC5883L\MXTmpFiles\license.tmp
2026-08-03 02:42:40,080 [INFO] CodeEngine:255 - oldGeneratedFile, C:\Users\Admin\Documents\GitHub\Drone-RTOS\Source\008HMC5883L\MXTmpFiles\gpio.tmp_save
2026-08-03 02:42:40,168 [INFO] CodeEngine:279 - Generated code: C:\Users\Admin\Documents\GitHub\Drone-RTOS\Source\008HMC5883L\MXTmpFiles\gpio.tmp
2026-08-03 02:42:40,231 [INFO] CodeEngine:255 - oldGeneratedFile, C:\Users\Admin\Documents\GitHub\Drone-RTOS\Source\008HMC5883L\Core\Src\stm32f4xx_it.c_save
2026-08-03 02:42:40,489 [INFO] CodeEngine:279 - Generated code: C:\Users\Admin\Documents\GitHub\Drone-RTOS\Source\008HMC5883L\Core\Src\stm32f4xx_it.c
2026-08-03 02:42:40,495 [INFO] CodeEngine:255 - oldGeneratedFile, C:\Users\Admin\Documents\GitHub\Drone-RTOS\Source\008HMC5883L\Core\Inc\stm32f4xx_it.h_save
2026-08-03 02:42:40,551 [INFO] CodeEngine:279 - Generated code: C:\Users\Admin\Documents\GitHub\Drone-RTOS\Source\008HMC5883L\Core\Inc\stm32f4xx_it.h
2026-08-03 02:42:40,559 [INFO] CodeEngine:255 - oldGeneratedFile, C:\Users\Admin\Documents\GitHub\Drone-RTOS\Source\008HMC5883L\Core\Src\stm32f4xx_hal_msp.c_save
2026-08-03 02:42:40,639 [INFO] CodeEngine:279 - Generated code: C:\Users\Admin\Documents\GitHub\Drone-RTOS\Source\008HMC5883L\Core\Src\stm32f4xx_hal_msp.c
2026-08-03 02:42:40,643 [INFO] CodeEngine:255 - oldGeneratedFile, C:\Users\Admin\Documents\GitHub\Drone-RTOS\Source\008HMC5883L\MXTmpFiles\system.tmp_save
2026-08-03 02:42:40,688 [INFO] CodeEngine:279 - Generated code: C:\Users\Admin\Documents\GitHub\Drone-RTOS\Source\008HMC5883L\MXTmpFiles\system.tmp
2026-08-03 02:42:40,695 [INFO] CodeEngine:311 - oldGeneratedFile, C:\Users\Admin\Documents\GitHub\Drone-RTOS\Source\008HMC5883L\Core\Inc\stm32f4xx_hal_conf.h_save
2026-08-03 02:42:40,748 [INFO] CodeEngine:335 - Generated code: C:\Users\Admin\Documents\GitHub\Drone-RTOS\Source\008HMC5883L\Core\Inc\stm32f4xx_hal_conf.h
2026-08-03 02:42:40,764 [INFO] CodeEngine:255 - oldGeneratedFile, C:\Users\Admin\Documents\GitHub\Drone-RTOS\Source\008HMC5883L\Core\Inc\main.h_save
2026-08-03 02:42:40,826 [INFO] CodeEngine:279 - Generated code: C:\Users\Admin\Documents\GitHub\Drone-RTOS\Source\008HMC5883L\Core\Inc\main.h
2026-08-03 02:42:40,830 [INFO] CodeEngine:255 - oldGeneratedFile, C:\Users\Admin\Documents\GitHub\Drone-RTOS\Source\008HMC5883L\Core\Src\main.c_save
2026-08-03 02:42:40,910 [INFO] CodeEngine:279 - Generated code: C:\Users\Admin\Documents\GitHub\Drone-RTOS\Source\008HMC5883L\Core\Src\main.c
2026-08-03 02:42:41,391 [INFO] ProjectBuilder:3064 - Time for Copy HAL[1] : 126mS.
2026-08-03 02:42:41,394 [INFO] ProjectBuilder:4404 - Project Generator version: 4.1.0
2026-08-03 02:42:41,567 [INFO] ConfigFileManager:1457 - The Die is : DIE413
2026-08-03 02:42:42,728 [INFO] ProjectBuilder:4626 - Time for Generating toolchain IDE Files: 1334mS.
2026-08-03 02:42:42,729 [INFO] ProjectBuilder:2935 - Time for Copy CMSIS : 1mS.
2026-08-03 02:42:42,731 [INFO] ProjectBuilder:2935 - Time for Copy CMSIS : 0mS.
2026-08-03 06:34:53,759 [ERROR] LogOutputStream:75 - [STDERR_REDIRECT] 
2026-08-03 07:58:18,618 [INFO] Activator:176 - 


2026-08-03 07:58:18,620 [INFO] Activator:177 - !SESSION log4j initialized
2026-08-03 07:58:22,848 [INFO] LogOutputStream:77 - [STDOUT_REDIRECT] 
2026-08-03 07:58:23,921 [INFO] ApplicationProperties:184 - Using Application install path: C:\ST\STM32CubeIDE_1.13.1\STM32CubeIDE\plugins\com.st.stm32cube.common.mx_6.9.1.202307191849
2026-08-03 07:58:23,937 [INFO] DbMcusXml:78 - Set database path to: C:\ST\STM32CubeIDE_1.13.1\STM32CubeIDE\plugins\com.st.stm32cube.common.mx_6.9.1.202307191849\\db\/mcu/
2026-08-03 07:58:23,937 [INFO] ApiDb:274 - Set plugin database path to: C:\ST\STM32CubeIDE_1.13.1\STM32CubeIDE\plugins\com.st.stm32cube.common.mx_6.9.1.202307191849\\db\/plugins/boardmanager/
2026-08-03 07:58:23,938 [WARN] ApiDb:259 - Overriding images path with different value:  => C:\ST\STM32CubeIDE_1.13.1\STM32CubeIDE\plugins\com.st.stm32cube.common.mx_6.9.1.202307191849\\db\/plugins/mcufinder/images/
2026-08-03 07:58:23,949 [INFO] ApiDb:250 - Set database path to: C:\Users\Admin\.stmcufinder\plugins\mcufinder//mcu/
2026-08-03 07:58:23,950 [INFO] DbMcusAds:125 - Set database path to: C:\Users\Admin\.stmcufinder\plugins\mcufinder//mcu/
2026-08-03 07:58:23,952 [INFO] CrossReferenceDbSqlite:203 - Set database path to: C:\Users\Admin\.stmcufinder\plugins\mcufinder//mcu/cs/
2026-08-03 07:58:24,032 [INFO] RulesReader:64 - Compatibility file has been processed (293 Rules)
2026-08-03 07:58:24,097 [INFO] DbMcusXml:78 - Set database path to: C:\ST\STM32CubeIDE_1.13.1\STM32CubeIDE\plugins\com.st.stm32cube.common.mx_6.9.1.202307191849\\db\/mcu/
2026-08-03 07:58:24,097 [INFO] ApiDb:274 - Set plugin database path to: C:\ST\STM32CubeIDE_1.13.1\STM32CubeIDE\plugins\com.st.stm32cube.common.mx_6.9.1.202307191849\\db\/plugins/boardmanager/
2026-08-03 07:58:24,098 [INFO] ApiDb:261 - Set plugin images path to: C:\ST\STM32CubeIDE_1.13.1\STM32CubeIDE\plugins\com.st.stm32cube.common.mx_6.9.1.202307191849\\db\/plugins/mcufinder/images/
2026-08-03 07:58:24,098 [WARN] DbFile:41 - Overriding database path with different value: C:\Users\Admin\.stmcufinder\plugins\mcufinder/ => C:\Users\Admin\.stmcufinder\plugins\mcufinder
2026-08-03 07:58:24,098 [INFO] ApiDb:250 - Set database path to: C:\Users\Admin\.stmcufinder\plugins\mcufinder//mcu/
2026-08-03 07:58:24,098 [WARN] DbFile:41 - Overriding database path with different value: C:\Users\Admin\.stmcufinder\plugins\mcufinder/ => C:\Users\Admin\.stmcufinder\plugins\mcufinder
2026-08-03 07:58:24,098 [INFO] DbMcusAds:125 - Set database path to: C:\Users\Admin\.stmcufinder\plugins\mcufinder//mcu/
2026-08-03 07:58:24,098 [WARN] DbFile:41 - Overriding database path with different value: C:\Users\Admin\.stmcufinder\plugins\mcufinder/ => C:\Users\Admin\.stmcufinder\plugins\mcufinder
2026-08-03 07:58:24,098 [WARN] DbFile:41 - Overriding database path with different value: C:\Users\Admin\.stmcufinder\plugins\mcufinder/ => C:\Users\Admin\.stmcufinder\plugins\mcufinder
2026-08-03 07:58:24,098 [INFO] CrossReferenceDbSqlite:203 - Set database path to: C:\Users\Admin\.stmcufinder\plugins\mcufinder//mcu/cs/
2026-08-03 07:58:24,165 [INFO] MainPanel:262 - HeapMemory: 268435456
2026-08-03 07:58:24,241 [INFO] DbMcusXml:78 - Set database path to: C:\ST\STM32CubeIDE_1.13.1\STM32CubeIDE\plugins\com.st.stm32cube.common.mx_6.9.1.202307191849\\db\/mcu/
2026-08-03 07:58:24,241 [INFO] ApiDb:274 - Set plugin database path to: C:\ST\STM32CubeIDE_1.13.1\STM32CubeIDE\plugins\com.st.stm32cube.common.mx_6.9.1.202307191849\\db\/plugins/boardmanager/
2026-08-03 07:58:24,241 [INFO] ApiDb:261 - Set plugin images path to: C:\ST\STM32CubeIDE_1.13.1\STM32CubeIDE\plugins\com.st.stm32cube.common.mx_6.9.1.202307191849\\db\/plugins/mcufinder/images/
2026-08-03 07:58:24,242 [WARN] DbFile:41 - Overriding database path with different value: C:\Users\Admin\.stmcufinder\plugins\mcufinder/ => C:\Users\Admin\.stmcufinder\plugins\mcufinder
2026-08-03 07:58:24,242 [INFO] ApiDb:250 - Set database path to: C:\Users\Admin\.stmcufinder\plugins\mcufinder//mcu/
2026-08-03 07:58:24,242 [WARN] DbFile:41 - Overriding database path with different value: C:\Users\Admin\.stmcufinder\plugins\mcufinder/ => C:\Users\Admin\.stmcufinder\plugins\mcufinder
2026-08-03 07:58:24,242 [INFO] DbMcusAds:125 - Set database path to: C:\Users\Admin\.stmcufinder\plugins\mcufinder//mcu/
2026-08-03 07:58:24,242 [WARN] DbFile:41 - Overriding database path with different value: C:\Users\Admin\.stmcufinder\plugins\mcufinder/ => C:\Users\Admin\.stmcufinder\plugins\mcufinder
2026-08-03 07:58:24,242 [WARN] DbFile:41 - Overriding database path with different value: C:\Users\Admin\.stmcufinder\plugins\mcufinder/ => C:\Users\Admin\.stmcufinder\plugins\mcufinder
2026-08-03 07:58:24,242 [INFO] CrossReferenceDbSqlite:203 - Set database path to: C:\Users\Admin\.stmcufinder\plugins\mcufinder//mcu/cs/
2026-08-03 07:58:24,257 [INFO] ApplicationProperties:184 - Using Application install path: C:\ST\STM32CubeIDE_1.13.1\STM32CubeIDE\plugins\com.st.stm32cube.common.mx_6.9.1.202307191849
2026-08-03 07:58:24,258 [INFO] PluginManage:196 - Search for loadable plugins [exclusion list=, ]
2026-08-03 07:58:24,260 [INFO] PluginManage:310 - Check plugin analytics
2026-08-03 07:58:24,367 [INFO] AnalyticsPlugin:253 - Accepted Software Licenses: STM32CubeMX.6.18.0
2026-08-03 07:58:24,368 [INFO] AnalyticsPlugin:255 - Accepted CMSIS Pack Licenses: 
2026-08-03 07:58:24,368 [INFO] AnalyticsPlugin:257 - Accepted Firmware Licenses: FW.F4.1.27.0,FW.F4.1.28.0,FW.F4.1.28.3
2026-08-03 07:58:24,370 [INFO] PluginManage:359 - Loaded plugin analytics (category:tool,tabindex:-1)
2026-08-03 07:58:24,371 [INFO] PluginManage:310 - Check plugin cadmodel
2026-08-03 07:58:24,375 [INFO] CADModel:105 - Init CAD model plugin
2026-08-03 07:58:24,376 [INFO] PluginManage:359 - Loaded plugin cadmodel (category:power,tabindex:5)
2026-08-03 07:58:24,376 [INFO] PluginManage:310 - Check plugin clock
2026-08-03 07:58:24,385 [INFO] PluginManage:359 - Loaded plugin clock (category:base,tabindex:2)
2026-08-03 07:58:24,385 [INFO] PluginManage:310 - Check plugin ddr
2026-08-03 07:58:24,387 [INFO] PluginManage:359 - Loaded plugin ddr (category:tool,tabindex:6)
2026-08-03 07:58:24,387 [INFO] PluginManage:310 - Check plugin filemanager
2026-08-03 07:58:24,492 [INFO] PluginManage:359 - Loaded plugin filemanager (category:base,tabindex:10)
2026-08-03 07:58:24,493 [INFO] PluginManage:310 - Check plugin ipmanager
2026-08-03 07:58:24,498 [INFO] PluginManage:359 - Loaded plugin ipmanager (category:base,tabindex:5)
2026-08-03 07:58:24,498 [INFO] PluginManage:310 - Check plugin lpbam
2026-08-03 07:58:24,505 [INFO] PluginManage:359 - Loaded plugin lpbam (category:base,tabindex:0)
2026-08-03 07:58:24,505 [INFO] PluginManage:310 - Check plugin memorymap
2026-08-03 07:58:24,517 [INFO] PluginManage:359 - Loaded plugin memorymap (category:base,tabindex:4)
2026-08-03 07:58:24,517 [INFO] PluginManage:310 - Check plugin pinoutandconfiguration
2026-08-03 07:58:24,523 [INFO] PluginManage:359 - Loaded plugin pinoutandconfiguration (category:base,tabindex:1)
2026-08-03 07:58:24,523 [INFO] PluginManage:310 - Check plugin pinoutconfig
2026-08-03 07:58:24,592 [WARN] SupportedApi:132 - Cannot load RTOS API schema: s4s-elt-must-match.1: The content of 'definitions' must match (annotation?, (simpleType | complexType)?, (unique | key | keyref)*)). A problem was found starting at: attribute.
2026-08-03 07:58:24,698 [INFO] PluginManage:359 - Loaded plugin pinoutconfig (category:base,tabindex:0)
2026-08-03 07:58:24,698 [INFO] PluginManage:310 - Check plugin power
2026-08-03 07:58:24,708 [INFO] PluginManage:359 - Loaded plugin power (category:power,tabindex:4)
2026-08-03 07:58:24,708 [INFO] PluginManage:310 - Check plugin projectmanager
2026-08-03 07:58:24,719 [INFO] PluginManage:359 - Loaded plugin projectmanager (category:projectmanager,tabindex:3)
2026-08-03 07:58:24,719 [INFO] PluginManage:310 - Check plugin thirdparty
2026-08-03 07:58:24,817 [INFO] PluginManage:359 - Loaded plugin thirdparty (category:base,tabindex:-1)
2026-08-03 07:58:24,817 [WARN] IntegrityCheckThread:84 - waiting for thirdparty lock release [integrity check]
2026-08-03 07:58:24,817 [INFO] PluginManage:310 - Check plugin tools
2026-08-03 07:58:24,817 [INFO] IntegrityCheckThread:86 - entering critical section [integrity check]
2026-08-03 07:58:24,818 [INFO] ThirdPartyUpdaterWithRetryManager:70 - Updater plugin not ready yet. [1/15]
2026-08-03 07:58:24,820 [INFO] PluginManage:359 - Loaded plugin tools (category:base,tabindex:7)
2026-08-03 07:58:24,820 [INFO] PluginManage:310 - Check plugin tutovideos
2026-08-03 07:58:24,964 [INFO] PluginManage:359 - Loaded plugin tutovideos (category:base,tabindex:-1)
2026-08-03 07:58:24,965 [INFO] PluginManage:310 - Check plugin updater
2026-08-03 07:58:24,975 [INFO] PluginManage:359 - Loaded plugin updater (category:base,tabindex:12)
2026-08-03 07:58:24,975 [INFO] PluginManage:310 - Check plugin userauth
2026-08-03 07:58:24,980 [INFO] UserAuth:113 - Init User Auth plugin
2026-08-03 07:58:24,980 [INFO] PluginManage:359 - Loaded plugin userauth (category:base,tabindex:14)
2026-08-03 07:58:24,980 [INFO] PluginManage:283 - PluginManage : Loaded plugins [17]
2026-08-03 07:58:25,144 [INFO] PinOutPanel:1499 - setPackage(No Configuration,No Configuration)
2026-08-03 07:58:25,219 [INFO] CADModel:165 - CPN selected for project level
2026-08-03 07:58:25,219 [INFO] CADModel:114 - Register for checkConnection events
2026-08-03 07:58:25,234 [INFO] IPUIPlugin:80 - create IPUIPlugin
2026-08-03 07:58:25,234 [INFO] PluginManager:220 - loadIPPluginJar : add adc
2026-08-03 07:58:25,237 [INFO] IPUIPlugin:80 - create IPUIPlugin
2026-08-03 07:58:25,237 [INFO] PluginManager:220 - loadIPPluginJar : add aes
2026-08-03 07:58:25,239 [INFO] IPUIPlugin:80 - create IPUIPlugin
2026-08-03 07:58:25,239 [INFO] PluginManager:220 - loadIPPluginJar : add can
2026-08-03 07:58:25,241 [INFO] IPUIPlugin:80 - create IPUIPlugin
2026-08-03 07:58:25,241 [INFO] PluginManager:220 - loadIPPluginJar : add comp
2026-08-03 07:58:25,243 [INFO] IPUIPlugin:80 - create IPUIPlugin
2026-08-03 07:58:25,243 [INFO] PluginManager:220 - loadIPPluginJar : add cryp
2026-08-03 07:58:25,245 [INFO] IPUIPlugin:80 - create IPUIPlugin
2026-08-03 07:58:25,245 [INFO] PluginManager:220 - loadIPPluginJar : add dfsdm
2026-08-03 07:58:25,249 [INFO] IPUIPlugin:80 - create IPUIPlugin
2026-08-03 07:58:25,250 [INFO] PluginManager:220 - loadIPPluginJar : add dma
2026-08-03 07:58:25,252 [INFO] IPUIPlugin:80 - create IPUIPlugin
2026-08-03 07:58:25,252 [INFO] PluginManager:220 - loadIPPluginJar : add dma3
2026-08-03 07:58:25,253 [INFO] IPUIPlugin:80 - create IPUIPlugin
2026-08-03 07:58:25,253 [INFO] PluginManager:220 - loadIPPluginJar : add fatfs
2026-08-03 07:58:25,257 [INFO] IPUIPlugin:80 - create IPUIPlugin
2026-08-03 07:58:25,257 [INFO] PluginManager:220 - loadIPPluginJar : add fmc
2026-08-03 07:58:25,261 [INFO] IPUIPlugin:80 - create IPUIPlugin
2026-08-03 07:58:25,261 [INFO] PluginManager:220 - loadIPPluginJar : add freertos
2026-08-03 07:58:25,263 [INFO] IPUIPlugin:80 - create IPUIPlugin
2026-08-03 07:58:25,263 [INFO] PluginManager:220 - loadIPPluginJar : add genericplugin
2026-08-03 07:58:25,264 [INFO] IPUIPlugin:80 - create IPUIPlugin
2026-08-03 07:58:25,265 [INFO] PluginManager:220 - loadIPPluginJar : add gfxmmu
2026-08-03 07:58:25,268 [INFO] IPUIPlugin:80 - create IPUIPlugin
2026-08-03 07:58:25,268 [INFO] PluginManager:220 - loadIPPluginJar : add gic
2026-08-03 07:58:25,271 [INFO] IPUIPlugin:80 - create IPUIPlugin
2026-08-03 07:58:25,271 [INFO] PluginManager:220 - loadIPPluginJar : add gpio
2026-08-03 07:58:25,274 [INFO] IPUIPlugin:80 - create IPUIPlugin
2026-08-03 07:58:25,274 [INFO] PluginManager:220 - loadIPPluginJar : add gtzc
2026-08-03 07:58:25,276 [INFO] IPUIPlugin:80 - create IPUIPlugin
2026-08-03 07:58:25,276 [INFO] PluginManager:220 - loadIPPluginJar : add hash
2026-08-03 07:58:25,278 [INFO] IPUIPlugin:80 - create IPUIPlugin
2026-08-03 07:58:25,278 [INFO] PluginManager:220 - loadIPPluginJar : add i2c
2026-08-03 07:58:25,279 [INFO] IPUIPlugin:80 - create IPUIPlugin
2026-08-03 07:58:25,279 [INFO] PluginManager:220 - loadIPPluginJar : add i2s
2026-08-03 07:58:25,281 [INFO] IPUIPlugin:80 - create IPUIPlugin
2026-08-03 07:58:25,281 [INFO] PluginManager:220 - loadIPPluginJar : add i3c
2026-08-03 07:58:25,283 [INFO] IPUIPlugin:80 - create IPUIPlugin
2026-08-03 07:58:25,283 [INFO] PluginManager:220 - loadIPPluginJar : add ipddr
2026-08-03 07:58:25,289 [INFO] IPUIPlugin:80 - create IPUIPlugin
2026-08-03 07:58:25,289 [INFO] PluginManager:220 - loadIPPluginJar : add linkedlist
2026-08-03 07:58:25,291 [INFO] IPUIPlugin:80 - create IPUIPlugin
2026-08-03 07:58:25,291 [INFO] PluginManager:220 - loadIPPluginJar : add lorawan
2026-08-03 07:58:25,292 [INFO] IPUIPlugin:80 - create IPUIPlugin
2026-08-03 07:58:25,292 [INFO] PluginManager:220 - loadIPPluginJar : add ltdc
2026-08-03 07:58:25,297 [INFO] IPUIPlugin:80 - create IPUIPlugin
2026-08-03 07:58:25,297 [INFO] PluginManager:220 - loadIPPluginJar : add mdma
2026-08-03 07:58:25,299 [INFO] IPUIPlugin:80 - create IPUIPlugin
2026-08-03 07:58:25,299 [INFO] PluginManager:220 - loadIPPluginJar : add nvic
2026-08-03 07:58:25,301 [INFO] IPUIPlugin:80 - create IPUIPlugin
2026-08-03 07:58:25,301 [INFO] PluginManager:220 - loadIPPluginJar : add opamp
2026-08-03 07:58:25,304 [INFO] IPUIPlugin:80 - create IPUIPlugin
2026-08-03 07:58:25,304 [INFO] PluginManager:220 - loadIPPluginJar : add openamp
2026-08-03 07:58:25,306 [INFO] IPUIPlugin:80 - create IPUIPlugin
2026-08-03 07:58:25,306 [INFO] PluginManager:220 - loadIPPluginJar : add pdm2pcm
2026-08-03 07:58:25,311 [INFO] IPUIPlugin:80 - create IPUIPlugin
2026-08-03 07:58:25,313 [INFO] PluginManager:220 - loadIPPluginJar : add plateformsettings
2026-08-03 07:58:25,313 [INFO] IPUIPlugin:80 - create IPUIPlugin
2026-08-03 07:58:25,313 [INFO] PluginManager:220 - loadIPPluginJar : add quadspi
2026-08-03 07:58:25,316 [INFO] IPUIPlugin:80 - create IPUIPlugin
2026-08-03 07:58:25,316 [INFO] PluginManager:220 - loadIPPluginJar : add resmgrutility
2026-08-03 07:58:25,318 [INFO] IPUIPlugin:80 - create IPUIPlugin
2026-08-03 07:58:25,318 [INFO] PluginManager:220 - loadIPPluginJar : add sai
2026-08-03 07:58:25,320 [INFO] IPUIPlugin:80 - create IPUIPlugin
2026-08-03 07:58:25,320 [INFO] PluginManager:220 - loadIPPluginJar : add spi
2026-08-03 07:58:25,323 [INFO] IPUIPlugin:80 - create IPUIPlugin
2026-08-03 07:58:25,323 [INFO] PluginManager:220 - loadIPPluginJar : add stm32_wpan
2026-08-03 07:58:25,325 [INFO] IPUIPlugin:80 - create IPUIPlugin
2026-08-03 07:58:25,325 [INFO] PluginManager:220 - loadIPPluginJar : add tim
2026-08-03 07:58:25,327 [INFO] IPUIPlugin:80 - create IPUIPlugin
2026-08-03 07:58:25,327 [INFO] PluginManager:220 - loadIPPluginJar : add touchsensing
2026-08-03 07:58:25,328 [INFO] IPUIPlugin:80 - create IPUIPlugin
2026-08-03 07:58:25,328 [INFO] PluginManager:220 - loadIPPluginJar : add tracer_emb
2026-08-03 07:58:25,329 [INFO] IPUIPlugin:80 - create IPUIPlugin
2026-08-03 07:58:25,329 [INFO] PluginManager:220 - loadIPPluginJar : add ts
2026-08-03 07:58:25,331 [INFO] IPUIPlugin:80 - create IPUIPlugin
2026-08-03 07:58:25,331 [INFO] PluginManager:220 - loadIPPluginJar : add tsc
2026-08-03 07:58:25,332 [INFO] IPUIPlugin:80 - create IPUIPlugin
2026-08-03 07:58:25,332 [INFO] PluginManager:220 - loadIPPluginJar : add ucpd
2026-08-03 07:58:25,334 [INFO] IPUIPlugin:80 - create IPUIPlugin
2026-08-03 07:58:25,334 [INFO] PluginManager:220 - loadIPPluginJar : add usart
2026-08-03 07:58:25,336 [INFO] IPUIPlugin:80 - create IPUIPlugin
2026-08-03 07:58:25,336 [INFO] PluginManager:220 - loadIPPluginJar : add usbx
2026-08-03 07:58:25,461 [INFO] CADModel:165 - CPN selected for project level
2026-08-03 07:58:25,461 [INFO] CADModel:114 - Register for checkConnection events
2026-08-03 07:58:25,461 [FATAL] Updater:308 - Updater called before beeing initialized
2026-08-03 07:58:25,461 [ERROR] CADModel:125 - Updater not yet initialized, retry later 
2026-08-03 07:58:25,575 [INFO] CADModel:165 - CPN selected for project level
2026-08-03 07:58:25,575 [INFO] CADModel:114 - Register for checkConnection events
2026-08-03 07:58:25,575 [FATAL] Updater:308 - Updater called before beeing initialized
2026-08-03 07:58:25,575 [ERROR] CADModel:125 - Updater not yet initialized, retry later 
2026-08-03 07:58:25,578 [FATAL] Updater:308 - Updater called before beeing initialized
2026-08-03 07:58:25,658 [FATAL] Updater:308 - Updater called before beeing initialized
2026-08-03 07:58:25,663 [INFO] DbMcusAds:53 - JSON generation date=Wed Jul 15 16:44:54 GMT+07:00 2026 (1784108694001)
2026-08-03 07:58:25,663 [FATAL] Updater:308 - Updater called before beeing initialized
2026-08-03 07:58:25,696 [WARN] DetailPanel:346 - Failed to get advertising image, set to default
2026-08-03 07:58:25,774 [FATAL] Updater:308 - Updater called before beeing initialized
2026-08-03 07:58:25,775 [FATAL] Updater:308 - Updater called before beeing initialized
2026-08-03 07:58:25,775 [FATAL] Updater:308 - Updater called before beeing initialized
2026-08-03 07:58:25,776 [WARN] DetailPanel:346 - Failed to get advertising image, set to default
2026-08-03 07:58:25,776 [FATAL] Updater:308 - Updater called before beeing initialized
2026-08-03 07:58:25,813 [ERROR] Updater:1120 - MainUpdater not yet initialized. External WinMGr cannot be set.
2026-08-03 07:58:25,815 [INFO] Updater:1056 - Updater Version found : 6.9.1
2026-08-03 07:58:25,831 [INFO] ApplicationProperties:184 - Using Application install path: C:\ST\STM32CubeIDE_1.13.1\STM32CubeIDE\plugins\com.st.stm32cube.common.mx_6.9.1.202307191849
2026-08-03 07:58:26,018 [INFO] MainUpdater:2868 - connection check result : 10
2026-08-03 07:58:26,019 [INFO] MainUpdater:285 - Updater Check For Update Now.
2026-08-03 07:58:26,019 [INFO] MicroXplorer:498 - Change Database Version : DB.6.0.91
2026-08-03 07:58:26,027 [INFO] McuFinderGlobals:63 - Set McuFinder mode to 2 (CubeIDE integrated)
2026-08-03 07:58:26,027 [INFO] UserAuth:179 - activating auth plugin
2026-08-03 07:58:26,029 [INFO] UserAuth:393 - Internet connection configuration mode: 1
2026-08-03 07:58:26,047 [INFO] JxBrowserEngine:151 - Initiate JxBrowser Engine with user profile folder
2026-08-03 07:58:26,185 [INFO] CheckServerUpdateThread:120 - End of CheckServer Thread
2026-08-03 07:58:26,633 [INFO] WebApp:157 - Instantiating new browser for Auth
2026-08-03 07:58:27,029 [INFO] WebApp:753 - Register for checkConnection events
2026-08-03 07:58:27,029 [INFO] WebApp:390 - Apply proxy settings
2026-08-03 07:58:27,029 [INFO] WebApp:475 - Chromium requires no authentication
2026-08-03 07:58:27,035 [INFO] WebApp:418 - Direct internet connection detected
2026-08-03 07:58:27,167 [INFO] WebApp:188 - Starting web application
2026-08-03 07:58:27,168 [INFO] WebApp:520 - Web application path used C:\ST\STM32CubeIDE_1.13.1\STM32CubeIDE\plugins\com.st.stm32cube.common.mx_6.9.1.202307191849\db\plugins\mcufinder\reactClient1\index.html
2026-08-03 07:58:27,972 [WARN] PackLoader:240 - Cannot read IP mode file for STMicroelectronics.FP-ATR-ASTRA1.2.0.3
2026-08-03 07:58:27,975 [WARN] PackLoader:240 - Cannot read IP mode file for STMicroelectronics.FP-ATR-ASTRA1.2.0.2
2026-08-03 07:58:27,980 [ERROR] Engine:466 - C:\Users\Admin\.stm32cubemx\thirdparties\pdsc\STMicroelectronics.X-CUBE-SMBUS.2.1.1.pdsc: PDSC version is not supported
2026-08-03 07:58:27,983 [WARN] PackLoader:240 - Cannot read IP mode file for STMicroelectronics.X-CUBE-SMBUS.2.1.0
2026-08-03 07:58:28,004 [WARN] PackLoader:240 - Cannot read IP mode file for STMicroelectronics.X-CUBE-AZRTOS-F7.1.1.0
2026-08-03 07:58:28,011 [ERROR] Engine:466 - C:\Users\Admin\.stm32cubemx\thirdparties\pdsc\STMicroelectronics.X-CUBE-FREERTOS.1.6.0.pdsc: PDSC version is not supported
2026-08-03 07:58:28,034 [WARN] PackLoader:240 - Cannot read IP mode file for STMicroelectronics.X-CUBE-AZRTOS-H7RS.1.3.0
2026-08-03 07:58:28,042 [ERROR] Engine:466 - C:\Users\Admin\.stm32cubemx\thirdparties\pdsc\WES.I-CUBE-Cesium.1.4.0.pdsc: PDSC version is not supported
2026-08-03 07:58:28,050 [WARN] PackLoader:240 - Cannot read IP mode file for STMicroelectronics.X-CUBE-DISPLAY.3.0.0
2026-08-03 07:58:28,061 [WARN] PackLoader:240 - Cannot read IP mode file for wolfSSL.I-CUBE-wolfSSL.5.9.1
2026-08-03 07:58:28,067 [WARN] PackLoader:240 - Cannot read IP mode file for emotas.I-CUBE-CANOPEN.1.3.0
2026-08-03 07:58:28,070 [ERROR] Engine:466 - C:\Users\Admin\.stm32cubemx\thirdparties\pdsc\STMicroelectronics.X-CUBE-WBA.1.1.0.pdsc: PDSC version is not supported
2026-08-03 07:58:28,078 [INFO] LogOutputStream:77 - [STDOUT_REDIRECT] 1 : Invalid condition id : UX_CORESTACK_Condition cause : null
2026-08-03 07:58:28,078 [INFO] LogOutputStream:77 - [STDOUT_REDIRECT] 1 : Invalid condition id : UX_CORESTACK_Condition cause : null
2026-08-03 07:58:28,079 [INFO] LogOutputStream:77 - [STDOUT_REDIRECT] 1 : Invalid condition id : UX_CORESTACK_Condition cause : null
2026-08-03 07:58:28,080 [INFO] LogOutputStream:77 - [STDOUT_REDIRECT] 1 : Invalid condition id : UX_CORESTACK_Condition cause : null
2026-08-03 07:58:28,081 [INFO] LogOutputStream:77 - [STDOUT_REDIRECT] 1 : Invalid condition id : UX_CORESTACK_Condition cause : null
2026-08-03 07:58:28,084 [WARN] PackLoader:240 - Cannot read IP mode file for STMicroelectronics.X-CUBE-AZRTOS-WL.2.0.0
2026-08-03 07:58:28,101 [WARN] PackLoader:240 - Cannot read IP mode file for STMicroelectronics.X-CUBE-AZRTOS-H7RS.1.2.0
2026-08-03 07:58:28,113 [WARN] PackLoader:240 - Cannot read IP mode file for STMicroelectronics.X-CUBE-BLE2.3.3.0
2026-08-03 07:58:28,116 [ERROR] Engine:466 - C:\Users\Admin\.stm32cubemx\thirdparties\pdsc\Avnet-IOTCONNECT.X-CUBE-iotc-st67-sdk.1.0.0.pdsc: PDSC version is not supported
2026-08-03 07:58:28,120 [ERROR] Engine:466 - C:\Users\Admin\.stm32cubemx\thirdparties\pdsc\Infineon.AIROC-Wi-Fi-Bluetooth-STM32.1.8.0.pdsc: PDSC version is not supported
2026-08-03 07:58:28,123 [WARN] PackLoader:240 - Cannot read IP mode file for wolfSSL.I-CUBE-wolfMQTT.1.19.2
2026-08-03 07:58:28,133 [WARN] PackLoader:240 - Cannot read IP mode file for STMicroelectronics.X-CUBE-AZRTOS-G0.1.1.0
2026-08-03 07:58:28,139 [WARN] PackLoader:240 - Cannot read IP mode file for STMicroelectronics.X-CUBE-NFC4.3.0.0
2026-08-03 07:58:28,142 [ERROR] Engine:466 - C:\Users\Admin\.stm32cubemx\thirdparties\pdsc\EmbeddedOffice.I-CUBE-FS-RTOS.1.0.1.pdsc: PDSC version is not supported
2026-08-03 07:58:28,146 [WARN] PackLoader:240 - Cannot read IP mode file for wolfSSL.I-CUBE-wolfTPM.3.8.0
2026-08-03 07:58:28,148 [ERROR] Engine:466 - C:\Users\Admin\.stm32cubemx\thirdparties\pdsc\RealThread.X-CUBE-RT-Thread_Nano.4.1.1.pdsc: PDSC version is not supported
2026-08-03 07:58:28,152 [WARN] PackLoader:240 - Cannot read IP mode file for STMicroelectronics.FP-ATR-SIGFOX1.3.2.0
2026-08-03 07:58:28,155 [ERROR] Engine:466 - C:\Users\Admin\.stm32cubemx\thirdparties\pdsc\STMicroelectronics.X-CUBE-FREERTOS.1.5.0.pdsc: PDSC version is not supported
2026-08-03 07:58:28,161 [WARN] PackLoader:240 - Cannot read IP mode file for ITTIA_DB.I-CUBE-ITTIADB.8.9.0
2026-08-03 07:58:28,163 [ERROR] Engine:466 - C:\Users\Admin\.stm32cubemx\thirdparties\pdsc\Cesanta.I-CUBE-Mongoose.7.21.7.pdsc: PDSC version is not supported
2026-08-03 07:58:28,167 [WARN] PackLoader:240 - Cannot read IP mode file for STMicroelectronics.X-CUBE-AI.10.2.1
2026-08-03 07:58:28,209 [WARN] PackLoader:240 - Cannot read IP mode file for STMicroelectronics.X-CUBE-MEMS1.12.1.0
2026-08-03 07:58:28,300 [WARN] PackLoader:240 - Cannot read IP mode file for SEGGER.I-CUBE-embOS.1.3.1
2026-08-03 07:58:28,343 [WARN] PackLoader:240 - Cannot read IP mode file for STMicroelectronics.X-CUBE-ALGOBUILD.1.4.0
2026-08-03 07:58:28,353 [WARN] PackLoader:240 - Cannot read IP mode file for STMicroelectronics.X-CUBE-NFC13.1.0.0
2026-08-03 07:58:28,374 [WARN] PackLoader:240 - Cannot read IP mode file for STMicroelectronics.X-CUBE-AZRTOS-F4.1.1.0
2026-08-03 07:58:28,381 [ERROR] Engine:466 - C:\Users\Admin\.stm32cubemx\thirdparties\pdsc\STMicroelectronics.eDS-WB_DPC_TT-BIDIR.2.1.1.pdsc: PDSC version is not supported
2026-08-03 07:58:28,388 [WARN] PackLoader:240 - Cannot read IP mode file for STMicroelectronics.X-CUBE-ALGOBUILD.1.5.0
2026-08-03 07:58:28,456 [WARN] PackLoader:240 - Cannot read IP mode file for STMicroelectronics.X-CUBE-MEMS1.13.0.0
2026-08-03 07:58:28,548 [ERROR] Engine:466 - C:\Users\Admin\.stm32cubemx\thirdparties\pdsc\STMicroelectronics.eDS-WB_DPC_3PH2L-BIDIR.1.1.1.pdsc: PDSC version is not supported
2026-08-03 07:58:28,554 [WARN] PackLoader:240 - Cannot read IP mode file for STMicroelectronics.X-CUBE-TOUCHGFX.4.26.1
2026-08-03 07:58:28,566 [WARN] ConditionMgr:438 - getConditionDescription Invalid condition id : LAN8742 Phy interface Condition cause : null
2026-08-03 07:58:28,567 [WARN] PackLoader:240 - Cannot read IP mode file for STMicroelectronics.X-CUBE-AZRTOS-L4.2.0.0
2026-08-03 07:58:28,568 [WARN] ConditionMgr:1039 - genDependencies : Invalid condition id : LAN8742 Phy interface Condition cause : null
2026-08-03 07:58:28,568 [WARN] ConditionMgr:1039 - genDependencies : Invalid condition id : LAN8742 Phy interface Condition cause : null
2026-08-03 07:58:28,569 [WARN] ConditionMgr:1039 - genDependencies : Invalid condition id : LAN8742 Phy interface Condition cause : null
2026-08-03 07:58:28,577 [WARN] PackLoader:240 - Cannot read IP mode file for STMicroelectronics.X-CUBE-SFXS2LP1.4.0.0
2026-08-03 07:58:28,581 [ERROR] Engine:466 - C:\Users\Admin\.stm32cubemx\thirdparties\pdsc\quantropi.X-CUBE-qispace-sdk-base.2.1.0.pdsc: PDSC version is not supported
2026-08-03 07:58:28,589 [WARN] PackLoader:240 - Cannot read IP mode file for STMicroelectronics.X-CUBE-SUBG2.5.0.0
2026-08-03 07:58:28,605 [WARN] PackLoader:240 - Cannot read IP mode file for STMicroelectronics.X-CUBE-AZRTOS-G4.2.0.0
2026-08-03 07:58:28,611 [WARN] PackLoader:240 - Cannot read IP mode file for wolfSSL.I-CUBE-wolfSSH.1.4.20
2026-08-03 07:58:28,612 [INFO] ThirdParty:978 - Integrity check success = true
2026-08-03 07:58:28,612 [INFO] IntegrityCheckThread:100 - exiting critical section [integrity check]
2026-08-03 07:58:28,612 [INFO] IntegrityCheckThread:103 - End integrity checks thread
2026-08-03 07:58:47,751 [ERROR] LogOutputStream:75 - [STDERR_REDIRECT] SLF4J: Failed to load class "org.slf4j.impl.StaticLoggerBinder".
2026-08-03 07:58:47,751 [ERROR] LogOutputStream:75 - [STDERR_REDIRECT] SLF4J: Defaulting to no-operation (NOP) logger implementation
2026-08-03 07:58:47,752 [ERROR] LogOutputStream:75 - [STDERR_REDIRECT] SLF4J: See http://www.slf4j.org/codes.html#StaticLoggerBinder for further details.
2026-08-03 08:01:37,512 [INFO] McuFinderGlobals:63 - Set McuFinder mode to 2 (CubeIDE integrated)
2026-08-03 08:01:37,516 [INFO] MainUpdater:2868 - connection check result : 10
2026-08-03 08:01:37,517 [INFO] MainUpdater:2868 - connection check result : 10
2026-08-03 08:01:37,538 [INFO] MicroXplorer:468 - Change Database Path : 
2026-08-03 08:01:37,538 [INFO] MicroXplorer:498 - Change Database Version : DB.6.0.91
2026-08-03 08:01:37,541 [WARN] ThirdParty:871 - waiting for thirdparty lock release [close project]
2026-08-03 08:01:37,541 [INFO] ThirdParty:873 - entering critical section [close project]
2026-08-03 08:01:37,542 [INFO] ThirdParty:883 - exiting critical section [close project]
2026-08-03 08:01:37,544 [INFO] PinOutPanel:1499 - setPackage(No Configuration,No Configuration)
2026-08-03 08:01:37,548 [INFO] UtilMem:75 - Begin LoadConfig() Used Memory: 803113888 Bytes (1073741824)
2026-08-03 08:01:37,549 [INFO] MicroXplorer:468 - Change Database Path : 
2026-08-03 08:01:37,549 [INFO] MicroXplorer:498 - Change Database Version : DB.6.0.91
2026-08-03 08:01:37,549 [INFO] OpenFileManager:308 - Change cursor
2026-08-03 08:01:37,567 [INFO] Mcu:1946 - Initializing MCU STM32F405RGTx STM32F405RGTx STM32F405RGT6
2026-08-03 08:01:38,779 [INFO] Context:659 - Trying to add GPIOservice into a context  which must be forbidden
2026-08-03 08:01:39,159 [INFO] RtosManager:555 - Registered RTOS mode: class=CMSIS, group=RTOS, mode=CMSIS_V1, owner=FREERTOS
2026-08-03 08:01:39,159 [INFO] RtosManager:555 - Registered RTOS mode: class=CMSIS, group=RTOS2, mode=CMSIS_V2, owner=FREERTOS
2026-08-03 08:01:39,159 [INFO] RtosManager:555 - Registered RTOS mode: class=RTOS, group=Core, mode=CMSIS_V1, owner=FREERTOS
2026-08-03 08:01:39,159 [INFO] RtosManager:555 - Registered RTOS mode: class=RTOS, group=Core, mode=CMSIS_V2, owner=FREERTOS
2026-08-03 08:01:39,159 [WARN] ModelIntegratedComponent:184 - Missing modes for component STMicroelectronics:FreeRTOS:0.0.1:STMicroelectronics:RTOS:FreeRTOS:Core:::10.2.0:
2026-08-03 08:01:39,207 [WARN] ModelIntegratedComponent:63 - No mode defined for component null
2026-08-03 08:01:39,207 [WARN] ModelIntegratedComponent:63 - No mode defined for component null
2026-08-03 08:01:39,207 [WARN] ModelIntegratedComponent:63 - No mode defined for component null
2026-08-03 08:01:39,207 [WARN] ModelIntegratedComponent:63 - No mode defined for component null
2026-08-03 08:01:39,207 [WARN] ModelIntegratedComponent:63 - No mode defined for component null
2026-08-03 08:01:39,207 [WARN] ModelIntegratedComponent:63 - No mode defined for component null
2026-08-03 08:01:39,207 [WARN] ModelIntegratedComponent:63 - No mode defined for component null
2026-08-03 08:01:39,208 [WARN] ModelIntegratedComponent:63 - No mode defined for component null
2026-08-03 08:01:39,208 [WARN] ModelIntegratedComponent:63 - No mode defined for component null
2026-08-03 08:01:39,208 [WARN] ModelIntegratedComponent:63 - No mode defined for component null
2026-08-03 08:01:39,208 [WARN] ModelIntegratedComponent:63 - No mode defined for component null
2026-08-03 08:01:39,208 [WARN] ModelIntegratedComponent:63 - No mode defined for component null
2026-08-03 08:01:39,208 [WARN] ModelIntegratedComponent:63 - No mode defined for component null
2026-08-03 08:01:39,208 [WARN] ModelIntegratedComponent:63 - No mode defined for component null
2026-08-03 08:01:39,208 [WARN] ModelIntegratedComponent:63 - No mode defined for component null
2026-08-03 08:01:39,208 [WARN] ModelIntegratedComponent:63 - No mode defined for component null
2026-08-03 08:01:39,208 [WARN] ModelIntegratedComponent:63 - No mode defined for component null
2026-08-03 08:01:39,208 [WARN] ModelIntegratedComponent:63 - No mode defined for component null
2026-08-03 08:01:39,208 [WARN] ModelIntegratedComponent:63 - No mode defined for component null
2026-08-03 08:01:39,208 [WARN] ModelIntegratedComponent:63 - No mode defined for component null
2026-08-03 08:01:39,208 [WARN] ModelIntegratedComponent:63 - No mode defined for component null
2026-08-03 08:01:39,208 [WARN] ModelIntegratedComponent:63 - No mode defined for component null
2026-08-03 08:01:39,208 [WARN] ModelIntegratedComponent:63 - No mode defined for component null
2026-08-03 08:01:39,208 [WARN] ModelIntegratedComponent:63 - No mode defined for component null
2026-08-03 08:01:39,208 [WARN] ModelIntegratedComponent:63 - No mode defined for component null
2026-08-03 08:01:39,208 [WARN] ModelIntegratedComponent:63 - No mode defined for component null
2026-08-03 08:01:39,208 [WARN] ModelIntegratedComponent:63 - No mode defined for component null
2026-08-03 08:01:39,208 [WARN] ModelIntegratedComponent:63 - No mode defined for component null
2026-08-03 08:01:39,208 [WARN] ModelIntegratedComponent:63 - No mode defined for component null
2026-08-03 08:01:39,208 [WARN] ModelIntegratedComponent:63 - No mode defined for component null
2026-08-03 08:01:39,208 [WARN] ModelIntegratedComponent:63 - No mode defined for component null
2026-08-03 08:01:39,209 [WARN] ModelIntegratedComponent:63 - No mode defined for component null
2026-08-03 08:01:39,209 [WARN] ModelIntegratedComponent:63 - No mode defined for component null
2026-08-03 08:01:39,281 [INFO] ThirdPartyModel:298 - Start build external matchings
2026-08-03 08:01:39,488 [INFO] ThirdPartyModel:316 - End build external matchings
2026-08-03 08:01:39,497 [INFO] ImportTextPane:194 - (OptionalMessage_ERROR) IP (RCC) : Parameter (48MHZClocksFreq_Value) has invalid value (84000000)
2026-08-03 08:01:39,498 [INFO] ImportTextPane:194 - (OptionalMessage_ERROR) IP (RCC) : Parameter (RTCHSEDivFreq_Value) has invalid value (4000000)
2026-08-03 08:01:39,762 [INFO] UtilMem:75 - End LoadConfig() Used Memory: 868047376 Bytes (1073741824)
2026-08-03 08:01:39,821 [INFO] ApiDb:581 - Connected to CubeFinder SQLite database (C:\Users\Admin\.stmcufinder\plugins\mcufinder\mcu\cube-finder-db.db)
2026-08-03 08:01:39,904 [INFO] ApiDb:668 - CubeFinder database Data Model version=2.1
2026-08-03 08:01:39,904 [INFO] ApiDb:669 - CubeFinder database Configuration version=3.0.42
2026-08-03 08:01:39,905 [INFO] ApiDb:670 - CubeFinder database generation date=2026-06-23 (1782213372)
2026-08-03 08:01:39,905 [INFO] ApiDb:671 - CubeFinder database FW Pack versions=[FP-ATR-ASTRA1_V2.0.0, FP-SNS-FLIGHT1_V5.1.0, FP-SNS-MOTENV1_V5.1.0, FP-SNS-MOTENVWB1_V1.5.0, FP-SNS-SMARTAG2_V1.2.0, FP-SNS-STBOX1_V2.1.0, STM32Cube_FW_C0_V1.4.0, STM32Cube_FW_F4_V1.28.3, STM32Cube_FW_F7_V1.17.4, STM32Cube_FW_G0_V1.6.3, STM32Cube_FW_G4_V1.6.2, STM32Cube_FW_H5_V1.7.0, STM32Cube_FW_H7RS_V1.3.0, STM32Cube_FW_H7_V1.13.0, STM32Cube_FW_L0_V1.12.2, STM32Cube_FW_L4_V1.18.2, STM32Cube_FW_L5_V1.6.0, STM32Cube_FW_N6_V1.4.0, STM32Cube_FW_U0_V1.3.0, STM32Cube_FW_U3_V1.4.0, STM32Cube_FW_U5_V1.9.0, STM32Cube_FW_WB0_V1.5.0, STM32Cube_FW_WBA_V1.10.0, STM32Cube_FW_WB_V1.24.0, STM32Cube_FW_WL3_V1.5.0, STM32Cube_FW_WL_V1.6.0, X-CUBE-ALGOBUILD_V1.5.0, X-CUBE-ALS_V1.0.2, X-CUBE-AZRTOS-F4_V1.1.0, X-CUBE-AZRTOS-F7_V1.1.0, X-CUBE-AZRTOS-G0_V1.1.0, X-CUBE-AZRTOS-G4_V2.0.0, X-CUBE-AZRTOS-H7RS_V1.1.0, X-CUBE-AZRTOS-H7_V3.5.0, X-CUBE-AZRTOS-L4_V2.0.0, X-CUBE-AZRTOS-L5_V2.0.0, X-CUBE-AZRTOS-WB_V2.0.0, X-CUBE-AZRTOS-WL_V2.0.0, X-CUBE-BLE1_V7.1.0, X-CUBE-BLE2_V3.3.0, X-CUBE-BLEMGR_V4.1.0, X-CUBE-EEPRMA1_V5.2.0, X-CUBE-FREERTOS_V1.5.0, X-CUBE-GNSS1_V7.1.1, X-CUBE-MEMS1_V12.1.0, X-CUBE-NFC4_V3.0.0, X-CUBE-NFC7_V2.0.0, X-CUBE-SFXS2LP1_V4.0.0, X-CUBE-ST67W61_V1.3.0, X-CUBE-SUBG2_V5.0.0, X-CUBE-TOF1_V3.4.3]
2026-08-03 08:01:42,390 [INFO] ApiDb:240 - Found 323 in-development CPN: [B-G473E-ZEST1S, B-WB1M-WPAN1, B-WL5M-SUBG1, NUCLEO-C031C6, NUCLEO-H503RB, NUCLEO-H563ZI, NUCLEO-U545RE-Q, NUCLEO-U5A5ZJ-Q, NUCLEO-WBA52CG, STEVAL-PROTEUS1, STEVAL-SMARTAG2, STEVAL-STWINBX1, STM320518-EVAL, STM32C0116-DK, STM32C011D6Y3TR, STM32C011D6Y6TR, STM32C011F4P3, STM32C011F4P6, STM32C011F4U3, STM32C011F4U6TR, STM32C011F6P3, STM32C011F6P6, STM32C011F6U3, STM32C011F6U6TR, STM32C011J4M3, STM32C011J4M6, STM32C011J6M3, STM32C011J6M6, STM32C0316-DK, STM32C031C4T3, STM32C031C4T6, STM32C031C4U3, STM32C031C4U6, STM32C031C6T3, STM32C031C6T6, STM32C031C6U3, STM32C031C6U6, STM32C031F4P3, STM32C031F4P6, STM32C031F6P3, STM32C031F6P6, STM32C031G4U3, STM32C031G4U6, STM32C031G6U3, STM32C031G6U6, STM32C031K4T3, STM32C031K4T6, STM32C031K4U3, STM32C031K4U6, STM32C031K6T3, STM32C031K6T6, STM32C031K6U3, STM32C031K6U6, STM32G071K8TXN, STM32G071K8UXN, STM32G081GBU6N, STM32G081KBT6N, STM32G081KBUXN, STM32G0B1CCT6N, STM32G0B1KCT6, STM32G0B1NEY6TR, STM32G0B1RCT6N, STM32G0C1CCT6, STM32G0C1CCT6N, STM32G0C1CCU6N, STM32G0C1CET6N, STM32G0C1CEU6N, STM32G0C1KCT6, STM32G0C1NEY6TR, STM32G0C1RCI6N, STM32G0C1RCT6N, STM32G0C1REI6N, STM32G0C1RET6N, STM32G0C1VCI6, STM32G0C1VEI6, STM32G471CCT6, STM32G471CCU6, STM32G471CET3, STM32G471CET6, STM32G471CEU3, STM32G471CEU6, STM32G471MCT6, STM32G471MET3, STM32G471MET6, STM32G471MEY6TR, STM32G471QCT6, STM32G471QET3, STM32G471RCT6, STM32G471RET3, STM32G471RET6, STM32G471VCH6, STM32G471VCI6, STM32G471VCT6, STM32G471VEH3, STM32G471VEH6, STM32G471VEI3, STM32G471VEI6, STM32G471VET3, STM32G471VET6, STM32G474CCT6, STM32H503CBT6, STM32H503CBU6, STM32H503EBY6TR, STM32H503KBU6, STM32H503RBT6, STM32H562AGI6, STM32H562AII6, STM32H562IGK6, STM32H562IGT6, STM32H562IIK6, STM32H562IIT6, STM32H562RGT6, STM32H562RGV6, STM32H562RIT6, STM32H562RIV6, STM32H562VGT6, STM32H562VIT6, STM32H562ZGT6, STM32H562ZIT6, STM32H563AGI6, STM32H563AII3Q, STM32H563AII6, STM32H563IGK6, STM32H563IGT6, STM32H563IIK3Q, STM32H563IIK6, STM32H563IIT3Q, STM32H563IIT6, STM32H563MIY3QTR, STM32H563RGT6, STM32H563RGV6, STM32H563RIT6, STM32H563RIV6, STM32H563VGT6, STM32H563VIT3Q, STM32H563VIT6, STM32H563ZGT6, STM32H563ZIT3Q, STM32H563ZIT6, STM32H573AII3Q, STM32H573AII6, STM32H573I-DK, STM32H573IIK3Q, STM32H573IIK6, STM32H573IIT3Q, STM32H573IIT6, STM32H573MIY3QTR, STM32H573RIT6, STM32H573RIV6, STM32H573VIT3Q, STM32H573VIT6, STM32H573ZIT3Q, STM32H573ZIT6, STM32L4R5QGI6STR, STM32MP131AAE3, STM32MP131AAF3, STM32MP131AAG3, STM32MP131CAE3, STM32MP131CAF3, STM32MP131CAG3, STM32MP131DAE7, STM32MP131DAF7, STM32MP131DAG7, STM32MP131FAE7, STM32MP131FAF7, STM32MP131FAG7, STM32MP133AAE3, STM32MP133AAF3, STM32MP133AAG3, STM32MP133CAE3, STM32MP133CAF3, STM32MP133CAG3, STM32MP133DAE7, STM32MP133DAF7, STM32MP133DAG7, STM32MP133FAE7, STM32MP133FAF7, STM32MP133FAG7, STM32MP135AAE3, STM32MP135AAF3, STM32MP135AAG3, STM32MP135CAE3, STM32MP135CAF3, STM32MP135CAG3, STM32MP135DAE7, STM32MP135DAF7, STM32MP135DAG7, STM32MP135F-DK, STM32MP135FAE7, STM32MP135FAF7, STM32MP135FAF7T, STM32MP135FAF7U, STM32MP135FAG7, STM32U535CBT6, STM32U535CBT6Q, STM32U535CBU6, STM32U535CBU6Q, STM32U535CCT6, STM32U535CCT6Q, STM32U535CCU6, STM32U535CCU6Q, STM32U535CET6, STM32U535CET6Q, STM32U535CEU6, STM32U535CEU6Q, STM32U535JEY6QTR, STM32U535NCY6QTR, STM32U535NEY6QTR, STM32U535RBI6, STM32U535RBI6Q, STM32U535RBT6, STM32U535RBT6Q, STM32U535RCI6, STM32U535RCI6Q, STM32U535RCT6, STM32U535RCT6Q, STM32U535REI6, STM32U535REI6Q, STM32U535RET6, STM32U535RET6Q, STM32U535VCI6, STM32U535VCI6Q, STM32U535VCT6, STM32U535VCT6Q, STM32U535VEI6, STM32U535VEI6Q, STM32U535VET6, STM32U535VET6Q, STM32U545CET6, STM32U545CET6Q, STM32U545CEU6, STM32U545CEU6Q, STM32U545JEY6QTR, STM32U545NEY6QTR, STM32U545REI6, STM32U545REI6Q, STM32U545RET6, STM32U545RET6Q, STM32U545VEI6, STM32U545VEI6Q, STM32U545VET6, STM32U545VET6Q, STM32U595AIH6, STM32U595AIH6Q, STM32U595AJH6, STM32U595AJH6Q, STM32U595QII6, STM32U595QII6Q, STM32U595QJI6, STM32U595QJI6Q, STM32U595RIT6, STM32U595RIT6Q, STM32U595RJT6, STM32U595RJT6Q, STM32U595VIT6, STM32U595VIT6Q, STM32U595VJT6, STM32U595VJT6Q, STM32U595ZIT6, STM32U595ZIT6Q, STM32U595ZIY6QTR, STM32U595ZJT6, STM32U595ZJT6Q, STM32U595ZJY6QTR, STM32U599BJY6QTR, STM32U599NIH6Q, STM32U599NJH6Q, STM32U599VIT6Q, STM32U599VJT6, STM32U599VJT6Q, STM32U599ZIT6Q, STM32U599ZIY6QTR, STM32U599ZJT6Q, STM32U599ZJY6QTR, STM32U5A5AJH6, STM32U5A5AJH6Q, STM32U5A5QJI6, STM32U5A5QJI6Q, STM32U5A5RJT6, STM32U5A5RJT6Q, STM32U5A5VJT6, STM32U5A5VJT6Q, STM32U5A5ZJT6, STM32U5A5ZJT6Q, STM32U5A5ZJY6QTR, STM32U5A9BJY6QTR, STM32U5A9J-DK, STM32U5A9NJH6Q, STM32U5A9VJT6Q, STM32U5A9ZJT6Q, STM32U5A9ZJY6QTR, STM32U5F7VIT6, STM32U5F7VIT6Q, STM32U5F7VJT6, STM32U5F7VJT6Q, STM32U5F9BJY6QTR, STM32U5F9NJH6Q, STM32U5F9VIT6Q, STM32U5F9VJT6Q, STM32U5F9ZIJ6QTR, STM32U5F9ZIT6Q, STM32U5F9ZJJ6QTR, STM32U5F9ZJT6Q, STM32U5G7VJT6, STM32U5G7VJT6Q, STM32U5G9BJY6QTR, STM32U5G9J-DK1, STM32U5G9J-DK2, STM32U5G9NJH6Q, STM32U5G9VJT6Q, STM32U5G9ZJJ6QTR, STM32U5G9ZJT6Q, STM32WB1MMCH6, STM32WBA52CEU6, STM32WBA52CEU6T, STM32WBA52CGU6, STM32WBA52CGU6T, STM32WBA52KEU6, STM32WBA52KEU6T, STM32WBA52KGU6, STM32WBA52KGU6T, STM32WL5MOCH6, STM32WL5MOCH6TR]
2026-08-03 08:01:42,394 [INFO] DbMcus:217 - Found 5228 MCUs, 5075 are supported
2026-08-03 08:01:42,395 [INFO] ApiDb:423 - Load user favorites file C:\Users\Admin/.stm32cubeide/favorites.mcus.txt: 4 item(s)
2026-08-03 08:01:42,395 [INFO] ApiDb:427 - User favorites MCUs=[STM32F103C8T6, STM32F405RGT6, STM32F411CEU6, STM32H523CET6]
2026-08-03 08:01:42,395 [INFO] DbMcus:223 - Set 4 / 4 favorites MCUs
2026-08-03 08:01:42,839 [WARN] ThirdParty:833 - waiting for thirdparty lock release [change project]
2026-08-03 08:01:42,839 [INFO] ThirdParty:835 - entering critical section [change project]
2026-08-03 08:01:42,840 [INFO] ThirdParty:1030 - CMSIS Pack Vendor :STMicroelectronics USBPD 4.1
2026-08-03 08:01:42,840 [INFO] ThirdParty:1030 - CMSIS Pack Vendor :STMicroelectronics USB_HOST 2.0.0
2026-08-03 08:01:42,840 [INFO] ThirdParty:1030 - CMSIS Pack Vendor :STMicroelectronics FP-ATR-ASTRA1 2.0.3
2026-08-03 08:01:42,840 [INFO] ThirdParty:1030 - CMSIS Pack Vendor :STMicroelectronics X-CUBE-AZRTOS-F4 1.1.0
2026-08-03 08:01:42,840 [INFO] ThirdParty:1030 - CMSIS Pack Vendor :STMicroelectronics LIBJPEG 8.0.0
2026-08-03 08:01:42,840 [INFO] ThirdParty:1030 - CMSIS Pack Vendor :STMicroelectronics FP-ATR-ASTRA1 2.0.2
2026-08-03 08:01:42,840 [INFO] ThirdParty:1030 - CMSIS Pack Vendor :STMicroelectronics X-CUBE-SMBUS 2.1.0
2026-08-03 08:01:42,840 [INFO] ThirdParty:1030 - CMSIS Pack Vendor :wolfSSL I-CUBE-wolfMQTT 1.19.2
2026-08-03 08:01:42,840 [INFO] ThirdParty:1030 - CMSIS Pack Vendor :STMicroelectronics USB_DEVICE 3.0.0
2026-08-03 08:01:42,840 [INFO] ThirdParty:1030 - CMSIS Pack Vendor :STMicroelectronics X-CUBE-AZRTOS-F7 1.1.0
2026-08-03 08:01:42,840 [INFO] ThirdParty:1030 - CMSIS Pack Vendor :STMicroelectronics USB_DEVICE 2.0.0
2026-08-03 08:01:42,840 [INFO] ThirdParty:1030 - CMSIS Pack Vendor :STMicroelectronics X-CUBE-ALGOBUILD 1.5.0
2026-08-03 08:01:42,840 [INFO] ThirdParty:1030 - CMSIS Pack Vendor :STMicroelectronics FreeRTOS 0.0.1
2026-08-03 08:01:42,840 [INFO] ThirdParty:1030 - CMSIS Pack Vendor :STMicroelectronics X-CUBE-AZRTOS-H7RS 1.3.0
2026-08-03 08:01:42,840 [INFO] ThirdParty:1030 - CMSIS Pack Vendor :STMicroelectronics X-CUBE-AZRTOS-G0 1.1.0
2026-08-03 08:01:42,840 [INFO] ThirdParty:1030 - CMSIS Pack Vendor :STMicroelectronics X-CUBE-NFC4 3.0.0
2026-08-03 08:01:42,840 [INFO] ThirdParty:1030 - CMSIS Pack Vendor :STMicroelectronics X-CUBE-SUBG2 5.0.0
2026-08-03 08:01:42,840 [INFO] ThirdParty:1030 - CMSIS Pack Vendor :STMicroelectronics STM32_WPAN 1.0.0
2026-08-03 08:01:42,840 [INFO] ThirdParty:1030 - CMSIS Pack Vendor :STMicroelectronics lwIP 2.0.3
2026-08-03 08:01:42,840 [INFO] ThirdParty:1030 - CMSIS Pack Vendor :STMicroelectronics X-CUBE-MEMS1 13.0.0
2026-08-03 08:01:42,840 [INFO] ThirdParty:1030 - CMSIS Pack Vendor :STMicroelectronics USB_HOST 1.0.0
2026-08-03 08:01:42,840 [INFO] ThirdParty:1030 - CMSIS Pack Vendor :STMicroelectronics X-CUBE-AZRTOS-G4 2.0.0
2026-08-03 08:01:42,840 [INFO] ThirdParty:1030 - CMSIS Pack Vendor :STMicroelectronics PDM2PCM 3.1.0
2026-08-03 08:01:42,840 [INFO] ThirdParty:1030 - CMSIS Pack Vendor :STMicroelectronics PDM2PCM 3.3.0
2026-08-03 08:01:42,840 [INFO] ThirdParty:1030 - CMSIS Pack Vendor :wolfSSL I-CUBE-wolfTPM 3.8.0
2026-08-03 08:01:42,840 [INFO] ThirdParty:1030 - CMSIS Pack Vendor :STMicroelectronics X-CUBE-DISPLAY 3.0.0
2026-08-03 08:01:42,840 [INFO] ThirdParty:1030 - CMSIS Pack Vendor :wolfSSL I-CUBE-wolfSSH 1.4.20
2026-08-03 08:01:42,840 [INFO] ThirdParty:1030 - CMSIS Pack Vendor :wolfSSL I-CUBE-wolfSSL 5.9.1
2026-08-03 08:01:42,840 [INFO] ThirdParty:1030 - CMSIS Pack Vendor :STMicroelectronics FP-ATR-SIGFOX1 3.2.0
2026-08-03 08:01:42,840 [INFO] ThirdParty:1030 - CMSIS Pack Vendor :STMicroelectronics HAL Drivers 0.0.0
2026-08-03 08:01:42,840 [INFO] ThirdParty:1030 - CMSIS Pack Vendor :STMicroelectronics MBEDTLS 2.16.2
2026-08-03 08:01:42,840 [INFO] ThirdParty:1030 - CMSIS Pack Vendor :emotas I-CUBE-CANOPEN 1.3.0
2026-08-03 08:01:42,840 [INFO] ThirdParty:1030 - CMSIS Pack Vendor :STMicroelectronics MBEDTLS 2.14.1
2026-08-03 08:01:42,840 [INFO] ThirdParty:1030 - CMSIS Pack Vendor :ITTIA_DB I-CUBE-ITTIADB 8.9.0
2026-08-03 08:01:42,840 [INFO] ThirdParty:1030 - CMSIS Pack Vendor :STMicroelectronics X-CUBE-TOUCHGFX 4.26.1
2026-08-03 08:01:42,840 [INFO] ThirdParty:1030 - CMSIS Pack Vendor :STMicroelectronics X-CUBE-AI 10.2.1
2026-08-03 08:01:42,841 [INFO] ThirdParty:1030 - CMSIS Pack Vendor :STMicroelectronics ThreadX 1.0.0
2026-08-03 08:01:42,841 [INFO] ThirdParty:1030 - CMSIS Pack Vendor :STMicroelectronics X-CUBE-MEMS1 12.1.0
2026-08-03 08:01:42,841 [INFO] ThirdParty:1030 - CMSIS Pack Vendor :STMicroelectronics X-CUBE-AZRTOS-WL 2.0.0
2026-08-03 08:01:42,841 [INFO] ThirdParty:1030 - CMSIS Pack Vendor :SEGGER I-CUBE-embOS 1.3.1
2026-08-03 08:01:42,841 [INFO] ThirdParty:1030 - CMSIS Pack Vendor :STMicroelectronics X-CUBE-ALGOBUILD 1.4.0
2026-08-03 08:01:42,841 [INFO] ThirdParty:1030 - CMSIS Pack Vendor :STMicroelectronics USB_DEVICE 1.0.0
2026-08-03 08:01:42,841 [INFO] ThirdParty:1030 - CMSIS Pack Vendor :STMicroelectronics X-CUBE-AZRTOS-H7RS 1.2.0
2026-08-03 08:01:42,841 [INFO] ThirdParty:1030 - CMSIS Pack Vendor :STMicroelectronics X-CUBE-AZRTOS-L4 2.0.0
2026-08-03 08:01:42,841 [INFO] ThirdParty:1030 - CMSIS Pack Vendor :STMicroelectronics ThreadX 0.0.2
2026-08-03 08:01:42,841 [INFO] ThirdParty:1030 - CMSIS Pack Vendor :STMicroelectronics lwIP 2.1.2
2026-08-03 08:01:42,841 [INFO] ThirdParty:1030 - CMSIS Pack Vendor :STMicroelectronics X-CUBE-SFXS2LP1 4.0.0
2026-08-03 08:01:42,841 [INFO] ThirdParty:1030 - CMSIS Pack Vendor :STMicroelectronics X-CUBE-BLE2 3.3.0
2026-08-03 08:01:42,841 [INFO] ThirdParty:1030 - CMSIS Pack Vendor :STMicroelectronics X-CUBE-NFC13 1.0.0
2026-08-03 08:01:42,841 [INFO] ThirdParty:1030 - CMSIS Pack Vendor :STMicroelectronics PDM2PCM 3.2.0
2026-08-03 08:01:42,841 [INFO] ThirdParty:841 - exiting critical section [change project]
2026-08-03 08:01:43,089 [INFO] PinOutPanel:1499 - setPackage(No Configuration,No Configuration)
2026-08-03 08:01:43,090 [INFO] PinOutPanel:1499 - setPackage(STM32F405RGTx,LQFP64)
2026-08-03 08:01:43,466 [INFO] UtilMem:75 - Before build in PCC Used Memory: 786783632 Bytes (1073741824)
2026-08-03 08:01:44,297 [INFO] UtilMem:75 - After build in PCC Used Memory: 858717040 Bytes (1073741824)
2026-08-03 08:01:44,324 [INFO] IPUIPlugin:80 - create IPUIPlugin
2026-08-03 08:01:44,324 [INFO] IPUIPlugin:80 - create IPUIPlugin
2026-08-03 08:01:44,324 [INFO] IPUIPlugin:80 - create IPUIPlugin
2026-08-03 08:01:44,324 [INFO] IPUIPlugin:80 - create IPUIPlugin
2026-08-03 08:01:44,324 [INFO] IPUIPlugin:80 - create IPUIPlugin
2026-08-03 08:01:44,324 [INFO] IPUIPlugin:80 - create IPUIPlugin
2026-08-03 08:01:44,325 [INFO] IPUIPlugin:80 - create IPUIPlugin
2026-08-03 08:01:44,325 [INFO] IPUIPlugin:80 - create IPUIPlugin
2026-08-03 08:01:44,325 [INFO] IPUIPlugin:80 - create IPUIPlugin
2026-08-03 08:01:44,325 [INFO] IPUIPlugin:80 - create IPUIPlugin
2026-08-03 08:01:44,325 [INFO] IPUIPlugin:80 - create IPUIPlugin
2026-08-03 08:01:44,325 [INFO] IPUIPlugin:80 - create IPUIPlugin
2026-08-03 08:01:44,325 [INFO] IPUIPlugin:80 - create IPUIPlugin
2026-08-03 08:01:44,325 [INFO] IPUIPlugin:80 - create IPUIPlugin
2026-08-03 08:01:44,325 [INFO] IPUIPlugin:80 - create IPUIPlugin
2026-08-03 08:01:44,325 [INFO] IPUIPlugin:80 - create IPUIPlugin
2026-08-03 08:01:44,325 [INFO] IPUIPlugin:80 - create IPUIPlugin
2026-08-03 08:01:44,326 [INFO] IPUIPlugin:80 - create IPUIPlugin
2026-08-03 08:01:44,326 [INFO] IPUIPlugin:80 - create IPUIPlugin
2026-08-03 08:01:44,326 [INFO] IPUIPlugin:80 - create IPUIPlugin
2026-08-03 08:01:44,326 [INFO] IPUIPlugin:80 - create IPUIPlugin
2026-08-03 08:01:44,326 [INFO] IPUIPlugin:80 - create IPUIPlugin
2026-08-03 08:01:44,326 [INFO] IPUIPlugin:80 - create IPUIPlugin
2026-08-03 08:01:44,327 [INFO] IPUIPlugin:80 - create IPUIPlugin
2026-08-03 08:01:44,327 [INFO] IPUIPlugin:80 - create IPUIPlugin
2026-08-03 08:01:44,327 [INFO] IPUIPlugin:80 - create IPUIPlugin
2026-08-03 08:01:44,327 [INFO] IPUIPlugin:80 - create IPUIPlugin
2026-08-03 08:01:44,327 [INFO] IPUIPlugin:80 - create IPUIPlugin
2026-08-03 08:01:44,327 [INFO] IPUIPlugin:80 - create IPUIPlugin
2026-08-03 08:01:44,327 [INFO] IPUIPlugin:80 - create IPUIPlugin
2026-08-03 08:01:44,328 [INFO] IPUIPlugin:80 - create IPUIPlugin
2026-08-03 08:01:44,328 [INFO] IPUIPlugin:80 - create IPUIPlugin
2026-08-03 08:01:44,328 [INFO] IPUIPlugin:80 - create IPUIPlugin
2026-08-03 08:01:44,328 [INFO] IPUIPlugin:80 - create IPUIPlugin
2026-08-03 08:01:44,328 [INFO] IPUIPlugin:80 - create IPUIPlugin
2026-08-03 08:01:44,328 [INFO] IPUIPlugin:80 - create IPUIPlugin
2026-08-03 08:01:44,329 [INFO] IPUIPlugin:80 - create IPUIPlugin
2026-08-03 08:01:44,329 [INFO] IPUIPlugin:80 - create IPUIPlugin
2026-08-03 08:01:44,329 [INFO] IPUIPlugin:80 - create IPUIPlugin
2026-08-03 08:01:44,329 [INFO] IPUIPlugin:80 - create IPUIPlugin
2026-08-03 08:01:44,329 [INFO] IPUIPlugin:80 - create IPUIPlugin
2026-08-03 08:01:44,329 [INFO] IPUIPlugin:80 - create IPUIPlugin
2026-08-03 08:01:44,330 [INFO] IPUIPlugin:80 - create IPUIPlugin
2026-08-03 08:01:44,330 [INFO] IPUIPlugin:80 - create IPUIPlugin
2026-08-03 08:01:44,330 [INFO] IPUIPlugin:80 - create IPUIPlugin
2026-08-03 08:01:44,330 [INFO] IPUIPlugin:80 - create IPUIPlugin
2026-08-03 08:01:44,330 [INFO] IPUIPlugin:80 - create IPUIPlugin
2026-08-03 08:01:44,331 [INFO] IPUIPlugin:80 - create IPUIPlugin
2026-08-03 08:01:44,331 [INFO] IPUIPlugin:80 - create IPUIPlugin
2026-08-03 08:01:44,331 [INFO] IPUIPlugin:80 - create IPUIPlugin
2026-08-03 08:01:44,331 [INFO] IPUIPlugin:80 - create IPUIPlugin
2026-08-03 08:01:44,332 [INFO] IPUIPlugin:80 - create IPUIPlugin
2026-08-03 08:01:44,332 [INFO] IPUIPlugin:80 - create IPUIPlugin
2026-08-03 08:01:44,333 [INFO] IPUIPlugin:80 - create IPUIPlugin
2026-08-03 08:01:44,409 [INFO] ApiDbMcu:507 - Load IP Config File for PDM2PCM
2026-08-03 08:01:44,419 [WARN] IP:2114 - I2C_Coeff_DF not found: check if there is a RefParameter without a condition.
2026-08-03 08:01:44,419 [WARN] IP:2114 - Analog_Filter not found: check if there is a RefParameter without a condition.
2026-08-03 08:01:44,611 [INFO] CADModel:165 - CPN selected for project levelSTM32F405RGT6
2026-08-03 08:01:44,611 [INFO] CADModel:114 - Register for checkConnection events
2026-08-03 08:01:44,660 [INFO] OpenFileManager:328 - Restore cursor
2026-08-03 08:01:44,778 [WARN] IP:2114 - I2C_Coeff_DF not found: check if there is a RefParameter without a condition.
2026-08-03 08:01:44,779 [WARN] IP:2114 - Analog_Filter not found: check if there is a RefParameter without a condition.
2026-08-03 08:01:44,779 [WARN] IP:2114 - I2C_Coeff_DF not found: check if there is a RefParameter without a condition.
2026-08-03 08:01:44,779 [WARN] IP:2114 - Analog_Filter not found: check if there is a RefParameter without a condition.
2026-08-03 08:02:34,158 [WARN] IP:2114 - I2C_Coeff_DF not found: check if there is a RefParameter without a condition.
2026-08-03 08:02:34,158 [WARN] IP:2114 - Analog_Filter not found: check if there is a RefParameter without a condition.
2026-08-03 08:57:15,429 [ERROR] ConfigurationRetriever:142 - IOException on connection: Read timed out
2026-08-03 09:59:50,896 [INFO] MainUpdater:2868 - connection check result : 10
2026-08-03 09:59:50,898 [INFO] McuFinderGlobals:76 - Set McuFinderConnectedMode to true
2026-08-03 09:59:51,436 [INFO] ServerAccessManage:473 - Download File mcusAds.json._tmp_
2026-08-03 09:59:51,555 [INFO] LoadUrlFilesThread:156 - End of LoadUrlFiles Thread
2026-08-03 09:59:52,548 [INFO] ServerAccessManage:473 - Download File cube-finder-db.zip
2026-08-03 10:00:19,781 [INFO] FileExtend:240 - Unzip File : cube-finder-db.zip
2026-08-03 10:00:19,782 [INFO] FileExtend:255 - Standard Zip Deflate
2026-08-03 10:00:20,377 [INFO] LoadUrlFilesThread:156 - End of LoadUrlFiles Thread
2026-08-03 10:00:41,774 [ERROR] ServerAccessManage:1172 - Problem during Server Connection :  IO error Connection timed out: no further information
2026-08-03 10:00:41,775 [ERROR] ServerAccessManage:651 - Problem during Server Connection :  : crdb.zip.
2026-08-03 10:00:44,076 [INFO] LoadUrlFilesThread:156 - End of LoadUrlFiles Thread
2026-08-03 10:00:44,929 [INFO] DbMcusAds:53 - JSON generation date=Wed Jul 15 16:44:54 GMT+07:00 2026 (1784108694001)
2026-08-03 10:00:44,932 [INFO] ApiDb:448 - Save user favorites file C:\Users\Admin/.stm32cubeide/favorites.mcus.txt: 4 item(s)
2026-08-03 10:00:44,933 [INFO] ApiDb:452 - User favorites MCUs=[STM32F103C8T6, STM32F405RGT6, STM32F411CEU6, STM32H523CET6]
2026-08-03 10:00:44,934 [INFO] ApiDb:581 - Connected to CubeFinder SQLite database (C:\Users\Admin\.stmcufinder\plugins\mcufinder\mcu\cube-finder-db.db)
2026-08-03 10:00:44,995 [INFO] ApiDb:668 - CubeFinder database Data Model version=2.1
2026-08-03 10:00:44,995 [INFO] ApiDb:669 - CubeFinder database Configuration version=3.0.42
2026-08-03 10:00:44,995 [INFO] ApiDb:670 - CubeFinder database generation date=2026-06-23 (1782213372)
2026-08-03 10:00:44,996 [INFO] ApiDb:671 - CubeFinder database FW Pack versions=[FP-ATR-ASTRA1_V2.0.0, FP-SNS-FLIGHT1_V5.1.0, FP-SNS-MOTENV1_V5.1.0, FP-SNS-MOTENVWB1_V1.5.0, FP-SNS-SMARTAG2_V1.2.0, FP-SNS-STBOX1_V2.1.0, STM32Cube_FW_C0_V1.4.0, STM32Cube_FW_F4_V1.28.3, STM32Cube_FW_F7_V1.17.4, STM32Cube_FW_G0_V1.6.3, STM32Cube_FW_G4_V1.6.2, STM32Cube_FW_H5_V1.7.0, STM32Cube_FW_H7RS_V1.3.0, STM32Cube_FW_H7_V1.13.0, STM32Cube_FW_L0_V1.12.2, STM32Cube_FW_L4_V1.18.2, STM32Cube_FW_L5_V1.6.0, STM32Cube_FW_N6_V1.4.0, STM32Cube_FW_U0_V1.3.0, STM32Cube_FW_U3_V1.4.0, STM32Cube_FW_U5_V1.9.0, STM32Cube_FW_WB0_V1.5.0, STM32Cube_FW_WBA_V1.10.0, STM32Cube_FW_WB_V1.24.0, STM32Cube_FW_WL3_V1.5.0, STM32Cube_FW_WL_V1.6.0, X-CUBE-ALGOBUILD_V1.5.0, X-CUBE-ALS_V1.0.2, X-CUBE-AZRTOS-F4_V1.1.0, X-CUBE-AZRTOS-F7_V1.1.0, X-CUBE-AZRTOS-G0_V1.1.0, X-CUBE-AZRTOS-G4_V2.0.0, X-CUBE-AZRTOS-H7RS_V1.1.0, X-CUBE-AZRTOS-H7_V3.5.0, X-CUBE-AZRTOS-L4_V2.0.0, X-CUBE-AZRTOS-L5_V2.0.0, X-CUBE-AZRTOS-WB_V2.0.0, X-CUBE-AZRTOS-WL_V2.0.0, X-CUBE-BLE1_V7.1.0, X-CUBE-BLE2_V3.3.0, X-CUBE-BLEMGR_V4.1.0, X-CUBE-EEPRMA1_V5.2.0, X-CUBE-FREERTOS_V1.5.0, X-CUBE-GNSS1_V7.1.1, X-CUBE-MEMS1_V12.1.0, X-CUBE-NFC4_V3.0.0, X-CUBE-NFC7_V2.0.0, X-CUBE-SFXS2LP1_V4.0.0, X-CUBE-ST67W61_V1.3.0, X-CUBE-SUBG2_V5.0.0, X-CUBE-TOF1_V3.4.3]
2026-08-03 10:00:46,830 [INFO] ApiDb:240 - Found 323 in-development CPN: [B-G473E-ZEST1S, B-WB1M-WPAN1, B-WL5M-SUBG1, NUCLEO-C031C6, NUCLEO-H503RB, NUCLEO-H563ZI, NUCLEO-U545RE-Q, NUCLEO-U5A5ZJ-Q, NUCLEO-WBA52CG, STEVAL-PROTEUS1, STEVAL-SMARTAG2, STEVAL-STWINBX1, STM320518-EVAL, STM32C0116-DK, STM32C011D6Y3TR, STM32C011D6Y6TR, STM32C011F4P3, STM32C011F4P6, STM32C011F4U3, STM32C011F4U6TR, STM32C011F6P3, STM32C011F6P6, STM32C011F6U3, STM32C011F6U6TR, STM32C011J4M3, STM32C011J4M6, STM32C011J6M3, STM32C011J6M6, STM32C0316-DK, STM32C031C4T3, STM32C031C4T6, STM32C031C4U3, STM32C031C4U6, STM32C031C6T3, STM32C031C6T6, STM32C031C6U3, STM32C031C6U6, STM32C031F4P3, STM32C031F4P6, STM32C031F6P3, STM32C031F6P6, STM32C031G4U3, STM32C031G4U6, STM32C031G6U3, STM32C031G6U6, STM32C031K4T3, STM32C031K4T6, STM32C031K4U3, STM32C031K4U6, STM32C031K6T3, STM32C031K6T6, STM32C031K6U3, STM32C031K6U6, STM32G071K8TXN, STM32G071K8UXN, STM32G081GBU6N, STM32G081KBT6N, STM32G081KBUXN, STM32G0B1CCT6N, STM32G0B1KCT6, STM32G0B1NEY6TR, STM32G0B1RCT6N, STM32G0C1CCT6, STM32G0C1CCT6N, STM32G0C1CCU6N, STM32G0C1CET6N, STM32G0C1CEU6N, STM32G0C1KCT6, STM32G0C1NEY6TR, STM32G0C1RCI6N, STM32G0C1RCT6N, STM32G0C1REI6N, STM32G0C1RET6N, STM32G0C1VCI6, STM32G0C1VEI6, STM32G471CCT6, STM32G471CCU6, STM32G471CET3, STM32G471CET6, STM32G471CEU3, STM32G471CEU6, STM32G471MCT6, STM32G471MET3, STM32G471MET6, STM32G471MEY6TR, STM32G471QCT6, STM32G471QET3, STM32G471RCT6, STM32G471RET3, STM32G471RET6, STM32G471VCH6, STM32G471VCI6, STM32G471VCT6, STM32G471VEH3, STM32G471VEH6, STM32G471VEI3, STM32G471VEI6, STM32G471VET3, STM32G471VET6, STM32G474CCT6, STM32H503CBT6, STM32H503CBU6, STM32H503EBY6TR, STM32H503KBU6, STM32H503RBT6, STM32H562AGI6, STM32H562AII6, STM32H562IGK6, STM32H562IGT6, STM32H562IIK6, STM32H562IIT6, STM32H562RGT6, STM32H562RGV6, STM32H562RIT6, STM32H562RIV6, STM32H562VGT6, STM32H562VIT6, STM32H562ZGT6, STM32H562ZIT6, STM32H563AGI6, STM32H563AII3Q, STM32H563AII6, STM32H563IGK6, STM32H563IGT6, STM32H563IIK3Q, STM32H563IIK6, STM32H563IIT3Q, STM32H563IIT6, STM32H563MIY3QTR, STM32H563RGT6, STM32H563RGV6, STM32H563RIT6, STM32H563RIV6, STM32H563VGT6, STM32H563VIT3Q, STM32H563VIT6, STM32H563ZGT6, STM32H563ZIT3Q, STM32H563ZIT6, STM32H573AII3Q, STM32H573AII6, STM32H573I-DK, STM32H573IIK3Q, STM32H573IIK6, STM32H573IIT3Q, STM32H573IIT6, STM32H573MIY3QTR, STM32H573RIT6, STM32H573RIV6, STM32H573VIT3Q, STM32H573VIT6, STM32H573ZIT3Q, STM32H573ZIT6, STM32L4R5QGI6STR, STM32MP131AAE3, STM32MP131AAF3, STM32MP131AAG3, STM32MP131CAE3, STM32MP131CAF3, STM32MP131CAG3, STM32MP131DAE7, STM32MP131DAF7, STM32MP131DAG7, STM32MP131FAE7, STM32MP131FAF7, STM32MP131FAG7, STM32MP133AAE3, STM32MP133AAF3, STM32MP133AAG3, STM32MP133CAE3, STM32MP133CAF3, STM32MP133CAG3, STM32MP133DAE7, STM32MP133DAF7, STM32MP133DAG7, STM32MP133FAE7, STM32MP133FAF7, STM32MP133FAG7, STM32MP135AAE3, STM32MP135AAF3, STM32MP135AAG3, STM32MP135CAE3, STM32MP135CAF3, STM32MP135CAG3, STM32MP135DAE7, STM32MP135DAF7, STM32MP135DAG7, STM32MP135F-DK, STM32MP135FAE7, STM32MP135FAF7, STM32MP135FAF7T, STM32MP135FAF7U, STM32MP135FAG7, STM32U535CBT6, STM32U535CBT6Q, STM32U535CBU6, STM32U535CBU6Q, STM32U535CCT6, STM32U535CCT6Q, STM32U535CCU6, STM32U535CCU6Q, STM32U535CET6, STM32U535CET6Q, STM32U535CEU6, STM32U535CEU6Q, STM32U535JEY6QTR, STM32U535NCY6QTR, STM32U535NEY6QTR, STM32U535RBI6, STM32U535RBI6Q, STM32U535RBT6, STM32U535RBT6Q, STM32U535RCI6, STM32U535RCI6Q, STM32U535RCT6, STM32U535RCT6Q, STM32U535REI6, STM32U535REI6Q, STM32U535RET6, STM32U535RET6Q, STM32U535VCI6, STM32U535VCI6Q, STM32U535VCT6, STM32U535VCT6Q, STM32U535VEI6, STM32U535VEI6Q, STM32U535VET6, STM32U535VET6Q, STM32U545CET6, STM32U545CET6Q, STM32U545CEU6, STM32U545CEU6Q, STM32U545JEY6QTR, STM32U545NEY6QTR, STM32U545REI6, STM32U545REI6Q, STM32U545RET6, STM32U545RET6Q, STM32U545VEI6, STM32U545VEI6Q, STM32U545VET6, STM32U545VET6Q, STM32U595AIH6, STM32U595AIH6Q, STM32U595AJH6, STM32U595AJH6Q, STM32U595QII6, STM32U595QII6Q, STM32U595QJI6, STM32U595QJI6Q, STM32U595RIT6, STM32U595RIT6Q, STM32U595RJT6, STM32U595RJT6Q, STM32U595VIT6, STM32U595VIT6Q, STM32U595VJT6, STM32U595VJT6Q, STM32U595ZIT6, STM32U595ZIT6Q, STM32U595ZIY6QTR, STM32U595ZJT6, STM32U595ZJT6Q, STM32U595ZJY6QTR, STM32U599BJY6QTR, STM32U599NIH6Q, STM32U599NJH6Q, STM32U599VIT6Q, STM32U599VJT6, STM32U599VJT6Q, STM32U599ZIT6Q, STM32U599ZIY6QTR, STM32U599ZJT6Q, STM32U599ZJY6QTR, STM32U5A5AJH6, STM32U5A5AJH6Q, STM32U5A5QJI6, STM32U5A5QJI6Q, STM32U5A5RJT6, STM32U5A5RJT6Q, STM32U5A5VJT6, STM32U5A5VJT6Q, STM32U5A5ZJT6, STM32U5A5ZJT6Q, STM32U5A5ZJY6QTR, STM32U5A9BJY6QTR, STM32U5A9J-DK, STM32U5A9NJH6Q, STM32U5A9VJT6Q, STM32U5A9ZJT6Q, STM32U5A9ZJY6QTR, STM32U5F7VIT6, STM32U5F7VIT6Q, STM32U5F7VJT6, STM32U5F7VJT6Q, STM32U5F9BJY6QTR, STM32U5F9NJH6Q, STM32U5F9VIT6Q, STM32U5F9VJT6Q, STM32U5F9ZIJ6QTR, STM32U5F9ZIT6Q, STM32U5F9ZJJ6QTR, STM32U5F9ZJT6Q, STM32U5G7VJT6, STM32U5G7VJT6Q, STM32U5G9BJY6QTR, STM32U5G9J-DK1, STM32U5G9J-DK2, STM32U5G9NJH6Q, STM32U5G9VJT6Q, STM32U5G9ZJJ6QTR, STM32U5G9ZJT6Q, STM32WB1MMCH6, STM32WBA52CEU6, STM32WBA52CEU6T, STM32WBA52CGU6, STM32WBA52CGU6T, STM32WBA52KEU6, STM32WBA52KEU6T, STM32WBA52KGU6, STM32WBA52KGU6T, STM32WL5MOCH6, STM32WL5MOCH6TR]
2026-08-03 10:00:46,834 [INFO] DbMcus:217 - Found 5228 MCUs, 5075 are supported
2026-08-03 10:00:46,834 [INFO] ApiDb:423 - Load user favorites file C:\Users\Admin/.stm32cubeide/favorites.mcus.txt: 4 item(s)
2026-08-03 10:00:46,834 [INFO] ApiDb:427 - User favorites MCUs=[STM32F103C8T6, STM32F405RGT6, STM32F411CEU6, STM32H523CET6]
2026-08-03 10:00:46,834 [INFO] DbMcus:223 - Set 4 / 4 favorites MCUs
2026-08-03 10:00:47,177 [ERROR] TargetSelectorAdapter:267 - Unable to refresh data
2026-08-03 10:00:47,255 [INFO] ApiDb:668 - CubeFinder database Data Model version=2.1
2026-08-03 10:00:47,256 [INFO] ApiDb:669 - CubeFinder database Configuration version=3.0.42
2026-08-03 10:00:47,256 [INFO] ApiDb:670 - CubeFinder database generation date=2026-06-23 (1782213372)
2026-08-03 10:00:47,256 [INFO] ApiDb:671 - CubeFinder database FW Pack versions=[FP-ATR-ASTRA1_V2.0.0, FP-SNS-FLIGHT1_V5.1.0, FP-SNS-MOTENV1_V5.1.0, FP-SNS-MOTENVWB1_V1.5.0, FP-SNS-SMARTAG2_V1.2.0, FP-SNS-STBOX1_V2.1.0, STM32Cube_FW_C0_V1.4.0, STM32Cube_FW_F4_V1.28.3, STM32Cube_FW_F7_V1.17.4, STM32Cube_FW_G0_V1.6.3, STM32Cube_FW_G4_V1.6.2, STM32Cube_FW_H5_V1.7.0, STM32Cube_FW_H7RS_V1.3.0, STM32Cube_FW_H7_V1.13.0, STM32Cube_FW_L0_V1.12.2, STM32Cube_FW_L4_V1.18.2, STM32Cube_FW_L5_V1.6.0, STM32Cube_FW_N6_V1.4.0, STM32Cube_FW_U0_V1.3.0, STM32Cube_FW_U3_V1.4.0, STM32Cube_FW_U5_V1.9.0, STM32Cube_FW_WB0_V1.5.0, STM32Cube_FW_WBA_V1.10.0, STM32Cube_FW_WB_V1.24.0, STM32Cube_FW_WL3_V1.5.0, STM32Cube_FW_WL_V1.6.0, X-CUBE-ALGOBUILD_V1.5.0, X-CUBE-ALS_V1.0.2, X-CUBE-AZRTOS-F4_V1.1.0, X-CUBE-AZRTOS-F7_V1.1.0, X-CUBE-AZRTOS-G0_V1.1.0, X-CUBE-AZRTOS-G4_V2.0.0, X-CUBE-AZRTOS-H7RS_V1.1.0, X-CUBE-AZRTOS-H7_V3.5.0, X-CUBE-AZRTOS-L4_V2.0.0, X-CUBE-AZRTOS-L5_V2.0.0, X-CUBE-AZRTOS-WB_V2.0.0, X-CUBE-AZRTOS-WL_V2.0.0, X-CUBE-BLE1_V7.1.0, X-CUBE-BLE2_V3.3.0, X-CUBE-BLEMGR_V4.1.0, X-CUBE-EEPRMA1_V5.2.0, X-CUBE-FREERTOS_V1.5.0, X-CUBE-GNSS1_V7.1.1, X-CUBE-MEMS1_V12.1.0, X-CUBE-NFC4_V3.0.0, X-CUBE-NFC7_V2.0.0, X-CUBE-SFXS2LP1_V4.0.0, X-CUBE-ST67W61_V1.3.0, X-CUBE-SUBG2_V5.0.0, X-CUBE-TOF1_V3.4.3]
2026-08-03 10:00:47,294 [INFO] DbBoardsSqlite:226 - include board P-NUCLEO-WB55-NUCLEO as a kit item of type 'Nucleo-64'
2026-08-03 10:00:47,294 [INFO] DbBoardsSqlite:226 - include board P-NUCLEO-WB55-USBDONGLE as a kit item of type 'Nucleo USB Dongle'
2026-08-03 10:00:47,294 [INFO] DbBoardsSqlite:226 - include board STEVAL-IDP005V1 as a kit item of type 'Evaluation Board'
2026-08-03 10:00:47,295 [INFO] DbBoardsSqlite:226 - include board STEVAL-IDP005V2 as a kit item of type 'Evaluation Board'
2026-08-03 10:00:47,350 [INFO] ApiDb:240 - Found 323 in-development CPN: [B-G473E-ZEST1S, B-WB1M-WPAN1, B-WL5M-SUBG1, NUCLEO-C031C6, NUCLEO-H503RB, NUCLEO-H563ZI, NUCLEO-U545RE-Q, NUCLEO-U5A5ZJ-Q, NUCLEO-WBA52CG, STEVAL-PROTEUS1, STEVAL-SMARTAG2, STEVAL-STWINBX1, STM320518-EVAL, STM32C0116-DK, STM32C011D6Y3TR, STM32C011D6Y6TR, STM32C011F4P3, STM32C011F4P6, STM32C011F4U3, STM32C011F4U6TR, STM32C011F6P3, STM32C011F6P6, STM32C011F6U3, STM32C011F6U6TR, STM32C011J4M3, STM32C011J4M6, STM32C011J6M3, STM32C011J6M6, STM32C0316-DK, STM32C031C4T3, STM32C031C4T6, STM32C031C4U3, STM32C031C4U6, STM32C031C6T3, STM32C031C6T6, STM32C031C6U3, STM32C031C6U6, STM32C031F4P3, STM32C031F4P6, STM32C031F6P3, STM32C031F6P6, STM32C031G4U3, STM32C031G4U6, STM32C031G6U3, STM32C031G6U6, STM32C031K4T3, STM32C031K4T6, STM32C031K4U3, STM32C031K4U6, STM32C031K6T3, STM32C031K6T6, STM32C031K6U3, STM32C031K6U6, STM32G071K8TXN, STM32G071K8UXN, STM32G081GBU6N, STM32G081KBT6N, STM32G081KBUXN, STM32G0B1CCT6N, STM32G0B1KCT6, STM32G0B1NEY6TR, STM32G0B1RCT6N, STM32G0C1CCT6, STM32G0C1CCT6N, STM32G0C1CCU6N, STM32G0C1CET6N, STM32G0C1CEU6N, STM32G0C1KCT6, STM32G0C1NEY6TR, STM32G0C1RCI6N, STM32G0C1RCT6N, STM32G0C1REI6N, STM32G0C1RET6N, STM32G0C1VCI6, STM32G0C1VEI6, STM32G471CCT6, STM32G471CCU6, STM32G471CET3, STM32G471CET6, STM32G471CEU3, STM32G471CEU6, STM32G471MCT6, STM32G471MET3, STM32G471MET6, STM32G471MEY6TR, STM32G471QCT6, STM32G471QET3, STM32G471RCT6, STM32G471RET3, STM32G471RET6, STM32G471VCH6, STM32G471VCI6, STM32G471VCT6, STM32G471VEH3, STM32G471VEH6, STM32G471VEI3, STM32G471VEI6, STM32G471VET3, STM32G471VET6, STM32G474CCT6, STM32H503CBT6, STM32H503CBU6, STM32H503EBY6TR, STM32H503KBU6, STM32H503RBT6, STM32H562AGI6, STM32H562AII6, STM32H562IGK6, STM32H562IGT6, STM32H562IIK6, STM32H562IIT6, STM32H562RGT6, STM32H562RGV6, STM32H562RIT6, STM32H562RIV6, STM32H562VGT6, STM32H562VIT6, STM32H562ZGT6, STM32H562ZIT6, STM32H563AGI6, STM32H563AII3Q, STM32H563AII6, STM32H563IGK6, STM32H563IGT6, STM32H563IIK3Q, STM32H563IIK6, STM32H563IIT3Q, STM32H563IIT6, STM32H563MIY3QTR, STM32H563RGT6, STM32H563RGV6, STM32H563RIT6, STM32H563RIV6, STM32H563VGT6, STM32H563VIT3Q, STM32H563VIT6, STM32H563ZGT6, STM32H563ZIT3Q, STM32H563ZIT6, STM32H573AII3Q, STM32H573AII6, STM32H573I-DK, STM32H573IIK3Q, STM32H573IIK6, STM32H573IIT3Q, STM32H573IIT6, STM32H573MIY3QTR, STM32H573RIT6, STM32H573RIV6, STM32H573VIT3Q, STM32H573VIT6, STM32H573ZIT3Q, STM32H573ZIT6, STM32L4R5QGI6STR, STM32MP131AAE3, STM32MP131AAF3, STM32MP131AAG3, STM32MP131CAE3, STM32MP131CAF3, STM32MP131CAG3, STM32MP131DAE7, STM32MP131DAF7, STM32MP131DAG7, STM32MP131FAE7, STM32MP131FAF7, STM32MP131FAG7, STM32MP133AAE3, STM32MP133AAF3, STM32MP133AAG3, STM32MP133CAE3, STM32MP133CAF3, STM32MP133CAG3, STM32MP133DAE7, STM32MP133DAF7, STM32MP133DAG7, STM32MP133FAE7, STM32MP133FAF7, STM32MP133FAG7, STM32MP135AAE3, STM32MP135AAF3, STM32MP135AAG3, STM32MP135CAE3, STM32MP135CAF3, STM32MP135CAG3, STM32MP135DAE7, STM32MP135DAF7, STM32MP135DAG7, STM32MP135F-DK, STM32MP135FAE7, STM32MP135FAF7, STM32MP135FAF7T, STM32MP135FAF7U, STM32MP135FAG7, STM32U535CBT6, STM32U535CBT6Q, STM32U535CBU6, STM32U535CBU6Q, STM32U535CCT6, STM32U535CCT6Q, STM32U535CCU6, STM32U535CCU6Q, STM32U535CET6, STM32U535CET6Q, STM32U535CEU6, STM32U535CEU6Q, STM32U535JEY6QTR, STM32U535NCY6QTR, STM32U535NEY6QTR, STM32U535RBI6, STM32U535RBI6Q, STM32U535RBT6, STM32U535RBT6Q, STM32U535RCI6, STM32U535RCI6Q, STM32U535RCT6, STM32U535RCT6Q, STM32U535REI6, STM32U535REI6Q, STM32U535RET6, STM32U535RET6Q, STM32U535VCI6, STM32U535VCI6Q, STM32U535VCT6, STM32U535VCT6Q, STM32U535VEI6, STM32U535VEI6Q, STM32U535VET6, STM32U535VET6Q, STM32U545CET6, STM32U545CET6Q, STM32U545CEU6, STM32U545CEU6Q, STM32U545JEY6QTR, STM32U545NEY6QTR, STM32U545REI6, STM32U545REI6Q, STM32U545RET6, STM32U545RET6Q, STM32U545VEI6, STM32U545VEI6Q, STM32U545VET6, STM32U545VET6Q, STM32U595AIH6, STM32U595AIH6Q, STM32U595AJH6, STM32U595AJH6Q, STM32U595QII6, STM32U595QII6Q, STM32U595QJI6, STM32U595QJI6Q, STM32U595RIT6, STM32U595RIT6Q, STM32U595RJT6, STM32U595RJT6Q, STM32U595VIT6, STM32U595VIT6Q, STM32U595VJT6, STM32U595VJT6Q, STM32U595ZIT6, STM32U595ZIT6Q, STM32U595ZIY6QTR, STM32U595ZJT6, STM32U595ZJT6Q, STM32U595ZJY6QTR, STM32U599BJY6QTR, STM32U599NIH6Q, STM32U599NJH6Q, STM32U599VIT6Q, STM32U599VJT6, STM32U599VJT6Q, STM32U599ZIT6Q, STM32U599ZIY6QTR, STM32U599ZJT6Q, STM32U599ZJY6QTR, STM32U5A5AJH6, STM32U5A5AJH6Q, STM32U5A5QJI6, STM32U5A5QJI6Q, STM32U5A5RJT6, STM32U5A5RJT6Q, STM32U5A5VJT6, STM32U5A5VJT6Q, STM32U5A5ZJT6, STM32U5A5ZJT6Q, STM32U5A5ZJY6QTR, STM32U5A9BJY6QTR, STM32U5A9J-DK, STM32U5A9NJH6Q, STM32U5A9VJT6Q, STM32U5A9ZJT6Q, STM32U5A9ZJY6QTR, STM32U5F7VIT6, STM32U5F7VIT6Q, STM32U5F7VJT6, STM32U5F7VJT6Q, STM32U5F9BJY6QTR, STM32U5F9NJH6Q, STM32U5F9VIT6Q, STM32U5F9VJT6Q, STM32U5F9ZIJ6QTR, STM32U5F9ZIT6Q, STM32U5F9ZJJ6QTR, STM32U5F9ZJT6Q, STM32U5G7VJT6, STM32U5G7VJT6Q, STM32U5G9BJY6QTR, STM32U5G9J-DK1, STM32U5G9J-DK2, STM32U5G9NJH6Q, STM32U5G9VJT6Q, STM32U5G9ZJJ6QTR, STM32U5G9ZJT6Q, STM32WB1MMCH6, STM32WBA52CEU6, STM32WBA52CEU6T, STM32WBA52CGU6, STM32WBA52CGU6T, STM32WBA52KEU6, STM32WBA52KEU6T, STM32WBA52KGU6, STM32WBA52KGU6T, STM32WL5MOCH6, STM32WL5MOCH6TR]
2026-08-03 10:00:47,379 [INFO] BoardInfo:880 - No configuration file found for board B-WBA5M-WPAN
2026-08-03 10:00:47,379 [INFO] DbBoards:157 - Board is not supported: B-WBA5M-WPAN
2026-08-03 10:00:47,382 [INFO] BoardInfo:880 - No configuration file found for board NUCLEO-C051C8
2026-08-03 10:00:47,382 [INFO] DbBoards:157 - Board is not supported: NUCLEO-C051C8
2026-08-03 10:00:47,383 [INFO] BoardInfo:880 - No configuration file found for board NUCLEO-C071RB
2026-08-03 10:00:47,383 [INFO] DbBoards:157 - Board is not supported: NUCLEO-C071RB
2026-08-03 10:00:47,383 [INFO] BoardInfo:880 - No configuration file found for board NUCLEO-C092RC
2026-08-03 10:00:47,383 [INFO] DbBoards:157 - Board is not supported: NUCLEO-C092RC
2026-08-03 10:00:47,412 [INFO] BoardInfo:880 - No configuration file found for board NUCLEO-H533RE
2026-08-03 10:00:47,412 [INFO] DbBoards:157 - Board is not supported: NUCLEO-H533RE
2026-08-03 10:00:47,414 [INFO] BoardInfo:880 - No configuration file found for board NUCLEO-H5E5ZJ
2026-08-03 10:00:47,414 [INFO] DbBoards:157 - Board is not supported: NUCLEO-H5E5ZJ
2026-08-03 10:00:47,420 [INFO] BoardInfo:880 - No configuration file found for board NUCLEO-H7S3L8
2026-08-03 10:00:47,420 [INFO] DbBoards:157 - Board is not supported: NUCLEO-H7S3L8
2026-08-03 10:00:47,434 [INFO] BoardInfo:880 - No configuration file found for board NUCLEO-N657X0-Q
2026-08-03 10:00:47,435 [INFO] DbBoards:157 - Board is not supported: NUCLEO-N657X0-Q
2026-08-03 10:00:47,435 [INFO] BoardInfo:880 - No configuration file found for board NUCLEO-U031R8
2026-08-03 10:00:47,435 [INFO] DbBoards:157 - Board is not supported: NUCLEO-U031R8
2026-08-03 10:00:47,436 [INFO] BoardInfo:880 - No configuration file found for board NUCLEO-U083RC
2026-08-03 10:00:47,436 [INFO] DbBoards:157 - Board is not supported: NUCLEO-U083RC
2026-08-03 10:00:47,437 [INFO] BoardInfo:880 - No configuration file found for board NUCLEO-U385RG-Q
2026-08-03 10:00:47,437 [INFO] DbBoards:157 - Board is not supported: NUCLEO-U385RG-Q
2026-08-03 10:00:47,438 [INFO] BoardInfo:880 - No configuration file found for board NUCLEO-U3C5ZI-Q
2026-08-03 10:00:47,438 [INFO] DbBoards:157 - Board is not supported: NUCLEO-U3C5ZI-Q
2026-08-03 10:00:47,440 [INFO] BoardInfo:880 - No configuration file found for board NUCLEO-WB05KZ
2026-08-03 10:00:47,441 [INFO] DbBoards:157 - Board is not supported: NUCLEO-WB05KZ
2026-08-03 10:00:47,441 [INFO] BoardInfo:880 - No configuration file found for board NUCLEO-WB07CC
2026-08-03 10:00:47,441 [INFO] DbBoards:157 - Board is not supported: NUCLEO-WB07CC
2026-08-03 10:00:47,442 [INFO] BoardInfo:880 - No configuration file found for board NUCLEO-WB09KE
2026-08-03 10:00:47,442 [INFO] DbBoards:157 - Board is not supported: NUCLEO-WB09KE
2026-08-03 10:00:47,444 [INFO] BoardInfo:880 - No configuration file found for board NUCLEO-WBA25CE1
2026-08-03 10:00:47,444 [INFO] DbBoards:157 - Board is not supported: NUCLEO-WBA25CE1
2026-08-03 10:00:47,446 [INFO] BoardInfo:880 - No configuration file found for board NUCLEO-WBA55CG
2026-08-03 10:00:47,446 [INFO] DbBoards:157 - Board is not supported: NUCLEO-WBA55CG
2026-08-03 10:00:47,446 [INFO] BoardInfo:880 - No configuration file found for board NUCLEO-WBA65RI
2026-08-03 10:00:47,446 [INFO] DbBoards:157 - Board is not supported: NUCLEO-WBA65RI
2026-08-03 10:00:47,447 [INFO] BoardInfo:880 - No configuration file found for board NUCLEO-WL33CC1
2026-08-03 10:00:47,448 [INFO] DbBoards:157 - Board is not supported: NUCLEO-WL33CC1
2026-08-03 10:00:47,448 [INFO] BoardInfo:880 - No configuration file found for board NUCLEO-WL33CC2
2026-08-03 10:00:47,448 [INFO] DbBoards:157 - Board is not supported: NUCLEO-WL33CC2
2026-08-03 10:00:47,449 [INFO] BoardInfo:880 - No configuration file found for board NUCLEO-WL3RKB1
2026-08-03 10:00:47,449 [INFO] DbBoards:157 - Board is not supported: NUCLEO-WL3RKB1
2026-08-03 10:00:47,450 [INFO] BoardInfo:880 - No configuration file found for board NUCLEO-WL3RKB2
2026-08-03 10:00:47,450 [INFO] DbBoards:157 - Board is not supported: NUCLEO-WL3RKB2
2026-08-03 10:00:47,454 [INFO] BoardInfo:880 - No configuration file found for board P-NUCLEO-WB55
2026-08-03 10:00:47,454 [INFO] DbBoards:157 - Kit is not supported: P-NUCLEO-WB55
2026-08-03 10:00:47,456 [INFO] BoardInfo:880 - No configuration file found for board STEVAL-BFA001V1B
2026-08-03 10:00:47,456 [INFO] DbBoards:157 - Kit is not supported: STEVAL-BFA001V1B
2026-08-03 10:00:47,457 [INFO] BoardInfo:880 - No configuration file found for board STEVAL-BFA001V2B
2026-08-03 10:00:47,457 [INFO] DbBoards:157 - Kit is not supported: STEVAL-BFA001V2B
2026-08-03 10:00:47,459 [INFO] BoardInfo:880 - No configuration file found for board STEVAL-MKBOXPRO
2026-08-03 10:00:47,459 [INFO] DbBoards:157 - Board is not supported: STEVAL-MKBOXPRO
2026-08-03 10:00:47,498 [INFO] BoardInfo:880 - No configuration file found for board STM32H5F5J-DK
2026-08-03 10:00:47,498 [INFO] DbBoards:157 - Board is not supported: STM32H5F5J-DK
2026-08-03 10:00:47,508 [INFO] BoardInfo:880 - No configuration file found for board STM32H7S78-DK
2026-08-03 10:00:47,508 [INFO] DbBoards:157 - Board is not supported: STM32H7S78-DK
2026-08-03 10:00:47,522 [INFO] BoardInfo:880 - No configuration file found for board STM32MP215F-DK
2026-08-03 10:00:47,522 [INFO] DbBoards:157 - Board is not supported: STM32MP215F-DK
2026-08-03 10:00:47,523 [INFO] BoardInfo:880 - No configuration file found for board STM32MP257F-DK
2026-08-03 10:00:47,523 [INFO] DbBoards:157 - Board is not supported: STM32MP257F-DK
2026-08-03 10:00:47,523 [INFO] BoardInfo:880 - No configuration file found for board STM32MP257F-EV1
2026-08-03 10:00:47,523 [INFO] DbBoards:157 - Board is not supported: STM32MP257F-EV1
2026-08-03 10:00:47,524 [INFO] BoardInfo:880 - No configuration file found for board STM32N6570-DK
2026-08-03 10:00:47,524 [INFO] DbBoards:157 - Board is not supported: STM32N6570-DK
2026-08-03 10:00:47,525 [INFO] BoardInfo:880 - No configuration file found for board STM32U083C-DK
2026-08-03 10:00:47,525 [INFO] DbBoards:157 - Board is not supported: STM32U083C-DK
2026-08-03 10:00:47,530 [INFO] BoardInfo:880 - No configuration file found for board STM32WBA55G-DK1
2026-08-03 10:00:47,530 [INFO] DbBoards:157 - Board is not supported: STM32WBA55G-DK1
2026-08-03 10:00:47,531 [INFO] BoardInfo:880 - No configuration file found for board STM32WBA65I-DK1
2026-08-03 10:00:47,531 [INFO] DbBoards:157 - Board is not supported: STM32WBA65I-DK1
2026-08-03 10:00:47,531 [INFO] DbBoards:161 - Found 218 boards, 183 are supported
2026-08-03 10:00:47,535 [INFO] ApiDb:423 - Load user favorites file C:\Users\Admin/.stm32cubeide/favorites.boards.txt: 0 item(s)
2026-08-03 10:00:47,535 [INFO] ApiDb:427 - User favorites Boards=[]
2026-08-03 10:00:47,535 [INFO] DbBoards:190 - Set 0 / 0 favorites Boards
2026-08-03 10:00:47,535 [INFO] McuFinderGlobals:76 - Set McuFinderConnectedMode to true
2026-08-03 10:00:47,541 [INFO] MultiScanPanel:200 - Auto-refresh data requested => check proxy status ongoing
2026-08-03 10:00:47,543 [INFO] FinderPluginLoader:95 - Searching for filters in installed packs
2026-08-03 10:00:48,581 [INFO] LoadUrlFilesThread:185 - End of LoadServerUrlFiles without Thread
2026-08-03 10:00:48,591 [INFO] DetailPanel:341 - Set advertising image to C:/Users/Admin/STM32Cube/Repository/\en.stm32h5cubemxbanner.png
2026-08-03 10:01:04,369 [INFO] MainUpdater:2868 - connection check result : 10
2026-08-03 10:01:04,369 [INFO] MainUpdater:2868 - connection check result : 10
2026-08-03 10:01:04,460 [INFO] MicroXplorer:468 - Change Database Path : 
2026-08-03 10:01:04,460 [INFO] MicroXplorer:498 - Change Database Version : DB.6.0.91
2026-08-03 10:01:04,476 [WARN] ThirdParty:871 - waiting for thirdparty lock release [close project]
2026-08-03 10:01:04,476 [INFO] ThirdParty:873 - entering critical section [close project]
2026-08-03 10:01:04,476 [INFO] ThirdParty:883 - exiting critical section [close project]
2026-08-03 10:01:04,477 [INFO] PinOutPanel:1499 - setPackage(No Configuration,No Configuration)
2026-08-03 10:01:04,483 [WARN] IpParametersView:151 - Warning: This peripheral hasn't parameters
2026-08-03 10:01:04,486 [WARN] MainPanel:272 - <html><b><center>Warning: This peripheral has no parameters to be configured<br></b></html>
2026-08-03 10:01:04,490 [INFO] UtilMem:75 - Begin LoadConfig() Used Memory: 925306024 Bytes (1073741824)
2026-08-03 10:01:04,491 [INFO] MicroXplorer:468 - Change Database Path : 
2026-08-03 10:01:04,491 [INFO] MicroXplorer:498 - Change Database Version : DB.6.0.91
2026-08-03 10:01:04,491 [INFO] OpenFileManager:308 - Change cursor
2026-08-03 10:01:04,496 [INFO] Mcu:1946 - Initializing MCU STM32F405RGTx STM32F405RGTx STM32F405RGT6
2026-08-03 10:01:05,257 [INFO] Context:659 - Trying to add GPIOservice into a context  which must be forbidden
2026-08-03 10:01:05,445 [INFO] ImportTextPane:194 - (OptionalMessage_ERROR) Unable to find key (Mcu.ThirdPartyNb) in loaded IOC file
2026-08-03 10:01:05,445 [INFO] ImportTextPane:194 - (OptionalMessage_ERROR) Unable to find key (Mcu.PinsNb) in loaded IOC file
2026-08-03 10:01:05,445 [INFO] ImportTextPane:194 - (OptionalMessage_ERROR) Unable to find key (Mcu.IPNb) in loaded IOC file
2026-08-03 10:01:05,468 [INFO] RtosManager:555 - Registered RTOS mode: class=CMSIS, group=RTOS, mode=CMSIS_V1, owner=FREERTOS
2026-08-03 10:01:05,468 [INFO] RtosManager:555 - Registered RTOS mode: class=CMSIS, group=RTOS2, mode=CMSIS_V2, owner=FREERTOS
2026-08-03 10:01:05,468 [INFO] RtosManager:555 - Registered RTOS mode: class=RTOS, group=Core, mode=CMSIS_V1, owner=FREERTOS
2026-08-03 10:01:05,468 [INFO] RtosManager:555 - Registered RTOS mode: class=RTOS, group=Core, mode=CMSIS_V2, owner=FREERTOS
2026-08-03 10:01:05,468 [WARN] ModelIntegratedComponent:184 - Missing modes for component STMicroelectronics:FreeRTOS:0.0.1:STMicroelectronics:RTOS:FreeRTOS:Core:::10.2.0:
2026-08-03 10:01:05,521 [WARN] ModelIntegratedComponent:63 - No mode defined for component null
2026-08-03 10:01:05,521 [WARN] ModelIntegratedComponent:63 - No mode defined for component null
2026-08-03 10:01:05,521 [WARN] ModelIntegratedComponent:63 - No mode defined for component null
2026-08-03 10:01:05,521 [WARN] ModelIntegratedComponent:63 - No mode defined for component null
2026-08-03 10:01:05,521 [WARN] ModelIntegratedComponent:63 - No mode defined for component null
2026-08-03 10:01:05,521 [WARN] ModelIntegratedComponent:63 - No mode defined for component null
2026-08-03 10:01:05,521 [WARN] ModelIntegratedComponent:63 - No mode defined for component null
2026-08-03 10:01:05,521 [WARN] ModelIntegratedComponent:63 - No mode defined for component null
2026-08-03 10:01:05,521 [WARN] ModelIntegratedComponent:63 - No mode defined for component null
2026-08-03 10:01:05,521 [WARN] ModelIntegratedComponent:63 - No mode defined for component null
2026-08-03 10:01:05,521 [WARN] ModelIntegratedComponent:63 - No mode defined for component null
2026-08-03 10:01:05,521 [WARN] ModelIntegratedComponent:63 - No mode defined for component null
2026-08-03 10:01:05,521 [WARN] ModelIntegratedComponent:63 - No mode defined for component null
2026-08-03 10:01:05,521 [WARN] ModelIntegratedComponent:63 - No mode defined for component null
2026-08-03 10:01:05,521 [WARN] ModelIntegratedComponent:63 - No mode defined for component null
2026-08-03 10:01:05,521 [WARN] ModelIntegratedComponent:63 - No mode defined for component null
2026-08-03 10:01:05,521 [WARN] ModelIntegratedComponent:63 - No mode defined for component null
2026-08-03 10:01:05,521 [WARN] ModelIntegratedComponent:63 - No mode defined for component null
2026-08-03 10:01:05,521 [WARN] ModelIntegratedComponent:63 - No mode defined for component null
2026-08-03 10:01:05,522 [WARN] ModelIntegratedComponent:63 - No mode defined for component null
2026-08-03 10:01:05,522 [WARN] ModelIntegratedComponent:63 - No mode defined for component null
2026-08-03 10:01:05,522 [WARN] ModelIntegratedComponent:63 - No mode defined for component null
2026-08-03 10:01:05,522 [WARN] ModelIntegratedComponent:63 - No mode defined for component null
2026-08-03 10:01:05,522 [WARN] ModelIntegratedComponent:63 - No mode defined for component null
2026-08-03 10:01:05,522 [WARN] ModelIntegratedComponent:63 - No mode defined for component null
2026-08-03 10:01:05,522 [WARN] ModelIntegratedComponent:63 - No mode defined for component null
2026-08-03 10:01:05,522 [WARN] ModelIntegratedComponent:63 - No mode defined for component null
2026-08-03 10:01:05,522 [WARN] ModelIntegratedComponent:63 - No mode defined for component null
2026-08-03 10:01:05,522 [WARN] ModelIntegratedComponent:63 - No mode defined for component null
2026-08-03 10:01:05,522 [WARN] ModelIntegratedComponent:63 - No mode defined for component null
2026-08-03 10:01:05,522 [WARN] ModelIntegratedComponent:63 - No mode defined for component null
2026-08-03 10:01:05,522 [WARN] ModelIntegratedComponent:63 - No mode defined for component null
2026-08-03 10:01:05,522 [WARN] ModelIntegratedComponent:63 - No mode defined for component null
2026-08-03 10:01:05,576 [INFO] ThirdPartyModel:298 - Start build external matchings
2026-08-03 10:01:05,803 [INFO] ThirdPartyModel:316 - End build external matchings
2026-08-03 10:01:06,008 [INFO] UtilMem:75 - End LoadConfig() Used Memory: 925727480 Bytes (1073741824)
2026-08-03 10:01:06,015 [WARN] ThirdParty:833 - waiting for thirdparty lock release [change project]
2026-08-03 10:01:06,015 [INFO] ThirdParty:835 - entering critical section [change project]
2026-08-03 10:01:06,015 [INFO] ThirdParty:1030 - CMSIS Pack Vendor :STMicroelectronics USBPD 4.1
2026-08-03 10:01:06,015 [INFO] ThirdParty:1030 - CMSIS Pack Vendor :STMicroelectronics USB_HOST 2.0.0
2026-08-03 10:01:06,015 [INFO] ThirdParty:1030 - CMSIS Pack Vendor :STMicroelectronics FP-ATR-ASTRA1 2.0.3
2026-08-03 10:01:06,015 [INFO] ThirdParty:1030 - CMSIS Pack Vendor :STMicroelectronics X-CUBE-AZRTOS-F4 1.1.0
2026-08-03 10:01:06,015 [INFO] ThirdParty:1030 - CMSIS Pack Vendor :STMicroelectronics LIBJPEG 8.0.0
2026-08-03 10:01:06,015 [INFO] ThirdParty:1030 - CMSIS Pack Vendor :STMicroelectronics FP-ATR-ASTRA1 2.0.2
2026-08-03 10:01:06,015 [INFO] ThirdParty:1030 - CMSIS Pack Vendor :STMicroelectronics X-CUBE-SMBUS 2.1.0
2026-08-03 10:01:06,015 [INFO] ThirdParty:1030 - CMSIS Pack Vendor :wolfSSL I-CUBE-wolfMQTT 1.19.2
2026-08-03 10:01:06,015 [INFO] ThirdParty:1030 - CMSIS Pack Vendor :STMicroelectronics USB_DEVICE 3.0.0
2026-08-03 10:01:06,015 [INFO] ThirdParty:1030 - CMSIS Pack Vendor :STMicroelectronics X-CUBE-AZRTOS-F7 1.1.0
2026-08-03 10:01:06,015 [INFO] ThirdParty:1030 - CMSIS Pack Vendor :STMicroelectronics USB_DEVICE 2.0.0
2026-08-03 10:01:06,015 [INFO] ThirdParty:1030 - CMSIS Pack Vendor :STMicroelectronics X-CUBE-ALGOBUILD 1.5.0
2026-08-03 10:01:06,015 [INFO] ThirdParty:1030 - CMSIS Pack Vendor :STMicroelectronics FreeRTOS 0.0.1
2026-08-03 10:01:06,015 [INFO] ThirdParty:1030 - CMSIS Pack Vendor :STMicroelectronics X-CUBE-AZRTOS-H7RS 1.3.0
2026-08-03 10:01:06,015 [INFO] ThirdParty:1030 - CMSIS Pack Vendor :STMicroelectronics X-CUBE-AZRTOS-G0 1.1.0
2026-08-03 10:01:06,015 [INFO] ThirdParty:1030 - CMSIS Pack Vendor :STMicroelectronics X-CUBE-NFC4 3.0.0
2026-08-03 10:01:06,016 [INFO] ThirdParty:1030 - CMSIS Pack Vendor :STMicroelectronics X-CUBE-SUBG2 5.0.0
2026-08-03 10:01:06,016 [INFO] ThirdParty:1030 - CMSIS Pack Vendor :STMicroelectronics STM32_WPAN 1.0.0
2026-08-03 10:01:06,016 [INFO] ThirdParty:1030 - CMSIS Pack Vendor :STMicroelectronics lwIP 2.0.3
2026-08-03 10:01:06,016 [INFO] ThirdParty:1030 - CMSIS Pack Vendor :STMicroelectronics X-CUBE-MEMS1 13.0.0
2026-08-03 10:01:06,016 [INFO] ThirdParty:1030 - CMSIS Pack Vendor :STMicroelectronics USB_HOST 1.0.0
2026-08-03 10:01:06,016 [INFO] ThirdParty:1030 - CMSIS Pack Vendor :STMicroelectronics X-CUBE-AZRTOS-G4 2.0.0
2026-08-03 10:01:06,016 [INFO] ThirdParty:1030 - CMSIS Pack Vendor :STMicroelectronics PDM2PCM 3.1.0
2026-08-03 10:01:06,016 [INFO] ThirdParty:1030 - CMSIS Pack Vendor :STMicroelectronics PDM2PCM 3.3.0
2026-08-03 10:01:06,016 [INFO] ThirdParty:1030 - CMSIS Pack Vendor :wolfSSL I-CUBE-wolfTPM 3.8.0
2026-08-03 10:01:06,016 [INFO] ThirdParty:1030 - CMSIS Pack Vendor :STMicroelectronics X-CUBE-DISPLAY 3.0.0
2026-08-03 10:01:06,016 [INFO] ThirdParty:1030 - CMSIS Pack Vendor :wolfSSL I-CUBE-wolfSSH 1.4.20
2026-08-03 10:01:06,016 [INFO] ThirdParty:1030 - CMSIS Pack Vendor :wolfSSL I-CUBE-wolfSSL 5.9.1
2026-08-03 10:01:06,016 [INFO] ThirdParty:1030 - CMSIS Pack Vendor :STMicroelectronics FP-ATR-SIGFOX1 3.2.0
2026-08-03 10:01:06,016 [INFO] ThirdParty:1030 - CMSIS Pack Vendor :STMicroelectronics HAL Drivers 0.0.0
2026-08-03 10:01:06,016 [INFO] ThirdParty:1030 - CMSIS Pack Vendor :STMicroelectronics MBEDTLS 2.16.2
2026-08-03 10:01:06,016 [INFO] ThirdParty:1030 - CMSIS Pack Vendor :emotas I-CUBE-CANOPEN 1.3.0
2026-08-03 10:01:06,016 [INFO] ThirdParty:1030 - CMSIS Pack Vendor :STMicroelectronics MBEDTLS 2.14.1
2026-08-03 10:01:06,016 [INFO] ThirdParty:1030 - CMSIS Pack Vendor :ITTIA_DB I-CUBE-ITTIADB 8.9.0
2026-08-03 10:01:06,016 [INFO] ThirdParty:1030 - CMSIS Pack Vendor :STMicroelectronics X-CUBE-TOUCHGFX 4.26.1
2026-08-03 10:01:06,016 [INFO] ThirdParty:1030 - CMSIS Pack Vendor :STMicroelectronics X-CUBE-AI 10.2.1
2026-08-03 10:01:06,016 [INFO] ThirdParty:1030 - CMSIS Pack Vendor :STMicroelectronics ThreadX 1.0.0
2026-08-03 10:01:06,016 [INFO] ThirdParty:1030 - CMSIS Pack Vendor :STMicroelectronics X-CUBE-MEMS1 12.1.0
2026-08-03 10:01:06,016 [INFO] ThirdParty:1030 - CMSIS Pack Vendor :STMicroelectronics X-CUBE-AZRTOS-WL 2.0.0
2026-08-03 10:01:06,016 [INFO] ThirdParty:1030 - CMSIS Pack Vendor :SEGGER I-CUBE-embOS 1.3.1
2026-08-03 10:01:06,016 [INFO] ThirdParty:1030 - CMSIS Pack Vendor :STMicroelectronics X-CUBE-ALGOBUILD 1.4.0
2026-08-03 10:01:06,016 [INFO] ThirdParty:1030 - CMSIS Pack Vendor :STMicroelectronics USB_DEVICE 1.0.0
2026-08-03 10:01:06,016 [INFO] ThirdParty:1030 - CMSIS Pack Vendor :STMicroelectronics X-CUBE-AZRTOS-H7RS 1.2.0
2026-08-03 10:01:06,016 [INFO] ThirdParty:1030 - CMSIS Pack Vendor :STMicroelectronics X-CUBE-AZRTOS-L4 2.0.0
2026-08-03 10:01:06,016 [INFO] ThirdParty:1030 - CMSIS Pack Vendor :STMicroelectronics ThreadX 0.0.2
2026-08-03 10:01:06,016 [INFO] ThirdParty:1030 - CMSIS Pack Vendor :STMicroelectronics lwIP 2.1.2
2026-08-03 10:01:06,016 [INFO] ThirdParty:1030 - CMSIS Pack Vendor :STMicroelectronics X-CUBE-SFXS2LP1 4.0.0
2026-08-03 10:01:06,016 [INFO] ThirdParty:1030 - CMSIS Pack Vendor :STMicroelectronics X-CUBE-BLE2 3.3.0
2026-08-03 10:01:06,016 [INFO] ThirdParty:1030 - CMSIS Pack Vendor :STMicroelectronics X-CUBE-NFC13 1.0.0
2026-08-03 10:01:06,016 [INFO] ThirdParty:1030 - CMSIS Pack Vendor :STMicroelectronics PDM2PCM 3.2.0
2026-08-03 10:01:06,016 [INFO] ThirdParty:841 - exiting critical section [change project]
2026-08-03 10:01:06,142 [INFO] PinOutPanel:1499 - setPackage(No Configuration,No Configuration)
2026-08-03 10:01:06,142 [INFO] PinOutPanel:1499 - setPackage(STM32F405RGTx,LQFP64)
2026-08-03 10:01:06,309 [INFO] UtilMem:75 - Before build in PCC Used Memory: 841524600 Bytes (1073741824)
2026-08-03 10:01:06,532 [INFO] UtilMem:75 - After build in PCC Used Memory: 886613368 Bytes (1073741824)
2026-08-03 10:01:06,559 [INFO] IPUIPlugin:80 - create IPUIPlugin
2026-08-03 10:01:06,559 [INFO] IPUIPlugin:80 - create IPUIPlugin
2026-08-03 10:01:06,559 [INFO] IPUIPlugin:80 - create IPUIPlugin
2026-08-03 10:01:06,559 [INFO] IPUIPlugin:80 - create IPUIPlugin
2026-08-03 10:01:06,560 [INFO] IPUIPlugin:80 - create IPUIPlugin
2026-08-03 10:01:06,560 [INFO] IPUIPlugin:80 - create IPUIPlugin
2026-08-03 10:01:06,560 [INFO] IPUIPlugin:80 - create IPUIPlugin
2026-08-03 10:01:06,560 [INFO] IPUIPlugin:80 - create IPUIPlugin
2026-08-03 10:01:06,560 [INFO] IPUIPlugin:80 - create IPUIPlugin
2026-08-03 10:01:06,560 [INFO] IPUIPlugin:80 - create IPUIPlugin
2026-08-03 10:01:06,561 [INFO] IPUIPlugin:80 - create IPUIPlugin
2026-08-03 10:01:06,561 [INFO] IPUIPlugin:80 - create IPUIPlugin
2026-08-03 10:01:06,561 [INFO] IPUIPlugin:80 - create IPUIPlugin
2026-08-03 10:01:06,561 [INFO] IPUIPlugin:80 - create IPUIPlugin
2026-08-03 10:01:06,561 [INFO] IPUIPlugin:80 - create IPUIPlugin
2026-08-03 10:01:06,561 [INFO] IPUIPlugin:80 - create IPUIPlugin
2026-08-03 10:01:06,562 [INFO] IPUIPlugin:80 - create IPUIPlugin
2026-08-03 10:01:06,562 [INFO] IPUIPlugin:80 - create IPUIPlugin
2026-08-03 10:01:06,562 [INFO] IPUIPlugin:80 - create IPUIPlugin
2026-08-03 10:01:06,562 [INFO] IPUIPlugin:80 - create IPUIPlugin
2026-08-03 10:01:06,562 [INFO] IPUIPlugin:80 - create IPUIPlugin
2026-08-03 10:01:06,562 [INFO] IPUIPlugin:80 - create IPUIPlugin
2026-08-03 10:01:06,563 [INFO] IPUIPlugin:80 - create IPUIPlugin
2026-08-03 10:01:06,563 [INFO] IPUIPlugin:80 - create IPUIPlugin
2026-08-03 10:01:06,563 [INFO] IPUIPlugin:80 - create IPUIPlugin
2026-08-03 10:01:06,563 [INFO] IPUIPlugin:80 - create IPUIPlugin
2026-08-03 10:01:06,563 [INFO] IPUIPlugin:80 - create IPUIPlugin
2026-08-03 10:01:06,564 [INFO] IPUIPlugin:80 - create IPUIPlugin
2026-08-03 10:01:06,564 [INFO] IPUIPlugin:80 - create IPUIPlugin
2026-08-03 10:01:06,564 [INFO] IPUIPlugin:80 - create IPUIPlugin
2026-08-03 10:01:06,564 [INFO] IPUIPlugin:80 - create IPUIPlugin
2026-08-03 10:01:06,564 [INFO] IPUIPlugin:80 - create IPUIPlugin
2026-08-03 10:01:06,565 [INFO] IPUIPlugin:80 - create IPUIPlugin
2026-08-03 10:01:06,565 [INFO] IPUIPlugin:80 - create IPUIPlugin
2026-08-03 10:01:06,565 [INFO] IPUIPlugin:80 - create IPUIPlugin
2026-08-03 10:01:06,565 [INFO] IPUIPlugin:80 - create IPUIPlugin
2026-08-03 10:01:06,566 [INFO] IPUIPlugin:80 - create IPUIPlugin
2026-08-03 10:01:06,566 [INFO] IPUIPlugin:80 - create IPUIPlugin
2026-08-03 10:01:06,566 [INFO] IPUIPlugin:80 - create IPUIPlugin
2026-08-03 10:01:06,566 [INFO] IPUIPlugin:80 - create IPUIPlugin
2026-08-03 10:01:06,566 [INFO] IPUIPlugin:80 - create IPUIPlugin
2026-08-03 10:01:06,567 [INFO] IPUIPlugin:80 - create IPUIPlugin
2026-08-03 10:01:06,567 [INFO] IPUIPlugin:80 - create IPUIPlugin
2026-08-03 10:01:06,567 [INFO] IPUIPlugin:80 - create IPUIPlugin
2026-08-03 10:01:06,568 [INFO] IPUIPlugin:80 - create IPUIPlugin
2026-08-03 10:01:06,568 [INFO] IPUIPlugin:80 - create IPUIPlugin
2026-08-03 10:01:06,568 [INFO] IPUIPlugin:80 - create IPUIPlugin
2026-08-03 10:01:06,568 [INFO] IPUIPlugin:80 - create IPUIPlugin
2026-08-03 10:01:06,569 [INFO] IPUIPlugin:80 - create IPUIPlugin
2026-08-03 10:01:06,569 [INFO] IPUIPlugin:80 - create IPUIPlugin
2026-08-03 10:01:06,569 [INFO] IPUIPlugin:80 - create IPUIPlugin
2026-08-03 10:01:06,570 [INFO] IPUIPlugin:80 - create IPUIPlugin
2026-08-03 10:01:06,570 [INFO] IPUIPlugin:80 - create IPUIPlugin
2026-08-03 10:01:06,571 [INFO] IPUIPlugin:80 - create IPUIPlugin
2026-08-03 10:01:06,574 [INFO] ApiDbMcu:507 - Load IP Config File for PDM2PCM
2026-08-03 10:01:06,606 [INFO] CADModel:165 - CPN selected for project levelSTM32F405RGT6
2026-08-03 10:01:06,606 [INFO] CADModel:114 - Register for checkConnection events
2026-08-03 10:01:06,646 [INFO] OpenFileManager:328 - Restore cursor
2026-08-03 10:01:07,059 [INFO] UtilMem:75 - End SaveConfig() Used Memory: 850137592 Bytes (1073741824)
2026-08-03 10:01:07,100 [INFO] UtilMem:75 - End SaveConfig() Used Memory: 872449928 Bytes (1073741824)
2026-08-03 10:01:07,386 [INFO] BlockDiagram:2759 - set Specific Code input for plugin: RCC
2026-08-03 10:01:07,386 [INFO] BlockDiagram:2759 - set Specific Code input for plugin: NVIC
2026-08-03 10:01:07,387 [INFO] CodeGenerator:799 - code generatio: config db path: C:\ST\STM32CubeIDE_1.13.1\STM32CubeIDE\plugins\com.st.stm32cube.common.mx_6.9.1.202307191849\\db\
2026-08-03 10:01:07,546 [INFO] CodeEngine:255 - oldGeneratedFile, C:\Users\Admin\Documents\GitHub\Drone-RTOS\Source\UART_DMA\MXTmpFiles\license.tmp_save
2026-08-03 10:01:07,864 [INFO] CodeEngine:279 - Generated code: C:\Users\Admin\Documents\GitHub\Drone-RTOS\Source\UART_DMA\MXTmpFiles\license.tmp
2026-08-03 10:01:07,881 [INFO] CodeEngine:255 - oldGeneratedFile, C:\Users\Admin\Documents\GitHub\Drone-RTOS\Source\UART_DMA\Core\Src\stm32f4xx_it.c_save
2026-08-03 10:01:08,072 [INFO] CodeEngine:279 - Generated code: C:\Users\Admin\Documents\GitHub\Drone-RTOS\Source\UART_DMA\Core\Src\stm32f4xx_it.c
2026-08-03 10:01:08,078 [INFO] CodeEngine:255 - oldGeneratedFile, C:\Users\Admin\Documents\GitHub\Drone-RTOS\Source\UART_DMA\Core\Inc\stm32f4xx_it.h_save
2026-08-03 10:01:08,188 [INFO] CodeEngine:279 - Generated code: C:\Users\Admin\Documents\GitHub\Drone-RTOS\Source\UART_DMA\Core\Inc\stm32f4xx_it.h
2026-08-03 10:01:08,271 [INFO] CodeEngine:255 - oldGeneratedFile, C:\Users\Admin\Documents\GitHub\Drone-RTOS\Source\UART_DMA\Core\Src\stm32f4xx_hal_msp.c_save
2026-08-03 10:01:08,419 [INFO] CodeEngine:279 - Generated code: C:\Users\Admin\Documents\GitHub\Drone-RTOS\Source\UART_DMA\Core\Src\stm32f4xx_hal_msp.c
2026-08-03 10:01:08,426 [INFO] CodeEngine:255 - oldGeneratedFile, C:\Users\Admin\Documents\GitHub\Drone-RTOS\Source\UART_DMA\MXTmpFiles\system.tmp_save
2026-08-03 10:01:08,502 [INFO] CodeEngine:279 - Generated code: C:\Users\Admin\Documents\GitHub\Drone-RTOS\Source\UART_DMA\MXTmpFiles\system.tmp
2026-08-03 10:01:08,510 [INFO] CodeEngine:311 - oldGeneratedFile, C:\Users\Admin\Documents\GitHub\Drone-RTOS\Source\UART_DMA\Core\Inc\stm32f4xx_hal_conf.h_save
2026-08-03 10:01:08,577 [INFO] CodeEngine:335 - Generated code: C:\Users\Admin\Documents\GitHub\Drone-RTOS\Source\UART_DMA\Core\Inc\stm32f4xx_hal_conf.h
2026-08-03 10:01:08,609 [INFO] CodeEngine:255 - oldGeneratedFile, C:\Users\Admin\Documents\GitHub\Drone-RTOS\Source\UART_DMA\Core\Inc\main.h_save
2026-08-03 10:01:08,688 [INFO] CodeEngine:279 - Generated code: C:\Users\Admin\Documents\GitHub\Drone-RTOS\Source\UART_DMA\Core\Inc\main.h
2026-08-03 10:01:08,691 [INFO] CodeEngine:255 - oldGeneratedFile, C:\Users\Admin\Documents\GitHub\Drone-RTOS\Source\UART_DMA\Core\Src\main.c_save
2026-08-03 10:01:08,782 [INFO] CodeEngine:279 - Generated code: C:\Users\Admin\Documents\GitHub\Drone-RTOS\Source\UART_DMA\Core\Src\main.c
2026-08-03 10:01:09,257 [INFO] ProjectBuilder:3064 - Time for Copy HAL[1] : 118mS.
2026-08-03 10:01:09,274 [INFO] ProjectBuilder:4404 - Project Generator version: 4.1.0
2026-08-03 10:01:09,894 [INFO] ConfigFileManager:1457 - The Die is : DIE413
2026-08-03 10:01:09,908 [INFO] ApiDbMcu:507 - Load IP Config File for FATFS
2026-08-03 10:01:09,917 [INFO] ApiDbMcu:507 - Load IP Config File for FREERTOS
2026-08-03 10:01:09,921 [INFO] ApiDbMcu:507 - Load IP Config File for LIBJPEG
2026-08-03 10:01:09,928 [INFO] ApiDbMcu:507 - Load IP Config File for MBEDTLS
2026-08-03 10:01:09,937 [INFO] ApiDbMcu:507 - Load IP Config File for USB_DEVICE
2026-08-03 10:01:09,942 [INFO] ApiDbMcu:507 - Load IP Config File for USB_HOST
2026-08-03 10:01:10,519 [INFO] LogOutputStream:77 - [STDOUT_REDIRECT] 
2026-08-03 10:01:11,703 [INFO] ProjectBuilder:4626 - Time for Generating toolchain IDE Files: 2427mS.
2026-08-03 10:01:11,704 [INFO] ProjectBuilder:2935 - Time for Copy CMSIS : 0mS.
2026-08-03 10:01:11,706 [INFO] ProjectBuilder:2935 - Time for Copy CMSIS : 0mS.
2026-08-03 10:01:12,302 [INFO] McuFinderGlobals:76 - Set McuFinderConnectedMode to true
2026-08-03 10:01:12,310 [INFO] ApiDb:448 - Save user favorites file C:\Users\Admin/.stm32cubeide/favorites.mcus.txt: 4 item(s)
2026-08-03 10:01:12,310 [INFO] ApiDb:452 - User favorites MCUs=[STM32F103C8T6, STM32F405RGT6, STM32F411CEU6, STM32H523CET6]
2026-08-03 10:02:48,908 [INFO] DmaTabbedPanel:205 - Cannot restore the selected Tab for DMA
2026-08-03 10:09:01,253 [INFO] NvicIntPanel:101 - NVIC parent = com.st.microxplorer.plugins.ip.nvic.MultiNvicIntPanel[,0,0,0x0,invalid,layout=javax.swing.BoxLayout,alignmentX=0.0,alignmentY=0.0,border=,flags=9,maximumSize=,minimumSize=,preferredSize=]
2026-08-03 10:09:03,008 [INFO] NvicIntPanel:101 - NVIC parent = com.st.microxplorer.plugins.ip.nvic.MultiNvicIntPanel[,0,0,0x0,invalid,layout=javax.swing.BoxLayout,alignmentX=0.0,alignmentY=0.0,border=,flags=9,maximumSize=,minimumSize=,preferredSize=]
2026-08-03 10:09:04,224 [INFO] NvicIntPanel:101 - NVIC parent = com.st.microxplorer.plugins.ip.nvic.MultiNvicIntPanel[,0,0,0x0,invalid,layout=javax.swing.BoxLayout,alignmentX=0.0,alignmentY=0.0,border=,flags=9,maximumSize=,minimumSize=,preferredSize=]
2026-08-03 10:09:06,929 [INFO] NvicIntPanel:101 - NVIC parent = com.st.microxplorer.plugins.ip.nvic.MultiNvicIntPanel[,0,0,0x0,invalid,layout=javax.swing.BoxLayout,alignmentX=0.0,alignmentY=0.0,border=,flags=9,maximumSize=,minimumSize=,preferredSize=]
2026-08-03 10:09:20,739 [INFO] NvicIntPanel:101 - NVIC parent = com.st.microxplorer.plugins.ip.nvic.MultiNvicIntPanel[,0,0,0x0,invalid,layout=javax.swing.BoxLayout,alignmentX=0.0,alignmentY=0.0,border=,flags=9,maximumSize=,minimumSize=,preferredSize=]
2026-08-03 10:09:23,980 [INFO] NvicIntPanel:101 - NVIC parent = com.st.microxplorer.plugins.ip.nvic.MultiNvicIntPanel[,0,0,0x0,invalid,layout=javax.swing.BoxLayout,alignmentX=0.0,alignmentY=0.0,border=,flags=9,maximumSize=,minimumSize=,preferredSize=]
2026-08-03 10:09:33,034 [INFO] NvicIntPanel:101 - NVIC parent = com.st.microxplorer.plugins.ip.nvic.MultiNvicIntPanel[,0,0,0x0,invalid,layout=javax.swing.BoxLayout,alignmentX=0.0,alignmentY=0.0,border=,flags=9,maximumSize=,minimumSize=,preferredSize=]
2026-08-03 10:09:36,210 [INFO] NvicIntPanel:101 - NVIC parent = com.st.microxplorer.plugins.ip.nvic.MultiNvicIntPanel[,0,0,0x0,invalid,layout=javax.swing.BoxLayout,alignmentX=0.0,alignmentY=0.0,border=,flags=9,maximumSize=,minimumSize=,preferredSize=]
2026-08-03 10:09:38,742 [INFO] NvicIntPanel:101 - NVIC parent = com.st.microxplorer.plugins.ip.nvic.MultiNvicIntPanel[,0,0,0x0,invalid,layout=javax.swing.BoxLayout,alignmentX=0.0,alignmentY=0.0,border=,flags=9,maximumSize=,minimumSize=,preferredSize=]
2026-08-03 10:10:50,417 [INFO] NvicIntPanel:101 - NVIC parent = com.st.microxplorer.plugins.ip.nvic.MultiNvicIntPanel[,0,0,0x0,invalid,layout=javax.swing.BoxLayout,alignmentX=0.0,alignmentY=0.0,border=,flags=9,maximumSize=,minimumSize=,preferredSize=]
2026-08-03 10:11:22,184 [INFO] NvicIntPanel:101 - NVIC parent = com.st.microxplorer.plugins.ip.nvic.MultiNvicIntPanel[,0,0,0x0,invalid,layout=javax.swing.BoxLayout,alignmentX=0.0,alignmentY=0.0,border=,flags=9,maximumSize=,minimumSize=,preferredSize=]
2026-08-03 10:11:56,238 [INFO] NvicIntPanel:101 - NVIC parent = com.st.microxplorer.plugins.ip.nvic.MultiNvicIntPanel[,0,0,0x0,invalid,layout=javax.swing.BoxLayout,alignmentX=0.0,alignmentY=0.0,border=,flags=9,maximumSize=,minimumSize=,preferredSize=]
2026-08-03 10:12:33,455 [INFO] NvicIntPanel:101 - NVIC parent = com.st.microxplorer.plugins.ip.nvic.MultiNvicIntPanel[,0,0,0x0,invalid,layout=javax.swing.BoxLayout,alignmentX=0.0,alignmentY=0.0,border=,flags=9,maximumSize=,minimumSize=,preferredSize=]
2026-08-03 10:12:34,438 [INFO] NvicIntPanel:101 - NVIC parent = com.st.microxplorer.plugins.ip.nvic.MultiNvicIntPanel[,0,0,0x0,invalid,layout=javax.swing.BoxLayout,alignmentX=0.0,alignmentY=0.0,border=,flags=9,maximumSize=,minimumSize=,preferredSize=]
2026-08-03 10:12:50,775 [INFO] NvicIntPanel:101 - NVIC parent = com.st.microxplorer.plugins.ip.nvic.MultiNvicIntPanel[,0,0,0x0,invalid,layout=javax.swing.BoxLayout,alignmentX=0.0,alignmentY=0.0,border=,flags=9,maximumSize=,minimumSize=,preferredSize=]
2026-08-03 10:12:53,070 [INFO] NvicIntPanel:101 - NVIC parent = com.st.microxplorer.plugins.ip.nvic.MultiNvicIntPanel[,0,0,0x0,invalid,layout=javax.swing.BoxLayout,alignmentX=0.0,alignmentY=0.0,border=,flags=9,maximumSize=,minimumSize=,preferredSize=]
2026-08-03 10:13:33,597 [INFO] UtilMem:75 - End SaveConfig() Used Memory: 864816520 Bytes (1073741824)
2026-08-03 10:13:40,396 [INFO] UtilMem:75 - End SaveConfig() Used Memory: 889624728 Bytes (1073741824)
2026-08-03 10:13:40,515 [INFO] BlockDiagram:2759 - set Specific Code input for plugin: SYS
2026-08-03 10:13:40,515 [INFO] BlockDiagram:2759 - set Specific Code input for plugin: RCC
2026-08-03 10:13:40,515 [INFO] BlockDiagram:2759 - set Specific Code input for plugin: NVIC
2026-08-03 10:13:40,515 [INFO] BlockDiagram:2759 - set Specific Code input for plugin: USART
2026-08-03 10:13:40,515 [INFO] BlockDiagram:2759 - set Specific Code input for plugin: USART
2026-08-03 10:13:40,515 [INFO] BlockDiagram:2759 - set Specific Code input for plugin: DMA
2026-08-03 10:13:40,515 [INFO] BlockDiagram:2759 - set Specific Code input for plugin: GPIO
2026-08-03 10:13:40,516 [INFO] CodeGenerator:799 - code generatio: config db path: C:\ST\STM32CubeIDE_1.13.1\STM32CubeIDE\plugins\com.st.stm32cube.common.mx_6.9.1.202307191849\\db\
2026-08-03 10:13:40,644 [INFO] CodeEngine:255 - oldGeneratedFile, C:\Users\Admin\Documents\GitHub\Drone-RTOS\Source\UART_DMA\MXTmpFiles\license.tmp_save
2026-08-03 10:13:40,775 [INFO] CodeEngine:279 - Generated code: C:\Users\Admin\Documents\GitHub\Drone-RTOS\Source\UART_DMA\MXTmpFiles\license.tmp
2026-08-03 10:13:40,800 [INFO] CodeEngine:255 - oldGeneratedFile, C:\Users\Admin\Documents\GitHub\Drone-RTOS\Source\UART_DMA\MXTmpFiles\gpio.tmp_save
2026-08-03 10:13:40,878 [INFO] CodeEngine:279 - Generated code: C:\Users\Admin\Documents\GitHub\Drone-RTOS\Source\UART_DMA\MXTmpFiles\gpio.tmp
2026-08-03 10:13:40,962 [INFO] CodeEngine:255 - oldGeneratedFile, C:\Users\Admin\Documents\GitHub\Drone-RTOS\Source\UART_DMA\MXTmpFiles\dma.tmp_save
2026-08-03 10:13:41,028 [INFO] CodeEngine:279 - Generated code: C:\Users\Admin\Documents\GitHub\Drone-RTOS\Source\UART_DMA\MXTmpFiles\dma.tmp
2026-08-03 10:13:41,032 [INFO] CodeEngine:255 - oldGeneratedFile, C:\Users\Admin\Documents\GitHub\Drone-RTOS\Source\UART_DMA\MXTmpFiles\dma_GV.tmp_save
2026-08-03 10:13:41,098 [INFO] CodeEngine:279 - Generated code: C:\Users\Admin\Documents\GitHub\Drone-RTOS\Source\UART_DMA\MXTmpFiles\dma_GV.tmp
2026-08-03 10:13:41,107 [INFO] CodeEngine:255 - oldGeneratedFile, C:\Users\Admin\Documents\GitHub\Drone-RTOS\Source\UART_DMA\Core\Src\stm32f4xx_it.c_save
2026-08-03 10:13:41,254 [INFO] CodeEngine:279 - Generated code: C:\Users\Admin\Documents\GitHub\Drone-RTOS\Source\UART_DMA\Core\Src\stm32f4xx_it.c
2026-08-03 10:13:41,259 [INFO] CodeEngine:255 - oldGeneratedFile, C:\Users\Admin\Documents\GitHub\Drone-RTOS\Source\UART_DMA\Core\Inc\stm32f4xx_it.h_save
2026-08-03 10:13:41,313 [INFO] CodeEngine:279 - Generated code: C:\Users\Admin\Documents\GitHub\Drone-RTOS\Source\UART_DMA\Core\Inc\stm32f4xx_it.h
2026-08-03 10:13:41,321 [INFO] CodeEngine:255 - oldGeneratedFile, C:\Users\Admin\Documents\GitHub\Drone-RTOS\Source\UART_DMA\Core\Src\stm32f4xx_hal_msp.c_save
2026-08-03 10:13:41,400 [INFO] CodeEngine:279 - Generated code: C:\Users\Admin\Documents\GitHub\Drone-RTOS\Source\UART_DMA\Core\Src\stm32f4xx_hal_msp.c
2026-08-03 10:13:41,404 [INFO] CodeEngine:255 - oldGeneratedFile, C:\Users\Admin\Documents\GitHub\Drone-RTOS\Source\UART_DMA\MXTmpFiles\system.tmp_save
2026-08-03 10:13:41,447 [INFO] CodeEngine:279 - Generated code: C:\Users\Admin\Documents\GitHub\Drone-RTOS\Source\UART_DMA\MXTmpFiles\system.tmp
2026-08-03 10:13:41,453 [INFO] CodeEngine:311 - oldGeneratedFile, C:\Users\Admin\Documents\GitHub\Drone-RTOS\Source\UART_DMA\Core\Inc\stm32f4xx_hal_conf.h_save
2026-08-03 10:13:41,506 [INFO] CodeEngine:335 - Generated code: C:\Users\Admin\Documents\GitHub\Drone-RTOS\Source\UART_DMA\Core\Inc\stm32f4xx_hal_conf.h
2026-08-03 10:13:41,524 [INFO] CodeEngine:255 - oldGeneratedFile, C:\Users\Admin\Documents\GitHub\Drone-RTOS\Source\UART_DMA\Core\Inc\main.h_save
2026-08-03 10:13:41,577 [INFO] CodeEngine:279 - Generated code: C:\Users\Admin\Documents\GitHub\Drone-RTOS\Source\UART_DMA\Core\Inc\main.h
2026-08-03 10:13:41,580 [INFO] CodeEngine:255 - oldGeneratedFile, C:\Users\Admin\Documents\GitHub\Drone-RTOS\Source\UART_DMA\Core\Src\main.c_save
2026-08-03 10:13:41,652 [INFO] CodeEngine:279 - Generated code: C:\Users\Admin\Documents\GitHub\Drone-RTOS\Source\UART_DMA\Core\Src\main.c
2026-08-03 10:13:42,020 [INFO] ProjectBuilder:3064 - Time for Copy HAL[1] : 109mS.
2026-08-03 10:13:42,035 [INFO] ProjectBuilder:4404 - Project Generator version: 4.1.0
2026-08-03 10:13:42,493 [INFO] ConfigFileManager:1457 - The Die is : DIE413
2026-08-03 10:13:43,610 [INFO] ProjectBuilder:4626 - Time for Generating toolchain IDE Files: 1575mS.
2026-08-03 10:13:43,611 [INFO] ProjectBuilder:2935 - Time for Copy CMSIS : 1mS.
2026-08-03 10:13:43,612 [INFO] ProjectBuilder:2935 - Time for Copy CMSIS : 0mS.
2026-08-03 11:37:03,278 [ERROR] ConfigurationRetriever:142 - IOException on connection: Read timed out
2026-08-03 11:37:09,683 [ERROR] AdobePublisher:162 - Exception while opening the connection: java.net.SocketTimeoutException: Read timed out
2026-08-03 11:40:01,487 [INFO] MainUpdater:2868 - connection check result : 10
2026-08-03 11:40:01,487 [INFO] McuFinderGlobals:76 - Set McuFinderConnectedMode to true
2026-08-03 11:40:02,073 [INFO] ServerAccessManage:473 - Download File mcusAds.json._tmp_
2026-08-03 11:40:02,189 [INFO] LoadUrlFilesThread:156 - End of LoadUrlFiles Thread
2026-08-03 11:40:02,942 [INFO] ServerAccessManage:473 - Download File cube-finder-db.zip
2026-08-03 11:40:02,986 [ERROR] ServerAccessManage:651 - User Cancel Download : cube-finder-db.zip.
2026-08-03 11:40:03,096 [INFO] LoadUrlFilesThread:156 - End of LoadUrlFiles Thread
2026-08-03 11:40:03,862 [INFO] DbMcusAds:53 - JSON generation date=Wed Jul 15 16:44:54 GMT+07:00 2026 (1784108694001)
2026-08-03 11:40:03,864 [INFO] ApiDb:448 - Save user favorites file C:\Users\Admin/.stm32cubeide/favorites.mcus.txt: 4 item(s)
2026-08-03 11:40:03,864 [INFO] ApiDb:452 - User favorites MCUs=[STM32F103C8T6, STM32F405RGT6, STM32F411CEU6, STM32H523CET6]
2026-08-03 11:40:03,866 [INFO] ApiDb:581 - Connected to CubeFinder SQLite database (C:\Users\Admin\.stmcufinder\plugins\mcufinder\mcu\cube-finder-db.db)
2026-08-03 11:40:03,921 [INFO] ApiDb:668 - CubeFinder database Data Model version=2.1
2026-08-03 11:40:03,921 [INFO] ApiDb:669 - CubeFinder database Configuration version=3.0.42
2026-08-03 11:40:03,921 [INFO] ApiDb:670 - CubeFinder database generation date=2026-06-23 (1782213372)
2026-08-03 11:40:03,921 [INFO] ApiDb:671 - CubeFinder database FW Pack versions=[FP-ATR-ASTRA1_V2.0.0, FP-SNS-FLIGHT1_V5.1.0, FP-SNS-MOTENV1_V5.1.0, FP-SNS-MOTENVWB1_V1.5.0, FP-SNS-SMARTAG2_V1.2.0, FP-SNS-STBOX1_V2.1.0, STM32Cube_FW_C0_V1.4.0, STM32Cube_FW_F4_V1.28.3, STM32Cube_FW_F7_V1.17.4, STM32Cube_FW_G0_V1.6.3, STM32Cube_FW_G4_V1.6.2, STM32Cube_FW_H5_V1.7.0, STM32Cube_FW_H7RS_V1.3.0, STM32Cube_FW_H7_V1.13.0, STM32Cube_FW_L0_V1.12.2, STM32Cube_FW_L4_V1.18.2, STM32Cube_FW_L5_V1.6.0, STM32Cube_FW_N6_V1.4.0, STM32Cube_FW_U0_V1.3.0, STM32Cube_FW_U3_V1.4.0, STM32Cube_FW_U5_V1.9.0, STM32Cube_FW_WB0_V1.5.0, STM32Cube_FW_WBA_V1.10.0, STM32Cube_FW_WB_V1.24.0, STM32Cube_FW_WL3_V1.5.0, STM32Cube_FW_WL_V1.6.0, X-CUBE-ALGOBUILD_V1.5.0, X-CUBE-ALS_V1.0.2, X-CUBE-AZRTOS-F4_V1.1.0, X-CUBE-AZRTOS-F7_V1.1.0, X-CUBE-AZRTOS-G0_V1.1.0, X-CUBE-AZRTOS-G4_V2.0.0, X-CUBE-AZRTOS-H7RS_V1.1.0, X-CUBE-AZRTOS-H7_V3.5.0, X-CUBE-AZRTOS-L4_V2.0.0, X-CUBE-AZRTOS-L5_V2.0.0, X-CUBE-AZRTOS-WB_V2.0.0, X-CUBE-AZRTOS-WL_V2.0.0, X-CUBE-BLE1_V7.1.0, X-CUBE-BLE2_V3.3.0, X-CUBE-BLEMGR_V4.1.0, X-CUBE-EEPRMA1_V5.2.0, X-CUBE-FREERTOS_V1.5.0, X-CUBE-GNSS1_V7.1.1, X-CUBE-MEMS1_V12.1.0, X-CUBE-NFC4_V3.0.0, X-CUBE-NFC7_V2.0.0, X-CUBE-SFXS2LP1_V4.0.0, X-CUBE-ST67W61_V1.3.0, X-CUBE-SUBG2_V5.0.0, X-CUBE-TOF1_V3.4.3]
2026-08-03 11:40:05,803 [INFO] ApiDb:240 - Found 323 in-development CPN: [B-G473E-ZEST1S, B-WB1M-WPAN1, B-WL5M-SUBG1, NUCLEO-C031C6, NUCLEO-H503RB, NUCLEO-H563ZI, NUCLEO-U545RE-Q, NUCLEO-U5A5ZJ-Q, NUCLEO-WBA52CG, STEVAL-PROTEUS1, STEVAL-SMARTAG2, STEVAL-STWINBX1, STM320518-EVAL, STM32C0116-DK, STM32C011D6Y3TR, STM32C011D6Y6TR, STM32C011F4P3, STM32C011F4P6, STM32C011F4U3, STM32C011F4U6TR, STM32C011F6P3, STM32C011F6P6, STM32C011F6U3, STM32C011F6U6TR, STM32C011J4M3, STM32C011J4M6, STM32C011J6M3, STM32C011J6M6, STM32C0316-DK, STM32C031C4T3, STM32C031C4T6, STM32C031C4U3, STM32C031C4U6, STM32C031C6T3, STM32C031C6T6, STM32C031C6U3, STM32C031C6U6, STM32C031F4P3, STM32C031F4P6, STM32C031F6P3, STM32C031F6P6, STM32C031G4U3, STM32C031G4U6, STM32C031G6U3, STM32C031G6U6, STM32C031K4T3, STM32C031K4T6, STM32C031K4U3, STM32C031K4U6, STM32C031K6T3, STM32C031K6T6, STM32C031K6U3, STM32C031K6U6, STM32G071K8TXN, STM32G071K8UXN, STM32G081GBU6N, STM32G081KBT6N, STM32G081KBUXN, STM32G0B1CCT6N, STM32G0B1KCT6, STM32G0B1NEY6TR, STM32G0B1RCT6N, STM32G0C1CCT6, STM32G0C1CCT6N, STM32G0C1CCU6N, STM32G0C1CET6N, STM32G0C1CEU6N, STM32G0C1KCT6, STM32G0C1NEY6TR, STM32G0C1RCI6N, STM32G0C1RCT6N, STM32G0C1REI6N, STM32G0C1RET6N, STM32G0C1VCI6, STM32G0C1VEI6, STM32G471CCT6, STM32G471CCU6, STM32G471CET3, STM32G471CET6, STM32G471CEU3, STM32G471CEU6, STM32G471MCT6, STM32G471MET3, STM32G471MET6, STM32G471MEY6TR, STM32G471QCT6, STM32G471QET3, STM32G471RCT6, STM32G471RET3, STM32G471RET6, STM32G471VCH6, STM32G471VCI6, STM32G471VCT6, STM32G471VEH3, STM32G471VEH6, STM32G471VEI3, STM32G471VEI6, STM32G471VET3, STM32G471VET6, STM32G474CCT6, STM32H503CBT6, STM32H503CBU6, STM32H503EBY6TR, STM32H503KBU6, STM32H503RBT6, STM32H562AGI6, STM32H562AII6, STM32H562IGK6, STM32H562IGT6, STM32H562IIK6, STM32H562IIT6, STM32H562RGT6, STM32H562RGV6, STM32H562RIT6, STM32H562RIV6, STM32H562VGT6, STM32H562VIT6, STM32H562ZGT6, STM32H562ZIT6, STM32H563AGI6, STM32H563AII3Q, STM32H563AII6, STM32H563IGK6, STM32H563IGT6, STM32H563IIK3Q, STM32H563IIK6, STM32H563IIT3Q, STM32H563IIT6, STM32H563MIY3QTR, STM32H563RGT6, STM32H563RGV6, STM32H563RIT6, STM32H563RIV6, STM32H563VGT6, STM32H563VIT3Q, STM32H563VIT6, STM32H563ZGT6, STM32H563ZIT3Q, STM32H563ZIT6, STM32H573AII3Q, STM32H573AII6, STM32H573I-DK, STM32H573IIK3Q, STM32H573IIK6, STM32H573IIT3Q, STM32H573IIT6, STM32H573MIY3QTR, STM32H573RIT6, STM32H573RIV6, STM32H573VIT3Q, STM32H573VIT6, STM32H573ZIT3Q, STM32H573ZIT6, STM32L4R5QGI6STR, STM32MP131AAE3, STM32MP131AAF3, STM32MP131AAG3, STM32MP131CAE3, STM32MP131CAF3, STM32MP131CAG3, STM32MP131DAE7, STM32MP131DAF7, STM32MP131DAG7, STM32MP131FAE7, STM32MP131FAF7, STM32MP131FAG7, STM32MP133AAE3, STM32MP133AAF3, STM32MP133AAG3, STM32MP133CAE3, STM32MP133CAF3, STM32MP133CAG3, STM32MP133DAE7, STM32MP133DAF7, STM32MP133DAG7, STM32MP133FAE7, STM32MP133FAF7, STM32MP133FAG7, STM32MP135AAE3, STM32MP135AAF3, STM32MP135AAG3, STM32MP135CAE3, STM32MP135CAF3, STM32MP135CAG3, STM32MP135DAE7, STM32MP135DAF7, STM32MP135DAG7, STM32MP135F-DK, STM32MP135FAE7, STM32MP135FAF7, STM32MP135FAF7T, STM32MP135FAF7U, STM32MP135FAG7, STM32U535CBT6, STM32U535CBT6Q, STM32U535CBU6, STM32U535CBU6Q, STM32U535CCT6, STM32U535CCT6Q, STM32U535CCU6, STM32U535CCU6Q, STM32U535CET6, STM32U535CET6Q, STM32U535CEU6, STM32U535CEU6Q, STM32U535JEY6QTR, STM32U535NCY6QTR, STM32U535NEY6QTR, STM32U535RBI6, STM32U535RBI6Q, STM32U535RBT6, STM32U535RBT6Q, STM32U535RCI6, STM32U535RCI6Q, STM32U535RCT6, STM32U535RCT6Q, STM32U535REI6, STM32U535REI6Q, STM32U535RET6, STM32U535RET6Q, STM32U535VCI6, STM32U535VCI6Q, STM32U535VCT6, STM32U535VCT6Q, STM32U535VEI6, STM32U535VEI6Q, STM32U535VET6, STM32U535VET6Q, STM32U545CET6, STM32U545CET6Q, STM32U545CEU6, STM32U545CEU6Q, STM32U545JEY6QTR, STM32U545NEY6QTR, STM32U545REI6, STM32U545REI6Q, STM32U545RET6, STM32U545RET6Q, STM32U545VEI6, STM32U545VEI6Q, STM32U545VET6, STM32U545VET6Q, STM32U595AIH6, STM32U595AIH6Q, STM32U595AJH6, STM32U595AJH6Q, STM32U595QII6, STM32U595QII6Q, STM32U595QJI6, STM32U595QJI6Q, STM32U595RIT6, STM32U595RIT6Q, STM32U595RJT6, STM32U595RJT6Q, STM32U595VIT6, STM32U595VIT6Q, STM32U595VJT6, STM32U595VJT6Q, STM32U595ZIT6, STM32U595ZIT6Q, STM32U595ZIY6QTR, STM32U595ZJT6, STM32U595ZJT6Q, STM32U595ZJY6QTR, STM32U599BJY6QTR, STM32U599NIH6Q, STM32U599NJH6Q, STM32U599VIT6Q, STM32U599VJT6, STM32U599VJT6Q, STM32U599ZIT6Q, STM32U599ZIY6QTR, STM32U599ZJT6Q, STM32U599ZJY6QTR, STM32U5A5AJH6, STM32U5A5AJH6Q, STM32U5A5QJI6, STM32U5A5QJI6Q, STM32U5A5RJT6, STM32U5A5RJT6Q, STM32U5A5VJT6, STM32U5A5VJT6Q, STM32U5A5ZJT6, STM32U5A5ZJT6Q, STM32U5A5ZJY6QTR, STM32U5A9BJY6QTR, STM32U5A9J-DK, STM32U5A9NJH6Q, STM32U5A9VJT6Q, STM32U5A9ZJT6Q, STM32U5A9ZJY6QTR, STM32U5F7VIT6, STM32U5F7VIT6Q, STM32U5F7VJT6, STM32U5F7VJT6Q, STM32U5F9BJY6QTR, STM32U5F9NJH6Q, STM32U5F9VIT6Q, STM32U5F9VJT6Q, STM32U5F9ZIJ6QTR, STM32U5F9ZIT6Q, STM32U5F9ZJJ6QTR, STM32U5F9ZJT6Q, STM32U5G7VJT6, STM32U5G7VJT6Q, STM32U5G9BJY6QTR, STM32U5G9J-DK1, STM32U5G9J-DK2, STM32U5G9NJH6Q, STM32U5G9VJT6Q, STM32U5G9ZJJ6QTR, STM32U5G9ZJT6Q, STM32WB1MMCH6, STM32WBA52CEU6, STM32WBA52CEU6T, STM32WBA52CGU6, STM32WBA52CGU6T, STM32WBA52KEU6, STM32WBA52KEU6T, STM32WBA52KGU6, STM32WBA52KGU6T, STM32WL5MOCH6, STM32WL5MOCH6TR]
2026-08-03 11:40:05,806 [INFO] DbMcus:217 - Found 5228 MCUs, 5075 are supported
2026-08-03 11:40:05,806 [INFO] ApiDb:423 - Load user favorites file C:\Users\Admin/.stm32cubeide/favorites.mcus.txt: 4 item(s)
2026-08-03 11:40:05,806 [INFO] ApiDb:427 - User favorites MCUs=[STM32F103C8T6, STM32F405RGT6, STM32F411CEU6, STM32H523CET6]
2026-08-03 11:40:05,806 [INFO] DbMcus:223 - Set 4 / 4 favorites MCUs
2026-08-03 11:40:06,138 [INFO] ApiDb:448 - Save user favorites file C:\Users\Admin/.stm32cubeide/favorites.boards.txt: 0 item(s)
2026-08-03 11:40:06,138 [INFO] ApiDb:452 - User favorites Boards=[]
2026-08-03 11:40:06,140 [INFO] ApiDb:581 - Connected to CubeFinder SQLite database (C:\Users\Admin\.stmcufinder\plugins\mcufinder\mcu\cube-finder-db.db)
2026-08-03 11:40:06,200 [INFO] ApiDb:668 - CubeFinder database Data Model version=2.1
2026-08-03 11:40:06,200 [INFO] ApiDb:669 - CubeFinder database Configuration version=3.0.42
2026-08-03 11:40:06,200 [INFO] ApiDb:670 - CubeFinder database generation date=2026-06-23 (1782213372)
2026-08-03 11:40:06,200 [INFO] ApiDb:671 - CubeFinder database FW Pack versions=[FP-ATR-ASTRA1_V2.0.0, FP-SNS-FLIGHT1_V5.1.0, FP-SNS-MOTENV1_V5.1.0, FP-SNS-MOTENVWB1_V1.5.0, FP-SNS-SMARTAG2_V1.2.0, FP-SNS-STBOX1_V2.1.0, STM32Cube_FW_C0_V1.4.0, STM32Cube_FW_F4_V1.28.3, STM32Cube_FW_F7_V1.17.4, STM32Cube_FW_G0_V1.6.3, STM32Cube_FW_G4_V1.6.2, STM32Cube_FW_H5_V1.7.0, STM32Cube_FW_H7RS_V1.3.0, STM32Cube_FW_H7_V1.13.0, STM32Cube_FW_L0_V1.12.2, STM32Cube_FW_L4_V1.18.2, STM32Cube_FW_L5_V1.6.0, STM32Cube_FW_N6_V1.4.0, STM32Cube_FW_U0_V1.3.0, STM32Cube_FW_U3_V1.4.0, STM32Cube_FW_U5_V1.9.0, STM32Cube_FW_WB0_V1.5.0, STM32Cube_FW_WBA_V1.10.0, STM32Cube_FW_WB_V1.24.0, STM32Cube_FW_WL3_V1.5.0, STM32Cube_FW_WL_V1.6.0, X-CUBE-ALGOBUILD_V1.5.0, X-CUBE-ALS_V1.0.2, X-CUBE-AZRTOS-F4_V1.1.0, X-CUBE-AZRTOS-F7_V1.1.0, X-CUBE-AZRTOS-G0_V1.1.0, X-CUBE-AZRTOS-G4_V2.0.0, X-CUBE-AZRTOS-H7RS_V1.1.0, X-CUBE-AZRTOS-H7_V3.5.0, X-CUBE-AZRTOS-L4_V2.0.0, X-CUBE-AZRTOS-L5_V2.0.0, X-CUBE-AZRTOS-WB_V2.0.0, X-CUBE-AZRTOS-WL_V2.0.0, X-CUBE-BLE1_V7.1.0, X-CUBE-BLE2_V3.3.0, X-CUBE-BLEMGR_V4.1.0, X-CUBE-EEPRMA1_V5.2.0, X-CUBE-FREERTOS_V1.5.0, X-CUBE-GNSS1_V7.1.1, X-CUBE-MEMS1_V12.1.0, X-CUBE-NFC4_V3.0.0, X-CUBE-NFC7_V2.0.0, X-CUBE-SFXS2LP1_V4.0.0, X-CUBE-ST67W61_V1.3.0, X-CUBE-SUBG2_V5.0.0, X-CUBE-TOF1_V3.4.3]
2026-08-03 11:40:06,234 [INFO] DbBoardsSqlite:226 - include board P-NUCLEO-WB55-NUCLEO as a kit item of type 'Nucleo-64'
2026-08-03 11:40:06,234 [INFO] DbBoardsSqlite:226 - include board P-NUCLEO-WB55-USBDONGLE as a kit item of type 'Nucleo USB Dongle'
2026-08-03 11:40:06,234 [INFO] DbBoardsSqlite:226 - include board STEVAL-IDP005V1 as a kit item of type 'Evaluation Board'
2026-08-03 11:40:06,234 [INFO] DbBoardsSqlite:226 - include board STEVAL-IDP005V2 as a kit item of type 'Evaluation Board'
2026-08-03 11:40:06,286 [INFO] ApiDb:240 - Found 323 in-development CPN: [B-G473E-ZEST1S, B-WB1M-WPAN1, B-WL5M-SUBG1, NUCLEO-C031C6, NUCLEO-H503RB, NUCLEO-H563ZI, NUCLEO-U545RE-Q, NUCLEO-U5A5ZJ-Q, NUCLEO-WBA52CG, STEVAL-PROTEUS1, STEVAL-SMARTAG2, STEVAL-STWINBX1, STM320518-EVAL, STM32C0116-DK, STM32C011D6Y3TR, STM32C011D6Y6TR, STM32C011F4P3, STM32C011F4P6, STM32C011F4U3, STM32C011F4U6TR, STM32C011F6P3, STM32C011F6P6, STM32C011F6U3, STM32C011F6U6TR, STM32C011J4M3, STM32C011J4M6, STM32C011J6M3, STM32C011J6M6, STM32C0316-DK, STM32C031C4T3, STM32C031C4T6, STM32C031C4U3, STM32C031C4U6, STM32C031C6T3, STM32C031C6T6, STM32C031C6U3, STM32C031C6U6, STM32C031F4P3, STM32C031F4P6, STM32C031F6P3, STM32C031F6P6, STM32C031G4U3, STM32C031G4U6, STM32C031G6U3, STM32C031G6U6, STM32C031K4T3, STM32C031K4T6, STM32C031K4U3, STM32C031K4U6, STM32C031K6T3, STM32C031K6T6, STM32C031K6U3, STM32C031K6U6, STM32G071K8TXN, STM32G071K8UXN, STM32G081GBU6N, STM32G081KBT6N, STM32G081KBUXN, STM32G0B1CCT6N, STM32G0B1KCT6, STM32G0B1NEY6TR, STM32G0B1RCT6N, STM32G0C1CCT6, STM32G0C1CCT6N, STM32G0C1CCU6N, STM32G0C1CET6N, STM32G0C1CEU6N, STM32G0C1KCT6, STM32G0C1NEY6TR, STM32G0C1RCI6N, STM32G0C1RCT6N, STM32G0C1REI6N, STM32G0C1RET6N, STM32G0C1VCI6, STM32G0C1VEI6, STM32G471CCT6, STM32G471CCU6, STM32G471CET3, STM32G471CET6, STM32G471CEU3, STM32G471CEU6, STM32G471MCT6, STM32G471MET3, STM32G471MET6, STM32G471MEY6TR, STM32G471QCT6, STM32G471QET3, STM32G471RCT6, STM32G471RET3, STM32G471RET6, STM32G471VCH6, STM32G471VCI6, STM32G471VCT6, STM32G471VEH3, STM32G471VEH6, STM32G471VEI3, STM32G471VEI6, STM32G471VET3, STM32G471VET6, STM32G474CCT6, STM32H503CBT6, STM32H503CBU6, STM32H503EBY6TR, STM32H503KBU6, STM32H503RBT6, STM32H562AGI6, STM32H562AII6, STM32H562IGK6, STM32H562IGT6, STM32H562IIK6, STM32H562IIT6, STM32H562RGT6, STM32H562RGV6, STM32H562RIT6, STM32H562RIV6, STM32H562VGT6, STM32H562VIT6, STM32H562ZGT6, STM32H562ZIT6, STM32H563AGI6, STM32H563AII3Q, STM32H563AII6, STM32H563IGK6, STM32H563IGT6, STM32H563IIK3Q, STM32H563IIK6, STM32H563IIT3Q, STM32H563IIT6, STM32H563MIY3QTR, STM32H563RGT6, STM32H563RGV6, STM32H563RIT6, STM32H563RIV6, STM32H563VGT6, STM32H563VIT3Q, STM32H563VIT6, STM32H563ZGT6, STM32H563ZIT3Q, STM32H563ZIT6, STM32H573AII3Q, STM32H573AII6, STM32H573I-DK, STM32H573IIK3Q, STM32H573IIK6, STM32H573IIT3Q, STM32H573IIT6, STM32H573MIY3QTR, STM32H573RIT6, STM32H573RIV6, STM32H573VIT3Q, STM32H573VIT6, STM32H573ZIT3Q, STM32H573ZIT6, STM32L4R5QGI6STR, STM32MP131AAE3, STM32MP131AAF3, STM32MP131AAG3, STM32MP131CAE3, STM32MP131CAF3, STM32MP131CAG3, STM32MP131DAE7, STM32MP131DAF7, STM32MP131DAG7, STM32MP131FAE7, STM32MP131FAF7, STM32MP131FAG7, STM32MP133AAE3, STM32MP133AAF3, STM32MP133AAG3, STM32MP133CAE3, STM32MP133CAF3, STM32MP133CAG3, STM32MP133DAE7, STM32MP133DAF7, STM32MP133DAG7, STM32MP133FAE7, STM32MP133FAF7, STM32MP133FAG7, STM32MP135AAE3, STM32MP135AAF3, STM32MP135AAG3, STM32MP135CAE3, STM32MP135CAF3, STM32MP135CAG3, STM32MP135DAE7, STM32MP135DAF7, STM32MP135DAG7, STM32MP135F-DK, STM32MP135FAE7, STM32MP135FAF7, STM32MP135FAF7T, STM32MP135FAF7U, STM32MP135FAG7, STM32U535CBT6, STM32U535CBT6Q, STM32U535CBU6, STM32U535CBU6Q, STM32U535CCT6, STM32U535CCT6Q, STM32U535CCU6, STM32U535CCU6Q, STM32U535CET6, STM32U535CET6Q, STM32U535CEU6, STM32U535CEU6Q, STM32U535JEY6QTR, STM32U535NCY6QTR, STM32U535NEY6QTR, STM32U535RBI6, STM32U535RBI6Q, STM32U535RBT6, STM32U535RBT6Q, STM32U535RCI6, STM32U535RCI6Q, STM32U535RCT6, STM32U535RCT6Q, STM32U535REI6, STM32U535REI6Q, STM32U535RET6, STM32U535RET6Q, STM32U535VCI6, STM32U535VCI6Q, STM32U535VCT6, STM32U535VCT6Q, STM32U535VEI6, STM32U535VEI6Q, STM32U535VET6, STM32U535VET6Q, STM32U545CET6, STM32U545CET6Q, STM32U545CEU6, STM32U545CEU6Q, STM32U545JEY6QTR, STM32U545NEY6QTR, STM32U545REI6, STM32U545REI6Q, STM32U545RET6, STM32U545RET6Q, STM32U545VEI6, STM32U545VEI6Q, STM32U545VET6, STM32U545VET6Q, STM32U595AIH6, STM32U595AIH6Q, STM32U595AJH6, STM32U595AJH6Q, STM32U595QII6, STM32U595QII6Q, STM32U595QJI6, STM32U595QJI6Q, STM32U595RIT6, STM32U595RIT6Q, STM32U595RJT6, STM32U595RJT6Q, STM32U595VIT6, STM32U595VIT6Q, STM32U595VJT6, STM32U595VJT6Q, STM32U595ZIT6, STM32U595ZIT6Q, STM32U595ZIY6QTR, STM32U595ZJT6, STM32U595ZJT6Q, STM32U595ZJY6QTR, STM32U599BJY6QTR, STM32U599NIH6Q, STM32U599NJH6Q, STM32U599VIT6Q, STM32U599VJT6, STM32U599VJT6Q, STM32U599ZIT6Q, STM32U599ZIY6QTR, STM32U599ZJT6Q, STM32U599ZJY6QTR, STM32U5A5AJH6, STM32U5A5AJH6Q, STM32U5A5QJI6, STM32U5A5QJI6Q, STM32U5A5RJT6, STM32U5A5RJT6Q, STM32U5A5VJT6, STM32U5A5VJT6Q, STM32U5A5ZJT6, STM32U5A5ZJT6Q, STM32U5A5ZJY6QTR, STM32U5A9BJY6QTR, STM32U5A9J-DK, STM32U5A9NJH6Q, STM32U5A9VJT6Q, STM32U5A9ZJT6Q, STM32U5A9ZJY6QTR, STM32U5F7VIT6, STM32U5F7VIT6Q, STM32U5F7VJT6, STM32U5F7VJT6Q, STM32U5F9BJY6QTR, STM32U5F9NJH6Q, STM32U5F9VIT6Q, STM32U5F9VJT6Q, STM32U5F9ZIJ6QTR, STM32U5F9ZIT6Q, STM32U5F9ZJJ6QTR, STM32U5F9ZJT6Q, STM32U5G7VJT6, STM32U5G7VJT6Q, STM32U5G9BJY6QTR, STM32U5G9J-DK1, STM32U5G9J-DK2, STM32U5G9NJH6Q, STM32U5G9VJT6Q, STM32U5G9ZJJ6QTR, STM32U5G9ZJT6Q, STM32WB1MMCH6, STM32WBA52CEU6, STM32WBA52CEU6T, STM32WBA52CGU6, STM32WBA52CGU6T, STM32WBA52KEU6, STM32WBA52KEU6T, STM32WBA52KGU6, STM32WBA52KGU6T, STM32WL5MOCH6, STM32WL5MOCH6TR]
2026-08-03 11:40:06,301 [INFO] BoardInfo:880 - No configuration file found for board B-WBA5M-WPAN
2026-08-03 11:40:06,301 [INFO] DbBoards:157 - Board is not supported: B-WBA5M-WPAN
2026-08-03 11:40:06,303 [INFO] BoardInfo:880 - No configuration file found for board NUCLEO-C051C8
2026-08-03 11:40:06,303 [INFO] DbBoards:157 - Board is not supported: NUCLEO-C051C8
2026-08-03 11:40:06,304 [INFO] BoardInfo:880 - No configuration file found for board NUCLEO-C071RB
2026-08-03 11:40:06,304 [INFO] DbBoards:157 - Board is not supported: NUCLEO-C071RB
2026-08-03 11:40:06,305 [INFO] BoardInfo:880 - No configuration file found for board NUCLEO-C092RC
2026-08-03 11:40:06,305 [INFO] DbBoards:157 - Board is not supported: NUCLEO-C092RC
2026-08-03 11:40:06,329 [INFO] BoardInfo:880 - No configuration file found for board NUCLEO-H533RE
2026-08-03 11:40:06,329 [INFO] DbBoards:157 - Board is not supported: NUCLEO-H533RE
2026-08-03 11:40:06,330 [INFO] BoardInfo:880 - No configuration file found for board NUCLEO-H5E5ZJ
2026-08-03 11:40:06,330 [INFO] DbBoards:157 - Board is not supported: NUCLEO-H5E5ZJ
2026-08-03 11:40:06,336 [INFO] BoardInfo:880 - No configuration file found for board NUCLEO-H7S3L8
2026-08-03 11:40:06,336 [INFO] DbBoards:157 - Board is not supported: NUCLEO-H7S3L8
2026-08-03 11:40:06,350 [INFO] BoardInfo:880 - No configuration file found for board NUCLEO-N657X0-Q
2026-08-03 11:40:06,350 [INFO] DbBoards:157 - Board is not supported: NUCLEO-N657X0-Q
2026-08-03 11:40:06,350 [INFO] BoardInfo:880 - No configuration file found for board NUCLEO-U031R8
2026-08-03 11:40:06,350 [INFO] DbBoards:157 - Board is not supported: NUCLEO-U031R8
2026-08-03 11:40:06,354 [INFO] BoardInfo:880 - No configuration file found for board NUCLEO-U083RC
2026-08-03 11:40:06,354 [INFO] DbBoards:157 - Board is not supported: NUCLEO-U083RC
2026-08-03 11:40:06,355 [INFO] BoardInfo:880 - No configuration file found for board NUCLEO-U385RG-Q
2026-08-03 11:40:06,355 [INFO] DbBoards:157 - Board is not supported: NUCLEO-U385RG-Q
2026-08-03 11:40:06,356 [INFO] BoardInfo:880 - No configuration file found for board NUCLEO-U3C5ZI-Q
2026-08-03 11:40:06,356 [INFO] DbBoards:157 - Board is not supported: NUCLEO-U3C5ZI-Q
2026-08-03 11:40:06,359 [INFO] BoardInfo:880 - No configuration file found for board NUCLEO-WB05KZ
2026-08-03 11:40:06,359 [INFO] DbBoards:157 - Board is not supported: NUCLEO-WB05KZ
2026-08-03 11:40:06,359 [INFO] BoardInfo:880 - No configuration file found for board NUCLEO-WB07CC
2026-08-03 11:40:06,359 [INFO] DbBoards:157 - Board is not supported: NUCLEO-WB07CC
2026-08-03 11:40:06,360 [INFO] BoardInfo:880 - No configuration file found for board NUCLEO-WB09KE
2026-08-03 11:40:06,360 [INFO] DbBoards:157 - Board is not supported: NUCLEO-WB09KE
2026-08-03 11:40:06,362 [INFO] BoardInfo:880 - No configuration file found for board NUCLEO-WBA25CE1
2026-08-03 11:40:06,362 [INFO] DbBoards:157 - Board is not supported: NUCLEO-WBA25CE1
2026-08-03 11:40:06,364 [INFO] BoardInfo:880 - No configuration file found for board NUCLEO-WBA55CG
2026-08-03 11:40:06,364 [INFO] DbBoards:157 - Board is not supported: NUCLEO-WBA55CG
2026-08-03 11:40:06,364 [INFO] BoardInfo:880 - No configuration file found for board NUCLEO-WBA65RI
2026-08-03 11:40:06,364 [INFO] DbBoards:157 - Board is not supported: NUCLEO-WBA65RI
2026-08-03 11:40:06,365 [INFO] BoardInfo:880 - No configuration file found for board NUCLEO-WL33CC1
2026-08-03 11:40:06,365 [INFO] DbBoards:157 - Board is not supported: NUCLEO-WL33CC1
2026-08-03 11:40:06,366 [INFO] BoardInfo:880 - No configuration file found for board NUCLEO-WL33CC2
2026-08-03 11:40:06,366 [INFO] DbBoards:157 - Board is not supported: NUCLEO-WL33CC2
2026-08-03 11:40:06,367 [INFO] BoardInfo:880 - No configuration file found for board NUCLEO-WL3RKB1
2026-08-03 11:40:06,367 [INFO] DbBoards:157 - Board is not supported: NUCLEO-WL3RKB1
2026-08-03 11:40:06,367 [INFO] BoardInfo:880 - No configuration file found for board NUCLEO-WL3RKB2
2026-08-03 11:40:06,367 [INFO] DbBoards:157 - Board is not supported: NUCLEO-WL3RKB2
2026-08-03 11:40:06,371 [INFO] BoardInfo:880 - No configuration file found for board P-NUCLEO-WB55
2026-08-03 11:40:06,371 [INFO] DbBoards:157 - Kit is not supported: P-NUCLEO-WB55
2026-08-03 11:40:06,374 [INFO] BoardInfo:880 - No configuration file found for board STEVAL-BFA001V1B
2026-08-03 11:40:06,374 [INFO] DbBoards:157 - Kit is not supported: STEVAL-BFA001V1B
2026-08-03 11:40:06,375 [INFO] BoardInfo:880 - No configuration file found for board STEVAL-BFA001V2B
2026-08-03 11:40:06,375 [INFO] DbBoards:157 - Kit is not supported: STEVAL-BFA001V2B
2026-08-03 11:40:06,377 [INFO] BoardInfo:880 - No configuration file found for board STEVAL-MKBOXPRO
2026-08-03 11:40:06,377 [INFO] DbBoards:157 - Board is not supported: STEVAL-MKBOXPRO
2026-08-03 11:40:06,417 [INFO] BoardInfo:880 - No configuration file found for board STM32H5F5J-DK
2026-08-03 11:40:06,417 [INFO] DbBoards:157 - Board is not supported: STM32H5F5J-DK
2026-08-03 11:40:06,431 [INFO] BoardInfo:880 - No configuration file found for board STM32H7S78-DK
2026-08-03 11:40:06,431 [INFO] DbBoards:157 - Board is not supported: STM32H7S78-DK
2026-08-03 11:40:06,447 [INFO] BoardInfo:880 - No configuration file found for board STM32MP215F-DK
2026-08-03 11:40:06,447 [INFO] DbBoards:157 - Board is not supported: STM32MP215F-DK
2026-08-03 11:40:06,448 [INFO] BoardInfo:880 - No configuration file found for board STM32MP257F-DK
2026-08-03 11:40:06,448 [INFO] DbBoards:157 - Board is not supported: STM32MP257F-DK
2026-08-03 11:40:06,449 [INFO] BoardInfo:880 - No configuration file found for board STM32MP257F-EV1
2026-08-03 11:40:06,449 [INFO] DbBoards:157 - Board is not supported: STM32MP257F-EV1
2026-08-03 11:40:06,450 [INFO] BoardInfo:880 - No configuration file found for board STM32N6570-DK
2026-08-03 11:40:06,450 [INFO] DbBoards:157 - Board is not supported: STM32N6570-DK
2026-08-03 11:40:06,451 [INFO] BoardInfo:880 - No configuration file found for board STM32U083C-DK
2026-08-03 11:40:06,451 [INFO] DbBoards:157 - Board is not supported: STM32U083C-DK
2026-08-03 11:40:06,456 [INFO] BoardInfo:880 - No configuration file found for board STM32WBA55G-DK1
2026-08-03 11:40:06,456 [INFO] DbBoards:157 - Board is not supported: STM32WBA55G-DK1
2026-08-03 11:40:06,457 [INFO] BoardInfo:880 - No configuration file found for board STM32WBA65I-DK1
2026-08-03 11:40:06,457 [INFO] DbBoards:157 - Board is not supported: STM32WBA65I-DK1
2026-08-03 11:40:06,457 [INFO] DbBoards:161 - Found 218 boards, 183 are supported
2026-08-03 11:40:06,460 [INFO] ApiDb:423 - Load user favorites file C:\Users\Admin/.stm32cubeide/favorites.boards.txt: 0 item(s)
2026-08-03 11:40:06,460 [INFO] ApiDb:427 - User favorites Boards=[]
2026-08-03 11:40:06,460 [INFO] DbBoards:190 - Set 0 / 0 favorites Boards
2026-08-03 11:40:06,467 [ERROR] TargetSelectorAdapter:267 - Unable to refresh data
2026-08-03 11:40:06,501 [INFO] McuFinderGlobals:76 - Set McuFinderConnectedMode to true
2026-08-03 11:40:06,502 [INFO] MultiScanPanel:200 - Auto-refresh data requested => check proxy status ongoing
2026-08-03 11:40:06,502 [INFO] FinderPluginLoader:95 - Searching for filters in installed packs
2026-08-03 11:40:07,350 [INFO] LoadUrlFilesThread:185 - End of LoadServerUrlFiles without Thread
2026-08-03 11:40:07,350 [INFO] DetailPanel:341 - Set advertising image to C:/Users/Admin/STM32Cube/Repository/\en.stm32h5cubemxbanner.png
2026-08-03 11:40:47,502 [INFO] MainUpdater:2868 - connection check result : 10
2026-08-03 11:40:47,502 [INFO] MainUpdater:2868 - connection check result : 10
2026-08-03 11:40:47,543 [INFO] MicroXplorer:468 - Change Database Path : 
2026-08-03 11:40:47,543 [INFO] MicroXplorer:498 - Change Database Version : DB.6.0.91
2026-08-03 11:40:47,554 [WARN] ThirdParty:871 - waiting for thirdparty lock release [close project]
2026-08-03 11:40:47,554 [INFO] ThirdParty:873 - entering critical section [close project]
2026-08-03 11:40:47,554 [INFO] ThirdParty:883 - exiting critical section [close project]
2026-08-03 11:40:47,555 [INFO] PinOutPanel:1499 - setPackage(No Configuration,No Configuration)
2026-08-03 11:40:47,558 [WARN] IpParametersView:151 - Warning: This peripheral hasn't parameters
2026-08-03 11:40:47,560 [WARN] MainPanel:272 - <html><b><center>Warning: This peripheral has no parameters to be configured<br></b></html>
2026-08-03 11:40:47,563 [INFO] UtilMem:75 - Begin LoadConfig() Used Memory: 993682112 Bytes (1073741824)
2026-08-03 11:40:47,563 [INFO] MicroXplorer:468 - Change Database Path : 
2026-08-03 11:40:47,563 [INFO] MicroXplorer:498 - Change Database Version : DB.6.0.91
2026-08-03 11:40:47,563 [INFO] OpenFileManager:308 - Change cursor
2026-08-03 11:40:47,570 [INFO] RulesReader:64 - Compatibility file has been processed (293 Rules)
2026-08-03 11:40:47,571 [INFO] Mcu:1946 - Initializing MCU STM32F405RGTx STM32F405RGTx STM32F405RGT6
2026-08-03 11:40:48,368 [INFO] Context:659 - Trying to add GPIOservice into a context  which must be forbidden
2026-08-03 11:40:48,516 [INFO] ImportTextPane:194 - (OptionalMessage_ERROR) Unable to find key (Mcu.ThirdPartyNb) in loaded IOC file
2026-08-03 11:40:48,516 [INFO] ImportTextPane:194 - (OptionalMessage_ERROR) Unable to find key (Mcu.PinsNb) in loaded IOC file
2026-08-03 11:40:48,516 [INFO] ImportTextPane:194 - (OptionalMessage_ERROR) Unable to find key (Mcu.IPNb) in loaded IOC file
2026-08-03 11:40:48,531 [INFO] RtosManager:555 - Registered RTOS mode: class=CMSIS, group=RTOS, mode=CMSIS_V1, owner=FREERTOS
2026-08-03 11:40:48,531 [INFO] RtosManager:555 - Registered RTOS mode: class=CMSIS, group=RTOS2, mode=CMSIS_V2, owner=FREERTOS
2026-08-03 11:40:48,531 [INFO] RtosManager:555 - Registered RTOS mode: class=RTOS, group=Core, mode=CMSIS_V1, owner=FREERTOS
2026-08-03 11:40:48,531 [INFO] RtosManager:555 - Registered RTOS mode: class=RTOS, group=Core, mode=CMSIS_V2, owner=FREERTOS
2026-08-03 11:40:48,531 [WARN] ModelIntegratedComponent:184 - Missing modes for component STMicroelectronics:FreeRTOS:0.0.1:STMicroelectronics:RTOS:FreeRTOS:Core:::10.2.0:
2026-08-03 11:40:48,577 [WARN] ModelIntegratedComponent:63 - No mode defined for component null
2026-08-03 11:40:48,577 [WARN] ModelIntegratedComponent:63 - No mode defined for component null
2026-08-03 11:40:48,577 [WARN] ModelIntegratedComponent:63 - No mode defined for component null
2026-08-03 11:40:48,577 [WARN] ModelIntegratedComponent:63 - No mode defined for component null
2026-08-03 11:40:48,577 [WARN] ModelIntegratedComponent:63 - No mode defined for component null
2026-08-03 11:40:48,577 [WARN] ModelIntegratedComponent:63 - No mode defined for component null
2026-08-03 11:40:48,577 [WARN] ModelIntegratedComponent:63 - No mode defined for component null
2026-08-03 11:40:48,577 [WARN] ModelIntegratedComponent:63 - No mode defined for component null
2026-08-03 11:40:48,577 [WARN] ModelIntegratedComponent:63 - No mode defined for component null
2026-08-03 11:40:48,577 [WARN] ModelIntegratedComponent:63 - No mode defined for component null
2026-08-03 11:40:48,577 [WARN] ModelIntegratedComponent:63 - No mode defined for component null
2026-08-03 11:40:48,577 [WARN] ModelIntegratedComponent:63 - No mode defined for component null
2026-08-03 11:40:48,577 [WARN] ModelIntegratedComponent:63 - No mode defined for component null
2026-08-03 11:40:48,577 [WARN] ModelIntegratedComponent:63 - No mode defined for component null
2026-08-03 11:40:48,577 [WARN] ModelIntegratedComponent:63 - No mode defined for component null
2026-08-03 11:40:48,577 [WARN] ModelIntegratedComponent:63 - No mode defined for component null
2026-08-03 11:40:48,577 [WARN] ModelIntegratedComponent:63 - No mode defined for component null
2026-08-03 11:40:48,578 [WARN] ModelIntegratedComponent:63 - No mode defined for component null
2026-08-03 11:40:48,578 [WARN] ModelIntegratedComponent:63 - No mode defined for component null
2026-08-03 11:40:48,578 [WARN] ModelIntegratedComponent:63 - No mode defined for component null
2026-08-03 11:40:48,578 [WARN] ModelIntegratedComponent:63 - No mode defined for component null
2026-08-03 11:40:48,578 [WARN] ModelIntegratedComponent:63 - No mode defined for component null
2026-08-03 11:40:48,578 [WARN] ModelIntegratedComponent:63 - No mode defined for component null
2026-08-03 11:40:48,578 [WARN] ModelIntegratedComponent:63 - No mode defined for component null
2026-08-03 11:40:48,578 [WARN] ModelIntegratedComponent:63 - No mode defined for component null
2026-08-03 11:40:48,578 [WARN] ModelIntegratedComponent:63 - No mode defined for component null
2026-08-03 11:40:48,578 [WARN] ModelIntegratedComponent:63 - No mode defined for component null
2026-08-03 11:40:48,578 [WARN] ModelIntegratedComponent:63 - No mode defined for component null
2026-08-03 11:40:48,578 [WARN] ModelIntegratedComponent:63 - No mode defined for component null
2026-08-03 11:40:48,578 [WARN] ModelIntegratedComponent:63 - No mode defined for component null
2026-08-03 11:40:48,578 [WARN] ModelIntegratedComponent:63 - No mode defined for component null
2026-08-03 11:40:48,578 [WARN] ModelIntegratedComponent:63 - No mode defined for component null
2026-08-03 11:40:48,578 [WARN] ModelIntegratedComponent:63 - No mode defined for component null
2026-08-03 11:40:48,632 [INFO] ThirdPartyModel:298 - Start build external matchings
2026-08-03 11:40:48,832 [INFO] ThirdPartyModel:316 - End build external matchings
2026-08-03 11:40:49,031 [INFO] UtilMem:75 - End LoadConfig() Used Memory: 886321808 Bytes (1073741824)
2026-08-03 11:40:49,102 [WARN] ThirdParty:833 - waiting for thirdparty lock release [change project]
2026-08-03 11:40:49,102 [INFO] ThirdParty:835 - entering critical section [change project]
2026-08-03 11:40:49,102 [INFO] ThirdParty:1030 - CMSIS Pack Vendor :STMicroelectronics USBPD 4.1
2026-08-03 11:40:49,102 [INFO] ThirdParty:1030 - CMSIS Pack Vendor :STMicroelectronics USB_HOST 2.0.0
2026-08-03 11:40:49,102 [INFO] ThirdParty:1030 - CMSIS Pack Vendor :STMicroelectronics FP-ATR-ASTRA1 2.0.3
2026-08-03 11:40:49,102 [INFO] ThirdParty:1030 - CMSIS Pack Vendor :STMicroelectronics X-CUBE-AZRTOS-F4 1.1.0
2026-08-03 11:40:49,102 [INFO] ThirdParty:1030 - CMSIS Pack Vendor :STMicroelectronics LIBJPEG 8.0.0
2026-08-03 11:40:49,102 [INFO] ThirdParty:1030 - CMSIS Pack Vendor :STMicroelectronics FP-ATR-ASTRA1 2.0.2
2026-08-03 11:40:49,102 [INFO] ThirdParty:1030 - CMSIS Pack Vendor :STMicroelectronics X-CUBE-SMBUS 2.1.0
2026-08-03 11:40:49,102 [INFO] ThirdParty:1030 - CMSIS Pack Vendor :wolfSSL I-CUBE-wolfMQTT 1.19.2
2026-08-03 11:40:49,102 [INFO] ThirdParty:1030 - CMSIS Pack Vendor :STMicroelectronics USB_DEVICE 3.0.0
2026-08-03 11:40:49,102 [INFO] ThirdParty:1030 - CMSIS Pack Vendor :STMicroelectronics X-CUBE-AZRTOS-F7 1.1.0
2026-08-03 11:40:49,102 [INFO] ThirdParty:1030 - CMSIS Pack Vendor :STMicroelectronics USB_DEVICE 2.0.0
2026-08-03 11:40:49,102 [INFO] ThirdParty:1030 - CMSIS Pack Vendor :STMicroelectronics X-CUBE-ALGOBUILD 1.5.0
2026-08-03 11:40:49,102 [INFO] ThirdParty:1030 - CMSIS Pack Vendor :STMicroelectronics FreeRTOS 0.0.1
2026-08-03 11:40:49,102 [INFO] ThirdParty:1030 - CMSIS Pack Vendor :STMicroelectronics X-CUBE-AZRTOS-H7RS 1.3.0
2026-08-03 11:40:49,102 [INFO] ThirdParty:1030 - CMSIS Pack Vendor :STMicroelectronics X-CUBE-AZRTOS-G0 1.1.0
2026-08-03 11:40:49,102 [INFO] ThirdParty:1030 - CMSIS Pack Vendor :STMicroelectronics X-CUBE-NFC4 3.0.0
2026-08-03 11:40:49,102 [INFO] ThirdParty:1030 - CMSIS Pack Vendor :STMicroelectronics X-CUBE-SUBG2 5.0.0
2026-08-03 11:40:49,102 [INFO] ThirdParty:1030 - CMSIS Pack Vendor :STMicroelectronics STM32_WPAN 1.0.0
2026-08-03 11:40:49,102 [INFO] ThirdParty:1030 - CMSIS Pack Vendor :STMicroelectronics lwIP 2.0.3
2026-08-03 11:40:49,102 [INFO] ThirdParty:1030 - CMSIS Pack Vendor :STMicroelectronics X-CUBE-MEMS1 13.0.0
2026-08-03 11:40:49,102 [INFO] ThirdParty:1030 - CMSIS Pack Vendor :STMicroelectronics USB_HOST 1.0.0
2026-08-03 11:40:49,102 [INFO] ThirdParty:1030 - CMSIS Pack Vendor :STMicroelectronics X-CUBE-AZRTOS-G4 2.0.0
2026-08-03 11:40:49,102 [INFO] ThirdParty:1030 - CMSIS Pack Vendor :STMicroelectronics PDM2PCM 3.1.0
2026-08-03 11:40:49,102 [INFO] ThirdParty:1030 - CMSIS Pack Vendor :STMicroelectronics PDM2PCM 3.3.0
2026-08-03 11:40:49,102 [INFO] ThirdParty:1030 - CMSIS Pack Vendor :wolfSSL I-CUBE-wolfTPM 3.8.0
2026-08-03 11:40:49,102 [INFO] ThirdParty:1030 - CMSIS Pack Vendor :STMicroelectronics X-CUBE-DISPLAY 3.0.0
2026-08-03 11:40:49,102 [INFO] ThirdParty:1030 - CMSIS Pack Vendor :wolfSSL I-CUBE-wolfSSH 1.4.20
2026-08-03 11:40:49,102 [INFO] ThirdParty:1030 - CMSIS Pack Vendor :wolfSSL I-CUBE-wolfSSL 5.9.1
2026-08-03 11:40:49,102 [INFO] ThirdParty:1030 - CMSIS Pack Vendor :STMicroelectronics FP-ATR-SIGFOX1 3.2.0
2026-08-03 11:40:49,102 [INFO] ThirdParty:1030 - CMSIS Pack Vendor :STMicroelectronics HAL Drivers 0.0.0
2026-08-03 11:40:49,102 [INFO] ThirdParty:1030 - CMSIS Pack Vendor :STMicroelectronics MBEDTLS 2.16.2
2026-08-03 11:40:49,102 [INFO] ThirdParty:1030 - CMSIS Pack Vendor :emotas I-CUBE-CANOPEN 1.3.0
2026-08-03 11:40:49,102 [INFO] ThirdParty:1030 - CMSIS Pack Vendor :STMicroelectronics MBEDTLS 2.14.1
2026-08-03 11:40:49,102 [INFO] ThirdParty:1030 - CMSIS Pack Vendor :ITTIA_DB I-CUBE-ITTIADB 8.9.0
2026-08-03 11:40:49,103 [INFO] ThirdParty:1030 - CMSIS Pack Vendor :STMicroelectronics X-CUBE-TOUCHGFX 4.26.1
2026-08-03 11:40:49,103 [INFO] ThirdParty:1030 - CMSIS Pack Vendor :STMicroelectronics X-CUBE-AI 10.2.1
2026-08-03 11:40:49,103 [INFO] ThirdParty:1030 - CMSIS Pack Vendor :STMicroelectronics ThreadX 1.0.0
2026-08-03 11:40:49,103 [INFO] ThirdParty:1030 - CMSIS Pack Vendor :STMicroelectronics X-CUBE-MEMS1 12.1.0
2026-08-03 11:40:49,103 [INFO] ThirdParty:1030 - CMSIS Pack Vendor :STMicroelectronics X-CUBE-AZRTOS-WL 2.0.0
2026-08-03 11:40:49,103 [INFO] ThirdParty:1030 - CMSIS Pack Vendor :SEGGER I-CUBE-embOS 1.3.1
2026-08-03 11:40:49,103 [INFO] ThirdParty:1030 - CMSIS Pack Vendor :STMicroelectronics X-CUBE-ALGOBUILD 1.4.0
2026-08-03 11:40:49,103 [INFO] ThirdParty:1030 - CMSIS Pack Vendor :STMicroelectronics USB_DEVICE 1.0.0
2026-08-03 11:40:49,103 [INFO] ThirdParty:1030 - CMSIS Pack Vendor :STMicroelectronics X-CUBE-AZRTOS-H7RS 1.2.0
2026-08-03 11:40:49,103 [INFO] ThirdParty:1030 - CMSIS Pack Vendor :STMicroelectronics X-CUBE-AZRTOS-L4 2.0.0
2026-08-03 11:40:49,103 [INFO] ThirdParty:1030 - CMSIS Pack Vendor :STMicroelectronics ThreadX 0.0.2
2026-08-03 11:40:49,103 [INFO] ThirdParty:1030 - CMSIS Pack Vendor :STMicroelectronics lwIP 2.1.2
2026-08-03 11:40:49,103 [INFO] ThirdParty:1030 - CMSIS Pack Vendor :STMicroelectronics X-CUBE-SFXS2LP1 4.0.0
2026-08-03 11:40:49,103 [INFO] ThirdParty:1030 - CMSIS Pack Vendor :STMicroelectronics X-CUBE-BLE2 3.3.0
2026-08-03 11:40:49,103 [INFO] ThirdParty:1030 - CMSIS Pack Vendor :STMicroelectronics X-CUBE-NFC13 1.0.0
2026-08-03 11:40:49,103 [INFO] ThirdParty:1030 - CMSIS Pack Vendor :STMicroelectronics PDM2PCM 3.2.0
2026-08-03 11:40:49,103 [INFO] ThirdParty:841 - exiting critical section [change project]
2026-08-03 11:40:49,197 [INFO] PinOutPanel:1499 - setPackage(No Configuration,No Configuration)
2026-08-03 11:40:49,197 [INFO] PinOutPanel:1499 - setPackage(STM32F405RGTx,LQFP64)
2026-08-03 11:40:49,336 [INFO] UtilMem:75 - Before build in PCC Used Memory: 942640416 Bytes (1073741824)
2026-08-03 11:40:49,448 [INFO] UtilMem:75 - After build in PCC Used Memory: 889881208 Bytes (1073741824)
2026-08-03 11:40:49,463 [INFO] IPUIPlugin:80 - create IPUIPlugin
2026-08-03 11:40:49,463 [INFO] IPUIPlugin:80 - create IPUIPlugin
2026-08-03 11:40:49,463 [INFO] IPUIPlugin:80 - create IPUIPlugin
2026-08-03 11:40:49,463 [INFO] IPUIPlugin:80 - create IPUIPlugin
2026-08-03 11:40:49,463 [INFO] IPUIPlugin:80 - create IPUIPlugin
2026-08-03 11:40:49,463 [INFO] IPUIPlugin:80 - create IPUIPlugin
2026-08-03 11:40:49,463 [INFO] IPUIPlugin:80 - create IPUIPlugin
2026-08-03 11:40:49,463 [INFO] IPUIPlugin:80 - create IPUIPlugin
2026-08-03 11:40:49,463 [INFO] IPUIPlugin:80 - create IPUIPlugin
2026-08-03 11:40:49,463 [INFO] IPUIPlugin:80 - create IPUIPlugin
2026-08-03 11:40:49,463 [INFO] IPUIPlugin:80 - create IPUIPlugin
2026-08-03 11:40:49,463 [INFO] IPUIPlugin:80 - create IPUIPlugin
2026-08-03 11:40:49,463 [INFO] IPUIPlugin:80 - create IPUIPlugin
2026-08-03 11:40:49,463 [INFO] IPUIPlugin:80 - create IPUIPlugin
2026-08-03 11:40:49,463 [INFO] IPUIPlugin:80 - create IPUIPlugin
2026-08-03 11:40:49,463 [INFO] IPUIPlugin:80 - create IPUIPlugin
2026-08-03 11:40:49,464 [INFO] IPUIPlugin:80 - create IPUIPlugin
2026-08-03 11:40:49,464 [INFO] IPUIPlugin:80 - create IPUIPlugin
2026-08-03 11:40:49,464 [INFO] IPUIPlugin:80 - create IPUIPlugin
2026-08-03 11:40:49,464 [INFO] IPUIPlugin:80 - create IPUIPlugin
2026-08-03 11:40:49,464 [INFO] IPUIPlugin:80 - create IPUIPlugin
2026-08-03 11:40:49,464 [INFO] IPUIPlugin:80 - create IPUIPlugin
2026-08-03 11:40:49,464 [INFO] IPUIPlugin:80 - create IPUIPlugin
2026-08-03 11:40:49,464 [INFO] IPUIPlugin:80 - create IPUIPlugin
2026-08-03 11:40:49,464 [INFO] IPUIPlugin:80 - create IPUIPlugin
2026-08-03 11:40:49,464 [INFO] IPUIPlugin:80 - create IPUIPlugin
2026-08-03 11:40:49,465 [INFO] IPUIPlugin:80 - create IPUIPlugin
2026-08-03 11:40:49,465 [INFO] IPUIPlugin:80 - create IPUIPlugin
2026-08-03 11:40:49,465 [INFO] IPUIPlugin:80 - create IPUIPlugin
2026-08-03 11:40:49,465 [INFO] IPUIPlugin:80 - create IPUIPlugin
2026-08-03 11:40:49,465 [INFO] IPUIPlugin:80 - create IPUIPlugin
2026-08-03 11:40:49,465 [INFO] IPUIPlugin:80 - create IPUIPlugin
2026-08-03 11:40:49,465 [INFO] IPUIPlugin:80 - create IPUIPlugin
2026-08-03 11:40:49,466 [INFO] IPUIPlugin:80 - create IPUIPlugin
2026-08-03 11:40:49,466 [INFO] IPUIPlugin:80 - create IPUIPlugin
2026-08-03 11:40:49,466 [INFO] IPUIPlugin:80 - create IPUIPlugin
2026-08-03 11:40:49,466 [INFO] IPUIPlugin:80 - create IPUIPlugin
2026-08-03 11:40:49,466 [INFO] IPUIPlugin:80 - create IPUIPlugin
2026-08-03 11:40:49,466 [INFO] IPUIPlugin:80 - create IPUIPlugin
2026-08-03 11:40:49,466 [INFO] IPUIPlugin:80 - create IPUIPlugin
2026-08-03 11:40:49,467 [INFO] IPUIPlugin:80 - create IPUIPlugin
2026-08-03 11:40:49,467 [INFO] IPUIPlugin:80 - create IPUIPlugin
2026-08-03 11:40:49,467 [INFO] IPUIPlugin:80 - create IPUIPlugin
2026-08-03 11:40:49,467 [INFO] IPUIPlugin:80 - create IPUIPlugin
2026-08-03 11:40:49,467 [INFO] IPUIPlugin:80 - create IPUIPlugin
2026-08-03 11:40:49,468 [INFO] IPUIPlugin:80 - create IPUIPlugin
2026-08-03 11:40:49,468 [INFO] IPUIPlugin:80 - create IPUIPlugin
2026-08-03 11:40:49,468 [INFO] IPUIPlugin:80 - create IPUIPlugin
2026-08-03 11:40:49,468 [INFO] IPUIPlugin:80 - create IPUIPlugin
2026-08-03 11:40:49,468 [INFO] IPUIPlugin:80 - create IPUIPlugin
2026-08-03 11:40:49,469 [INFO] IPUIPlugin:80 - create IPUIPlugin
2026-08-03 11:40:49,469 [INFO] IPUIPlugin:80 - create IPUIPlugin
2026-08-03 11:40:49,469 [INFO] IPUIPlugin:80 - create IPUIPlugin
2026-08-03 11:40:49,469 [INFO] IPUIPlugin:80 - create IPUIPlugin
2026-08-03 11:40:49,471 [INFO] ApiDbMcu:507 - Load IP Config File for PDM2PCM
2026-08-03 11:40:49,486 [INFO] CADModel:165 - CPN selected for project levelSTM32F405RGT6
2026-08-03 11:40:49,486 [INFO] CADModel:114 - Register for checkConnection events
2026-08-03 11:40:49,532 [INFO] OpenFileManager:328 - Restore cursor
2026-08-03 11:40:49,776 [INFO] UtilMem:75 - End SaveConfig() Used Memory: 900549824 Bytes (1073741824)
2026-08-03 11:40:49,805 [INFO] UtilMem:75 - End SaveConfig() Used Memory: 923992744 Bytes (1073741824)
2026-08-03 11:40:49,906 [INFO] BlockDiagram:2759 - set Specific Code input for plugin: RCC
2026-08-03 11:40:49,906 [INFO] BlockDiagram:2759 - set Specific Code input for plugin: NVIC
2026-08-03 11:40:49,907 [INFO] CodeGenerator:799 - code generatio: config db path: C:\ST\STM32CubeIDE_1.13.1\STM32CubeIDE\plugins\com.st.stm32cube.common.mx_6.9.1.202307191849\\db\
2026-08-03 11:40:50,020 [INFO] CodeEngine:255 - oldGeneratedFile, C:\Users\Admin\Documents\GitHub\Drone-RTOS\Source\008QMC5883L\MXTmpFiles\license.tmp_save
2026-08-03 11:40:50,085 [INFO] CodeEngine:279 - Generated code: C:\Users\Admin\Documents\GitHub\Drone-RTOS\Source\008QMC5883L\MXTmpFiles\license.tmp
2026-08-03 11:40:50,092 [INFO] CodeEngine:255 - oldGeneratedFile, C:\Users\Admin\Documents\GitHub\Drone-RTOS\Source\008QMC5883L\Core\Src\stm32f4xx_it.c_save
2026-08-03 11:40:50,206 [INFO] CodeEngine:279 - Generated code: C:\Users\Admin\Documents\GitHub\Drone-RTOS\Source\008QMC5883L\Core\Src\stm32f4xx_it.c
2026-08-03 11:40:50,209 [INFO] CodeEngine:255 - oldGeneratedFile, C:\Users\Admin\Documents\GitHub\Drone-RTOS\Source\008QMC5883L\Core\Inc\stm32f4xx_it.h_save
2026-08-03 11:40:50,261 [INFO] CodeEngine:279 - Generated code: C:\Users\Admin\Documents\GitHub\Drone-RTOS\Source\008QMC5883L\Core\Inc\stm32f4xx_it.h
2026-08-03 11:40:50,280 [INFO] CodeEngine:255 - oldGeneratedFile, C:\Users\Admin\Documents\GitHub\Drone-RTOS\Source\008QMC5883L\Core\Src\stm32f4xx_hal_msp.c_save
2026-08-03 11:40:50,363 [INFO] CodeEngine:279 - Generated code: C:\Users\Admin\Documents\GitHub\Drone-RTOS\Source\008QMC5883L\Core\Src\stm32f4xx_hal_msp.c
2026-08-03 11:40:50,366 [INFO] CodeEngine:255 - oldGeneratedFile, C:\Users\Admin\Documents\GitHub\Drone-RTOS\Source\008QMC5883L\MXTmpFiles\system.tmp_save
2026-08-03 11:40:50,412 [INFO] CodeEngine:279 - Generated code: C:\Users\Admin\Documents\GitHub\Drone-RTOS\Source\008QMC5883L\MXTmpFiles\system.tmp
2026-08-03 11:40:50,417 [INFO] CodeEngine:311 - oldGeneratedFile, C:\Users\Admin\Documents\GitHub\Drone-RTOS\Source\008QMC5883L\Core\Inc\stm32f4xx_hal_conf.h_save
2026-08-03 11:40:50,476 [INFO] CodeEngine:335 - Generated code: C:\Users\Admin\Documents\GitHub\Drone-RTOS\Source\008QMC5883L\Core\Inc\stm32f4xx_hal_conf.h
2026-08-03 11:40:50,493 [INFO] CodeEngine:255 - oldGeneratedFile, C:\Users\Admin\Documents\GitHub\Drone-RTOS\Source\008QMC5883L\Core\Inc\main.h_save
2026-08-03 11:40:50,549 [INFO] CodeEngine:279 - Generated code: C:\Users\Admin\Documents\GitHub\Drone-RTOS\Source\008QMC5883L\Core\Inc\main.h
2026-08-03 11:40:50,552 [INFO] CodeEngine:255 - oldGeneratedFile, C:\Users\Admin\Documents\GitHub\Drone-RTOS\Source\008QMC5883L\Core\Src\main.c_save
2026-08-03 11:40:50,622 [INFO] CodeEngine:279 - Generated code: C:\Users\Admin\Documents\GitHub\Drone-RTOS\Source\008QMC5883L\Core\Src\main.c
2026-08-03 11:40:50,959 [INFO] ProjectBuilder:3064 - Time for Copy HAL[1] : 86mS.
2026-08-03 11:40:50,962 [INFO] ProjectBuilder:4404 - Project Generator version: 4.1.0
2026-08-03 11:40:51,434 [INFO] ConfigFileManager:1457 - The Die is : DIE413
2026-08-03 11:40:51,435 [INFO] ApiDbMcu:507 - Load IP Config File for FATFS
2026-08-03 11:40:51,438 [INFO] ApiDbMcu:507 - Load IP Config File for FREERTOS
2026-08-03 11:40:51,439 [INFO] ApiDbMcu:507 - Load IP Config File for LIBJPEG
2026-08-03 11:40:51,443 [INFO] ApiDbMcu:507 - Load IP Config File for MBEDTLS
2026-08-03 11:40:51,448 [INFO] ApiDbMcu:507 - Load IP Config File for USB_DEVICE
2026-08-03 11:40:51,450 [INFO] ApiDbMcu:507 - Load IP Config File for USB_HOST
2026-08-03 11:40:52,714 [INFO] ProjectBuilder:4626 - Time for Generating toolchain IDE Files: 1751mS.
2026-08-03 11:40:52,714 [INFO] ProjectBuilder:2935 - Time for Copy CMSIS : 0mS.
2026-08-03 11:40:52,716 [INFO] ProjectBuilder:2935 - Time for Copy CMSIS : 0mS.
2026-08-03 11:40:54,018 [INFO] McuFinderGlobals:76 - Set McuFinderConnectedMode to true
2026-08-03 11:40:54,020 [INFO] ApiDb:448 - Save user favorites file C:\Users\Admin/.stm32cubeide/favorites.mcus.txt: 4 item(s)
2026-08-03 11:40:54,021 [INFO] ApiDb:452 - User favorites MCUs=[STM32F103C8T6, STM32F405RGT6, STM32F411CEU6, STM32H523CET6]
2026-08-03 11:41:15,610 [WARN] IP:2114 - I2C_Coeff_DF not found: check if there is a RefParameter without a condition.
2026-08-03 11:41:15,610 [WARN] IP:2114 - Analog_Filter not found: check if there is a RefParameter without a condition.
2026-08-03 11:41:15,618 [WARN] IP:2114 - I2C_Coeff_DF not found: check if there is a RefParameter without a condition.
2026-08-03 11:41:15,618 [WARN] IP:2114 - Analog_Filter not found: check if there is a RefParameter without a condition.
2026-08-03 11:41:15,618 [WARN] IP:2114 - I2C_Coeff_DF not found: check if there is a RefParameter without a condition.
2026-08-03 11:41:15,618 [WARN] IP:2114 - Analog_Filter not found: check if there is a RefParameter without a condition.
2026-08-03 11:41:15,638 [WARN] IP:2114 - I2C_Coeff_DF not found: check if there is a RefParameter without a condition.
2026-08-03 11:41:15,639 [WARN] IP:2114 - Analog_Filter not found: check if there is a RefParameter without a condition.
2026-08-03 11:41:15,639 [WARN] IP:2114 - I2C_Coeff_DF not found: check if there is a RefParameter without a condition.
2026-08-03 11:41:15,639 [WARN] IP:2114 - Analog_Filter not found: check if there is a RefParameter without a condition.
2026-08-03 11:41:41,902 [WARN] IP:2114 - I2C_Coeff_DF not found: check if there is a RefParameter without a condition.
2026-08-03 11:41:41,902 [WARN] IP:2114 - Analog_Filter not found: check if there is a RefParameter without a condition.
2026-08-03 11:41:41,902 [WARN] IP:2114 - I2C_Coeff_DF not found: check if there is a RefParameter without a condition.
2026-08-03 11:41:41,902 [WARN] IP:2114 - Analog_Filter not found: check if there is a RefParameter without a condition.
2026-08-03 11:41:42,060 [WARN] IP:2114 - I2C_Coeff_DF not found: check if there is a RefParameter without a condition.
2026-08-03 11:41:42,060 [WARN] IP:2114 - Analog_Filter not found: check if there is a RefParameter without a condition.
2026-08-03 11:41:42,060 [WARN] IP:2114 - I2C_Coeff_DF not found: check if there is a RefParameter without a condition.
2026-08-03 11:41:42,060 [WARN] IP:2114 - Analog_Filter not found: check if there is a RefParameter without a condition.
2026-08-03 11:41:49,094 [WARN] IP:2114 - I2C_Coeff_DF not found: check if there is a RefParameter without a condition.
2026-08-03 11:41:49,094 [WARN] IP:2114 - Analog_Filter not found: check if there is a RefParameter without a condition.
2026-08-03 11:41:49,095 [WARN] IP:2114 - I2C_Coeff_DF not found: check if there is a RefParameter without a condition.
2026-08-03 11:41:49,095 [WARN] IP:2114 - Analog_Filter not found: check if there is a RefParameter without a condition.
2026-08-03 11:41:55,318 [INFO] UtilMem:75 - End SaveConfig() Used Memory: 813154920 Bytes (1073741824)
2026-08-03 11:42:02,365 [INFO] UtilMem:75 - End SaveConfig() Used Memory: 819143600 Bytes (1073741824)
2026-08-03 11:42:02,479 [INFO] BlockDiagram:2759 - set Specific Code input for plugin: SYS
2026-08-03 11:42:02,479 [INFO] BlockDiagram:2759 - set Specific Code input for plugin: RCC
2026-08-03 11:42:02,479 [INFO] BlockDiagram:2759 - set Specific Code input for plugin: I2C
2026-08-03 11:42:02,479 [INFO] BlockDiagram:2759 - set Specific Code input for plugin: NVIC
2026-08-03 11:42:02,480 [INFO] BlockDiagram:2759 - set Specific Code input for plugin: GPIO
2026-08-03 11:42:02,480 [INFO] CodeGenerator:799 - code generatio: config db path: C:\ST\STM32CubeIDE_1.13.1\STM32CubeIDE\plugins\com.st.stm32cube.common.mx_6.9.1.202307191849\\db\
2026-08-03 11:42:02,481 [WARN] IP:2114 - I2C_Coeff_DF not found: check if there is a RefParameter without a condition.
2026-08-03 11:42:02,481 [WARN] IP:2114 - Analog_Filter not found: check if there is a RefParameter without a condition.
2026-08-03 11:42:02,583 [INFO] CodeEngine:255 - oldGeneratedFile, C:\Users\Admin\Documents\GitHub\Drone-RTOS\Source\008QMC5883L\MXTmpFiles\license.tmp_save
2026-08-03 11:42:02,679 [INFO] CodeEngine:279 - Generated code: C:\Users\Admin\Documents\GitHub\Drone-RTOS\Source\008QMC5883L\MXTmpFiles\license.tmp
2026-08-03 11:42:02,693 [INFO] CodeEngine:255 - oldGeneratedFile, C:\Users\Admin\Documents\GitHub\Drone-RTOS\Source\008QMC5883L\MXTmpFiles\gpio.tmp_save
2026-08-03 11:42:02,745 [INFO] CodeEngine:279 - Generated code: C:\Users\Admin\Documents\GitHub\Drone-RTOS\Source\008QMC5883L\MXTmpFiles\gpio.tmp
2026-08-03 11:42:02,769 [INFO] CodeEngine:255 - oldGeneratedFile, C:\Users\Admin\Documents\GitHub\Drone-RTOS\Source\008QMC5883L\Core\Src\stm32f4xx_it.c_save
2026-08-03 11:42:02,903 [INFO] CodeEngine:279 - Generated code: C:\Users\Admin\Documents\GitHub\Drone-RTOS\Source\008QMC5883L\Core\Src\stm32f4xx_it.c
2026-08-03 11:42:02,907 [INFO] CodeEngine:255 - oldGeneratedFile, C:\Users\Admin\Documents\GitHub\Drone-RTOS\Source\008QMC5883L\Core\Inc\stm32f4xx_it.h_save
2026-08-03 11:42:02,956 [INFO] CodeEngine:279 - Generated code: C:\Users\Admin\Documents\GitHub\Drone-RTOS\Source\008QMC5883L\Core\Inc\stm32f4xx_it.h
2026-08-03 11:42:02,964 [INFO] CodeEngine:255 - oldGeneratedFile, C:\Users\Admin\Documents\GitHub\Drone-RTOS\Source\008QMC5883L\Core\Src\stm32f4xx_hal_msp.c_save
2026-08-03 11:42:03,035 [INFO] CodeEngine:279 - Generated code: C:\Users\Admin\Documents\GitHub\Drone-RTOS\Source\008QMC5883L\Core\Src\stm32f4xx_hal_msp.c
2026-08-03 11:42:03,038 [INFO] CodeEngine:255 - oldGeneratedFile, C:\Users\Admin\Documents\GitHub\Drone-RTOS\Source\008QMC5883L\MXTmpFiles\system.tmp_save
2026-08-03 11:42:03,080 [INFO] CodeEngine:279 - Generated code: C:\Users\Admin\Documents\GitHub\Drone-RTOS\Source\008QMC5883L\MXTmpFiles\system.tmp
2026-08-03 11:42:03,086 [INFO] CodeEngine:311 - oldGeneratedFile, C:\Users\Admin\Documents\GitHub\Drone-RTOS\Source\008QMC5883L\Core\Inc\stm32f4xx_hal_conf.h_save
2026-08-03 11:42:03,152 [INFO] CodeEngine:335 - Generated code: C:\Users\Admin\Documents\GitHub\Drone-RTOS\Source\008QMC5883L\Core\Inc\stm32f4xx_hal_conf.h
2026-08-03 11:42:03,166 [INFO] CodeEngine:255 - oldGeneratedFile, C:\Users\Admin\Documents\GitHub\Drone-RTOS\Source\008QMC5883L\Core\Inc\main.h_save
2026-08-03 11:42:03,218 [INFO] CodeEngine:279 - Generated code: C:\Users\Admin\Documents\GitHub\Drone-RTOS\Source\008QMC5883L\Core\Inc\main.h
2026-08-03 11:42:03,222 [INFO] CodeEngine:255 - oldGeneratedFile, C:\Users\Admin\Documents\GitHub\Drone-RTOS\Source\008QMC5883L\Core\Src\main.c_save
2026-08-03 11:42:03,292 [INFO] CodeEngine:279 - Generated code: C:\Users\Admin\Documents\GitHub\Drone-RTOS\Source\008QMC5883L\Core\Src\main.c
2026-08-03 11:42:03,662 [INFO] ProjectBuilder:3064 - Time for Copy HAL[1] : 95mS.
2026-08-03 11:42:03,664 [INFO] ProjectBuilder:4404 - Project Generator version: 4.1.0
2026-08-03 11:42:04,122 [INFO] ConfigFileManager:1457 - The Die is : DIE413
2026-08-03 11:42:04,851 [INFO] ProjectBuilder:4626 - Time for Generating toolchain IDE Files: 1187mS.
2026-08-03 11:42:04,852 [INFO] ProjectBuilder:2935 - Time for Copy CMSIS : 0mS.
2026-08-03 11:42:04,854 [INFO] ProjectBuilder:2935 - Time for Copy CMSIS : 0mS.
2026-08-03 14:19:33,329 [INFO] MainUpdater:2868 - connection check result : 10
2026-08-03 14:19:33,329 [INFO] MainUpdater:2868 - connection check result : 10
2026-08-03 14:19:33,386 [INFO] MicroXplorer:468 - Change Database Path : 
2026-08-03 14:19:33,386 [INFO] MicroXplorer:498 - Change Database Version : DB.6.0.91
2026-08-03 14:19:33,402 [WARN] ThirdParty:871 - waiting for thirdparty lock release [close project]
2026-08-03 14:19:33,402 [INFO] ThirdParty:873 - entering critical section [close project]
2026-08-03 14:19:33,402 [INFO] ThirdParty:883 - exiting critical section [close project]
2026-08-03 14:19:33,404 [INFO] PinOutPanel:1499 - setPackage(No Configuration,No Configuration)
2026-08-03 14:19:33,407 [WARN] IpParametersView:151 - Warning: This peripheral hasn't parameters
2026-08-03 14:19:33,411 [WARN] MainPanel:272 - <html><b><center>Warning: This peripheral has no parameters to be configured<br></b></html>
2026-08-03 14:19:33,414 [INFO] UtilMem:75 - Begin LoadConfig() Used Memory: 889469680 Bytes (1073741824)
2026-08-03 14:19:33,415 [INFO] MicroXplorer:468 - Change Database Path : 
2026-08-03 14:19:33,415 [INFO] MicroXplorer:498 - Change Database Version : DB.6.0.91
2026-08-03 14:19:33,415 [INFO] OpenFileManager:308 - Change cursor
2026-08-03 14:19:33,426 [INFO] RulesReader:64 - Compatibility file has been processed (293 Rules)
2026-08-03 14:19:33,428 [INFO] Mcu:1946 - Initializing MCU STM32F405RGTx STM32F405RGTx STM32F405RGT6
2026-08-03 14:19:34,391 [INFO] Context:659 - Trying to add GPIOservice into a context  which must be forbidden
2026-08-03 14:19:34,649 [INFO] RtosManager:555 - Registered RTOS mode: class=CMSIS, group=RTOS, mode=CMSIS_V1, owner=FREERTOS
2026-08-03 14:19:34,649 [INFO] RtosManager:555 - Registered RTOS mode: class=CMSIS, group=RTOS2, mode=CMSIS_V2, owner=FREERTOS
2026-08-03 14:19:34,649 [INFO] RtosManager:555 - Registered RTOS mode: class=RTOS, group=Core, mode=CMSIS_V1, owner=FREERTOS
2026-08-03 14:19:34,649 [INFO] RtosManager:555 - Registered RTOS mode: class=RTOS, group=Core, mode=CMSIS_V2, owner=FREERTOS
2026-08-03 14:19:34,649 [WARN] ModelIntegratedComponent:184 - Missing modes for component STMicroelectronics:FreeRTOS:0.0.1:STMicroelectronics:RTOS:FreeRTOS:Core:::10.2.0:
2026-08-03 14:19:34,710 [WARN] ModelIntegratedComponent:63 - No mode defined for component null
2026-08-03 14:19:34,710 [WARN] ModelIntegratedComponent:63 - No mode defined for component null
2026-08-03 14:19:34,710 [WARN] ModelIntegratedComponent:63 - No mode defined for component null
2026-08-03 14:19:34,710 [WARN] ModelIntegratedComponent:63 - No mode defined for component null
2026-08-03 14:19:34,710 [WARN] ModelIntegratedComponent:63 - No mode defined for component null
2026-08-03 14:19:34,710 [WARN] ModelIntegratedComponent:63 - No mode defined for component null
2026-08-03 14:19:34,710 [WARN] ModelIntegratedComponent:63 - No mode defined for component null
2026-08-03 14:19:34,710 [WARN] ModelIntegratedComponent:63 - No mode defined for component null
2026-08-03 14:19:34,710 [WARN] ModelIntegratedComponent:63 - No mode defined for component null
2026-08-03 14:19:34,710 [WARN] ModelIntegratedComponent:63 - No mode defined for component null
2026-08-03 14:19:34,710 [WARN] ModelIntegratedComponent:63 - No mode defined for component null
2026-08-03 14:19:34,710 [WARN] ModelIntegratedComponent:63 - No mode defined for component null
2026-08-03 14:19:34,710 [WARN] ModelIntegratedComponent:63 - No mode defined for component null
2026-08-03 14:19:34,710 [WARN] ModelIntegratedComponent:63 - No mode defined for component null
2026-08-03 14:19:34,710 [WARN] ModelIntegratedComponent:63 - No mode defined for component null
2026-08-03 14:19:34,710 [WARN] ModelIntegratedComponent:63 - No mode defined for component null
2026-08-03 14:19:34,710 [WARN] ModelIntegratedComponent:63 - No mode defined for component null
2026-08-03 14:19:34,710 [WARN] ModelIntegratedComponent:63 - No mode defined for component null
2026-08-03 14:19:34,710 [WARN] ModelIntegratedComponent:63 - No mode defined for component null
2026-08-03 14:19:34,710 [WARN] ModelIntegratedComponent:63 - No mode defined for component null
2026-08-03 14:19:34,710 [WARN] ModelIntegratedComponent:63 - No mode defined for component null
2026-08-03 14:19:34,710 [WARN] ModelIntegratedComponent:63 - No mode defined for component null
2026-08-03 14:19:34,710 [WARN] ModelIntegratedComponent:63 - No mode defined for component null
2026-08-03 14:19:34,710 [WARN] ModelIntegratedComponent:63 - No mode defined for component null
2026-08-03 14:19:34,710 [WARN] ModelIntegratedComponent:63 - No mode defined for component null
2026-08-03 14:19:34,710 [WARN] ModelIntegratedComponent:63 - No mode defined for component null
2026-08-03 14:19:34,710 [WARN] ModelIntegratedComponent:63 - No mode defined for component null
2026-08-03 14:19:34,710 [WARN] ModelIntegratedComponent:63 - No mode defined for component null
2026-08-03 14:19:34,710 [WARN] ModelIntegratedComponent:63 - No mode defined for component null
2026-08-03 14:19:34,710 [WARN] ModelIntegratedComponent:63 - No mode defined for component null
2026-08-03 14:19:34,710 [WARN] ModelIntegratedComponent:63 - No mode defined for component null
2026-08-03 14:19:34,710 [WARN] ModelIntegratedComponent:63 - No mode defined for component null
2026-08-03 14:19:34,710 [WARN] ModelIntegratedComponent:63 - No mode defined for component null
2026-08-03 14:19:34,762 [INFO] ThirdPartyModel:298 - Start build external matchings
2026-08-03 14:19:35,023 [INFO] ThirdPartyModel:316 - End build external matchings
2026-08-03 14:19:35,039 [INFO] ImportTextPane:194 - (OptionalMessage_ERROR) IP (DMA) : Parameter (Instance) has Id (USART1_RX) currently not set
2026-08-03 14:19:35,039 [INFO] ImportTextPane:194 - (OptionalMessage_ERROR) IP (DMA) : Parameter (Channel) has Id (USART1_RX) currently not set
2026-08-03 14:19:35,039 [INFO] ImportTextPane:194 - (OptionalMessage_ERROR) IP (DMA) : Parameter (Direction) has Id (USART1_RX) currently not set
2026-08-03 14:19:35,039 [INFO] ImportTextPane:194 - (OptionalMessage_ERROR) IP (DMA) : Parameter (PeriphInc) has Id (USART1_RX) currently not set
2026-08-03 14:19:35,039 [INFO] ImportTextPane:194 - (OptionalMessage_ERROR) IP (DMA) : Parameter (MemInc) has Id (USART1_RX) currently not set
2026-08-03 14:19:35,039 [INFO] ImportTextPane:194 - (OptionalMessage_ERROR) IP (DMA) : Parameter (PeriphDataAlignment) has Id (USART1_RX) currently not set
2026-08-03 14:19:35,040 [INFO] ImportTextPane:194 - (OptionalMessage_ERROR) IP (DMA) : Parameter (MemDataAlignment) has Id (USART1_RX) currently not set
2026-08-03 14:19:35,040 [INFO] ImportTextPane:194 - (OptionalMessage_ERROR) IP (DMA) : Parameter (Mode) has Id (USART1_RX) currently not set
2026-08-03 14:19:35,040 [INFO] ImportTextPane:194 - (OptionalMessage_ERROR) IP (DMA) : Parameter (Priority) has Id (USART1_RX) currently not set
2026-08-03 14:19:35,040 [INFO] ImportTextPane:194 - (OptionalMessage_ERROR) IP (DMA) : Parameter (FIFOMode) has Id (USART1_RX) currently not set
2026-08-03 14:19:35,040 [INFO] ImportTextPane:194 - (OptionalMessage_ERROR) IP (DMA) : Parameter (FIFOThreshold) has Id (USART1_RX) currently not set
2026-08-03 14:19:35,040 [INFO] ImportTextPane:194 - (OptionalMessage_ERROR) IP (DMA) : Parameter (FIFOThreshold) has invalid value (null)
2026-08-03 14:19:35,040 [INFO] ImportTextPane:194 - (OptionalMessage_ERROR) IP (DMA) : Parameter (MemBurst) has Id (USART1_RX) currently not set
2026-08-03 14:19:35,040 [INFO] ImportTextPane:194 - (OptionalMessage_ERROR) IP (DMA) : Parameter (MemBurst) has invalid value (null)
2026-08-03 14:19:35,040 [INFO] ImportTextPane:194 - (OptionalMessage_ERROR) IP (DMA) : Parameter (PeriphBurst) has Id (USART1_RX) currently not set
2026-08-03 14:19:35,040 [INFO] ImportTextPane:194 - (OptionalMessage_ERROR) IP (DMA) : Parameter (PeriphBurst) has invalid value (null)
2026-08-03 14:19:35,040 [INFO] ImportTextPane:194 - (OptionalMessage_ERROR) IP (RCC) : Parameter (48MHZClocksFreq_Value) has invalid value (84000000)
2026-08-03 14:19:35,040 [INFO] ImportTextPane:194 - (OptionalMessage_ERROR) IP (RCC) : Parameter (RTCHSEDivFreq_Value) has invalid value (4000000)
2026-08-03 14:19:35,311 [INFO] UtilMem:75 - End LoadConfig() Used Memory: 879529344 Bytes (1073741824)
2026-08-03 14:19:35,352 [WARN] ThirdParty:833 - waiting for thirdparty lock release [change project]
2026-08-03 14:19:35,352 [INFO] ThirdParty:835 - entering critical section [change project]
2026-08-03 14:19:35,352 [INFO] ThirdParty:1030 - CMSIS Pack Vendor :STMicroelectronics USBPD 4.1
2026-08-03 14:19:35,352 [INFO] ThirdParty:1030 - CMSIS Pack Vendor :STMicroelectronics USB_HOST 2.0.0
2026-08-03 14:19:35,352 [INFO] ThirdParty:1030 - CMSIS Pack Vendor :STMicroelectronics FP-ATR-ASTRA1 2.0.3
2026-08-03 14:19:35,353 [INFO] ThirdParty:1030 - CMSIS Pack Vendor :STMicroelectronics X-CUBE-AZRTOS-F4 1.1.0
2026-08-03 14:19:35,353 [INFO] ThirdParty:1030 - CMSIS Pack Vendor :STMicroelectronics LIBJPEG 8.0.0
2026-08-03 14:19:35,353 [INFO] ThirdParty:1030 - CMSIS Pack Vendor :STMicroelectronics FP-ATR-ASTRA1 2.0.2
2026-08-03 14:19:35,353 [INFO] ThirdParty:1030 - CMSIS Pack Vendor :STMicroelectronics X-CUBE-SMBUS 2.1.0
2026-08-03 14:19:35,353 [INFO] ThirdParty:1030 - CMSIS Pack Vendor :wolfSSL I-CUBE-wolfMQTT 1.19.2
2026-08-03 14:19:35,353 [INFO] ThirdParty:1030 - CMSIS Pack Vendor :STMicroelectronics USB_DEVICE 3.0.0
2026-08-03 14:19:35,353 [INFO] ThirdParty:1030 - CMSIS Pack Vendor :STMicroelectronics X-CUBE-AZRTOS-F7 1.1.0
2026-08-03 14:19:35,353 [INFO] ThirdParty:1030 - CMSIS Pack Vendor :STMicroelectronics USB_DEVICE 2.0.0
2026-08-03 14:19:35,353 [INFO] ThirdParty:1030 - CMSIS Pack Vendor :STMicroelectronics X-CUBE-ALGOBUILD 1.5.0
2026-08-03 14:19:35,353 [INFO] ThirdParty:1030 - CMSIS Pack Vendor :STMicroelectronics FreeRTOS 0.0.1
2026-08-03 14:19:35,353 [INFO] ThirdParty:1030 - CMSIS Pack Vendor :STMicroelectronics X-CUBE-AZRTOS-H7RS 1.3.0
2026-08-03 14:19:35,353 [INFO] ThirdParty:1030 - CMSIS Pack Vendor :STMicroelectronics X-CUBE-AZRTOS-G0 1.1.0
2026-08-03 14:19:35,353 [INFO] ThirdParty:1030 - CMSIS Pack Vendor :STMicroelectronics X-CUBE-NFC4 3.0.0
2026-08-03 14:19:35,353 [INFO] ThirdParty:1030 - CMSIS Pack Vendor :STMicroelectronics X-CUBE-SUBG2 5.0.0
2026-08-03 14:19:35,353 [INFO] ThirdParty:1030 - CMSIS Pack Vendor :STMicroelectronics STM32_WPAN 1.0.0
2026-08-03 14:19:35,353 [INFO] ThirdParty:1030 - CMSIS Pack Vendor :STMicroelectronics lwIP 2.0.3
2026-08-03 14:19:35,353 [INFO] ThirdParty:1030 - CMSIS Pack Vendor :STMicroelectronics X-CUBE-MEMS1 13.0.0
2026-08-03 14:19:35,353 [INFO] ThirdParty:1030 - CMSIS Pack Vendor :STMicroelectronics USB_HOST 1.0.0
2026-08-03 14:19:35,353 [INFO] ThirdParty:1030 - CMSIS Pack Vendor :STMicroelectronics X-CUBE-AZRTOS-G4 2.0.0
2026-08-03 14:19:35,353 [INFO] ThirdParty:1030 - CMSIS Pack Vendor :STMicroelectronics PDM2PCM 3.1.0
2026-08-03 14:19:35,353 [INFO] ThirdParty:1030 - CMSIS Pack Vendor :STMicroelectronics PDM2PCM 3.3.0
2026-08-03 14:19:35,353 [INFO] ThirdParty:1030 - CMSIS Pack Vendor :wolfSSL I-CUBE-wolfTPM 3.8.0
2026-08-03 14:19:35,353 [INFO] ThirdParty:1030 - CMSIS Pack Vendor :STMicroelectronics X-CUBE-DISPLAY 3.0.0
2026-08-03 14:19:35,353 [INFO] ThirdParty:1030 - CMSIS Pack Vendor :wolfSSL I-CUBE-wolfSSH 1.4.20
2026-08-03 14:19:35,353 [INFO] ThirdParty:1030 - CMSIS Pack Vendor :wolfSSL I-CUBE-wolfSSL 5.9.1
2026-08-03 14:19:35,353 [INFO] ThirdParty:1030 - CMSIS Pack Vendor :STMicroelectronics FP-ATR-SIGFOX1 3.2.0
2026-08-03 14:19:35,353 [INFO] ThirdParty:1030 - CMSIS Pack Vendor :STMicroelectronics HAL Drivers 0.0.0
2026-08-03 14:19:35,354 [INFO] ThirdParty:1030 - CMSIS Pack Vendor :STMicroelectronics MBEDTLS 2.16.2
2026-08-03 14:19:35,354 [INFO] ThirdParty:1030 - CMSIS Pack Vendor :emotas I-CUBE-CANOPEN 1.3.0
2026-08-03 14:19:35,354 [INFO] ThirdParty:1030 - CMSIS Pack Vendor :STMicroelectronics MBEDTLS 2.14.1
2026-08-03 14:19:35,354 [INFO] ThirdParty:1030 - CMSIS Pack Vendor :ITTIA_DB I-CUBE-ITTIADB 8.9.0
2026-08-03 14:19:35,354 [INFO] ThirdParty:1030 - CMSIS Pack Vendor :STMicroelectronics X-CUBE-TOUCHGFX 4.26.1
2026-08-03 14:19:35,354 [INFO] ThirdParty:1030 - CMSIS Pack Vendor :STMicroelectronics X-CUBE-AI 10.2.1
2026-08-03 14:19:35,354 [INFO] ThirdParty:1030 - CMSIS Pack Vendor :STMicroelectronics ThreadX 1.0.0
2026-08-03 14:19:35,354 [INFO] ThirdParty:1030 - CMSIS Pack Vendor :STMicroelectronics X-CUBE-MEMS1 12.1.0
2026-08-03 14:19:35,354 [INFO] ThirdParty:1030 - CMSIS Pack Vendor :STMicroelectronics X-CUBE-AZRTOS-WL 2.0.0
2026-08-03 14:19:35,354 [INFO] ThirdParty:1030 - CMSIS Pack Vendor :SEGGER I-CUBE-embOS 1.3.1
2026-08-03 14:19:35,354 [INFO] ThirdParty:1030 - CMSIS Pack Vendor :STMicroelectronics X-CUBE-ALGOBUILD 1.4.0
2026-08-03 14:19:35,354 [INFO] ThirdParty:1030 - CMSIS Pack Vendor :STMicroelectronics USB_DEVICE 1.0.0
2026-08-03 14:19:35,354 [INFO] ThirdParty:1030 - CMSIS Pack Vendor :STMicroelectronics X-CUBE-AZRTOS-H7RS 1.2.0
2026-08-03 14:19:35,354 [INFO] ThirdParty:1030 - CMSIS Pack Vendor :STMicroelectronics X-CUBE-AZRTOS-L4 2.0.0
2026-08-03 14:19:35,354 [INFO] ThirdParty:1030 - CMSIS Pack Vendor :STMicroelectronics ThreadX 0.0.2
2026-08-03 14:19:35,354 [INFO] ThirdParty:1030 - CMSIS Pack Vendor :STMicroelectronics lwIP 2.1.2
2026-08-03 14:19:35,354 [INFO] ThirdParty:1030 - CMSIS Pack Vendor :STMicroelectronics X-CUBE-SFXS2LP1 4.0.0
2026-08-03 14:19:35,354 [INFO] ThirdParty:1030 - CMSIS Pack Vendor :STMicroelectronics X-CUBE-BLE2 3.3.0
2026-08-03 14:19:35,354 [INFO] ThirdParty:1030 - CMSIS Pack Vendor :STMicroelectronics X-CUBE-NFC13 1.0.0
2026-08-03 14:19:35,354 [INFO] ThirdParty:1030 - CMSIS Pack Vendor :STMicroelectronics PDM2PCM 3.2.0
2026-08-03 14:19:35,354 [INFO] ThirdParty:841 - exiting critical section [change project]
2026-08-03 14:19:35,468 [INFO] PinOutPanel:1499 - setPackage(No Configuration,No Configuration)
2026-08-03 14:19:35,469 [INFO] PinOutPanel:1499 - setPackage(STM32F405RGTx,LQFP64)
2026-08-03 14:19:35,641 [INFO] UtilMem:75 - Before build in PCC Used Memory: 917823760 Bytes (1073741824)
2026-08-03 14:19:35,746 [INFO] UtilMem:75 - After build in PCC Used Memory: 911558768 Bytes (1073741824)
2026-08-03 14:19:35,760 [INFO] IPUIPlugin:80 - create IPUIPlugin
2026-08-03 14:19:35,760 [INFO] IPUIPlugin:80 - create IPUIPlugin
2026-08-03 14:19:35,760 [INFO] IPUIPlugin:80 - create IPUIPlugin
2026-08-03 14:19:35,760 [INFO] IPUIPlugin:80 - create IPUIPlugin
2026-08-03 14:19:35,760 [INFO] IPUIPlugin:80 - create IPUIPlugin
2026-08-03 14:19:35,760 [INFO] IPUIPlugin:80 - create IPUIPlugin
2026-08-03 14:19:35,760 [INFO] IPUIPlugin:80 - create IPUIPlugin
2026-08-03 14:19:35,760 [INFO] IPUIPlugin:80 - create IPUIPlugin
2026-08-03 14:19:35,760 [INFO] IPUIPlugin:80 - create IPUIPlugin
2026-08-03 14:19:35,760 [INFO] IPUIPlugin:80 - create IPUIPlugin
2026-08-03 14:19:35,761 [INFO] IPUIPlugin:80 - create IPUIPlugin
2026-08-03 14:19:35,761 [INFO] IPUIPlugin:80 - create IPUIPlugin
2026-08-03 14:19:35,761 [INFO] IPUIPlugin:80 - create IPUIPlugin
2026-08-03 14:19:35,761 [INFO] IPUIPlugin:80 - create IPUIPlugin
2026-08-03 14:19:35,761 [INFO] IPUIPlugin:80 - create IPUIPlugin
2026-08-03 14:19:35,761 [INFO] IPUIPlugin:80 - create IPUIPlugin
2026-08-03 14:19:35,761 [INFO] IPUIPlugin:80 - create IPUIPlugin
2026-08-03 14:19:35,761 [INFO] IPUIPlugin:80 - create IPUIPlugin
2026-08-03 14:19:35,761 [INFO] IPUIPlugin:80 - create IPUIPlugin
2026-08-03 14:19:35,761 [INFO] IPUIPlugin:80 - create IPUIPlugin
2026-08-03 14:19:35,761 [INFO] IPUIPlugin:80 - create IPUIPlugin
2026-08-03 14:19:35,761 [INFO] IPUIPlugin:80 - create IPUIPlugin
2026-08-03 14:19:35,762 [INFO] IPUIPlugin:80 - create IPUIPlugin
2026-08-03 14:19:35,762 [INFO] IPUIPlugin:80 - create IPUIPlugin
2026-08-03 14:19:35,762 [INFO] IPUIPlugin:80 - create IPUIPlugin
2026-08-03 14:19:35,762 [INFO] IPUIPlugin:80 - create IPUIPlugin
2026-08-03 14:19:35,762 [INFO] IPUIPlugin:80 - create IPUIPlugin
2026-08-03 14:19:35,762 [INFO] IPUIPlugin:80 - create IPUIPlugin
2026-08-03 14:19:35,762 [INFO] IPUIPlugin:80 - create IPUIPlugin
2026-08-03 14:19:35,763 [INFO] IPUIPlugin:80 - create IPUIPlugin
2026-08-03 14:19:35,763 [INFO] IPUIPlugin:80 - create IPUIPlugin
2026-08-03 14:19:35,764 [INFO] IPUIPlugin:80 - create IPUIPlugin
2026-08-03 14:19:35,764 [INFO] IPUIPlugin:80 - create IPUIPlugin
2026-08-03 14:19:35,764 [INFO] IPUIPlugin:80 - create IPUIPlugin
2026-08-03 14:19:35,765 [INFO] IPUIPlugin:80 - create IPUIPlugin
2026-08-03 14:19:35,765 [INFO] IPUIPlugin:80 - create IPUIPlugin
2026-08-03 14:19:35,765 [INFO] IPUIPlugin:80 - create IPUIPlugin
2026-08-03 14:19:35,765 [INFO] IPUIPlugin:80 - create IPUIPlugin
2026-08-03 14:19:35,765 [INFO] IPUIPlugin:80 - create IPUIPlugin
2026-08-03 14:19:35,766 [INFO] IPUIPlugin:80 - create IPUIPlugin
2026-08-03 14:19:35,766 [INFO] IPUIPlugin:80 - create IPUIPlugin
2026-08-03 14:19:35,767 [INFO] IPUIPlugin:80 - create IPUIPlugin
2026-08-03 14:19:35,767 [INFO] IPUIPlugin:80 - create IPUIPlugin
2026-08-03 14:19:35,767 [INFO] IPUIPlugin:80 - create IPUIPlugin
2026-08-03 14:19:35,767 [INFO] IPUIPlugin:80 - create IPUIPlugin
2026-08-03 14:19:35,767 [INFO] IPUIPlugin:80 - create IPUIPlugin
2026-08-03 14:19:35,768 [INFO] IPUIPlugin:80 - create IPUIPlugin
2026-08-03 14:19:35,768 [INFO] IPUIPlugin:80 - create IPUIPlugin
2026-08-03 14:19:35,768 [INFO] IPUIPlugin:80 - create IPUIPlugin
2026-08-03 14:19:35,768 [INFO] IPUIPlugin:80 - create IPUIPlugin
2026-08-03 14:19:35,768 [INFO] IPUIPlugin:80 - create IPUIPlugin
2026-08-03 14:19:35,769 [INFO] IPUIPlugin:80 - create IPUIPlugin
2026-08-03 14:19:35,769 [INFO] IPUIPlugin:80 - create IPUIPlugin
2026-08-03 14:19:35,769 [INFO] IPUIPlugin:80 - create IPUIPlugin
2026-08-03 14:19:35,771 [INFO] ApiDbMcu:507 - Load IP Config File for PDM2PCM
2026-08-03 14:19:35,819 [INFO] CADModel:165 - CPN selected for project levelSTM32F405RGT6
2026-08-03 14:19:35,819 [INFO] CADModel:114 - Register for checkConnection events
2026-08-03 14:19:35,875 [INFO] OpenFileManager:328 - Restore cursor
2026-08-03 14:25:34,797 [ERROR] ConfigurationRetriever:142 - IOException on connection: sw-center.st.com
2026-08-03 14:25:34,797 [ERROR] ConfigurationRetriever:142 - IOException on connection: sw-center.st.com
2026-08-03 14:25:34,798 [ERROR] ConfigurationRetriever:142 - IOException on connection: sw-center.st.com
2026-08-03 14:25:34,822 [ERROR] ConfigurationRetriever:142 - IOException on connection: sw-center.st.com
2026-08-03 14:25:34,822 [ERROR] ConfigurationRetriever:142 - IOException on connection: sw-center.st.com
2026-08-03 14:25:34,822 [ERROR] ConfigurationRetriever:142 - IOException on connection: sw-center.st.com
2026-08-03 14:36:37,649 [ERROR] ConfigurationRetriever:142 - IOException on connection: Read timed out
2026-08-03 14:36:39,649 [ERROR] ConfigurationRetriever:142 - IOException on connection: Connect timed out
2026-08-03 14:36:42,095 [ERROR] ConfigurationRetriever:142 - IOException on connection: Read timed out
2026-08-03 14:36:44,440 [ERROR] ConfigurationRetriever:142 - IOException on connection: Read timed out
2026-08-03 14:36:47,537 [ERROR] ConfigurationRetriever:142 - IOException on connection: Read timed out
2026-08-03 14:36:49,602 [ERROR] ConfigurationRetriever:142 - IOException on connection: Read timed out
2026-08-03 14:37:17,163 [ERROR] ConfigurationRetriever:142 - IOException on connection: Read timed out
2026-08-03 14:37:19,163 [ERROR] ConfigurationRetriever:142 - IOException on connection: Connect timed out
2026-08-03 14:37:22,589 [ERROR] ConfigurationRetriever:142 - IOException on connection: Read timed out
2026-08-03 14:37:25,935 [ERROR] ConfigurationRetriever:142 - IOException on connection: Read timed out
2026-08-03 14:37:29,113 [ERROR] ConfigurationRetriever:142 - IOException on connection: Read timed out
2026-08-03 14:37:31,114 [ERROR] ConfigurationRetriever:142 - IOException on connection: Connect timed out
2026-08-03 14:42:00,538 [ERROR] ConfigurationRetriever:142 - IOException on connection: sw-center.st.com
2026-08-03 14:42:00,539 [ERROR] ConfigurationRetriever:142 - IOException on connection: sw-center.st.com
2026-08-03 14:42:00,539 [ERROR] ConfigurationRetriever:142 - IOException on connection: sw-center.st.com
2026-08-03 14:42:00,577 [ERROR] ConfigurationRetriever:142 - IOException on connection: sw-center.st.com
2026-08-03 14:42:00,577 [ERROR] ConfigurationRetriever:142 - IOException on connection: sw-center.st.com
2026-08-03 14:42:00,577 [ERROR] ConfigurationRetriever:142 - IOException on connection: sw-center.st.com
2026-08-03 14:47:28,305 [ERROR] ConfigurationRetriever:142 - IOException on connection: sw-center.st.com
2026-08-03 14:47:28,305 [ERROR] ConfigurationRetriever:142 - IOException on connection: sw-center.st.com
2026-08-03 14:47:28,305 [ERROR] ConfigurationRetriever:142 - IOException on connection: sw-center.st.com
2026-08-03 14:47:28,330 [ERROR] ConfigurationRetriever:142 - IOException on connection: sw-center.st.com
2026-08-03 14:47:28,330 [ERROR] ConfigurationRetriever:142 - IOException on connection: sw-center.st.com
2026-08-03 14:47:28,330 [ERROR] ConfigurationRetriever:142 - IOException on connection: sw-center.st.com
2026-08-03 14:56:13,619 [INFO] MainUpdater:2868 - connection check result : 10
2026-08-03 14:56:13,620 [INFO] MainUpdater:2868 - connection check result : 10
2026-08-03 14:56:13,695 [INFO] MicroXplorer:468 - Change Database Path : 
2026-08-03 14:56:13,695 [INFO] MicroXplorer:498 - Change Database Version : DB.6.0.91
2026-08-03 14:56:13,712 [WARN] ThirdParty:871 - waiting for thirdparty lock release [close project]
2026-08-03 14:56:13,712 [INFO] ThirdParty:873 - entering critical section [close project]
2026-08-03 14:56:13,712 [INFO] ThirdParty:883 - exiting critical section [close project]
2026-08-03 14:56:13,713 [INFO] PinOutPanel:1499 - setPackage(No Configuration,No Configuration)
2026-08-03 14:56:13,716 [WARN] IpParametersView:151 - Warning: This peripheral hasn't parameters
2026-08-03 14:56:13,719 [WARN] MainPanel:272 - <html><b><center>Warning: This peripheral has no parameters to be configured<br></b></html>
2026-08-03 14:56:13,720 [INFO] UtilMem:75 - Begin LoadConfig() Used Memory: 876064264 Bytes (1073741824)
2026-08-03 14:56:13,720 [INFO] MicroXplorer:468 - Change Database Path : 
2026-08-03 14:56:13,720 [INFO] MicroXplorer:498 - Change Database Version : DB.6.0.91
2026-08-03 14:56:13,720 [INFO] OpenFileManager:308 - Change cursor
2026-08-03 14:56:13,725 [INFO] Mcu:1946 - Initializing MCU STM32F405RGTx STM32F405RGTx STM32F405RGT6
2026-08-03 14:56:14,718 [INFO] Context:659 - Trying to add GPIOservice into a context  which must be forbidden
2026-08-03 14:56:14,907 [INFO] RtosManager:555 - Registered RTOS mode: class=CMSIS, group=RTOS, mode=CMSIS_V1, owner=FREERTOS
2026-08-03 14:56:14,907 [INFO] RtosManager:555 - Registered RTOS mode: class=CMSIS, group=RTOS2, mode=CMSIS_V2, owner=FREERTOS
2026-08-03 14:56:14,907 [INFO] RtosManager:555 - Registered RTOS mode: class=RTOS, group=Core, mode=CMSIS_V1, owner=FREERTOS
2026-08-03 14:56:14,907 [INFO] RtosManager:555 - Registered RTOS mode: class=RTOS, group=Core, mode=CMSIS_V2, owner=FREERTOS
2026-08-03 14:56:14,907 [WARN] ModelIntegratedComponent:184 - Missing modes for component STMicroelectronics:FreeRTOS:0.0.1:STMicroelectronics:RTOS:FreeRTOS:Core:::10.2.0:
2026-08-03 14:56:14,968 [WARN] ModelIntegratedComponent:63 - No mode defined for component null
2026-08-03 14:56:14,968 [WARN] ModelIntegratedComponent:63 - No mode defined for component null
2026-08-03 14:56:14,968 [WARN] ModelIntegratedComponent:63 - No mode defined for component null
2026-08-03 14:56:14,968 [WARN] ModelIntegratedComponent:63 - No mode defined for component null
2026-08-03 14:56:14,968 [WARN] ModelIntegratedComponent:63 - No mode defined for component null
2026-08-03 14:56:14,969 [WARN] ModelIntegratedComponent:63 - No mode defined for component null
2026-08-03 14:56:14,969 [WARN] ModelIntegratedComponent:63 - No mode defined for component null
2026-08-03 14:56:14,969 [WARN] ModelIntegratedComponent:63 - No mode defined for component null
2026-08-03 14:56:14,969 [WARN] ModelIntegratedComponent:63 - No mode defined for component null
2026-08-03 14:56:14,969 [WARN] ModelIntegratedComponent:63 - No mode defined for component null
2026-08-03 14:56:14,969 [WARN] ModelIntegratedComponent:63 - No mode defined for component null
2026-08-03 14:56:14,969 [WARN] ModelIntegratedComponent:63 - No mode defined for component null
2026-08-03 14:56:14,969 [WARN] ModelIntegratedComponent:63 - No mode defined for component null
2026-08-03 14:56:14,969 [WARN] ModelIntegratedComponent:63 - No mode defined for component null
2026-08-03 14:56:14,969 [WARN] ModelIntegratedComponent:63 - No mode defined for component null
2026-08-03 14:56:14,969 [WARN] ModelIntegratedComponent:63 - No mode defined for component null
2026-08-03 14:56:14,969 [WARN] ModelIntegratedComponent:63 - No mode defined for component null
2026-08-03 14:56:14,969 [WARN] ModelIntegratedComponent:63 - No mode defined for component null
2026-08-03 14:56:14,969 [WARN] ModelIntegratedComponent:63 - No mode defined for component null
2026-08-03 14:56:14,969 [WARN] ModelIntegratedComponent:63 - No mode defined for component null
2026-08-03 14:56:14,969 [WARN] ModelIntegratedComponent:63 - No mode defined for component null
2026-08-03 14:56:14,969 [WARN] ModelIntegratedComponent:63 - No mode defined for component null
2026-08-03 14:56:14,969 [WARN] ModelIntegratedComponent:63 - No mode defined for component null
2026-08-03 14:56:14,969 [WARN] ModelIntegratedComponent:63 - No mode defined for component null
2026-08-03 14:56:14,969 [WARN] ModelIntegratedComponent:63 - No mode defined for component null
2026-08-03 14:56:14,969 [WARN] ModelIntegratedComponent:63 - No mode defined for component null
2026-08-03 14:56:14,969 [WARN] ModelIntegratedComponent:63 - No mode defined for component null
2026-08-03 14:56:14,969 [WARN] ModelIntegratedComponent:63 - No mode defined for component null
2026-08-03 14:56:14,970 [WARN] ModelIntegratedComponent:63 - No mode defined for component null
2026-08-03 14:56:14,970 [WARN] ModelIntegratedComponent:63 - No mode defined for component null
2026-08-03 14:56:14,970 [WARN] ModelIntegratedComponent:63 - No mode defined for component null
2026-08-03 14:56:14,970 [WARN] ModelIntegratedComponent:63 - No mode defined for component null
2026-08-03 14:56:14,970 [WARN] ModelIntegratedComponent:63 - No mode defined for component null
2026-08-03 14:56:15,035 [INFO] ThirdPartyModel:298 - Start build external matchings
2026-08-03 14:56:15,375 [INFO] ThirdPartyModel:316 - End build external matchings
2026-08-03 14:56:15,385 [INFO] ImportTextPane:194 - (OptionalMessage_ERROR) IP (DMA) : Parameter (Instance) has Id (USART1_RX) currently not set
2026-08-03 14:56:15,385 [INFO] ImportTextPane:194 - (OptionalMessage_ERROR) IP (DMA) : Parameter (Channel) has Id (USART1_RX) currently not set
2026-08-03 14:56:15,385 [INFO] ImportTextPane:194 - (OptionalMessage_ERROR) IP (DMA) : Parameter (Direction) has Id (USART1_RX) currently not set
2026-08-03 14:56:15,386 [INFO] ImportTextPane:194 - (OptionalMessage_ERROR) IP (DMA) : Parameter (PeriphInc) has Id (USART1_RX) currently not set
2026-08-03 14:56:15,386 [INFO] ImportTextPane:194 - (OptionalMessage_ERROR) IP (DMA) : Parameter (MemInc) has Id (USART1_RX) currently not set
2026-08-03 14:56:15,386 [INFO] ImportTextPane:194 - (OptionalMessage_ERROR) IP (DMA) : Parameter (PeriphDataAlignment) has Id (USART1_RX) currently not set
2026-08-03 14:56:15,386 [INFO] ImportTextPane:194 - (OptionalMessage_ERROR) IP (DMA) : Parameter (MemDataAlignment) has Id (USART1_RX) currently not set
2026-08-03 14:56:15,386 [INFO] ImportTextPane:194 - (OptionalMessage_ERROR) IP (DMA) : Parameter (Mode) has Id (USART1_RX) currently not set
2026-08-03 14:56:15,386 [INFO] ImportTextPane:194 - (OptionalMessage_ERROR) IP (DMA) : Parameter (Priority) has Id (USART1_RX) currently not set
2026-08-03 14:56:15,387 [INFO] ImportTextPane:194 - (OptionalMessage_ERROR) IP (DMA) : Parameter (FIFOMode) has Id (USART1_RX) currently not set
2026-08-03 14:56:15,387 [INFO] ImportTextPane:194 - (OptionalMessage_ERROR) IP (DMA) : Parameter (FIFOThreshold) has Id (USART1_RX) currently not set
2026-08-03 14:56:15,387 [INFO] ImportTextPane:194 - (OptionalMessage_ERROR) IP (DMA) : Parameter (FIFOThreshold) has invalid value (null)
2026-08-03 14:56:15,387 [INFO] ImportTextPane:194 - (OptionalMessage_ERROR) IP (DMA) : Parameter (MemBurst) has Id (USART1_RX) currently not set
2026-08-03 14:56:15,387 [INFO] ImportTextPane:194 - (OptionalMessage_ERROR) IP (DMA) : Parameter (MemBurst) has invalid value (null)
2026-08-03 14:56:15,387 [INFO] ImportTextPane:194 - (OptionalMessage_ERROR) IP (DMA) : Parameter (PeriphBurst) has Id (USART1_RX) currently not set
2026-08-03 14:56:15,387 [INFO] ImportTextPane:194 - (OptionalMessage_ERROR) IP (DMA) : Parameter (PeriphBurst) has invalid value (null)
2026-08-03 14:56:15,387 [INFO] ImportTextPane:194 - (OptionalMessage_ERROR) IP (RCC) : Parameter (48MHZClocksFreq_Value) has invalid value (84000000)
2026-08-03 14:56:15,387 [INFO] ImportTextPane:194 - (OptionalMessage_ERROR) IP (RCC) : Parameter (RTCHSEDivFreq_Value) has invalid value (4000000)
2026-08-03 14:56:15,678 [INFO] UtilMem:75 - End LoadConfig() Used Memory: 941153128 Bytes (1073741824)
2026-08-03 14:56:15,721 [WARN] ThirdParty:833 - waiting for thirdparty lock release [change project]
2026-08-03 14:56:15,721 [INFO] ThirdParty:835 - entering critical section [change project]
2026-08-03 14:56:15,721 [INFO] ThirdParty:1030 - CMSIS Pack Vendor :STMicroelectronics USBPD 4.1
2026-08-03 14:56:15,721 [INFO] ThirdParty:1030 - CMSIS Pack Vendor :STMicroelectronics USB_HOST 2.0.0
2026-08-03 14:56:15,721 [INFO] ThirdParty:1030 - CMSIS Pack Vendor :STMicroelectronics FP-ATR-ASTRA1 2.0.3
2026-08-03 14:56:15,721 [INFO] ThirdParty:1030 - CMSIS Pack Vendor :STMicroelectronics X-CUBE-AZRTOS-F4 1.1.0
2026-08-03 14:56:15,721 [INFO] ThirdParty:1030 - CMSIS Pack Vendor :STMicroelectronics LIBJPEG 8.0.0
2026-08-03 14:56:15,721 [INFO] ThirdParty:1030 - CMSIS Pack Vendor :STMicroelectronics FP-ATR-ASTRA1 2.0.2
2026-08-03 14:56:15,721 [INFO] ThirdParty:1030 - CMSIS Pack Vendor :STMicroelectronics X-CUBE-SMBUS 2.1.0
2026-08-03 14:56:15,721 [INFO] ThirdParty:1030 - CMSIS Pack Vendor :wolfSSL I-CUBE-wolfMQTT 1.19.2
2026-08-03 14:56:15,721 [INFO] ThirdParty:1030 - CMSIS Pack Vendor :STMicroelectronics USB_DEVICE 3.0.0
2026-08-03 14:56:15,722 [INFO] ThirdParty:1030 - CMSIS Pack Vendor :STMicroelectronics X-CUBE-AZRTOS-F7 1.1.0
2026-08-03 14:56:15,722 [INFO] ThirdParty:1030 - CMSIS Pack Vendor :STMicroelectronics USB_DEVICE 2.0.0
2026-08-03 14:56:15,722 [INFO] ThirdParty:1030 - CMSIS Pack Vendor :STMicroelectronics X-CUBE-ALGOBUILD 1.5.0
2026-08-03 14:56:15,722 [INFO] ThirdParty:1030 - CMSIS Pack Vendor :STMicroelectronics FreeRTOS 0.0.1
2026-08-03 14:56:15,722 [INFO] ThirdParty:1030 - CMSIS Pack Vendor :STMicroelectronics X-CUBE-AZRTOS-H7RS 1.3.0
2026-08-03 14:56:15,722 [INFO] ThirdParty:1030 - CMSIS Pack Vendor :STMicroelectronics X-CUBE-AZRTOS-G0 1.1.0
2026-08-03 14:56:15,722 [INFO] ThirdParty:1030 - CMSIS Pack Vendor :STMicroelectronics X-CUBE-NFC4 3.0.0
2026-08-03 14:56:15,722 [INFO] ThirdParty:1030 - CMSIS Pack Vendor :STMicroelectronics X-CUBE-SUBG2 5.0.0
2026-08-03 14:56:15,722 [INFO] ThirdParty:1030 - CMSIS Pack Vendor :STMicroelectronics STM32_WPAN 1.0.0
2026-08-03 14:56:15,722 [INFO] ThirdParty:1030 - CMSIS Pack Vendor :STMicroelectronics lwIP 2.0.3
2026-08-03 14:56:15,722 [INFO] ThirdParty:1030 - CMSIS Pack Vendor :STMicroelectronics X-CUBE-MEMS1 13.0.0
2026-08-03 14:56:15,722 [INFO] ThirdParty:1030 - CMSIS Pack Vendor :STMicroelectronics USB_HOST 1.0.0
2026-08-03 14:56:15,722 [INFO] ThirdParty:1030 - CMSIS Pack Vendor :STMicroelectronics X-CUBE-AZRTOS-G4 2.0.0
2026-08-03 14:56:15,722 [INFO] ThirdParty:1030 - CMSIS Pack Vendor :STMicroelectronics PDM2PCM 3.1.0
2026-08-03 14:56:15,722 [INFO] ThirdParty:1030 - CMSIS Pack Vendor :STMicroelectronics PDM2PCM 3.3.0
2026-08-03 14:56:15,722 [INFO] ThirdParty:1030 - CMSIS Pack Vendor :wolfSSL I-CUBE-wolfTPM 3.8.0
2026-08-03 14:56:15,722 [INFO] ThirdParty:1030 - CMSIS Pack Vendor :STMicroelectronics X-CUBE-DISPLAY 3.0.0
2026-08-03 14:56:15,722 [INFO] ThirdParty:1030 - CMSIS Pack Vendor :wolfSSL I-CUBE-wolfSSH 1.4.20
2026-08-03 14:56:15,722 [INFO] ThirdParty:1030 - CMSIS Pack Vendor :wolfSSL I-CUBE-wolfSSL 5.9.1
2026-08-03 14:56:15,722 [INFO] ThirdParty:1030 - CMSIS Pack Vendor :STMicroelectronics FP-ATR-SIGFOX1 3.2.0
2026-08-03 14:56:15,722 [INFO] ThirdParty:1030 - CMSIS Pack Vendor :STMicroelectronics HAL Drivers 0.0.0
2026-08-03 14:56:15,722 [INFO] ThirdParty:1030 - CMSIS Pack Vendor :STMicroelectronics MBEDTLS 2.16.2
2026-08-03 14:56:15,722 [INFO] ThirdParty:1030 - CMSIS Pack Vendor :emotas I-CUBE-CANOPEN 1.3.0
2026-08-03 14:56:15,722 [INFO] ThirdParty:1030 - CMSIS Pack Vendor :STMicroelectronics MBEDTLS 2.14.1
2026-08-03 14:56:15,722 [INFO] ThirdParty:1030 - CMSIS Pack Vendor :ITTIA_DB I-CUBE-ITTIADB 8.9.0
2026-08-03 14:56:15,722 [INFO] ThirdParty:1030 - CMSIS Pack Vendor :STMicroelectronics X-CUBE-TOUCHGFX 4.26.1
2026-08-03 14:56:15,722 [INFO] ThirdParty:1030 - CMSIS Pack Vendor :STMicroelectronics X-CUBE-AI 10.2.1
2026-08-03 14:56:15,722 [INFO] ThirdParty:1030 - CMSIS Pack Vendor :STMicroelectronics ThreadX 1.0.0
2026-08-03 14:56:15,722 [INFO] ThirdParty:1030 - CMSIS Pack Vendor :STMicroelectronics X-CUBE-MEMS1 12.1.0
2026-08-03 14:56:15,722 [INFO] ThirdParty:1030 - CMSIS Pack Vendor :STMicroelectronics X-CUBE-AZRTOS-WL 2.0.0
2026-08-03 14:56:15,722 [INFO] ThirdParty:1030 - CMSIS Pack Vendor :SEGGER I-CUBE-embOS 1.3.1
2026-08-03 14:56:15,722 [INFO] ThirdParty:1030 - CMSIS Pack Vendor :STMicroelectronics X-CUBE-ALGOBUILD 1.4.0
2026-08-03 14:56:15,722 [INFO] ThirdParty:1030 - CMSIS Pack Vendor :STMicroelectronics USB_DEVICE 1.0.0
2026-08-03 14:56:15,722 [INFO] ThirdParty:1030 - CMSIS Pack Vendor :STMicroelectronics X-CUBE-AZRTOS-H7RS 1.2.0
2026-08-03 14:56:15,722 [INFO] ThirdParty:1030 - CMSIS Pack Vendor :STMicroelectronics X-CUBE-AZRTOS-L4 2.0.0
2026-08-03 14:56:15,722 [INFO] ThirdParty:1030 - CMSIS Pack Vendor :STMicroelectronics ThreadX 0.0.2
2026-08-03 14:56:15,722 [INFO] ThirdParty:1030 - CMSIS Pack Vendor :STMicroelectronics lwIP 2.1.2
2026-08-03 14:56:15,722 [INFO] ThirdParty:1030 - CMSIS Pack Vendor :STMicroelectronics X-CUBE-SFXS2LP1 4.0.0
2026-08-03 14:56:15,722 [INFO] ThirdParty:1030 - CMSIS Pack Vendor :STMicroelectronics X-CUBE-BLE2 3.3.0
2026-08-03 14:56:15,722 [INFO] ThirdParty:1030 - CMSIS Pack Vendor :STMicroelectronics X-CUBE-NFC13 1.0.0
2026-08-03 14:56:15,722 [INFO] ThirdParty:1030 - CMSIS Pack Vendor :STMicroelectronics PDM2PCM 3.2.0
2026-08-03 14:56:15,722 [INFO] ThirdParty:841 - exiting critical section [change project]
2026-08-03 14:56:15,834 [INFO] PinOutPanel:1499 - setPackage(No Configuration,No Configuration)
2026-08-03 14:56:15,834 [INFO] PinOutPanel:1499 - setPackage(STM32F405RGTx,LQFP64)
2026-08-03 14:56:15,998 [INFO] UtilMem:75 - Before build in PCC Used Memory: 925896488 Bytes (1073741824)
2026-08-03 14:56:16,145 [INFO] UtilMem:75 - After build in PCC Used Memory: 879807288 Bytes (1073741824)
2026-08-03 14:56:16,161 [INFO] IPUIPlugin:80 - create IPUIPlugin
2026-08-03 14:56:16,161 [INFO] IPUIPlugin:80 - create IPUIPlugin
2026-08-03 14:56:16,161 [INFO] IPUIPlugin:80 - create IPUIPlugin
2026-08-03 14:56:16,161 [INFO] IPUIPlugin:80 - create IPUIPlugin
2026-08-03 14:56:16,161 [INFO] IPUIPlugin:80 - create IPUIPlugin
2026-08-03 14:56:16,162 [INFO] IPUIPlugin:80 - create IPUIPlugin
2026-08-03 14:56:16,162 [INFO] IPUIPlugin:80 - create IPUIPlugin
2026-08-03 14:56:16,162 [INFO] IPUIPlugin:80 - create IPUIPlugin
2026-08-03 14:56:16,162 [INFO] IPUIPlugin:80 - create IPUIPlugin
2026-08-03 14:56:16,162 [INFO] IPUIPlugin:80 - create IPUIPlugin
2026-08-03 14:56:16,162 [INFO] IPUIPlugin:80 - create IPUIPlugin
2026-08-03 14:56:16,162 [INFO] IPUIPlugin:80 - create IPUIPlugin
2026-08-03 14:56:16,163 [INFO] IPUIPlugin:80 - create IPUIPlugin
2026-08-03 14:56:16,163 [INFO] IPUIPlugin:80 - create IPUIPlugin
2026-08-03 14:56:16,163 [INFO] IPUIPlugin:80 - create IPUIPlugin
2026-08-03 14:56:16,163 [INFO] IPUIPlugin:80 - create IPUIPlugin
2026-08-03 14:56:16,163 [INFO] IPUIPlugin:80 - create IPUIPlugin
2026-08-03 14:56:16,163 [INFO] IPUIPlugin:80 - create IPUIPlugin
2026-08-03 14:56:16,164 [INFO] IPUIPlugin:80 - create IPUIPlugin
2026-08-03 14:56:16,164 [INFO] IPUIPlugin:80 - create IPUIPlugin
2026-08-03 14:56:16,164 [INFO] IPUIPlugin:80 - create IPUIPlugin
2026-08-03 14:56:16,164 [INFO] IPUIPlugin:80 - create IPUIPlugin
2026-08-03 14:56:16,164 [INFO] IPUIPlugin:80 - create IPUIPlugin
2026-08-03 14:56:16,165 [INFO] IPUIPlugin:80 - create IPUIPlugin
2026-08-03 14:56:16,166 [INFO] IPUIPlugin:80 - create IPUIPlugin
2026-08-03 14:56:16,166 [INFO] IPUIPlugin:80 - create IPUIPlugin
2026-08-03 14:56:16,166 [INFO] IPUIPlugin:80 - create IPUIPlugin
2026-08-03 14:56:16,166 [INFO] IPUIPlugin:80 - create IPUIPlugin
2026-08-03 14:56:16,166 [INFO] IPUIPlugin:80 - create IPUIPlugin
2026-08-03 14:56:16,166 [INFO] IPUIPlugin:80 - create IPUIPlugin
2026-08-03 14:56:16,166 [INFO] IPUIPlugin:80 - create IPUIPlugin
2026-08-03 14:56:16,166 [INFO] IPUIPlugin:80 - create IPUIPlugin
2026-08-03 14:56:16,166 [INFO] IPUIPlugin:80 - create IPUIPlugin
2026-08-03 14:56:16,166 [INFO] IPUIPlugin:80 - create IPUIPlugin
2026-08-03 14:56:16,166 [INFO] IPUIPlugin:80 - create IPUIPlugin
2026-08-03 14:56:16,167 [INFO] IPUIPlugin:80 - create IPUIPlugin
2026-08-03 14:56:16,167 [INFO] IPUIPlugin:80 - create IPUIPlugin
2026-08-03 14:56:16,167 [INFO] IPUIPlugin:80 - create IPUIPlugin
2026-08-03 14:56:16,167 [INFO] IPUIPlugin:80 - create IPUIPlugin
2026-08-03 14:56:16,168 [INFO] IPUIPlugin:80 - create IPUIPlugin
2026-08-03 14:56:16,168 [INFO] IPUIPlugin:80 - create IPUIPlugin
2026-08-03 14:56:16,168 [INFO] IPUIPlugin:80 - create IPUIPlugin
2026-08-03 14:56:16,168 [INFO] IPUIPlugin:80 - create IPUIPlugin
2026-08-03 14:56:16,168 [INFO] IPUIPlugin:80 - create IPUIPlugin
2026-08-03 14:56:16,168 [INFO] IPUIPlugin:80 - create IPUIPlugin
2026-08-03 14:56:16,169 [INFO] IPUIPlugin:80 - create IPUIPlugin
2026-08-03 14:56:16,169 [INFO] IPUIPlugin:80 - create IPUIPlugin
2026-08-03 14:56:16,169 [INFO] IPUIPlugin:80 - create IPUIPlugin
2026-08-03 14:56:16,169 [INFO] IPUIPlugin:80 - create IPUIPlugin
2026-08-03 14:56:16,169 [INFO] IPUIPlugin:80 - create IPUIPlugin
2026-08-03 14:56:16,170 [INFO] IPUIPlugin:80 - create IPUIPlugin
2026-08-03 14:56:16,170 [INFO] IPUIPlugin:80 - create IPUIPlugin
2026-08-03 14:56:16,170 [INFO] IPUIPlugin:80 - create IPUIPlugin
2026-08-03 14:56:16,170 [INFO] IPUIPlugin:80 - create IPUIPlugin
2026-08-03 14:56:16,172 [INFO] ApiDbMcu:507 - Load IP Config File for PDM2PCM
2026-08-03 14:56:16,225 [INFO] CADModel:165 - CPN selected for project levelSTM32F405RGT6
2026-08-03 14:56:16,225 [INFO] CADModel:114 - Register for checkConnection events
2026-08-03 14:56:16,276 [INFO] OpenFileManager:328 - Restore cursor
2026-08-03 14:57:50,950 [INFO] Mcu:1605 - InternalPropertyChange: try BijectiveRequest:Output Compare CH2
2026-08-03 14:57:59,142 [INFO] Mcu:1605 - InternalPropertyChange: try BijectiveRequest:Output Compare CH3
2026-08-03 15:01:28,385 [INFO] UtilMem:75 - End SaveConfig() Used Memory: 875133112 Bytes (1073741824)
2026-08-03 15:01:37,984 [INFO] NvicIntPanel:101 - NVIC parent = com.st.microxplorer.plugins.ip.nvic.MultiNvicIntPanel[,0,0,0x0,invalid,layout=javax.swing.BoxLayout,alignmentX=0.0,alignmentY=0.0,border=,flags=9,maximumSize=,minimumSize=,preferredSize=]
2026-08-03 15:10:03,508 [INFO] NvicIntPanel:101 - NVIC parent = com.st.microxplorer.plugins.ip.nvic.MultiNvicIntPanel[,0,0,0x0,invalid,layout=javax.swing.BoxLayout,alignmentX=0.0,alignmentY=0.0,border=,flags=9,maximumSize=,minimumSize=,preferredSize=]
2026-08-03 15:10:07,708 [INFO] NvicIntPanel:101 - NVIC parent = com.st.microxplorer.plugins.ip.nvic.MultiNvicIntPanel[,0,0,0x0,invalid,layout=javax.swing.BoxLayout,alignmentX=0.0,alignmentY=0.0,border=,flags=9,maximumSize=,minimumSize=,preferredSize=]
2026-08-03 15:10:23,648 [INFO] NvicIntPanel:101 - NVIC parent = com.st.microxplorer.plugins.ip.nvic.MultiNvicIntPanel[,0,0,0x0,invalid,layout=javax.swing.BoxLayout,alignmentX=0.0,alignmentY=0.0,border=,flags=9,maximumSize=,minimumSize=,preferredSize=]
2026-08-03 15:12:22,223 [INFO] NvicIntPanel:101 - NVIC parent = com.st.microxplorer.plugins.ip.nvic.MultiNvicIntPanel[,0,0,0x0,invalid,layout=javax.swing.BoxLayout,alignmentX=0.0,alignmentY=0.0,border=,flags=9,maximumSize=,minimumSize=,preferredSize=]
2026-08-03 15:12:29,087 [INFO] NvicIntPanel:101 - NVIC parent = com.st.microxplorer.plugins.ip.nvic.MultiNvicIntPanel[,0,0,0x0,invalid,layout=javax.swing.BoxLayout,alignmentX=0.0,alignmentY=0.0,border=,flags=9,maximumSize=,minimumSize=,preferredSize=]
2026-08-03 15:12:31,090 [INFO] UtilMem:75 - End SaveConfig() Used Memory: 858821200 Bytes (1073741824)
2026-08-03 15:12:54,306 [INFO] UtilMem:75 - End SaveConfig() Used Memory: 924100832 Bytes (1073741824)
2026-08-03 15:12:54,477 [INFO] BlockDiagram:2759 - set Specific Code input for plugin: TIM1_8
2026-08-03 15:12:54,477 [INFO] BlockDiagram:2759 - set Specific Code input for plugin: SYS
2026-08-03 15:12:54,477 [INFO] BlockDiagram:2759 - set Specific Code input for plugin: RCC
2026-08-03 15:12:54,477 [INFO] BlockDiagram:2759 - set Specific Code input for plugin: NVIC
2026-08-03 15:12:54,477 [INFO] BlockDiagram:2759 - set Specific Code input for plugin: USART
2026-08-03 15:12:54,477 [INFO] BlockDiagram:2759 - set Specific Code input for plugin: USART
2026-08-03 15:12:54,477 [INFO] BlockDiagram:2759 - set Specific Code input for plugin: DMA
2026-08-03 15:12:54,477 [INFO] BlockDiagram:2759 - set Specific Code input for plugin: GPIO
2026-08-03 15:12:54,478 [INFO] CodeGenerator:799 - code generatio: config db path: C:\ST\STM32CubeIDE_1.13.1\STM32CubeIDE\plugins\com.st.stm32cube.common.mx_6.9.1.202307191849\\db\
2026-08-03 15:12:54,653 [INFO] CodeEngine:255 - oldGeneratedFile, C:\Users\Admin\Documents\GitHub\Drone-RTOS\Source\UART_DMA\MXTmpFiles\license.tmp_save
2026-08-03 15:12:54,744 [INFO] CodeEngine:279 - Generated code: C:\Users\Admin\Documents\GitHub\Drone-RTOS\Source\UART_DMA\MXTmpFiles\license.tmp
2026-08-03 15:12:54,781 [INFO] CodeEngine:255 - oldGeneratedFile, C:\Users\Admin\Documents\GitHub\Drone-RTOS\Source\UART_DMA\MXTmpFiles\gpio.tmp_save
2026-08-03 15:12:54,841 [INFO] CodeEngine:279 - Generated code: C:\Users\Admin\Documents\GitHub\Drone-RTOS\Source\UART_DMA\MXTmpFiles\gpio.tmp
2026-08-03 15:12:54,991 [INFO] CodeEngine:255 - oldGeneratedFile, C:\Users\Admin\Documents\GitHub\Drone-RTOS\Source\UART_DMA\MXTmpFiles\dma.tmp_save
2026-08-03 15:12:55,060 [INFO] CodeEngine:279 - Generated code: C:\Users\Admin\Documents\GitHub\Drone-RTOS\Source\UART_DMA\MXTmpFiles\dma.tmp
2026-08-03 15:12:55,065 [INFO] CodeEngine:255 - oldGeneratedFile, C:\Users\Admin\Documents\GitHub\Drone-RTOS\Source\UART_DMA\MXTmpFiles\dma_GV.tmp_save
2026-08-03 15:12:55,147 [INFO] CodeEngine:279 - Generated code: C:\Users\Admin\Documents\GitHub\Drone-RTOS\Source\UART_DMA\MXTmpFiles\dma_GV.tmp
2026-08-03 15:12:55,160 [INFO] CodeEngine:255 - oldGeneratedFile, C:\Users\Admin\Documents\GitHub\Drone-RTOS\Source\UART_DMA\Core\Src\stm32f4xx_it.c_save
2026-08-03 15:12:55,271 [INFO] CodeEngine:279 - Generated code: C:\Users\Admin\Documents\GitHub\Drone-RTOS\Source\UART_DMA\Core\Src\stm32f4xx_it.c
2026-08-03 15:12:55,276 [INFO] CodeEngine:255 - oldGeneratedFile, C:\Users\Admin\Documents\GitHub\Drone-RTOS\Source\UART_DMA\Core\Inc\stm32f4xx_it.h_save
2026-08-03 15:12:55,324 [INFO] CodeEngine:279 - Generated code: C:\Users\Admin\Documents\GitHub\Drone-RTOS\Source\UART_DMA\Core\Inc\stm32f4xx_it.h
2026-08-03 15:12:55,331 [INFO] CodeEngine:255 - oldGeneratedFile, C:\Users\Admin\Documents\GitHub\Drone-RTOS\Source\UART_DMA\Core\Src\stm32f4xx_hal_msp.c_save
2026-08-03 15:12:55,440 [INFO] CodeEngine:279 - Generated code: C:\Users\Admin\Documents\GitHub\Drone-RTOS\Source\UART_DMA\Core\Src\stm32f4xx_hal_msp.c
2026-08-03 15:12:55,444 [INFO] CodeEngine:255 - oldGeneratedFile, C:\Users\Admin\Documents\GitHub\Drone-RTOS\Source\UART_DMA\MXTmpFiles\system.tmp_save
2026-08-03 15:12:55,503 [INFO] CodeEngine:279 - Generated code: C:\Users\Admin\Documents\GitHub\Drone-RTOS\Source\UART_DMA\MXTmpFiles\system.tmp
2026-08-03 15:12:55,510 [INFO] CodeEngine:311 - oldGeneratedFile, C:\Users\Admin\Documents\GitHub\Drone-RTOS\Source\UART_DMA\Core\Inc\stm32f4xx_hal_conf.h_save
2026-08-03 15:12:55,583 [INFO] CodeEngine:335 - Generated code: C:\Users\Admin\Documents\GitHub\Drone-RTOS\Source\UART_DMA\Core\Inc\stm32f4xx_hal_conf.h
2026-08-03 15:12:55,602 [WARN] IPConfigManager:3431 - IP not found : TIM
2026-08-03 15:12:55,603 [WARN] CodeGenerator:3760 - IP not found : null
2026-08-03 15:12:55,610 [INFO] CodeEngine:255 - oldGeneratedFile, C:\Users\Admin\Documents\GitHub\Drone-RTOS\Source\UART_DMA\Core\Inc\main.h_save
2026-08-03 15:12:55,706 [INFO] CodeEngine:279 - Generated code: C:\Users\Admin\Documents\GitHub\Drone-RTOS\Source\UART_DMA\Core\Inc\main.h
2026-08-03 15:12:55,713 [INFO] CodeEngine:255 - oldGeneratedFile, C:\Users\Admin\Documents\GitHub\Drone-RTOS\Source\UART_DMA\Core\Src\main.c_save
2026-08-03 15:12:55,818 [INFO] CodeEngine:279 - Generated code: C:\Users\Admin\Documents\GitHub\Drone-RTOS\Source\UART_DMA\Core\Src\main.c
2026-08-03 15:12:56,310 [INFO] ProjectBuilder:3064 - Time for Copy HAL[1] : 116mS.
2026-08-03 15:12:56,312 [INFO] ProjectBuilder:4404 - Project Generator version: 4.1.0
2026-08-03 15:12:56,950 [INFO] ConfigFileManager:1457 - The Die is : DIE413
2026-08-03 15:12:56,953 [INFO] ApiDbMcu:507 - Load IP Config File for FATFS
2026-08-03 15:12:56,956 [INFO] ApiDbMcu:507 - Load IP Config File for FREERTOS
2026-08-03 15:12:56,957 [INFO] ApiDbMcu:507 - Load IP Config File for LIBJPEG
2026-08-03 15:12:56,961 [INFO] ApiDbMcu:507 - Load IP Config File for MBEDTLS
2026-08-03 15:12:56,969 [INFO] ApiDbMcu:507 - Load IP Config File for USB_DEVICE
2026-08-03 15:12:56,973 [INFO] ApiDbMcu:507 - Load IP Config File for USB_HOST
2026-08-03 15:12:58,332 [INFO] ProjectBuilder:4626 - Time for Generating toolchain IDE Files: 2020mS.
2026-08-03 15:12:58,333 [INFO] ProjectBuilder:2935 - Time for Copy CMSIS : 0mS.
2026-08-03 15:12:58,335 [INFO] ProjectBuilder:2935 - Time for Copy CMSIS : 1mS.
2026-08-03 15:26:24,362 [INFO] MainUpdater:2868 - connection check result : 10
2026-08-03 15:26:24,362 [INFO] MainUpdater:2868 - connection check result : 10
2026-08-03 15:26:24,427 [INFO] MicroXplorer:468 - Change Database Path : 
2026-08-03 15:26:24,427 [INFO] MicroXplorer:498 - Change Database Version : DB.6.0.91
2026-08-03 15:26:24,438 [WARN] ThirdParty:871 - waiting for thirdparty lock release [close project]
2026-08-03 15:26:24,438 [INFO] ThirdParty:873 - entering critical section [close project]
2026-08-03 15:26:24,438 [INFO] ThirdParty:883 - exiting critical section [close project]
2026-08-03 15:26:24,439 [INFO] PinOutPanel:1499 - setPackage(No Configuration,No Configuration)
2026-08-03 15:26:24,442 [WARN] IpParametersView:151 - Warning: This peripheral hasn't parameters
2026-08-03 15:26:24,444 [WARN] MainPanel:272 - <html><b><center>Warning: This peripheral has no parameters to be configured<br></b></html>
2026-08-03 15:26:24,446 [INFO] UtilMem:75 - Begin LoadConfig() Used Memory: 878479752 Bytes (1073741824)
2026-08-03 15:26:24,446 [INFO] MicroXplorer:468 - Change Database Path : 
2026-08-03 15:26:24,446 [INFO] MicroXplorer:498 - Change Database Version : DB.6.0.91
2026-08-03 15:26:24,446 [INFO] OpenFileManager:308 - Change cursor
2026-08-03 15:26:24,452 [INFO] RulesReader:64 - Compatibility file has been processed (293 Rules)
2026-08-03 15:26:24,453 [INFO] Mcu:1946 - Initializing MCU STM32F405RGTx STM32F405RGTx STM32F405RGT6
2026-08-03 15:26:25,180 [INFO] Context:659 - Trying to add GPIOservice into a context  which must be forbidden
2026-08-03 15:26:25,332 [INFO] RtosManager:555 - Registered RTOS mode: class=CMSIS, group=RTOS, mode=CMSIS_V1, owner=FREERTOS
2026-08-03 15:26:25,332 [INFO] RtosManager:555 - Registered RTOS mode: class=CMSIS, group=RTOS2, mode=CMSIS_V2, owner=FREERTOS
2026-08-03 15:26:25,332 [INFO] RtosManager:555 - Registered RTOS mode: class=RTOS, group=Core, mode=CMSIS_V1, owner=FREERTOS
2026-08-03 15:26:25,332 [INFO] RtosManager:555 - Registered RTOS mode: class=RTOS, group=Core, mode=CMSIS_V2, owner=FREERTOS
2026-08-03 15:26:25,332 [WARN] ModelIntegratedComponent:184 - Missing modes for component STMicroelectronics:FreeRTOS:0.0.1:STMicroelectronics:RTOS:FreeRTOS:Core:::10.2.0:
2026-08-03 15:26:25,375 [WARN] ModelIntegratedComponent:63 - No mode defined for component null
2026-08-03 15:26:25,375 [WARN] ModelIntegratedComponent:63 - No mode defined for component null
2026-08-03 15:26:25,375 [WARN] ModelIntegratedComponent:63 - No mode defined for component null
2026-08-03 15:26:25,375 [WARN] ModelIntegratedComponent:63 - No mode defined for component null
2026-08-03 15:26:25,375 [WARN] ModelIntegratedComponent:63 - No mode defined for component null
2026-08-03 15:26:25,375 [WARN] ModelIntegratedComponent:63 - No mode defined for component null
2026-08-03 15:26:25,375 [WARN] ModelIntegratedComponent:63 - No mode defined for component null
2026-08-03 15:26:25,375 [WARN] ModelIntegratedComponent:63 - No mode defined for component null
2026-08-03 15:26:25,375 [WARN] ModelIntegratedComponent:63 - No mode defined for component null
2026-08-03 15:26:25,375 [WARN] ModelIntegratedComponent:63 - No mode defined for component null
2026-08-03 15:26:25,375 [WARN] ModelIntegratedComponent:63 - No mode defined for component null
2026-08-03 15:26:25,376 [WARN] ModelIntegratedComponent:63 - No mode defined for component null
2026-08-03 15:26:25,376 [WARN] ModelIntegratedComponent:63 - No mode defined for component null
2026-08-03 15:26:25,376 [WARN] ModelIntegratedComponent:63 - No mode defined for component null
2026-08-03 15:26:25,376 [WARN] ModelIntegratedComponent:63 - No mode defined for component null
2026-08-03 15:26:25,376 [WARN] ModelIntegratedComponent:63 - No mode defined for component null
2026-08-03 15:26:25,376 [WARN] ModelIntegratedComponent:63 - No mode defined for component null
2026-08-03 15:26:25,376 [WARN] ModelIntegratedComponent:63 - No mode defined for component null
2026-08-03 15:26:25,376 [WARN] ModelIntegratedComponent:63 - No mode defined for component null
2026-08-03 15:26:25,376 [WARN] ModelIntegratedComponent:63 - No mode defined for component null
2026-08-03 15:26:25,376 [WARN] ModelIntegratedComponent:63 - No mode defined for component null
2026-08-03 15:26:25,376 [WARN] ModelIntegratedComponent:63 - No mode defined for component null
2026-08-03 15:26:25,376 [WARN] ModelIntegratedComponent:63 - No mode defined for component null
2026-08-03 15:26:25,376 [WARN] ModelIntegratedComponent:63 - No mode defined for component null
2026-08-03 15:26:25,376 [WARN] ModelIntegratedComponent:63 - No mode defined for component null
2026-08-03 15:26:25,376 [WARN] ModelIntegratedComponent:63 - No mode defined for component null
2026-08-03 15:26:25,376 [WARN] ModelIntegratedComponent:63 - No mode defined for component null
2026-08-03 15:26:25,376 [WARN] ModelIntegratedComponent:63 - No mode defined for component null
2026-08-03 15:26:25,376 [WARN] ModelIntegratedComponent:63 - No mode defined for component null
2026-08-03 15:26:25,376 [WARN] ModelIntegratedComponent:63 - No mode defined for component null
2026-08-03 15:26:25,376 [WARN] ModelIntegratedComponent:63 - No mode defined for component null
2026-08-03 15:26:25,376 [WARN] ModelIntegratedComponent:63 - No mode defined for component null
2026-08-03 15:26:25,376 [WARN] ModelIntegratedComponent:63 - No mode defined for component null
2026-08-03 15:26:25,430 [INFO] ThirdPartyModel:298 - Start build external matchings
2026-08-03 15:26:25,632 [INFO] ThirdPartyModel:316 - End build external matchings
2026-08-03 15:26:25,637 [INFO] ImportTextPane:194 - (OptionalMessage_ERROR) IP (RCC) : Parameter (48MHZClocksFreq_Value) has invalid value (84000000)
2026-08-03 15:26:25,637 [INFO] ImportTextPane:194 - (OptionalMessage_ERROR) IP (RCC) : Parameter (RTCHSEDivFreq_Value) has invalid value (4000000)
2026-08-03 15:26:25,894 [INFO] UtilMem:75 - End LoadConfig() Used Memory: 945469232 Bytes (1073741824)
2026-08-03 15:26:25,917 [WARN] ThirdParty:833 - waiting for thirdparty lock release [change project]
2026-08-03 15:26:25,917 [INFO] ThirdParty:835 - entering critical section [change project]
2026-08-03 15:26:25,917 [INFO] ThirdParty:1030 - CMSIS Pack Vendor :STMicroelectronics USBPD 4.1
2026-08-03 15:26:25,917 [INFO] ThirdParty:1030 - CMSIS Pack Vendor :STMicroelectronics USB_HOST 2.0.0
2026-08-03 15:26:25,917 [INFO] ThirdParty:1030 - CMSIS Pack Vendor :STMicroelectronics FP-ATR-ASTRA1 2.0.3
2026-08-03 15:26:25,917 [INFO] ThirdParty:1030 - CMSIS Pack Vendor :STMicroelectronics X-CUBE-AZRTOS-F4 1.1.0
2026-08-03 15:26:25,917 [INFO] ThirdParty:1030 - CMSIS Pack Vendor :STMicroelectronics LIBJPEG 8.0.0
2026-08-03 15:26:25,917 [INFO] ThirdParty:1030 - CMSIS Pack Vendor :STMicroelectronics FP-ATR-ASTRA1 2.0.2
2026-08-03 15:26:25,917 [INFO] ThirdParty:1030 - CMSIS Pack Vendor :STMicroelectronics X-CUBE-SMBUS 2.1.0
2026-08-03 15:26:25,917 [INFO] ThirdParty:1030 - CMSIS Pack Vendor :wolfSSL I-CUBE-wolfMQTT 1.19.2
2026-08-03 15:26:25,917 [INFO] ThirdParty:1030 - CMSIS Pack Vendor :STMicroelectronics USB_DEVICE 3.0.0
2026-08-03 15:26:25,917 [INFO] ThirdParty:1030 - CMSIS Pack Vendor :STMicroelectronics X-CUBE-AZRTOS-F7 1.1.0
2026-08-03 15:26:25,917 [INFO] ThirdParty:1030 - CMSIS Pack Vendor :STMicroelectronics USB_DEVICE 2.0.0
2026-08-03 15:26:25,917 [INFO] ThirdParty:1030 - CMSIS Pack Vendor :STMicroelectronics X-CUBE-ALGOBUILD 1.5.0
2026-08-03 15:26:25,917 [INFO] ThirdParty:1030 - CMSIS Pack Vendor :STMicroelectronics FreeRTOS 0.0.1
2026-08-03 15:26:25,917 [INFO] ThirdParty:1030 - CMSIS Pack Vendor :STMicroelectronics X-CUBE-AZRTOS-H7RS 1.3.0
2026-08-03 15:26:25,917 [INFO] ThirdParty:1030 - CMSIS Pack Vendor :STMicroelectronics X-CUBE-AZRTOS-G0 1.1.0
2026-08-03 15:26:25,917 [INFO] ThirdParty:1030 - CMSIS Pack Vendor :STMicroelectronics X-CUBE-NFC4 3.0.0
2026-08-03 15:26:25,917 [INFO] ThirdParty:1030 - CMSIS Pack Vendor :STMicroelectronics X-CUBE-SUBG2 5.0.0
2026-08-03 15:26:25,917 [INFO] ThirdParty:1030 - CMSIS Pack Vendor :STMicroelectronics STM32_WPAN 1.0.0
2026-08-03 15:26:25,917 [INFO] ThirdParty:1030 - CMSIS Pack Vendor :STMicroelectronics lwIP 2.0.3
2026-08-03 15:26:25,917 [INFO] ThirdParty:1030 - CMSIS Pack Vendor :STMicroelectronics X-CUBE-MEMS1 13.0.0
2026-08-03 15:26:25,917 [INFO] ThirdParty:1030 - CMSIS Pack Vendor :STMicroelectronics USB_HOST 1.0.0
2026-08-03 15:26:25,917 [INFO] ThirdParty:1030 - CMSIS Pack Vendor :STMicroelectronics X-CUBE-AZRTOS-G4 2.0.0
2026-08-03 15:26:25,917 [INFO] ThirdParty:1030 - CMSIS Pack Vendor :STMicroelectronics PDM2PCM 3.1.0
2026-08-03 15:26:25,917 [INFO] ThirdParty:1030 - CMSIS Pack Vendor :STMicroelectronics PDM2PCM 3.3.0
2026-08-03 15:26:25,918 [INFO] ThirdParty:1030 - CMSIS Pack Vendor :wolfSSL I-CUBE-wolfTPM 3.8.0
2026-08-03 15:26:25,918 [INFO] ThirdParty:1030 - CMSIS Pack Vendor :STMicroelectronics X-CUBE-DISPLAY 3.0.0
2026-08-03 15:26:25,918 [INFO] ThirdParty:1030 - CMSIS Pack Vendor :wolfSSL I-CUBE-wolfSSH 1.4.20
2026-08-03 15:26:25,918 [INFO] ThirdParty:1030 - CMSIS Pack Vendor :wolfSSL I-CUBE-wolfSSL 5.9.1
2026-08-03 15:26:25,918 [INFO] ThirdParty:1030 - CMSIS Pack Vendor :STMicroelectronics FP-ATR-SIGFOX1 3.2.0
2026-08-03 15:26:25,918 [INFO] ThirdParty:1030 - CMSIS Pack Vendor :STMicroelectronics HAL Drivers 0.0.0
2026-08-03 15:26:25,918 [INFO] ThirdParty:1030 - CMSIS Pack Vendor :STMicroelectronics MBEDTLS 2.16.2
2026-08-03 15:26:25,918 [INFO] ThirdParty:1030 - CMSIS Pack Vendor :emotas I-CUBE-CANOPEN 1.3.0
2026-08-03 15:26:25,918 [INFO] ThirdParty:1030 - CMSIS Pack Vendor :STMicroelectronics MBEDTLS 2.14.1
2026-08-03 15:26:25,918 [INFO] ThirdParty:1030 - CMSIS Pack Vendor :ITTIA_DB I-CUBE-ITTIADB 8.9.0
2026-08-03 15:26:25,918 [INFO] ThirdParty:1030 - CMSIS Pack Vendor :STMicroelectronics X-CUBE-TOUCHGFX 4.26.1
2026-08-03 15:26:25,918 [INFO] ThirdParty:1030 - CMSIS Pack Vendor :STMicroelectronics X-CUBE-AI 10.2.1
2026-08-03 15:26:25,918 [INFO] ThirdParty:1030 - CMSIS Pack Vendor :STMicroelectronics ThreadX 1.0.0
2026-08-03 15:26:25,918 [INFO] ThirdParty:1030 - CMSIS Pack Vendor :STMicroelectronics X-CUBE-MEMS1 12.1.0
2026-08-03 15:26:25,918 [INFO] ThirdParty:1030 - CMSIS Pack Vendor :STMicroelectronics X-CUBE-AZRTOS-WL 2.0.0
2026-08-03 15:26:25,918 [INFO] ThirdParty:1030 - CMSIS Pack Vendor :SEGGER I-CUBE-embOS 1.3.1
2026-08-03 15:26:25,918 [INFO] ThirdParty:1030 - CMSIS Pack Vendor :STMicroelectronics X-CUBE-ALGOBUILD 1.4.0
2026-08-03 15:26:25,918 [INFO] ThirdParty:1030 - CMSIS Pack Vendor :STMicroelectronics USB_DEVICE 1.0.0
2026-08-03 15:26:25,918 [INFO] ThirdParty:1030 - CMSIS Pack Vendor :STMicroelectronics X-CUBE-AZRTOS-H7RS 1.2.0
2026-08-03 15:26:25,918 [INFO] ThirdParty:1030 - CMSIS Pack Vendor :STMicroelectronics X-CUBE-AZRTOS-L4 2.0.0
2026-08-03 15:26:25,918 [INFO] ThirdParty:1030 - CMSIS Pack Vendor :STMicroelectronics ThreadX 0.0.2
2026-08-03 15:26:25,918 [INFO] ThirdParty:1030 - CMSIS Pack Vendor :STMicroelectronics lwIP 2.1.2
2026-08-03 15:26:25,918 [INFO] ThirdParty:1030 - CMSIS Pack Vendor :STMicroelectronics X-CUBE-SFXS2LP1 4.0.0
2026-08-03 15:26:25,918 [INFO] ThirdParty:1030 - CMSIS Pack Vendor :STMicroelectronics X-CUBE-BLE2 3.3.0
2026-08-03 15:26:25,918 [INFO] ThirdParty:1030 - CMSIS Pack Vendor :STMicroelectronics X-CUBE-NFC13 1.0.0
2026-08-03 15:26:25,918 [INFO] ThirdParty:1030 - CMSIS Pack Vendor :STMicroelectronics PDM2PCM 3.2.0
2026-08-03 15:26:25,918 [INFO] ThirdParty:841 - exiting critical section [change project]
2026-08-03 15:26:26,012 [INFO] PinOutPanel:1499 - setPackage(No Configuration,No Configuration)
2026-08-03 15:26:26,013 [INFO] PinOutPanel:1499 - setPackage(STM32F405RGTx,LQFP64)
2026-08-03 15:26:26,149 [INFO] UtilMem:75 - Before build in PCC Used Memory: 960778048 Bytes (1073741824)
2026-08-03 15:26:26,267 [INFO] UtilMem:75 - After build in PCC Used Memory: 932253032 Bytes (1073741824)
2026-08-03 15:26:26,282 [INFO] IPUIPlugin:80 - create IPUIPlugin
2026-08-03 15:26:26,282 [INFO] IPUIPlugin:80 - create IPUIPlugin
2026-08-03 15:26:26,282 [INFO] IPUIPlugin:80 - create IPUIPlugin
2026-08-03 15:26:26,282 [INFO] IPUIPlugin:80 - create IPUIPlugin
2026-08-03 15:26:26,282 [INFO] IPUIPlugin:80 - create IPUIPlugin
2026-08-03 15:26:26,282 [INFO] IPUIPlugin:80 - create IPUIPlugin
2026-08-03 15:26:26,282 [INFO] IPUIPlugin:80 - create IPUIPlugin
2026-08-03 15:26:26,282 [INFO] IPUIPlugin:80 - create IPUIPlugin
2026-08-03 15:26:26,282 [INFO] IPUIPlugin:80 - create IPUIPlugin
2026-08-03 15:26:26,282 [INFO] IPUIPlugin:80 - create IPUIPlugin
2026-08-03 15:26:26,282 [INFO] IPUIPlugin:80 - create IPUIPlugin
2026-08-03 15:26:26,282 [INFO] IPUIPlugin:80 - create IPUIPlugin
2026-08-03 15:26:26,282 [INFO] IPUIPlugin:80 - create IPUIPlugin
2026-08-03 15:26:26,282 [INFO] IPUIPlugin:80 - create IPUIPlugin
2026-08-03 15:26:26,283 [INFO] IPUIPlugin:80 - create IPUIPlugin
2026-08-03 15:26:26,283 [INFO] IPUIPlugin:80 - create IPUIPlugin
2026-08-03 15:26:26,283 [INFO] IPUIPlugin:80 - create IPUIPlugin
2026-08-03 15:26:26,283 [INFO] IPUIPlugin:80 - create IPUIPlugin
2026-08-03 15:26:26,283 [INFO] IPUIPlugin:80 - create IPUIPlugin
2026-08-03 15:26:26,283 [INFO] IPUIPlugin:80 - create IPUIPlugin
2026-08-03 15:26:26,283 [INFO] IPUIPlugin:80 - create IPUIPlugin
2026-08-03 15:26:26,283 [INFO] IPUIPlugin:80 - create IPUIPlugin
2026-08-03 15:26:26,283 [INFO] IPUIPlugin:80 - create IPUIPlugin
2026-08-03 15:26:26,284 [INFO] IPUIPlugin:80 - create IPUIPlugin
2026-08-03 15:26:26,284 [INFO] IPUIPlugin:80 - create IPUIPlugin
2026-08-03 15:26:26,284 [INFO] IPUIPlugin:80 - create IPUIPlugin
2026-08-03 15:26:26,284 [INFO] IPUIPlugin:80 - create IPUIPlugin
2026-08-03 15:26:26,284 [INFO] IPUIPlugin:80 - create IPUIPlugin
2026-08-03 15:26:26,284 [INFO] IPUIPlugin:80 - create IPUIPlugin
2026-08-03 15:26:26,284 [INFO] IPUIPlugin:80 - create IPUIPlugin
2026-08-03 15:26:26,284 [INFO] IPUIPlugin:80 - create IPUIPlugin
2026-08-03 15:26:26,285 [INFO] IPUIPlugin:80 - create IPUIPlugin
2026-08-03 15:26:26,285 [INFO] IPUIPlugin:80 - create IPUIPlugin
2026-08-03 15:26:26,285 [INFO] IPUIPlugin:80 - create IPUIPlugin
2026-08-03 15:26:26,285 [INFO] IPUIPlugin:80 - create IPUIPlugin
2026-08-03 15:26:26,285 [INFO] IPUIPlugin:80 - create IPUIPlugin
2026-08-03 15:26:26,285 [INFO] IPUIPlugin:80 - create IPUIPlugin
2026-08-03 15:26:26,285 [INFO] IPUIPlugin:80 - create IPUIPlugin
2026-08-03 15:26:26,285 [INFO] IPUIPlugin:80 - create IPUIPlugin
2026-08-03 15:26:26,286 [INFO] IPUIPlugin:80 - create IPUIPlugin
2026-08-03 15:26:26,286 [INFO] IPUIPlugin:80 - create IPUIPlugin
2026-08-03 15:26:26,286 [INFO] IPUIPlugin:80 - create IPUIPlugin
2026-08-03 15:26:26,286 [INFO] IPUIPlugin:80 - create IPUIPlugin
2026-08-03 15:26:26,286 [INFO] IPUIPlugin:80 - create IPUIPlugin
2026-08-03 15:26:26,286 [INFO] IPUIPlugin:80 - create IPUIPlugin
2026-08-03 15:26:26,287 [INFO] IPUIPlugin:80 - create IPUIPlugin
2026-08-03 15:26:26,287 [INFO] IPUIPlugin:80 - create IPUIPlugin
2026-08-03 15:26:26,287 [INFO] IPUIPlugin:80 - create IPUIPlugin
2026-08-03 15:26:26,287 [INFO] IPUIPlugin:80 - create IPUIPlugin
2026-08-03 15:26:26,291 [INFO] IPUIPlugin:80 - create IPUIPlugin
2026-08-03 15:26:26,291 [INFO] IPUIPlugin:80 - create IPUIPlugin
2026-08-03 15:26:26,292 [INFO] IPUIPlugin:80 - create IPUIPlugin
2026-08-03 15:26:26,292 [INFO] IPUIPlugin:80 - create IPUIPlugin
2026-08-03 15:26:26,292 [INFO] IPUIPlugin:80 - create IPUIPlugin
2026-08-03 15:26:26,295 [INFO] ApiDbMcu:507 - Load IP Config File for PDM2PCM
2026-08-03 15:26:26,330 [INFO] CADModel:165 - CPN selected for project levelSTM32F405RGT6
2026-08-03 15:26:26,330 [INFO] CADModel:114 - Register for checkConnection events
2026-08-03 15:26:26,382 [INFO] OpenFileManager:328 - Restore cursor
2026-08-03 15:28:21,444 [INFO] MainUpdater:2868 - connection check result : 10
2026-08-03 15:28:21,444 [INFO] MainUpdater:2868 - connection check result : 10
2026-08-03 15:28:21,543 [INFO] MicroXplorer:468 - Change Database Path : 
2026-08-03 15:28:21,543 [INFO] MicroXplorer:498 - Change Database Version : DB.6.0.91
2026-08-03 15:28:21,563 [WARN] ThirdParty:871 - waiting for thirdparty lock release [close project]
2026-08-03 15:28:21,563 [INFO] ThirdParty:873 - entering critical section [close project]
2026-08-03 15:28:21,563 [INFO] ThirdParty:883 - exiting critical section [close project]
2026-08-03 15:28:21,564 [INFO] PinOutPanel:1499 - setPackage(No Configuration,No Configuration)
2026-08-03 15:28:21,569 [WARN] IpParametersView:151 - Warning: This peripheral hasn't parameters
2026-08-03 15:28:21,572 [WARN] MainPanel:272 - <html><b><center>Warning: This peripheral has no parameters to be configured<br></b></html>
2026-08-03 15:28:21,575 [INFO] UtilMem:75 - Begin LoadConfig() Used Memory: 912479872 Bytes (1073741824)
2026-08-03 15:28:21,575 [INFO] MicroXplorer:468 - Change Database Path : 
2026-08-03 15:28:21,575 [INFO] MicroXplorer:498 - Change Database Version : DB.6.0.91
2026-08-03 15:28:21,575 [INFO] OpenFileManager:308 - Change cursor
2026-08-03 15:28:21,580 [INFO] Mcu:1946 - Initializing MCU STM32F405RGTx STM32F405RGTx STM32F405RGT6
2026-08-03 15:28:22,370 [INFO] Context:659 - Trying to add GPIOservice into a context  which must be forbidden
2026-08-03 15:28:22,528 [INFO] RtosManager:555 - Registered RTOS mode: class=CMSIS, group=RTOS, mode=CMSIS_V1, owner=FREERTOS
2026-08-03 15:28:22,528 [INFO] RtosManager:555 - Registered RTOS mode: class=CMSIS, group=RTOS2, mode=CMSIS_V2, owner=FREERTOS
2026-08-03 15:28:22,528 [INFO] RtosManager:555 - Registered RTOS mode: class=RTOS, group=Core, mode=CMSIS_V1, owner=FREERTOS
2026-08-03 15:28:22,528 [INFO] RtosManager:555 - Registered RTOS mode: class=RTOS, group=Core, mode=CMSIS_V2, owner=FREERTOS
2026-08-03 15:28:22,528 [WARN] ModelIntegratedComponent:184 - Missing modes for component STMicroelectronics:FreeRTOS:0.0.1:STMicroelectronics:RTOS:FreeRTOS:Core:::10.2.0:
2026-08-03 15:28:22,591 [WARN] ModelIntegratedComponent:63 - No mode defined for component null
2026-08-03 15:28:22,591 [WARN] ModelIntegratedComponent:63 - No mode defined for component null
2026-08-03 15:28:22,591 [WARN] ModelIntegratedComponent:63 - No mode defined for component null
2026-08-03 15:28:22,591 [WARN] ModelIntegratedComponent:63 - No mode defined for component null
2026-08-03 15:28:22,591 [WARN] ModelIntegratedComponent:63 - No mode defined for component null
2026-08-03 15:28:22,591 [WARN] ModelIntegratedComponent:63 - No mode defined for component null
2026-08-03 15:28:22,591 [WARN] ModelIntegratedComponent:63 - No mode defined for component null
2026-08-03 15:28:22,591 [WARN] ModelIntegratedComponent:63 - No mode defined for component null
2026-08-03 15:28:22,591 [WARN] ModelIntegratedComponent:63 - No mode defined for component null
2026-08-03 15:28:22,591 [WARN] ModelIntegratedComponent:63 - No mode defined for component null
2026-08-03 15:28:22,591 [WARN] ModelIntegratedComponent:63 - No mode defined for component null
2026-08-03 15:28:22,591 [WARN] ModelIntegratedComponent:63 - No mode defined for component null
2026-08-03 15:28:22,591 [WARN] ModelIntegratedComponent:63 - No mode defined for component null
2026-08-03 15:28:22,591 [WARN] ModelIntegratedComponent:63 - No mode defined for component null
2026-08-03 15:28:22,591 [WARN] ModelIntegratedComponent:63 - No mode defined for component null
2026-08-03 15:28:22,591 [WARN] ModelIntegratedComponent:63 - No mode defined for component null
2026-08-03 15:28:22,591 [WARN] ModelIntegratedComponent:63 - No mode defined for component null
2026-08-03 15:28:22,591 [WARN] ModelIntegratedComponent:63 - No mode defined for component null
2026-08-03 15:28:22,591 [WARN] ModelIntegratedComponent:63 - No mode defined for component null
2026-08-03 15:28:22,591 [WARN] ModelIntegratedComponent:63 - No mode defined for component null
2026-08-03 15:28:22,591 [WARN] ModelIntegratedComponent:63 - No mode defined for component null
2026-08-03 15:28:22,591 [WARN] ModelIntegratedComponent:63 - No mode defined for component null
2026-08-03 15:28:22,591 [WARN] ModelIntegratedComponent:63 - No mode defined for component null
2026-08-03 15:28:22,591 [WARN] ModelIntegratedComponent:63 - No mode defined for component null
2026-08-03 15:28:22,591 [WARN] ModelIntegratedComponent:63 - No mode defined for component null
2026-08-03 15:28:22,591 [WARN] ModelIntegratedComponent:63 - No mode defined for component null
2026-08-03 15:28:22,591 [WARN] ModelIntegratedComponent:63 - No mode defined for component null
2026-08-03 15:28:22,591 [WARN] ModelIntegratedComponent:63 - No mode defined for component null
2026-08-03 15:28:22,591 [WARN] ModelIntegratedComponent:63 - No mode defined for component null
2026-08-03 15:28:22,591 [WARN] ModelIntegratedComponent:63 - No mode defined for component null
2026-08-03 15:28:22,591 [WARN] ModelIntegratedComponent:63 - No mode defined for component null
2026-08-03 15:28:22,591 [WARN] ModelIntegratedComponent:63 - No mode defined for component null
2026-08-03 15:28:22,591 [WARN] ModelIntegratedComponent:63 - No mode defined for component null
2026-08-03 15:28:22,629 [INFO] ThirdPartyModel:298 - Start build external matchings
2026-08-03 15:28:22,801 [INFO] ThirdPartyModel:316 - End build external matchings
2026-08-03 15:28:22,807 [INFO] ImportTextPane:194 - (OptionalMessage_ERROR) IP (DMA) : Parameter (Instance) has Id (USART1_RX) currently not set
2026-08-03 15:28:22,807 [INFO] ImportTextPane:194 - (OptionalMessage_ERROR) IP (DMA) : Parameter (Channel) has Id (USART1_RX) currently not set
2026-08-03 15:28:22,807 [INFO] ImportTextPane:194 - (OptionalMessage_ERROR) IP (DMA) : Parameter (Direction) has Id (USART1_RX) currently not set
2026-08-03 15:28:22,807 [INFO] ImportTextPane:194 - (OptionalMessage_ERROR) IP (DMA) : Parameter (PeriphInc) has Id (USART1_RX) currently not set
2026-08-03 15:28:22,807 [INFO] ImportTextPane:194 - (OptionalMessage_ERROR) IP (DMA) : Parameter (MemInc) has Id (USART1_RX) currently not set
2026-08-03 15:28:22,807 [INFO] ImportTextPane:194 - (OptionalMessage_ERROR) IP (DMA) : Parameter (PeriphDataAlignment) has Id (USART1_RX) currently not set
2026-08-03 15:28:22,808 [INFO] ImportTextPane:194 - (OptionalMessage_ERROR) IP (DMA) : Parameter (MemDataAlignment) has Id (USART1_RX) currently not set
2026-08-03 15:28:22,808 [INFO] ImportTextPane:194 - (OptionalMessage_ERROR) IP (DMA) : Parameter (Mode) has Id (USART1_RX) currently not set
2026-08-03 15:28:22,808 [INFO] ImportTextPane:194 - (OptionalMessage_ERROR) IP (DMA) : Parameter (Priority) has Id (USART1_RX) currently not set
2026-08-03 15:28:22,808 [INFO] ImportTextPane:194 - (OptionalMessage_ERROR) IP (DMA) : Parameter (FIFOMode) has Id (USART1_RX) currently not set
2026-08-03 15:28:22,808 [INFO] ImportTextPane:194 - (OptionalMessage_ERROR) IP (DMA) : Parameter (FIFOThreshold) has Id (USART1_RX) currently not set
2026-08-03 15:28:22,808 [INFO] ImportTextPane:194 - (OptionalMessage_ERROR) IP (DMA) : Parameter (FIFOThreshold) has invalid value (null)
2026-08-03 15:28:22,808 [INFO] ImportTextPane:194 - (OptionalMessage_ERROR) IP (DMA) : Parameter (MemBurst) has Id (USART1_RX) currently not set
2026-08-03 15:28:22,808 [INFO] ImportTextPane:194 - (OptionalMessage_ERROR) IP (DMA) : Parameter (MemBurst) has invalid value (null)
2026-08-03 15:28:22,808 [INFO] ImportTextPane:194 - (OptionalMessage_ERROR) IP (DMA) : Parameter (PeriphBurst) has Id (USART1_RX) currently not set
2026-08-03 15:28:22,808 [INFO] ImportTextPane:194 - (OptionalMessage_ERROR) IP (DMA) : Parameter (PeriphBurst) has invalid value (null)
2026-08-03 15:28:22,808 [INFO] ImportTextPane:194 - (OptionalMessage_ERROR) IP (RCC) : Parameter (48MHZClocksFreq_Value) has invalid value (84000000)
2026-08-03 15:28:22,808 [INFO] ImportTextPane:194 - (OptionalMessage_ERROR) IP (RCC) : Parameter (RTCHSEDivFreq_Value) has invalid value (4000000)
2026-08-03 15:28:23,009 [INFO] UtilMem:75 - End LoadConfig() Used Memory: 920707040 Bytes (1073741824)
2026-08-03 15:28:23,032 [WARN] ThirdParty:833 - waiting for thirdparty lock release [change project]
2026-08-03 15:28:23,033 [INFO] ThirdParty:835 - entering critical section [change project]
2026-08-03 15:28:23,033 [INFO] ThirdParty:1030 - CMSIS Pack Vendor :STMicroelectronics USBPD 4.1
2026-08-03 15:28:23,033 [INFO] ThirdParty:1030 - CMSIS Pack Vendor :STMicroelectronics USB_HOST 2.0.0
2026-08-03 15:28:23,033 [INFO] ThirdParty:1030 - CMSIS Pack Vendor :STMicroelectronics FP-ATR-ASTRA1 2.0.3
2026-08-03 15:28:23,033 [INFO] ThirdParty:1030 - CMSIS Pack Vendor :STMicroelectronics X-CUBE-AZRTOS-F4 1.1.0
2026-08-03 15:28:23,033 [INFO] ThirdParty:1030 - CMSIS Pack Vendor :STMicroelectronics LIBJPEG 8.0.0
2026-08-03 15:28:23,033 [INFO] ThirdParty:1030 - CMSIS Pack Vendor :STMicroelectronics FP-ATR-ASTRA1 2.0.2
2026-08-03 15:28:23,033 [INFO] ThirdParty:1030 - CMSIS Pack Vendor :STMicroelectronics X-CUBE-SMBUS 2.1.0
2026-08-03 15:28:23,033 [INFO] ThirdParty:1030 - CMSIS Pack Vendor :wolfSSL I-CUBE-wolfMQTT 1.19.2
2026-08-03 15:28:23,033 [INFO] ThirdParty:1030 - CMSIS Pack Vendor :STMicroelectronics USB_DEVICE 3.0.0
2026-08-03 15:28:23,033 [INFO] ThirdParty:1030 - CMSIS Pack Vendor :STMicroelectronics X-CUBE-AZRTOS-F7 1.1.0
2026-08-03 15:28:23,033 [INFO] ThirdParty:1030 - CMSIS Pack Vendor :STMicroelectronics USB_DEVICE 2.0.0
2026-08-03 15:28:23,033 [INFO] ThirdParty:1030 - CMSIS Pack Vendor :STMicroelectronics X-CUBE-ALGOBUILD 1.5.0
2026-08-03 15:28:23,033 [INFO] ThirdParty:1030 - CMSIS Pack Vendor :STMicroelectronics FreeRTOS 0.0.1
2026-08-03 15:28:23,033 [INFO] ThirdParty:1030 - CMSIS Pack Vendor :STMicroelectronics X-CUBE-AZRTOS-H7RS 1.3.0
2026-08-03 15:28:23,033 [INFO] ThirdParty:1030 - CMSIS Pack Vendor :STMicroelectronics X-CUBE-AZRTOS-G0 1.1.0
2026-08-03 15:28:23,033 [INFO] ThirdParty:1030 - CMSIS Pack Vendor :STMicroelectronics X-CUBE-NFC4 3.0.0
2026-08-03 15:28:23,033 [INFO] ThirdParty:1030 - CMSIS Pack Vendor :STMicroelectronics X-CUBE-SUBG2 5.0.0
2026-08-03 15:28:23,033 [INFO] ThirdParty:1030 - CMSIS Pack Vendor :STMicroelectronics STM32_WPAN 1.0.0
2026-08-03 15:28:23,033 [INFO] ThirdParty:1030 - CMSIS Pack Vendor :STMicroelectronics lwIP 2.0.3
2026-08-03 15:28:23,033 [INFO] ThirdParty:1030 - CMSIS Pack Vendor :STMicroelectronics X-CUBE-MEMS1 13.0.0
2026-08-03 15:28:23,033 [INFO] ThirdParty:1030 - CMSIS Pack Vendor :STMicroelectronics USB_HOST 1.0.0
2026-08-03 15:28:23,033 [INFO] ThirdParty:1030 - CMSIS Pack Vendor :STMicroelectronics X-CUBE-AZRTOS-G4 2.0.0
2026-08-03 15:28:23,033 [INFO] ThirdParty:1030 - CMSIS Pack Vendor :STMicroelectronics PDM2PCM 3.1.0
2026-08-03 15:28:23,033 [INFO] ThirdParty:1030 - CMSIS Pack Vendor :STMicroelectronics PDM2PCM 3.3.0
2026-08-03 15:28:23,033 [INFO] ThirdParty:1030 - CMSIS Pack Vendor :wolfSSL I-CUBE-wolfTPM 3.8.0
2026-08-03 15:28:23,033 [INFO] ThirdParty:1030 - CMSIS Pack Vendor :STMicroelectronics X-CUBE-DISPLAY 3.0.0
2026-08-03 15:28:23,033 [INFO] ThirdParty:1030 - CMSIS Pack Vendor :wolfSSL I-CUBE-wolfSSH 1.4.20
2026-08-03 15:28:23,033 [INFO] ThirdParty:1030 - CMSIS Pack Vendor :wolfSSL I-CUBE-wolfSSL 5.9.1
2026-08-03 15:28:23,033 [INFO] ThirdParty:1030 - CMSIS Pack Vendor :STMicroelectronics FP-ATR-SIGFOX1 3.2.0
2026-08-03 15:28:23,033 [INFO] ThirdParty:1030 - CMSIS Pack Vendor :STMicroelectronics HAL Drivers 0.0.0
2026-08-03 15:28:23,033 [INFO] ThirdParty:1030 - CMSIS Pack Vendor :STMicroelectronics MBEDTLS 2.16.2
2026-08-03 15:28:23,033 [INFO] ThirdParty:1030 - CMSIS Pack Vendor :emotas I-CUBE-CANOPEN 1.3.0
2026-08-03 15:28:23,033 [INFO] ThirdParty:1030 - CMSIS Pack Vendor :STMicroelectronics MBEDTLS 2.14.1
2026-08-03 15:28:23,033 [INFO] ThirdParty:1030 - CMSIS Pack Vendor :ITTIA_DB I-CUBE-ITTIADB 8.9.0
2026-08-03 15:28:23,033 [INFO] ThirdParty:1030 - CMSIS Pack Vendor :STMicroelectronics X-CUBE-TOUCHGFX 4.26.1
2026-08-03 15:28:23,033 [INFO] ThirdParty:1030 - CMSIS Pack Vendor :STMicroelectronics X-CUBE-AI 10.2.1
2026-08-03 15:28:23,033 [INFO] ThirdParty:1030 - CMSIS Pack Vendor :STMicroelectronics ThreadX 1.0.0
2026-08-03 15:28:23,033 [INFO] ThirdParty:1030 - CMSIS Pack Vendor :STMicroelectronics X-CUBE-MEMS1 12.1.0
2026-08-03 15:28:23,033 [INFO] ThirdParty:1030 - CMSIS Pack Vendor :STMicroelectronics X-CUBE-AZRTOS-WL 2.0.0
2026-08-03 15:28:23,033 [INFO] ThirdParty:1030 - CMSIS Pack Vendor :SEGGER I-CUBE-embOS 1.3.1
2026-08-03 15:28:23,033 [INFO] ThirdParty:1030 - CMSIS Pack Vendor :STMicroelectronics X-CUBE-ALGOBUILD 1.4.0
2026-08-03 15:28:23,033 [INFO] ThirdParty:1030 - CMSIS Pack Vendor :STMicroelectronics USB_DEVICE 1.0.0
2026-08-03 15:28:23,033 [INFO] ThirdParty:1030 - CMSIS Pack Vendor :STMicroelectronics X-CUBE-AZRTOS-H7RS 1.2.0
2026-08-03 15:28:23,033 [INFO] ThirdParty:1030 - CMSIS Pack Vendor :STMicroelectronics X-CUBE-AZRTOS-L4 2.0.0
2026-08-03 15:28:23,033 [INFO] ThirdParty:1030 - CMSIS Pack Vendor :STMicroelectronics ThreadX 0.0.2
2026-08-03 15:28:23,033 [INFO] ThirdParty:1030 - CMSIS Pack Vendor :STMicroelectronics lwIP 2.1.2
2026-08-03 15:28:23,033 [INFO] ThirdParty:1030 - CMSIS Pack Vendor :STMicroelectronics X-CUBE-SFXS2LP1 4.0.0
2026-08-03 15:28:23,033 [INFO] ThirdParty:1030 - CMSIS Pack Vendor :STMicroelectronics X-CUBE-BLE2 3.3.0
2026-08-03 15:28:23,033 [INFO] ThirdParty:1030 - CMSIS Pack Vendor :STMicroelectronics X-CUBE-NFC13 1.0.0
2026-08-03 15:28:23,033 [INFO] ThirdParty:1030 - CMSIS Pack Vendor :STMicroelectronics PDM2PCM 3.2.0
2026-08-03 15:28:23,033 [INFO] ThirdParty:841 - exiting critical section [change project]
2026-08-03 15:28:23,124 [INFO] PinOutPanel:1499 - setPackage(No Configuration,No Configuration)
2026-08-03 15:28:23,125 [INFO] PinOutPanel:1499 - setPackage(STM32F405RGTx,LQFP64)
2026-08-03 15:28:23,260 [INFO] UtilMem:75 - Before build in PCC Used Memory: 908988248 Bytes (1073741824)
2026-08-03 15:28:23,355 [INFO] UtilMem:75 - After build in PCC Used Memory: 953028440 Bytes (1073741824)
2026-08-03 15:28:23,370 [INFO] IPUIPlugin:80 - create IPUIPlugin
2026-08-03 15:28:23,370 [INFO] IPUIPlugin:80 - create IPUIPlugin
2026-08-03 15:28:23,370 [INFO] IPUIPlugin:80 - create IPUIPlugin
2026-08-03 15:28:23,370 [INFO] IPUIPlugin:80 - create IPUIPlugin
2026-08-03 15:28:23,370 [INFO] IPUIPlugin:80 - create IPUIPlugin
2026-08-03 15:28:23,371 [INFO] IPUIPlugin:80 - create IPUIPlugin
2026-08-03 15:28:23,371 [INFO] IPUIPlugin:80 - create IPUIPlugin
2026-08-03 15:28:23,371 [INFO] IPUIPlugin:80 - create IPUIPlugin
2026-08-03 15:28:23,371 [INFO] IPUIPlugin:80 - create IPUIPlugin
2026-08-03 15:28:23,371 [INFO] IPUIPlugin:80 - create IPUIPlugin
2026-08-03 15:28:23,371 [INFO] IPUIPlugin:80 - create IPUIPlugin
2026-08-03 15:28:23,371 [INFO] IPUIPlugin:80 - create IPUIPlugin
2026-08-03 15:28:23,371 [INFO] IPUIPlugin:80 - create IPUIPlugin
2026-08-03 15:28:23,371 [INFO] IPUIPlugin:80 - create IPUIPlugin
2026-08-03 15:28:23,371 [INFO] IPUIPlugin:80 - create IPUIPlugin
2026-08-03 15:28:23,371 [INFO] IPUIPlugin:80 - create IPUIPlugin
2026-08-03 15:28:23,371 [INFO] IPUIPlugin:80 - create IPUIPlugin
2026-08-03 15:28:23,371 [INFO] IPUIPlugin:80 - create IPUIPlugin
2026-08-03 15:28:23,371 [INFO] IPUIPlugin:80 - create IPUIPlugin
2026-08-03 15:28:23,371 [INFO] IPUIPlugin:80 - create IPUIPlugin
2026-08-03 15:28:23,371 [INFO] IPUIPlugin:80 - create IPUIPlugin
2026-08-03 15:28:23,372 [INFO] IPUIPlugin:80 - create IPUIPlugin
2026-08-03 15:28:23,372 [INFO] IPUIPlugin:80 - create IPUIPlugin
2026-08-03 15:28:23,372 [INFO] IPUIPlugin:80 - create IPUIPlugin
2026-08-03 15:28:23,372 [INFO] IPUIPlugin:80 - create IPUIPlugin
2026-08-03 15:28:23,372 [INFO] IPUIPlugin:80 - create IPUIPlugin
2026-08-03 15:28:23,372 [INFO] IPUIPlugin:80 - create IPUIPlugin
2026-08-03 15:28:23,372 [INFO] IPUIPlugin:80 - create IPUIPlugin
2026-08-03 15:28:23,372 [INFO] IPUIPlugin:80 - create IPUIPlugin
2026-08-03 15:28:23,373 [INFO] IPUIPlugin:80 - create IPUIPlugin
2026-08-03 15:28:23,373 [INFO] IPUIPlugin:80 - create IPUIPlugin
2026-08-03 15:28:23,373 [INFO] IPUIPlugin:80 - create IPUIPlugin
2026-08-03 15:28:23,373 [INFO] IPUIPlugin:80 - create IPUIPlugin
2026-08-03 15:28:23,373 [INFO] IPUIPlugin:80 - create IPUIPlugin
2026-08-03 15:28:23,373 [INFO] IPUIPlugin:80 - create IPUIPlugin
2026-08-03 15:28:23,374 [INFO] IPUIPlugin:80 - create IPUIPlugin
2026-08-03 15:28:23,374 [INFO] IPUIPlugin:80 - create IPUIPlugin
2026-08-03 15:28:23,374 [INFO] IPUIPlugin:80 - create IPUIPlugin
2026-08-03 15:28:23,374 [INFO] IPUIPlugin:80 - create IPUIPlugin
2026-08-03 15:28:23,374 [INFO] IPUIPlugin:80 - create IPUIPlugin
2026-08-03 15:28:23,374 [INFO] IPUIPlugin:80 - create IPUIPlugin
2026-08-03 15:28:23,374 [INFO] IPUIPlugin:80 - create IPUIPlugin
2026-08-03 15:28:23,374 [INFO] IPUIPlugin:80 - create IPUIPlugin
2026-08-03 15:28:23,375 [INFO] IPUIPlugin:80 - create IPUIPlugin
2026-08-03 15:28:23,375 [INFO] IPUIPlugin:80 - create IPUIPlugin
2026-08-03 15:28:23,375 [INFO] IPUIPlugin:80 - create IPUIPlugin
2026-08-03 15:28:23,375 [INFO] IPUIPlugin:80 - create IPUIPlugin
2026-08-03 15:28:23,375 [INFO] IPUIPlugin:80 - create IPUIPlugin
2026-08-03 15:28:23,375 [INFO] IPUIPlugin:80 - create IPUIPlugin
2026-08-03 15:28:23,376 [INFO] IPUIPlugin:80 - create IPUIPlugin
2026-08-03 15:28:23,376 [INFO] IPUIPlugin:80 - create IPUIPlugin
2026-08-03 15:28:23,376 [INFO] IPUIPlugin:80 - create IPUIPlugin
2026-08-03 15:28:23,376 [INFO] IPUIPlugin:80 - create IPUIPlugin
2026-08-03 15:28:23,376 [INFO] IPUIPlugin:80 - create IPUIPlugin
2026-08-03 15:28:23,378 [INFO] ApiDbMcu:507 - Load IP Config File for PDM2PCM
2026-08-03 15:28:23,409 [INFO] CADModel:165 - CPN selected for project levelSTM32F405RGT6
2026-08-03 15:28:23,409 [INFO] CADModel:114 - Register for checkConnection events
2026-08-03 15:28:23,460 [INFO] OpenFileManager:328 - Restore cursor
2026-08-03 15:28:46,809 [INFO] NvicIntPanel:101 - NVIC parent = com.st.microxplorer.plugins.ip.nvic.MultiNvicIntPanel[,0,0,0x0,invalid,layout=javax.swing.BoxLayout,alignmentX=0.0,alignmentY=0.0,border=,flags=9,maximumSize=,minimumSize=,preferredSize=]
2026-08-03 15:28:49,264 [INFO] UtilMem:75 - End SaveConfig() Used Memory: 957495040 Bytes (1073741824)
2026-08-03 15:28:57,900 [INFO] UtilMem:75 - End SaveConfig() Used Memory: 943397056 Bytes (1073741824)
2026-08-03 15:28:58,023 [INFO] BlockDiagram:2759 - set Specific Code input for plugin: TIM1_8
2026-08-03 15:28:58,023 [INFO] BlockDiagram:2759 - set Specific Code input for plugin: SYS
2026-08-03 15:28:58,023 [INFO] BlockDiagram:2759 - set Specific Code input for plugin: RCC
2026-08-03 15:28:58,023 [INFO] BlockDiagram:2759 - set Specific Code input for plugin: NVIC
2026-08-03 15:28:58,023 [INFO] BlockDiagram:2759 - set Specific Code input for plugin: USART
2026-08-03 15:28:58,023 [INFO] BlockDiagram:2759 - set Specific Code input for plugin: USART
2026-08-03 15:28:58,023 [INFO] BlockDiagram:2759 - set Specific Code input for plugin: DMA
2026-08-03 15:28:58,023 [INFO] BlockDiagram:2759 - set Specific Code input for plugin: GPIO
2026-08-03 15:28:58,024 [INFO] CodeGenerator:799 - code generatio: config db path: C:\ST\STM32CubeIDE_1.13.1\STM32CubeIDE\plugins\com.st.stm32cube.common.mx_6.9.1.202307191849\\db\
2026-08-03 15:28:58,034 [INFO] Argument:319 - Argument : hdmavalue: null
2026-08-03 15:28:58,034 [INFO] Argument:321 - 	 sub Args: 
2026-08-03 15:28:58,034 [INFO] Argument:319 - Argument : Instancevalue: DMA2_Stream2
2026-08-03 15:28:58,034 [INFO] Argument:329 - Argument : Instancevalue: DMA2_Stream2
2026-08-03 15:28:58,034 [INFO] Argument:319 - Argument : Initvalue: null
2026-08-03 15:28:58,034 [INFO] Argument:321 - 	 sub Args: 
2026-08-03 15:28:58,034 [INFO] Argument:319 - Argument : Channelvalue: DMA_CHANNEL_4
2026-08-03 15:28:58,034 [INFO] Argument:329 - Argument : Channelvalue: DMA_CHANNEL_4
2026-08-03 15:28:58,034 [INFO] Argument:319 - Argument : Directionvalue: DMA_PERIPH_TO_MEMORY
2026-08-03 15:28:58,034 [INFO] Argument:329 - Argument : Directionvalue: DMA_PERIPH_TO_MEMORY
2026-08-03 15:28:58,034 [INFO] Argument:319 - Argument : PeriphIncvalue: DMA_PINC_DISABLE
2026-08-03 15:28:58,034 [INFO] Argument:329 - Argument : PeriphIncvalue: DMA_PINC_DISABLE
2026-08-03 15:28:58,034 [INFO] Argument:319 - Argument : MemIncvalue: DMA_MINC_ENABLE
2026-08-03 15:28:58,034 [INFO] Argument:329 - Argument : MemIncvalue: DMA_MINC_ENABLE
2026-08-03 15:28:58,034 [INFO] Argument:319 - Argument : PeriphDataAlignmentvalue: DMA_PDATAALIGN_BYTE
2026-08-03 15:28:58,034 [INFO] Argument:329 - Argument : PeriphDataAlignmentvalue: DMA_PDATAALIGN_BYTE
2026-08-03 15:28:58,034 [INFO] Argument:319 - Argument : MemDataAlignmentvalue: DMA_MDATAALIGN_BYTE
2026-08-03 15:28:58,034 [INFO] Argument:329 - Argument : MemDataAlignmentvalue: DMA_MDATAALIGN_BYTE
2026-08-03 15:28:58,034 [INFO] Argument:319 - Argument : Modevalue: DMA_CIRCULAR
2026-08-03 15:28:58,034 [INFO] Argument:329 - Argument : Modevalue: DMA_CIRCULAR
2026-08-03 15:28:58,034 [INFO] Argument:319 - Argument : Priorityvalue: DMA_PRIORITY_HIGH
2026-08-03 15:28:58,034 [INFO] Argument:329 - Argument : Priorityvalue: DMA_PRIORITY_HIGH
2026-08-03 15:28:58,034 [INFO] Argument:319 - Argument : FIFOModevalue: DMA_FIFOMODE_ENABLE
2026-08-03 15:28:58,034 [INFO] Argument:329 - Argument : FIFOModevalue: DMA_FIFOMODE_ENABLE
2026-08-03 15:28:58,034 [INFO] Argument:319 - Argument : FIFOThresholdvalue: DMA_FIFO_THRESHOLD_1QUARTERFULL
2026-08-03 15:28:58,034 [INFO] Argument:329 - Argument : FIFOThresholdvalue: DMA_FIFO_THRESHOLD_1QUARTERFULL
2026-08-03 15:28:58,034 [INFO] Argument:319 - Argument : MemBurstvalue: DMA_MBURST_SINGLE
2026-08-03 15:28:58,034 [INFO] Argument:329 - Argument : MemBurstvalue: DMA_MBURST_SINGLE
2026-08-03 15:28:58,034 [INFO] Argument:319 - Argument : PeriphBurstvalue: DMA_PBURST_SINGLE
2026-08-03 15:28:58,034 [INFO] Argument:329 - Argument : PeriphBurstvalue: DMA_PBURST_SINGLE
2026-08-03 15:28:58,035 [INFO] Argument:319 - Argument : Lockvalue: null
2026-08-03 15:28:58,035 [INFO] Argument:329 - Argument : Lockvalue: null
2026-08-03 15:28:58,035 [INFO] Argument:319 - Argument : Statevalue: null
2026-08-03 15:28:58,035 [INFO] Argument:329 - Argument : Statevalue: null
2026-08-03 15:28:58,035 [INFO] Argument:319 - Argument : Parentvalue: null
2026-08-03 15:28:58,035 [INFO] Argument:329 - Argument : Parentvalue: null
2026-08-03 15:28:58,035 [INFO] Argument:319 - Argument : XferCpltCallbackvalue: null
2026-08-03 15:28:58,035 [INFO] Argument:329 - Argument : XferCpltCallbackvalue: null
2026-08-03 15:28:58,035 [INFO] Argument:319 - Argument : XferHalfCpltCallbackvalue: null
2026-08-03 15:28:58,035 [INFO] Argument:329 - Argument : XferHalfCpltCallbackvalue: null
2026-08-03 15:28:58,035 [INFO] Argument:319 - Argument : XferM1CpltCallbackvalue: null
2026-08-03 15:28:58,035 [INFO] Argument:329 - Argument : XferM1CpltCallbackvalue: null
2026-08-03 15:28:58,035 [INFO] Argument:319 - Argument : XferErrorCallbackvalue: null
2026-08-03 15:28:58,035 [INFO] Argument:329 - Argument : XferErrorCallbackvalue: null
2026-08-03 15:28:58,035 [INFO] Argument:319 - Argument : ErrorCodevalue: null
2026-08-03 15:28:58,035 [INFO] Argument:329 - Argument : ErrorCodevalue: null
2026-08-03 15:28:58,126 [INFO] CodeEngine:255 - oldGeneratedFile, C:\Users\Admin\Documents\GitHub\Drone-RTOS\Source\UART_DMA\MXTmpFiles\license.tmp_save
2026-08-03 15:28:58,185 [INFO] CodeEngine:279 - Generated code: C:\Users\Admin\Documents\GitHub\Drone-RTOS\Source\UART_DMA\MXTmpFiles\license.tmp
2026-08-03 15:28:58,234 [INFO] CodeEngine:255 - oldGeneratedFile, C:\Users\Admin\Documents\GitHub\Drone-RTOS\Source\UART_DMA\MXTmpFiles\gpio.tmp_save
2026-08-03 15:28:58,287 [INFO] CodeEngine:279 - Generated code: C:\Users\Admin\Documents\GitHub\Drone-RTOS\Source\UART_DMA\MXTmpFiles\gpio.tmp
2026-08-03 15:28:58,368 [INFO] CodeEngine:255 - oldGeneratedFile, C:\Users\Admin\Documents\GitHub\Drone-RTOS\Source\UART_DMA\MXTmpFiles\dma.tmp_save
2026-08-03 15:28:58,447 [INFO] CodeEngine:279 - Generated code: C:\Users\Admin\Documents\GitHub\Drone-RTOS\Source\UART_DMA\MXTmpFiles\dma.tmp
2026-08-03 15:28:58,451 [INFO] CodeEngine:255 - oldGeneratedFile, C:\Users\Admin\Documents\GitHub\Drone-RTOS\Source\UART_DMA\MXTmpFiles\dma_GV.tmp_save
2026-08-03 15:28:58,509 [INFO] CodeEngine:279 - Generated code: C:\Users\Admin\Documents\GitHub\Drone-RTOS\Source\UART_DMA\MXTmpFiles\dma_GV.tmp
2026-08-03 15:28:58,519 [INFO] CodeEngine:255 - oldGeneratedFile, C:\Users\Admin\Documents\GitHub\Drone-RTOS\Source\UART_DMA\Core\Src\stm32f4xx_it.c_save
2026-08-03 15:28:58,619 [INFO] CodeEngine:279 - Generated code: C:\Users\Admin\Documents\GitHub\Drone-RTOS\Source\UART_DMA\Core\Src\stm32f4xx_it.c
2026-08-03 15:28:58,622 [INFO] CodeEngine:255 - oldGeneratedFile, C:\Users\Admin\Documents\GitHub\Drone-RTOS\Source\UART_DMA\Core\Inc\stm32f4xx_it.h_save
2026-08-03 15:28:58,666 [INFO] CodeEngine:279 - Generated code: C:\Users\Admin\Documents\GitHub\Drone-RTOS\Source\UART_DMA\Core\Inc\stm32f4xx_it.h
2026-08-03 15:28:58,673 [INFO] CodeEngine:255 - oldGeneratedFile, C:\Users\Admin\Documents\GitHub\Drone-RTOS\Source\UART_DMA\Core\Src\stm32f4xx_hal_msp.c_save
2026-08-03 15:28:58,744 [INFO] CodeEngine:279 - Generated code: C:\Users\Admin\Documents\GitHub\Drone-RTOS\Source\UART_DMA\Core\Src\stm32f4xx_hal_msp.c
2026-08-03 15:28:58,746 [INFO] CodeEngine:255 - oldGeneratedFile, C:\Users\Admin\Documents\GitHub\Drone-RTOS\Source\UART_DMA\MXTmpFiles\system.tmp_save
2026-08-03 15:28:58,789 [INFO] CodeEngine:279 - Generated code: C:\Users\Admin\Documents\GitHub\Drone-RTOS\Source\UART_DMA\MXTmpFiles\system.tmp
2026-08-03 15:28:58,795 [INFO] CodeEngine:311 - oldGeneratedFile, C:\Users\Admin\Documents\GitHub\Drone-RTOS\Source\UART_DMA\Core\Inc\stm32f4xx_hal_conf.h_save
2026-08-03 15:28:58,851 [INFO] CodeEngine:335 - Generated code: C:\Users\Admin\Documents\GitHub\Drone-RTOS\Source\UART_DMA\Core\Inc\stm32f4xx_hal_conf.h
2026-08-03 15:28:58,863 [WARN] IPConfigManager:3431 - IP not found : TIM
2026-08-03 15:28:58,863 [WARN] CodeGenerator:3760 - IP not found : null
2026-08-03 15:28:58,868 [INFO] CodeEngine:255 - oldGeneratedFile, C:\Users\Admin\Documents\GitHub\Drone-RTOS\Source\UART_DMA\Core\Inc\main.h_save
2026-08-03 15:28:58,931 [INFO] CodeEngine:279 - Generated code: C:\Users\Admin\Documents\GitHub\Drone-RTOS\Source\UART_DMA\Core\Inc\main.h
2026-08-03 15:28:58,935 [INFO] CodeEngine:255 - oldGeneratedFile, C:\Users\Admin\Documents\GitHub\Drone-RTOS\Source\UART_DMA\Core\Src\main.c_save
2026-08-03 15:28:59,042 [INFO] CodeEngine:279 - Generated code: C:\Users\Admin\Documents\GitHub\Drone-RTOS\Source\UART_DMA\Core\Src\main.c
2026-08-03 15:28:59,706 [INFO] ProjectBuilder:3064 - Time for Copy HAL[1] : 94mS.
2026-08-03 15:28:59,708 [INFO] ProjectBuilder:4404 - Project Generator version: 4.1.0
2026-08-03 15:28:59,856 [INFO] ConfigFileManager:1457 - The Die is : DIE413
2026-08-03 15:28:59,858 [INFO] ApiDbMcu:507 - Load IP Config File for FATFS
2026-08-03 15:28:59,860 [INFO] ApiDbMcu:507 - Load IP Config File for FREERTOS
2026-08-03 15:28:59,861 [INFO] ApiDbMcu:507 - Load IP Config File for LIBJPEG
2026-08-03 15:28:59,864 [INFO] ApiDbMcu:507 - Load IP Config File for MBEDTLS
2026-08-03 15:28:59,888 [INFO] ApiDbMcu:507 - Load IP Config File for USB_DEVICE
2026-08-03 15:28:59,889 [INFO] ApiDbMcu:507 - Load IP Config File for USB_HOST
2026-08-03 15:29:01,199 [INFO] ProjectBuilder:4626 - Time for Generating toolchain IDE Files: 1491mS.
2026-08-03 15:29:01,200 [INFO] ProjectBuilder:2935 - Time for Copy CMSIS : 0mS.
2026-08-03 15:29:01,202 [INFO] ProjectBuilder:2935 - Time for Copy CMSIS : 0mS.
2026-08-03 15:31:18,439 [INFO] NvicIntPanel:101 - NVIC parent = com.st.microxplorer.plugins.ip.nvic.MultiNvicIntPanel[,0,0,0x0,invalid,layout=javax.swing.BoxLayout,alignmentX=0.0,alignmentY=0.0,border=,flags=9,maximumSize=,minimumSize=,preferredSize=]
2026-08-03 15:32:00,961 [INFO] UtilMem:75 - End SaveConfig() Used Memory: 926458376 Bytes (1073741824)
2026-08-03 15:32:10,316 [INFO] UtilMem:75 - End SaveConfig() Used Memory: 946825944 Bytes (1073741824)
2026-08-03 15:32:10,460 [INFO] BlockDiagram:2759 - set Specific Code input for plugin: TIM1_8
2026-08-03 15:32:10,460 [INFO] BlockDiagram:2759 - set Specific Code input for plugin: SYS
2026-08-03 15:32:10,460 [INFO] BlockDiagram:2759 - set Specific Code input for plugin: RCC
2026-08-03 15:32:10,460 [INFO] BlockDiagram:2759 - set Specific Code input for plugin: NVIC
2026-08-03 15:32:10,460 [INFO] BlockDiagram:2759 - set Specific Code input for plugin: USART
2026-08-03 15:32:10,460 [INFO] BlockDiagram:2759 - set Specific Code input for plugin: USART
2026-08-03 15:32:10,460 [INFO] BlockDiagram:2759 - set Specific Code input for plugin: DMA
2026-08-03 15:32:10,461 [INFO] BlockDiagram:2759 - set Specific Code input for plugin: GPIO
2026-08-03 15:32:10,461 [INFO] CodeGenerator:799 - code generatio: config db path: C:\ST\STM32CubeIDE_1.13.1\STM32CubeIDE\plugins\com.st.stm32cube.common.mx_6.9.1.202307191849\\db\
2026-08-03 15:32:10,475 [INFO] Argument:319 - Argument : hdmavalue: null
2026-08-03 15:32:10,475 [INFO] Argument:321 - 	 sub Args: 
2026-08-03 15:32:10,475 [INFO] Argument:319 - Argument : Instancevalue: DMA2_Stream2
2026-08-03 15:32:10,475 [INFO] Argument:329 - Argument : Instancevalue: DMA2_Stream2
2026-08-03 15:32:10,475 [INFO] Argument:319 - Argument : Initvalue: null
2026-08-03 15:32:10,475 [INFO] Argument:321 - 	 sub Args: 
2026-08-03 15:32:10,475 [INFO] Argument:319 - Argument : Channelvalue: DMA_CHANNEL_4
2026-08-03 15:32:10,475 [INFO] Argument:329 - Argument : Channelvalue: DMA_CHANNEL_4
2026-08-03 15:32:10,475 [INFO] Argument:319 - Argument : Directionvalue: DMA_PERIPH_TO_MEMORY
2026-08-03 15:32:10,475 [INFO] Argument:329 - Argument : Directionvalue: DMA_PERIPH_TO_MEMORY
2026-08-03 15:32:10,475 [INFO] Argument:319 - Argument : PeriphIncvalue: DMA_PINC_DISABLE
2026-08-03 15:32:10,475 [INFO] Argument:329 - Argument : PeriphIncvalue: DMA_PINC_DISABLE
2026-08-03 15:32:10,475 [INFO] Argument:319 - Argument : MemIncvalue: DMA_MINC_ENABLE
2026-08-03 15:32:10,475 [INFO] Argument:329 - Argument : MemIncvalue: DMA_MINC_ENABLE
2026-08-03 15:32:10,475 [INFO] Argument:319 - Argument : PeriphDataAlignmentvalue: DMA_PDATAALIGN_BYTE
2026-08-03 15:32:10,475 [INFO] Argument:329 - Argument : PeriphDataAlignmentvalue: DMA_PDATAALIGN_BYTE
2026-08-03 15:32:10,475 [INFO] Argument:319 - Argument : MemDataAlignmentvalue: DMA_MDATAALIGN_BYTE
2026-08-03 15:32:10,476 [INFO] Argument:329 - Argument : MemDataAlignmentvalue: DMA_MDATAALIGN_BYTE
2026-08-03 15:32:10,476 [INFO] Argument:319 - Argument : Modevalue: DMA_CIRCULAR
2026-08-03 15:32:10,476 [INFO] Argument:329 - Argument : Modevalue: DMA_CIRCULAR
2026-08-03 15:32:10,476 [INFO] Argument:319 - Argument : Priorityvalue: DMA_PRIORITY_HIGH
2026-08-03 15:32:10,476 [INFO] Argument:329 - Argument : Priorityvalue: DMA_PRIORITY_HIGH
2026-08-03 15:32:10,476 [INFO] Argument:319 - Argument : FIFOModevalue: DMA_FIFOMODE_ENABLE
2026-08-03 15:32:10,476 [INFO] Argument:329 - Argument : FIFOModevalue: DMA_FIFOMODE_ENABLE
2026-08-03 15:32:10,476 [INFO] Argument:319 - Argument : FIFOThresholdvalue: DMA_FIFO_THRESHOLD_1QUARTERFULL
2026-08-03 15:32:10,476 [INFO] Argument:329 - Argument : FIFOThresholdvalue: DMA_FIFO_THRESHOLD_1QUARTERFULL
2026-08-03 15:32:10,476 [INFO] Argument:319 - Argument : MemBurstvalue: DMA_MBURST_SINGLE
2026-08-03 15:32:10,476 [INFO] Argument:329 - Argument : MemBurstvalue: DMA_MBURST_SINGLE
2026-08-03 15:32:10,476 [INFO] Argument:319 - Argument : PeriphBurstvalue: DMA_PBURST_SINGLE
2026-08-03 15:32:10,476 [INFO] Argument:329 - Argument : PeriphBurstvalue: DMA_PBURST_SINGLE
2026-08-03 15:32:10,476 [INFO] Argument:319 - Argument : Lockvalue: null
2026-08-03 15:32:10,476 [INFO] Argument:329 - Argument : Lockvalue: null
2026-08-03 15:32:10,476 [INFO] Argument:319 - Argument : Statevalue: null
2026-08-03 15:32:10,476 [INFO] Argument:329 - Argument : Statevalue: null
2026-08-03 15:32:10,476 [INFO] Argument:319 - Argument : Parentvalue: null
2026-08-03 15:32:10,476 [INFO] Argument:329 - Argument : Parentvalue: null
2026-08-03 15:32:10,476 [INFO] Argument:319 - Argument : XferCpltCallbackvalue: null
2026-08-03 15:32:10,476 [INFO] Argument:329 - Argument : XferCpltCallbackvalue: null
2026-08-03 15:32:10,476 [INFO] Argument:319 - Argument : XferHalfCpltCallbackvalue: null
2026-08-03 15:32:10,476 [INFO] Argument:329 - Argument : XferHalfCpltCallbackvalue: null
2026-08-03 15:32:10,476 [INFO] Argument:319 - Argument : XferM1CpltCallbackvalue: null
2026-08-03 15:32:10,476 [INFO] Argument:329 - Argument : XferM1CpltCallbackvalue: null
2026-08-03 15:32:10,476 [INFO] Argument:319 - Argument : XferErrorCallbackvalue: null
2026-08-03 15:32:10,476 [INFO] Argument:329 - Argument : XferErrorCallbackvalue: null
2026-08-03 15:32:10,476 [INFO] Argument:319 - Argument : ErrorCodevalue: null
2026-08-03 15:32:10,476 [INFO] Argument:329 - Argument : ErrorCodevalue: null
2026-08-03 15:32:10,596 [INFO] CodeEngine:255 - oldGeneratedFile, C:\Users\Admin\Documents\GitHub\Drone-RTOS\Source\UART_DMA\MXTmpFiles\license.tmp_save
2026-08-03 15:32:10,666 [INFO] CodeEngine:279 - Generated code: C:\Users\Admin\Documents\GitHub\Drone-RTOS\Source\UART_DMA\MXTmpFiles\license.tmp
2026-08-03 15:32:10,676 [INFO] CodeEngine:255 - oldGeneratedFile, C:\Users\Admin\Documents\GitHub\Drone-RTOS\Source\UART_DMA\MXTmpFiles\gpio.tmp_save
2026-08-03 15:32:10,726 [INFO] CodeEngine:279 - Generated code: C:\Users\Admin\Documents\GitHub\Drone-RTOS\Source\UART_DMA\MXTmpFiles\gpio.tmp
2026-08-03 15:32:10,777 [INFO] CodeEngine:255 - oldGeneratedFile, C:\Users\Admin\Documents\GitHub\Drone-RTOS\Source\UART_DMA\MXTmpFiles\dma.tmp_save
2026-08-03 15:32:10,857 [INFO] CodeEngine:279 - Generated code: C:\Users\Admin\Documents\GitHub\Drone-RTOS\Source\UART_DMA\MXTmpFiles\dma.tmp
2026-08-03 15:32:10,861 [INFO] CodeEngine:255 - oldGeneratedFile, C:\Users\Admin\Documents\GitHub\Drone-RTOS\Source\UART_DMA\MXTmpFiles\dma_GV.tmp_save
2026-08-03 15:32:10,920 [INFO] CodeEngine:279 - Generated code: C:\Users\Admin\Documents\GitHub\Drone-RTOS\Source\UART_DMA\MXTmpFiles\dma_GV.tmp
2026-08-03 15:32:10,932 [INFO] CodeEngine:255 - oldGeneratedFile, C:\Users\Admin\Documents\GitHub\Drone-RTOS\Source\UART_DMA\Core\Src\stm32f4xx_it.c_save
2026-08-03 15:32:11,027 [INFO] CodeEngine:279 - Generated code: C:\Users\Admin\Documents\GitHub\Drone-RTOS\Source\UART_DMA\Core\Src\stm32f4xx_it.c
2026-08-03 15:32:11,031 [INFO] CodeEngine:255 - oldGeneratedFile, C:\Users\Admin\Documents\GitHub\Drone-RTOS\Source\UART_DMA\Core\Inc\stm32f4xx_it.h_save
2026-08-03 15:32:11,080 [INFO] CodeEngine:279 - Generated code: C:\Users\Admin\Documents\GitHub\Drone-RTOS\Source\UART_DMA\Core\Inc\stm32f4xx_it.h
2026-08-03 15:32:11,088 [INFO] CodeEngine:255 - oldGeneratedFile, C:\Users\Admin\Documents\GitHub\Drone-RTOS\Source\UART_DMA\Core\Src\stm32f4xx_hal_msp.c_save
2026-08-03 15:32:11,167 [INFO] CodeEngine:279 - Generated code: C:\Users\Admin\Documents\GitHub\Drone-RTOS\Source\UART_DMA\Core\Src\stm32f4xx_hal_msp.c
2026-08-03 15:32:11,170 [INFO] CodeEngine:255 - oldGeneratedFile, C:\Users\Admin\Documents\GitHub\Drone-RTOS\Source\UART_DMA\MXTmpFiles\system.tmp_save
2026-08-03 15:32:11,216 [INFO] CodeEngine:279 - Generated code: C:\Users\Admin\Documents\GitHub\Drone-RTOS\Source\UART_DMA\MXTmpFiles\system.tmp
2026-08-03 15:32:11,222 [INFO] CodeEngine:311 - oldGeneratedFile, C:\Users\Admin\Documents\GitHub\Drone-RTOS\Source\UART_DMA\Core\Inc\stm32f4xx_hal_conf.h_save
2026-08-03 15:32:11,283 [INFO] CodeEngine:335 - Generated code: C:\Users\Admin\Documents\GitHub\Drone-RTOS\Source\UART_DMA\Core\Inc\stm32f4xx_hal_conf.h
2026-08-03 15:32:11,291 [WARN] IPConfigManager:3431 - IP not found : TIM
2026-08-03 15:32:11,291 [WARN] CodeGenerator:3760 - IP not found : null
2026-08-03 15:32:11,296 [INFO] CodeEngine:255 - oldGeneratedFile, C:\Users\Admin\Documents\GitHub\Drone-RTOS\Source\UART_DMA\Core\Inc\main.h_save
2026-08-03 15:32:11,354 [INFO] CodeEngine:279 - Generated code: C:\Users\Admin\Documents\GitHub\Drone-RTOS\Source\UART_DMA\Core\Inc\main.h
2026-08-03 15:32:11,358 [INFO] CodeEngine:255 - oldGeneratedFile, C:\Users\Admin\Documents\GitHub\Drone-RTOS\Source\UART_DMA\Core\Src\main.c_save
2026-08-03 15:32:11,466 [INFO] CodeEngine:279 - Generated code: C:\Users\Admin\Documents\GitHub\Drone-RTOS\Source\UART_DMA\Core\Src\main.c
2026-08-03 15:32:12,109 [INFO] ProjectBuilder:3064 - Time for Copy HAL[1] : 100mS.
2026-08-03 15:32:12,112 [INFO] ProjectBuilder:4404 - Project Generator version: 4.1.0
2026-08-03 15:32:12,255 [INFO] ConfigFileManager:1457 - The Die is : DIE413
2026-08-03 15:32:13,288 [INFO] ProjectBuilder:4626 - Time for Generating toolchain IDE Files: 1176mS.
2026-08-03 15:32:13,289 [INFO] ProjectBuilder:2935 - Time for Copy CMSIS : 1mS.
2026-08-03 15:32:13,291 [INFO] ProjectBuilder:2935 - Time for Copy CMSIS : 0mS.
2026-08-03 15:33:10,252 [INFO] NvicIntPanel:101 - NVIC parent = com.st.microxplorer.plugins.ip.nvic.MultiNvicIntPanel[,0,0,0x0,invalid,layout=javax.swing.BoxLayout,alignmentX=0.0,alignmentY=0.0,border=,flags=9,maximumSize=,minimumSize=,preferredSize=]
2026-08-03 15:33:14,350 [INFO] UtilMem:75 - End SaveConfig() Used Memory: 975703368 Bytes (1073741824)
2026-08-03 15:33:20,140 [INFO] UtilMem:75 - End SaveConfig() Used Memory: 968400768 Bytes (1073741824)
2026-08-03 15:33:20,294 [INFO] BlockDiagram:2759 - set Specific Code input for plugin: TIM1_8
2026-08-03 15:33:20,294 [INFO] BlockDiagram:2759 - set Specific Code input for plugin: SYS
2026-08-03 15:33:20,294 [INFO] BlockDiagram:2759 - set Specific Code input for plugin: RCC
2026-08-03 15:33:20,294 [INFO] BlockDiagram:2759 - set Specific Code input for plugin: NVIC
2026-08-03 15:33:20,294 [INFO] BlockDiagram:2759 - set Specific Code input for plugin: USART
2026-08-03 15:33:20,294 [INFO] BlockDiagram:2759 - set Specific Code input for plugin: USART
2026-08-03 15:33:20,294 [INFO] BlockDiagram:2759 - set Specific Code input for plugin: DMA
2026-08-03 15:33:20,294 [INFO] BlockDiagram:2759 - set Specific Code input for plugin: GPIO
2026-08-03 15:33:20,295 [INFO] CodeGenerator:799 - code generatio: config db path: C:\ST\STM32CubeIDE_1.13.1\STM32CubeIDE\plugins\com.st.stm32cube.common.mx_6.9.1.202307191849\\db\
2026-08-03 15:33:20,305 [INFO] Argument:319 - Argument : hdmavalue: null
2026-08-03 15:33:20,305 [INFO] Argument:321 - 	 sub Args: 
2026-08-03 15:33:20,305 [INFO] Argument:319 - Argument : Instancevalue: DMA2_Stream2
2026-08-03 15:33:20,305 [INFO] Argument:329 - Argument : Instancevalue: DMA2_Stream2
2026-08-03 15:33:20,305 [INFO] Argument:319 - Argument : Initvalue: null
2026-08-03 15:33:20,305 [INFO] Argument:321 - 	 sub Args: 
2026-08-03 15:33:20,305 [INFO] Argument:319 - Argument : Channelvalue: DMA_CHANNEL_4
2026-08-03 15:33:20,305 [INFO] Argument:329 - Argument : Channelvalue: DMA_CHANNEL_4
2026-08-03 15:33:20,305 [INFO] Argument:319 - Argument : Directionvalue: DMA_PERIPH_TO_MEMORY
2026-08-03 15:33:20,305 [INFO] Argument:329 - Argument : Directionvalue: DMA_PERIPH_TO_MEMORY
2026-08-03 15:33:20,305 [INFO] Argument:319 - Argument : PeriphIncvalue: DMA_PINC_DISABLE
2026-08-03 15:33:20,305 [INFO] Argument:329 - Argument : PeriphIncvalue: DMA_PINC_DISABLE
2026-08-03 15:33:20,305 [INFO] Argument:319 - Argument : MemIncvalue: DMA_MINC_ENABLE
2026-08-03 15:33:20,305 [INFO] Argument:329 - Argument : MemIncvalue: DMA_MINC_ENABLE
2026-08-03 15:33:20,305 [INFO] Argument:319 - Argument : PeriphDataAlignmentvalue: DMA_PDATAALIGN_BYTE
2026-08-03 15:33:20,305 [INFO] Argument:329 - Argument : PeriphDataAlignmentvalue: DMA_PDATAALIGN_BYTE
2026-08-03 15:33:20,305 [INFO] Argument:319 - Argument : MemDataAlignmentvalue: DMA_MDATAALIGN_BYTE
2026-08-03 15:33:20,305 [INFO] Argument:329 - Argument : MemDataAlignmentvalue: DMA_MDATAALIGN_BYTE
2026-08-03 15:33:20,305 [INFO] Argument:319 - Argument : Modevalue: DMA_CIRCULAR
2026-08-03 15:33:20,305 [INFO] Argument:329 - Argument : Modevalue: DMA_CIRCULAR
2026-08-03 15:33:20,305 [INFO] Argument:319 - Argument : Priorityvalue: DMA_PRIORITY_HIGH
2026-08-03 15:33:20,305 [INFO] Argument:329 - Argument : Priorityvalue: DMA_PRIORITY_HIGH
2026-08-03 15:33:20,305 [INFO] Argument:319 - Argument : FIFOModevalue: DMA_FIFOMODE_ENABLE
2026-08-03 15:33:20,305 [INFO] Argument:329 - Argument : FIFOModevalue: DMA_FIFOMODE_ENABLE
2026-08-03 15:33:20,305 [INFO] Argument:319 - Argument : FIFOThresholdvalue: DMA_FIFO_THRESHOLD_1QUARTERFULL
2026-08-03 15:33:20,305 [INFO] Argument:329 - Argument : FIFOThresholdvalue: DMA_FIFO_THRESHOLD_1QUARTERFULL
2026-08-03 15:33:20,305 [INFO] Argument:319 - Argument : MemBurstvalue: DMA_MBURST_SINGLE
2026-08-03 15:33:20,305 [INFO] Argument:329 - Argument : MemBurstvalue: DMA_MBURST_SINGLE
2026-08-03 15:33:20,305 [INFO] Argument:319 - Argument : PeriphBurstvalue: DMA_PBURST_SINGLE
2026-08-03 15:33:20,305 [INFO] Argument:329 - Argument : PeriphBurstvalue: DMA_PBURST_SINGLE
2026-08-03 15:33:20,305 [INFO] Argument:319 - Argument : Lockvalue: null
2026-08-03 15:33:20,305 [INFO] Argument:329 - Argument : Lockvalue: null
2026-08-03 15:33:20,305 [INFO] Argument:319 - Argument : Statevalue: null
2026-08-03 15:33:20,305 [INFO] Argument:329 - Argument : Statevalue: null
2026-08-03 15:33:20,305 [INFO] Argument:319 - Argument : Parentvalue: null
2026-08-03 15:33:20,305 [INFO] Argument:329 - Argument : Parentvalue: null
2026-08-03 15:33:20,305 [INFO] Argument:319 - Argument : XferCpltCallbackvalue: null
2026-08-03 15:33:20,305 [INFO] Argument:329 - Argument : XferCpltCallbackvalue: null
2026-08-03 15:33:20,305 [INFO] Argument:319 - Argument : XferHalfCpltCallbackvalue: null
2026-08-03 15:33:20,305 [INFO] Argument:329 - Argument : XferHalfCpltCallbackvalue: null
2026-08-03 15:33:20,305 [INFO] Argument:319 - Argument : XferM1CpltCallbackvalue: null
2026-08-03 15:33:20,305 [INFO] Argument:329 - Argument : XferM1CpltCallbackvalue: null
2026-08-03 15:33:20,305 [INFO] Argument:319 - Argument : XferErrorCallbackvalue: null
2026-08-03 15:33:20,305 [INFO] Argument:329 - Argument : XferErrorCallbackvalue: null
2026-08-03 15:33:20,305 [INFO] Argument:319 - Argument : ErrorCodevalue: null
2026-08-03 15:33:20,305 [INFO] Argument:329 - Argument : ErrorCodevalue: null
2026-08-03 15:33:20,402 [INFO] CodeEngine:255 - oldGeneratedFile, C:\Users\Admin\Documents\GitHub\Drone-RTOS\Source\UART_DMA\MXTmpFiles\license.tmp_save
2026-08-03 15:33:20,476 [INFO] CodeEngine:279 - Generated code: C:\Users\Admin\Documents\GitHub\Drone-RTOS\Source\UART_DMA\MXTmpFiles\license.tmp
2026-08-03 15:33:20,486 [INFO] CodeEngine:255 - oldGeneratedFile, C:\Users\Admin\Documents\GitHub\Drone-RTOS\Source\UART_DMA\MXTmpFiles\gpio.tmp_save
2026-08-03 15:33:20,539 [INFO] CodeEngine:279 - Generated code: C:\Users\Admin\Documents\GitHub\Drone-RTOS\Source\UART_DMA\MXTmpFiles\gpio.tmp
2026-08-03 15:33:20,609 [INFO] CodeEngine:255 - oldGeneratedFile, C:\Users\Admin\Documents\GitHub\Drone-RTOS\Source\UART_DMA\MXTmpFiles\dma.tmp_save
2026-08-03 15:33:20,680 [INFO] CodeEngine:279 - Generated code: C:\Users\Admin\Documents\GitHub\Drone-RTOS\Source\UART_DMA\MXTmpFiles\dma.tmp
2026-08-03 15:33:20,682 [INFO] CodeEngine:255 - oldGeneratedFile, C:\Users\Admin\Documents\GitHub\Drone-RTOS\Source\UART_DMA\MXTmpFiles\dma_GV.tmp_save
2026-08-03 15:33:20,732 [INFO] CodeEngine:279 - Generated code: C:\Users\Admin\Documents\GitHub\Drone-RTOS\Source\UART_DMA\MXTmpFiles\dma_GV.tmp
2026-08-03 15:33:20,742 [INFO] CodeEngine:255 - oldGeneratedFile, C:\Users\Admin\Documents\GitHub\Drone-RTOS\Source\UART_DMA\Core\Src\stm32f4xx_it.c_save
2026-08-03 15:33:20,793 [INFO] CodeEngine:279 - Generated code: C:\Users\Admin\Documents\GitHub\Drone-RTOS\Source\UART_DMA\Core\Src\stm32f4xx_it.c
2026-08-03 15:33:20,796 [INFO] CodeEngine:255 - oldGeneratedFile, C:\Users\Admin\Documents\GitHub\Drone-RTOS\Source\UART_DMA\Core\Inc\stm32f4xx_it.h_save
2026-08-03 15:33:20,840 [INFO] CodeEngine:279 - Generated code: C:\Users\Admin\Documents\GitHub\Drone-RTOS\Source\UART_DMA\Core\Inc\stm32f4xx_it.h
2026-08-03 15:33:20,847 [INFO] CodeEngine:255 - oldGeneratedFile, C:\Users\Admin\Documents\GitHub\Drone-RTOS\Source\UART_DMA\Core\Src\stm32f4xx_hal_msp.c_save
2026-08-03 15:33:20,909 [INFO] CodeEngine:279 - Generated code: C:\Users\Admin\Documents\GitHub\Drone-RTOS\Source\UART_DMA\Core\Src\stm32f4xx_hal_msp.c
2026-08-03 15:33:20,911 [INFO] CodeEngine:255 - oldGeneratedFile, C:\Users\Admin\Documents\GitHub\Drone-RTOS\Source\UART_DMA\MXTmpFiles\system.tmp_save
2026-08-03 15:33:20,957 [INFO] CodeEngine:279 - Generated code: C:\Users\Admin\Documents\GitHub\Drone-RTOS\Source\UART_DMA\MXTmpFiles\system.tmp
2026-08-03 15:33:20,963 [INFO] CodeEngine:311 - oldGeneratedFile, C:\Users\Admin\Documents\GitHub\Drone-RTOS\Source\UART_DMA\Core\Inc\stm32f4xx_hal_conf.h_save
2026-08-03 15:33:21,010 [INFO] CodeEngine:335 - Generated code: C:\Users\Admin\Documents\GitHub\Drone-RTOS\Source\UART_DMA\Core\Inc\stm32f4xx_hal_conf.h
2026-08-03 15:33:21,018 [WARN] IPConfigManager:3431 - IP not found : TIM
2026-08-03 15:33:21,018 [WARN] CodeGenerator:3760 - IP not found : null
2026-08-03 15:33:21,023 [INFO] CodeEngine:255 - oldGeneratedFile, C:\Users\Admin\Documents\GitHub\Drone-RTOS\Source\UART_DMA\Core\Inc\main.h_save
2026-08-03 15:33:21,068 [INFO] CodeEngine:279 - Generated code: C:\Users\Admin\Documents\GitHub\Drone-RTOS\Source\UART_DMA\Core\Inc\main.h
2026-08-03 15:33:21,071 [INFO] CodeEngine:255 - oldGeneratedFile, C:\Users\Admin\Documents\GitHub\Drone-RTOS\Source\UART_DMA\Core\Src\main.c_save
2026-08-03 15:33:21,147 [INFO] CodeEngine:279 - Generated code: C:\Users\Admin\Documents\GitHub\Drone-RTOS\Source\UART_DMA\Core\Src\main.c
2026-08-03 15:33:21,854 [INFO] ProjectBuilder:3064 - Time for Copy HAL[1] : 103mS.
2026-08-03 15:33:21,856 [INFO] ProjectBuilder:4404 - Project Generator version: 4.1.0
2026-08-03 15:33:22,062 [INFO] ConfigFileManager:1457 - The Die is : DIE413
2026-08-03 15:33:23,366 [INFO] ProjectBuilder:4626 - Time for Generating toolchain IDE Files: 1510mS.
2026-08-03 15:33:23,367 [INFO] ProjectBuilder:2935 - Time for Copy CMSIS : 1mS.
2026-08-03 15:33:23,368 [INFO] ProjectBuilder:2935 - Time for Copy CMSIS : 0mS.
2026-08-03 15:34:28,510 [INFO] NvicIntPanel:101 - NVIC parent = com.st.microxplorer.plugins.ip.nvic.MultiNvicIntPanel[,0,0,0x0,invalid,layout=javax.swing.BoxLayout,alignmentX=0.0,alignmentY=0.0,border=,flags=9,maximumSize=,minimumSize=,preferredSize=]
2026-08-03 15:34:32,106 [INFO] UtilMem:75 - End SaveConfig() Used Memory: 935570960 Bytes (1073741824)
2026-08-03 15:34:37,478 [INFO] UtilMem:75 - End SaveConfig() Used Memory: 938778056 Bytes (1073741824)
2026-08-03 15:34:37,593 [INFO] BlockDiagram:2759 - set Specific Code input for plugin: TIM1_8
2026-08-03 15:34:37,593 [INFO] BlockDiagram:2759 - set Specific Code input for plugin: SYS
2026-08-03 15:34:37,593 [INFO] BlockDiagram:2759 - set Specific Code input for plugin: RCC
2026-08-03 15:34:37,593 [INFO] BlockDiagram:2759 - set Specific Code input for plugin: NVIC
2026-08-03 15:34:37,593 [INFO] BlockDiagram:2759 - set Specific Code input for plugin: USART
2026-08-03 15:34:37,593 [INFO] BlockDiagram:2759 - set Specific Code input for plugin: USART
2026-08-03 15:34:37,593 [INFO] BlockDiagram:2759 - set Specific Code input for plugin: DMA
2026-08-03 15:34:37,593 [INFO] BlockDiagram:2759 - set Specific Code input for plugin: GPIO
2026-08-03 15:34:37,594 [INFO] CodeGenerator:799 - code generatio: config db path: C:\ST\STM32CubeIDE_1.13.1\STM32CubeIDE\plugins\com.st.stm32cube.common.mx_6.9.1.202307191849\\db\
2026-08-03 15:34:37,602 [INFO] Argument:319 - Argument : hdmavalue: null
2026-08-03 15:34:37,602 [INFO] Argument:321 - 	 sub Args: 
2026-08-03 15:34:37,602 [INFO] Argument:319 - Argument : Instancevalue: DMA2_Stream2
2026-08-03 15:34:37,602 [INFO] Argument:329 - Argument : Instancevalue: DMA2_Stream2
2026-08-03 15:34:37,602 [INFO] Argument:319 - Argument : Initvalue: null
2026-08-03 15:34:37,602 [INFO] Argument:321 - 	 sub Args: 
2026-08-03 15:34:37,602 [INFO] Argument:319 - Argument : Channelvalue: DMA_CHANNEL_4
2026-08-03 15:34:37,602 [INFO] Argument:329 - Argument : Channelvalue: DMA_CHANNEL_4
2026-08-03 15:34:37,602 [INFO] Argument:319 - Argument : Directionvalue: DMA_PERIPH_TO_MEMORY
2026-08-03 15:34:37,602 [INFO] Argument:329 - Argument : Directionvalue: DMA_PERIPH_TO_MEMORY
2026-08-03 15:34:37,602 [INFO] Argument:319 - Argument : PeriphIncvalue: DMA_PINC_DISABLE
2026-08-03 15:34:37,602 [INFO] Argument:329 - Argument : PeriphIncvalue: DMA_PINC_DISABLE
2026-08-03 15:34:37,602 [INFO] Argument:319 - Argument : MemIncvalue: DMA_MINC_ENABLE
2026-08-03 15:34:37,602 [INFO] Argument:329 - Argument : MemIncvalue: DMA_MINC_ENABLE
2026-08-03 15:34:37,602 [INFO] Argument:319 - Argument : PeriphDataAlignmentvalue: DMA_PDATAALIGN_BYTE
2026-08-03 15:34:37,602 [INFO] Argument:329 - Argument : PeriphDataAlignmentvalue: DMA_PDATAALIGN_BYTE
2026-08-03 15:34:37,602 [INFO] Argument:319 - Argument : MemDataAlignmentvalue: DMA_MDATAALIGN_BYTE
2026-08-03 15:34:37,602 [INFO] Argument:329 - Argument : MemDataAlignmentvalue: DMA_MDATAALIGN_BYTE
2026-08-03 15:34:37,602 [INFO] Argument:319 - Argument : Modevalue: DMA_CIRCULAR
2026-08-03 15:34:37,602 [INFO] Argument:329 - Argument : Modevalue: DMA_CIRCULAR
2026-08-03 15:34:37,602 [INFO] Argument:319 - Argument : Priorityvalue: DMA_PRIORITY_HIGH
2026-08-03 15:34:37,602 [INFO] Argument:329 - Argument : Priorityvalue: DMA_PRIORITY_HIGH
2026-08-03 15:34:37,602 [INFO] Argument:319 - Argument : FIFOModevalue: DMA_FIFOMODE_ENABLE
2026-08-03 15:34:37,603 [INFO] Argument:329 - Argument : FIFOModevalue: DMA_FIFOMODE_ENABLE
2026-08-03 15:34:37,603 [INFO] Argument:319 - Argument : FIFOThresholdvalue: DMA_FIFO_THRESHOLD_1QUARTERFULL
2026-08-03 15:34:37,603 [INFO] Argument:329 - Argument : FIFOThresholdvalue: DMA_FIFO_THRESHOLD_1QUARTERFULL
2026-08-03 15:34:37,603 [INFO] Argument:319 - Argument : MemBurstvalue: DMA_MBURST_SINGLE
2026-08-03 15:34:37,603 [INFO] Argument:329 - Argument : MemBurstvalue: DMA_MBURST_SINGLE
2026-08-03 15:34:37,603 [INFO] Argument:319 - Argument : PeriphBurstvalue: DMA_PBURST_SINGLE
2026-08-03 15:34:37,603 [INFO] Argument:329 - Argument : PeriphBurstvalue: DMA_PBURST_SINGLE
2026-08-03 15:34:37,603 [INFO] Argument:319 - Argument : Lockvalue: null
2026-08-03 15:34:37,603 [INFO] Argument:329 - Argument : Lockvalue: null
2026-08-03 15:34:37,603 [INFO] Argument:319 - Argument : Statevalue: null
2026-08-03 15:34:37,603 [INFO] Argument:329 - Argument : Statevalue: null
2026-08-03 15:34:37,603 [INFO] Argument:319 - Argument : Parentvalue: null
2026-08-03 15:34:37,603 [INFO] Argument:329 - Argument : Parentvalue: null
2026-08-03 15:34:37,603 [INFO] Argument:319 - Argument : XferCpltCallbackvalue: null
2026-08-03 15:34:37,603 [INFO] Argument:329 - Argument : XferCpltCallbackvalue: null
2026-08-03 15:34:37,603 [INFO] Argument:319 - Argument : XferHalfCpltCallbackvalue: null
2026-08-03 15:34:37,603 [INFO] Argument:329 - Argument : XferHalfCpltCallbackvalue: null
2026-08-03 15:34:37,603 [INFO] Argument:319 - Argument : XferM1CpltCallbackvalue: null
2026-08-03 15:34:37,603 [INFO] Argument:329 - Argument : XferM1CpltCallbackvalue: null
2026-08-03 15:34:37,603 [INFO] Argument:319 - Argument : XferErrorCallbackvalue: null
2026-08-03 15:34:37,603 [INFO] Argument:329 - Argument : XferErrorCallbackvalue: null
2026-08-03 15:34:37,603 [INFO] Argument:319 - Argument : ErrorCodevalue: null
2026-08-03 15:34:37,603 [INFO] Argument:329 - Argument : ErrorCodevalue: null
2026-08-03 15:34:37,689 [INFO] CodeEngine:255 - oldGeneratedFile, C:\Users\Admin\Documents\GitHub\Drone-RTOS\Source\UART_DMA\MXTmpFiles\license.tmp_save
2026-08-03 15:34:37,748 [INFO] CodeEngine:279 - Generated code: C:\Users\Admin\Documents\GitHub\Drone-RTOS\Source\UART_DMA\MXTmpFiles\license.tmp
2026-08-03 15:34:37,769 [INFO] CodeEngine:255 - oldGeneratedFile, C:\Users\Admin\Documents\GitHub\Drone-RTOS\Source\UART_DMA\MXTmpFiles\gpio.tmp_save
2026-08-03 15:34:37,822 [INFO] CodeEngine:279 - Generated code: C:\Users\Admin\Documents\GitHub\Drone-RTOS\Source\UART_DMA\MXTmpFiles\gpio.tmp
2026-08-03 15:34:37,874 [INFO] CodeEngine:255 - oldGeneratedFile, C:\Users\Admin\Documents\GitHub\Drone-RTOS\Source\UART_DMA\MXTmpFiles\dma.tmp_save
2026-08-03 15:34:37,927 [INFO] CodeEngine:279 - Generated code: C:\Users\Admin\Documents\GitHub\Drone-RTOS\Source\UART_DMA\MXTmpFiles\dma.tmp
2026-08-03 15:34:37,930 [INFO] CodeEngine:255 - oldGeneratedFile, C:\Users\Admin\Documents\GitHub\Drone-RTOS\Source\UART_DMA\MXTmpFiles\dma_GV.tmp_save
2026-08-03 15:34:37,986 [INFO] CodeEngine:279 - Generated code: C:\Users\Admin\Documents\GitHub\Drone-RTOS\Source\UART_DMA\MXTmpFiles\dma_GV.tmp
2026-08-03 15:34:37,995 [INFO] CodeEngine:255 - oldGeneratedFile, C:\Users\Admin\Documents\GitHub\Drone-RTOS\Source\UART_DMA\Core\Src\stm32f4xx_it.c_save
2026-08-03 15:34:38,108 [INFO] CodeEngine:279 - Generated code: C:\Users\Admin\Documents\GitHub\Drone-RTOS\Source\UART_DMA\Core\Src\stm32f4xx_it.c
2026-08-03 15:34:38,112 [INFO] CodeEngine:255 - oldGeneratedFile, C:\Users\Admin\Documents\GitHub\Drone-RTOS\Source\UART_DMA\Core\Inc\stm32f4xx_it.h_save
2026-08-03 15:34:38,159 [INFO] CodeEngine:279 - Generated code: C:\Users\Admin\Documents\GitHub\Drone-RTOS\Source\UART_DMA\Core\Inc\stm32f4xx_it.h
2026-08-03 15:34:38,167 [INFO] CodeEngine:255 - oldGeneratedFile, C:\Users\Admin\Documents\GitHub\Drone-RTOS\Source\UART_DMA\Core\Src\stm32f4xx_hal_msp.c_save
2026-08-03 15:34:38,239 [INFO] CodeEngine:279 - Generated code: C:\Users\Admin\Documents\GitHub\Drone-RTOS\Source\UART_DMA\Core\Src\stm32f4xx_hal_msp.c
2026-08-03 15:34:38,242 [INFO] CodeEngine:255 - oldGeneratedFile, C:\Users\Admin\Documents\GitHub\Drone-RTOS\Source\UART_DMA\MXTmpFiles\system.tmp_save
2026-08-03 15:34:38,282 [INFO] CodeEngine:279 - Generated code: C:\Users\Admin\Documents\GitHub\Drone-RTOS\Source\UART_DMA\MXTmpFiles\system.tmp
2026-08-03 15:34:38,288 [INFO] CodeEngine:311 - oldGeneratedFile, C:\Users\Admin\Documents\GitHub\Drone-RTOS\Source\UART_DMA\Core\Inc\stm32f4xx_hal_conf.h_save
2026-08-03 15:34:38,336 [INFO] CodeEngine:335 - Generated code: C:\Users\Admin\Documents\GitHub\Drone-RTOS\Source\UART_DMA\Core\Inc\stm32f4xx_hal_conf.h
2026-08-03 15:34:38,343 [WARN] IPConfigManager:3431 - IP not found : TIM
2026-08-03 15:34:38,343 [WARN] CodeGenerator:3760 - IP not found : null
2026-08-03 15:34:38,347 [INFO] CodeEngine:255 - oldGeneratedFile, C:\Users\Admin\Documents\GitHub\Drone-RTOS\Source\UART_DMA\Core\Inc\main.h_save
2026-08-03 15:34:38,414 [INFO] CodeEngine:279 - Generated code: C:\Users\Admin\Documents\GitHub\Drone-RTOS\Source\UART_DMA\Core\Inc\main.h
2026-08-03 15:34:38,417 [INFO] CodeEngine:255 - oldGeneratedFile, C:\Users\Admin\Documents\GitHub\Drone-RTOS\Source\UART_DMA\Core\Src\main.c_save
2026-08-03 15:34:38,488 [INFO] CodeEngine:279 - Generated code: C:\Users\Admin\Documents\GitHub\Drone-RTOS\Source\UART_DMA\Core\Src\main.c
2026-08-03 15:34:39,144 [INFO] ProjectBuilder:3064 - Time for Copy HAL[1] : 93mS.
2026-08-03 15:34:39,147 [INFO] ProjectBuilder:4404 - Project Generator version: 4.1.0
2026-08-03 15:34:39,310 [INFO] ConfigFileManager:1457 - The Die is : DIE413
2026-08-03 15:34:40,343 [INFO] ProjectBuilder:4626 - Time for Generating toolchain IDE Files: 1192mS.
2026-08-03 15:34:40,344 [INFO] ProjectBuilder:2935 - Time for Copy CMSIS : 1mS.
2026-08-03 15:34:40,346 [INFO] ProjectBuilder:2935 - Time for Copy CMSIS : 0mS.
2026-08-03 16:20:36,086 [ERROR] ConfigurationRetriever:142 - IOException on connection: sw-center.st.com
2026-08-03 16:20:36,087 [ERROR] ConfigurationRetriever:142 - IOException on connection: sw-center.st.com
2026-08-03 16:20:36,087 [ERROR] ConfigurationRetriever:142 - IOException on connection: sw-center.st.com
2026-08-03 16:20:36,112 [ERROR] ConfigurationRetriever:142 - IOException on connection: sw-center.st.com
2026-08-03 16:20:36,113 [ERROR] ConfigurationRetriever:142 - IOException on connection: sw-center.st.com
2026-08-03 16:20:36,113 [ERROR] ConfigurationRetriever:142 - IOException on connection: sw-center.st.com
2026-08-03 20:23:50,245 [INFO] WebApp:330 - JxBrowser engine has been closed 
2026-08-03 20:23:52,512 [ERROR] LogOutputStream:75 - [STDERR_REDIRECT] 
