2026-08-10 09:38:36,020 [INFO] Activator:176 - 


2026-08-10 09:38:36,031 [INFO] Activator:177 - !SESSION log4j initialized
2026-08-10 09:38:44,365 [INFO] LogOutputStream:77 - [STDOUT_REDIRECT] 
2026-08-10 09:38:46,690 [INFO] ApplicationProperties:184 - Using Application install path: C:\ST\STM32CubeIDE_1.13.1\STM32CubeIDE\plugins\com.st.stm32cube.common.mx_6.9.1.202307191849
2026-08-10 09:38:46,722 [INFO] DbMcusXml:78 - Set database path to: C:\ST\STM32CubeIDE_1.13.1\STM32CubeIDE\plugins\com.st.stm32cube.common.mx_6.9.1.202307191849\\db\/mcu/
2026-08-10 09:38:46,723 [INFO] ApiDb:274 - Set plugin database path to: C:\ST\STM32CubeIDE_1.13.1\STM32CubeIDE\plugins\com.st.stm32cube.common.mx_6.9.1.202307191849\\db\/plugins/boardmanager/
2026-08-10 09:38:46,724 [WARN] ApiDb:259 - Overriding images path with different value:  => C:\ST\STM32CubeIDE_1.13.1\STM32CubeIDE\plugins\com.st.stm32cube.common.mx_6.9.1.202307191849\\db\/plugins/mcufinder/images/
2026-08-10 09:38:46,744 [INFO] ApiDb:250 - Set database path to: C:\Users\Admin\.stmcufinder\plugins\mcufinder//mcu/
2026-08-10 09:38:46,746 [INFO] DbMcusAds:125 - Set database path to: C:\Users\Admin\.stmcufinder\plugins\mcufinder//mcu/
2026-08-10 09:38:46,749 [INFO] CrossReferenceDbSqlite:203 - Set database path to: C:\Users\Admin\.stmcufinder\plugins\mcufinder//mcu/cs/
2026-08-10 09:38:46,923 [INFO] RulesReader:64 - Compatibility file has been processed (293 Rules)
2026-08-10 09:38:47,052 [INFO] DbMcusXml:78 - Set database path to: C:\ST\STM32CubeIDE_1.13.1\STM32CubeIDE\plugins\com.st.stm32cube.common.mx_6.9.1.202307191849\\db\/mcu/
2026-08-10 09:38:47,052 [INFO] ApiDb:274 - Set plugin database path to: C:\ST\STM32CubeIDE_1.13.1\STM32CubeIDE\plugins\com.st.stm32cube.common.mx_6.9.1.202307191849\\db\/plugins/boardmanager/
2026-08-10 09:38:47,052 [INFO] ApiDb:261 - Set plugin images path to: C:\ST\STM32CubeIDE_1.13.1\STM32CubeIDE\plugins\com.st.stm32cube.common.mx_6.9.1.202307191849\\db\/plugins/mcufinder/images/
2026-08-10 09:38:47,053 [WARN] DbFile:41 - Overriding database path with different value: C:\Users\Admin\.stmcufinder\plugins\mcufinder/ => C:\Users\Admin\.stmcufinder\plugins\mcufinder
2026-08-10 09:38:47,053 [INFO] ApiDb:250 - Set database path to: C:\Users\Admin\.stmcufinder\plugins\mcufinder//mcu/
2026-08-10 09:38:47,053 [WARN] DbFile:41 - Overriding database path with different value: C:\Users\Admin\.stmcufinder\plugins\mcufinder/ => C:\Users\Admin\.stmcufinder\plugins\mcufinder
2026-08-10 09:38:47,053 [INFO] DbMcusAds:125 - Set database path to: C:\Users\Admin\.stmcufinder\plugins\mcufinder//mcu/
2026-08-10 09:38:47,053 [WARN] DbFile:41 - Overriding database path with different value: C:\Users\Admin\.stmcufinder\plugins\mcufinder/ => C:\Users\Admin\.stmcufinder\plugins\mcufinder
2026-08-10 09:38:47,053 [WARN] DbFile:41 - Overriding database path with different value: C:\Users\Admin\.stmcufinder\plugins\mcufinder/ => C:\Users\Admin\.stmcufinder\plugins\mcufinder
2026-08-10 09:38:47,054 [INFO] CrossReferenceDbSqlite:203 - Set database path to: C:\Users\Admin\.stmcufinder\plugins\mcufinder//mcu/cs/
2026-08-10 09:38:47,167 [INFO] MainPanel:262 - HeapMemory: 268435456
2026-08-10 09:38:47,306 [INFO] DbMcusXml:78 - Set database path to: C:\ST\STM32CubeIDE_1.13.1\STM32CubeIDE\plugins\com.st.stm32cube.common.mx_6.9.1.202307191849\\db\/mcu/
2026-08-10 09:38:47,306 [INFO] ApiDb:274 - Set plugin database path to: C:\ST\STM32CubeIDE_1.13.1\STM32CubeIDE\plugins\com.st.stm32cube.common.mx_6.9.1.202307191849\\db\/plugins/boardmanager/
2026-08-10 09:38:47,306 [INFO] ApiDb:261 - Set plugin images path to: C:\ST\STM32CubeIDE_1.13.1\STM32CubeIDE\plugins\com.st.stm32cube.common.mx_6.9.1.202307191849\\db\/plugins/mcufinder/images/
2026-08-10 09:38:47,307 [WARN] DbFile:41 - Overriding database path with different value: C:\Users\Admin\.stmcufinder\plugins\mcufinder/ => C:\Users\Admin\.stmcufinder\plugins\mcufinder
2026-08-10 09:38:47,307 [INFO] ApiDb:250 - Set database path to: C:\Users\Admin\.stmcufinder\plugins\mcufinder//mcu/
2026-08-10 09:38:47,307 [WARN] DbFile:41 - Overriding database path with different value: C:\Users\Admin\.stmcufinder\plugins\mcufinder/ => C:\Users\Admin\.stmcufinder\plugins\mcufinder
2026-08-10 09:38:47,308 [INFO] DbMcusAds:125 - Set database path to: C:\Users\Admin\.stmcufinder\plugins\mcufinder//mcu/
2026-08-10 09:38:47,308 [WARN] DbFile:41 - Overriding database path with different value: C:\Users\Admin\.stmcufinder\plugins\mcufinder/ => C:\Users\Admin\.stmcufinder\plugins\mcufinder
2026-08-10 09:38:47,308 [WARN] DbFile:41 - Overriding database path with different value: C:\Users\Admin\.stmcufinder\plugins\mcufinder/ => C:\Users\Admin\.stmcufinder\plugins\mcufinder
2026-08-10 09:38:47,308 [INFO] CrossReferenceDbSqlite:203 - Set database path to: C:\Users\Admin\.stmcufinder\plugins\mcufinder//mcu/cs/
2026-08-10 09:38:47,338 [INFO] ApplicationProperties:184 - Using Application install path: C:\ST\STM32CubeIDE_1.13.1\STM32CubeIDE\plugins\com.st.stm32cube.common.mx_6.9.1.202307191849
2026-08-10 09:38:47,339 [INFO] PluginManage:196 - Search for loadable plugins [exclusion list=, ]
2026-08-10 09:38:47,341 [INFO] PluginManage:310 - Check plugin analytics
2026-08-10 09:38:47,617 [INFO] AnalyticsPlugin:253 - Accepted Software Licenses: STM32CubeMX.6.18.0
2026-08-10 09:38:47,618 [INFO] AnalyticsPlugin:255 - Accepted CMSIS Pack Licenses: 
2026-08-10 09:38:47,618 [INFO] AnalyticsPlugin:257 - Accepted Firmware Licenses: FW.F4.1.27.0,FW.F4.1.28.0,FW.F4.1.28.3
2026-08-10 09:38:47,624 [INFO] PluginManage:359 - Loaded plugin analytics (category:tool,tabindex:-1)
2026-08-10 09:38:47,625 [INFO] PluginManage:310 - Check plugin cadmodel
2026-08-10 09:38:47,633 [INFO] CADModel:105 - Init CAD model plugin
2026-08-10 09:38:47,634 [INFO] PluginManage:359 - Loaded plugin cadmodel (category:power,tabindex:5)
2026-08-10 09:38:47,634 [INFO] PluginManage:310 - Check plugin clock
2026-08-10 09:38:47,649 [INFO] PluginManage:359 - Loaded plugin clock (category:base,tabindex:2)
2026-08-10 09:38:47,649 [INFO] PluginManage:310 - Check plugin ddr
2026-08-10 09:38:47,653 [INFO] PluginManage:359 - Loaded plugin ddr (category:tool,tabindex:6)
2026-08-10 09:38:47,653 [INFO] PluginManage:310 - Check plugin filemanager
2026-08-10 09:38:47,859 [INFO] PluginManage:359 - Loaded plugin filemanager (category:base,tabindex:10)
2026-08-10 09:38:47,859 [INFO] PluginManage:310 - Check plugin ipmanager
2026-08-10 09:38:47,870 [INFO] PluginManage:359 - Loaded plugin ipmanager (category:base,tabindex:5)
2026-08-10 09:38:47,871 [INFO] PluginManage:310 - Check plugin lpbam
2026-08-10 09:38:47,887 [INFO] PluginManage:359 - Loaded plugin lpbam (category:base,tabindex:0)
2026-08-10 09:38:47,888 [INFO] PluginManage:310 - Check plugin memorymap
2026-08-10 09:38:47,910 [INFO] PluginManage:359 - Loaded plugin memorymap (category:base,tabindex:4)
2026-08-10 09:38:47,910 [INFO] PluginManage:310 - Check plugin pinoutandconfiguration
2026-08-10 09:38:47,921 [INFO] PluginManage:359 - Loaded plugin pinoutandconfiguration (category:base,tabindex:1)
2026-08-10 09:38:47,922 [INFO] PluginManage:310 - Check plugin pinoutconfig
2026-08-10 09:38:48,055 [WARN] SupportedApi:132 - Cannot load RTOS API schema: s4s-elt-must-match.1: The content of 'definitions' must match (annotation?, (simpleType | complexType)?, (unique | key | keyref)*)). A problem was found starting at: attribute.
2026-08-10 09:38:48,262 [INFO] PluginManage:359 - Loaded plugin pinoutconfig (category:base,tabindex:0)
2026-08-10 09:38:48,262 [INFO] PluginManage:310 - Check plugin power
2026-08-10 09:38:48,281 [INFO] PluginManage:359 - Loaded plugin power (category:power,tabindex:4)
2026-08-10 09:38:48,281 [INFO] PluginManage:310 - Check plugin projectmanager
2026-08-10 09:38:48,305 [INFO] PluginManage:359 - Loaded plugin projectmanager (category:projectmanager,tabindex:3)
2026-08-10 09:38:48,305 [INFO] PluginManage:310 - Check plugin thirdparty
2026-08-10 09:38:48,499 [WARN] IntegrityCheckThread:84 - waiting for thirdparty lock release [integrity check]
2026-08-10 09:38:48,500 [INFO] IntegrityCheckThread:86 - entering critical section [integrity check]
2026-08-10 09:38:48,500 [INFO] PluginManage:359 - Loaded plugin thirdparty (category:base,tabindex:-1)
2026-08-10 09:38:48,500 [INFO] PluginManage:310 - Check plugin tools
2026-08-10 09:38:48,501 [INFO] ThirdPartyUpdaterWithRetryManager:70 - Updater plugin not ready yet. [1/15]
2026-08-10 09:38:48,504 [INFO] PluginManage:359 - Loaded plugin tools (category:base,tabindex:7)
2026-08-10 09:38:48,504 [INFO] PluginManage:310 - Check plugin tutovideos
2026-08-10 09:38:48,782 [INFO] PluginManage:359 - Loaded plugin tutovideos (category:base,tabindex:-1)
2026-08-10 09:38:48,783 [INFO] PluginManage:310 - Check plugin updater
2026-08-10 09:38:48,798 [INFO] PluginManage:359 - Loaded plugin updater (category:base,tabindex:12)
2026-08-10 09:38:48,798 [INFO] PluginManage:310 - Check plugin userauth
2026-08-10 09:38:48,809 [INFO] UserAuth:113 - Init User Auth plugin
2026-08-10 09:38:48,810 [INFO] PluginManage:359 - Loaded plugin userauth (category:base,tabindex:14)
2026-08-10 09:38:48,810 [INFO] PluginManage:283 - PluginManage : Loaded plugins [17]
2026-08-10 09:38:49,204 [INFO] PinOutPanel:1499 - setPackage(No Configuration,No Configuration)
2026-08-10 09:38:49,358 [INFO] CADModel:165 - CPN selected for project level
2026-08-10 09:38:49,359 [INFO] CADModel:114 - Register for checkConnection events
2026-08-10 09:38:49,384 [INFO] IPUIPlugin:80 - create IPUIPlugin
2026-08-10 09:38:49,385 [INFO] PluginManager:220 - loadIPPluginJar : add adc
2026-08-10 09:38:49,388 [INFO] IPUIPlugin:80 - create IPUIPlugin
2026-08-10 09:38:49,389 [INFO] PluginManager:220 - loadIPPluginJar : add aes
2026-08-10 09:38:49,392 [INFO] IPUIPlugin:80 - create IPUIPlugin
2026-08-10 09:38:49,393 [INFO] PluginManager:220 - loadIPPluginJar : add can
2026-08-10 09:38:49,395 [INFO] IPUIPlugin:80 - create IPUIPlugin
2026-08-10 09:38:49,395 [INFO] PluginManager:220 - loadIPPluginJar : add comp
2026-08-10 09:38:49,399 [INFO] IPUIPlugin:80 - create IPUIPlugin
2026-08-10 09:38:49,399 [INFO] PluginManager:220 - loadIPPluginJar : add cryp
2026-08-10 09:38:49,403 [INFO] IPUIPlugin:80 - create IPUIPlugin
2026-08-10 09:38:49,403 [INFO] PluginManager:220 - loadIPPluginJar : add dfsdm
2026-08-10 09:38:49,411 [INFO] IPUIPlugin:80 - create IPUIPlugin
2026-08-10 09:38:49,411 [INFO] PluginManager:220 - loadIPPluginJar : add dma
2026-08-10 09:38:49,415 [INFO] IPUIPlugin:80 - create IPUIPlugin
2026-08-10 09:38:49,415 [INFO] PluginManager:220 - loadIPPluginJar : add dma3
2026-08-10 09:38:49,417 [INFO] IPUIPlugin:80 - create IPUIPlugin
2026-08-10 09:38:49,417 [INFO] PluginManager:220 - loadIPPluginJar : add fatfs
2026-08-10 09:38:49,423 [INFO] IPUIPlugin:80 - create IPUIPlugin
2026-08-10 09:38:49,423 [INFO] PluginManager:220 - loadIPPluginJar : add fmc
2026-08-10 09:38:49,432 [INFO] IPUIPlugin:80 - create IPUIPlugin
2026-08-10 09:38:49,432 [INFO] PluginManager:220 - loadIPPluginJar : add freertos
2026-08-10 09:38:49,434 [INFO] IPUIPlugin:80 - create IPUIPlugin
2026-08-10 09:38:49,434 [INFO] PluginManager:220 - loadIPPluginJar : add genericplugin
2026-08-10 09:38:49,437 [INFO] IPUIPlugin:80 - create IPUIPlugin
2026-08-10 09:38:49,437 [INFO] PluginManager:220 - loadIPPluginJar : add gfxmmu
2026-08-10 09:38:49,443 [INFO] IPUIPlugin:80 - create IPUIPlugin
2026-08-10 09:38:49,444 [INFO] PluginManager:220 - loadIPPluginJar : add gic
2026-08-10 09:38:49,449 [INFO] IPUIPlugin:80 - create IPUIPlugin
2026-08-10 09:38:49,449 [INFO] PluginManager:220 - loadIPPluginJar : add gpio
2026-08-10 09:38:49,453 [INFO] IPUIPlugin:80 - create IPUIPlugin
2026-08-10 09:38:49,453 [INFO] PluginManager:220 - loadIPPluginJar : add gtzc
2026-08-10 09:38:49,457 [INFO] IPUIPlugin:80 - create IPUIPlugin
2026-08-10 09:38:49,457 [INFO] PluginManager:220 - loadIPPluginJar : add hash
2026-08-10 09:38:49,461 [INFO] IPUIPlugin:80 - create IPUIPlugin
2026-08-10 09:38:49,461 [INFO] PluginManager:220 - loadIPPluginJar : add i2c
2026-08-10 09:38:49,465 [INFO] IPUIPlugin:80 - create IPUIPlugin
2026-08-10 09:38:49,465 [INFO] PluginManager:220 - loadIPPluginJar : add i2s
2026-08-10 09:38:49,469 [INFO] IPUIPlugin:80 - create IPUIPlugin
2026-08-10 09:38:49,470 [INFO] PluginManager:220 - loadIPPluginJar : add i3c
2026-08-10 09:38:49,474 [INFO] IPUIPlugin:80 - create IPUIPlugin
2026-08-10 09:38:49,474 [INFO] PluginManager:220 - loadIPPluginJar : add ipddr
2026-08-10 09:38:49,484 [INFO] IPUIPlugin:80 - create IPUIPlugin
2026-08-10 09:38:49,484 [INFO] PluginManager:220 - loadIPPluginJar : add linkedlist
2026-08-10 09:38:49,487 [INFO] IPUIPlugin:80 - create IPUIPlugin
2026-08-10 09:38:49,488 [INFO] PluginManager:220 - loadIPPluginJar : add lorawan
2026-08-10 09:38:49,490 [INFO] IPUIPlugin:80 - create IPUIPlugin
2026-08-10 09:38:49,490 [INFO] PluginManager:220 - loadIPPluginJar : add ltdc
2026-08-10 09:38:49,498 [INFO] IPUIPlugin:80 - create IPUIPlugin
2026-08-10 09:38:49,499 [INFO] PluginManager:220 - loadIPPluginJar : add mdma
2026-08-10 09:38:49,504 [INFO] IPUIPlugin:80 - create IPUIPlugin
2026-08-10 09:38:49,504 [INFO] PluginManager:220 - loadIPPluginJar : add nvic
2026-08-10 09:38:49,508 [INFO] IPUIPlugin:80 - create IPUIPlugin
2026-08-10 09:38:49,508 [INFO] PluginManager:220 - loadIPPluginJar : add opamp
2026-08-10 09:38:49,512 [INFO] IPUIPlugin:80 - create IPUIPlugin
2026-08-10 09:38:49,513 [INFO] PluginManager:220 - loadIPPluginJar : add openamp
2026-08-10 09:38:49,517 [INFO] IPUIPlugin:80 - create IPUIPlugin
2026-08-10 09:38:49,517 [INFO] PluginManager:220 - loadIPPluginJar : add pdm2pcm
2026-08-10 09:38:49,525 [INFO] IPUIPlugin:80 - create IPUIPlugin
2026-08-10 09:38:49,529 [INFO] PluginManager:220 - loadIPPluginJar : add plateformsettings
2026-08-10 09:38:49,531 [INFO] IPUIPlugin:80 - create IPUIPlugin
2026-08-10 09:38:49,531 [INFO] PluginManager:220 - loadIPPluginJar : add quadspi
2026-08-10 09:38:49,537 [INFO] IPUIPlugin:80 - create IPUIPlugin
2026-08-10 09:38:49,537 [INFO] PluginManager:220 - loadIPPluginJar : add resmgrutility
2026-08-10 09:38:49,541 [INFO] IPUIPlugin:80 - create IPUIPlugin
2026-08-10 09:38:49,541 [INFO] PluginManager:220 - loadIPPluginJar : add sai
2026-08-10 09:38:49,544 [INFO] IPUIPlugin:80 - create IPUIPlugin
2026-08-10 09:38:49,544 [INFO] PluginManager:220 - loadIPPluginJar : add spi
2026-08-10 09:38:49,550 [INFO] IPUIPlugin:80 - create IPUIPlugin
2026-08-10 09:38:49,550 [INFO] PluginManager:220 - loadIPPluginJar : add stm32_wpan
2026-08-10 09:38:49,552 [INFO] IPUIPlugin:80 - create IPUIPlugin
2026-08-10 09:38:49,552 [INFO] PluginManager:220 - loadIPPluginJar : add tim
2026-08-10 09:38:49,556 [INFO] IPUIPlugin:80 - create IPUIPlugin
2026-08-10 09:38:49,556 [INFO] PluginManager:220 - loadIPPluginJar : add touchsensing
2026-08-10 09:38:49,558 [INFO] IPUIPlugin:80 - create IPUIPlugin
2026-08-10 09:38:49,559 [INFO] PluginManager:220 - loadIPPluginJar : add tracer_emb
2026-08-10 09:38:49,561 [INFO] IPUIPlugin:80 - create IPUIPlugin
2026-08-10 09:38:49,561 [INFO] PluginManager:220 - loadIPPluginJar : add ts
2026-08-10 09:38:49,563 [INFO] IPUIPlugin:80 - create IPUIPlugin
2026-08-10 09:38:49,563 [INFO] PluginManager:220 - loadIPPluginJar : add tsc
2026-08-10 09:38:49,565 [INFO] IPUIPlugin:80 - create IPUIPlugin
2026-08-10 09:38:49,566 [INFO] PluginManager:220 - loadIPPluginJar : add ucpd
2026-08-10 09:38:49,570 [INFO] IPUIPlugin:80 - create IPUIPlugin
2026-08-10 09:38:49,571 [INFO] PluginManager:220 - loadIPPluginJar : add usart
2026-08-10 09:38:49,578 [INFO] IPUIPlugin:80 - create IPUIPlugin
2026-08-10 09:38:49,579 [INFO] PluginManager:220 - loadIPPluginJar : add usbx
2026-08-10 09:38:49,740 [INFO] CADModel:165 - CPN selected for project level
2026-08-10 09:38:49,740 [INFO] CADModel:114 - Register for checkConnection events
2026-08-10 09:38:49,740 [FATAL] Updater:308 - Updater called before beeing initialized
2026-08-10 09:38:49,741 [ERROR] CADModel:125 - Updater not yet initialized, retry later 
2026-08-10 09:38:50,068 [INFO] CADModel:165 - CPN selected for project level
2026-08-10 09:38:50,068 [INFO] CADModel:114 - Register for checkConnection events
2026-08-10 09:38:50,069 [FATAL] Updater:308 - Updater called before beeing initialized
2026-08-10 09:38:50,069 [ERROR] CADModel:125 - Updater not yet initialized, retry later 
2026-08-10 09:38:50,074 [FATAL] Updater:308 - Updater called before beeing initialized
2026-08-10 09:38:50,242 [FATAL] Updater:308 - Updater called before beeing initialized
2026-08-10 09:38:50,251 [INFO] DbMcusAds:53 - JSON generation date=Wed Jul 15 16:44:54 GMT+07:00 2026 (1784108694001)
2026-08-10 09:38:50,251 [FATAL] Updater:308 - Updater called before beeing initialized
2026-08-10 09:38:50,315 [WARN] DetailPanel:346 - Failed to get advertising image, set to default
2026-08-10 09:38:50,487 [FATAL] Updater:308 - Updater called before beeing initialized
2026-08-10 09:38:50,490 [FATAL] Updater:308 - Updater called before beeing initialized
2026-08-10 09:38:50,490 [FATAL] Updater:308 - Updater called before beeing initialized
2026-08-10 09:38:50,491 [WARN] DetailPanel:346 - Failed to get advertising image, set to default
2026-08-10 09:38:50,492 [FATAL] Updater:308 - Updater called before beeing initialized
2026-08-10 09:38:50,570 [ERROR] Updater:1120 - MainUpdater not yet initialized. External WinMGr cannot be set.
2026-08-10 09:38:50,573 [INFO] Updater:1056 - Updater Version found : 6.9.1
2026-08-10 09:38:50,599 [INFO] ApplicationProperties:184 - Using Application install path: C:\ST\STM32CubeIDE_1.13.1\STM32CubeIDE\plugins\com.st.stm32cube.common.mx_6.9.1.202307191849
2026-08-10 09:38:50,840 [INFO] MainUpdater:2868 - connection check result : 10
2026-08-10 09:38:50,841 [INFO] MainUpdater:285 - Updater Check For Update Now.
2026-08-10 09:38:50,842 [INFO] MicroXplorer:498 - Change Database Version : DB.6.0.91
2026-08-10 09:38:50,857 [INFO] McuFinderGlobals:63 - Set McuFinder mode to 2 (CubeIDE integrated)
2026-08-10 09:38:51,121 [INFO] CheckServerUpdateThread:120 - End of CheckServer Thread
2026-08-10 09:38:51,921 [WARN] PackLoader:240 - Cannot read IP mode file for STMicroelectronics.FP-ATR-ASTRA1.2.0.3
2026-08-10 09:38:51,929 [WARN] PackLoader:240 - Cannot read IP mode file for STMicroelectronics.FP-ATR-ASTRA1.2.0.2
2026-08-10 09:38:51,939 [ERROR] Engine:466 - C:\Users\Admin\.stm32cubemx\thirdparties\pdsc\STMicroelectronics.X-CUBE-SMBUS.2.1.1.pdsc: PDSC version is not supported
2026-08-10 09:38:51,947 [WARN] PackLoader:240 - Cannot read IP mode file for STMicroelectronics.X-CUBE-SMBUS.2.1.0
2026-08-10 09:38:52,006 [WARN] PackLoader:240 - Cannot read IP mode file for STMicroelectronics.X-CUBE-AZRTOS-F7.1.1.0
2026-08-10 09:38:52,026 [ERROR] Engine:466 - C:\Users\Admin\.stm32cubemx\thirdparties\pdsc\STMicroelectronics.X-CUBE-FREERTOS.1.6.0.pdsc: PDSC version is not supported
2026-08-10 09:38:52,090 [WARN] PackLoader:240 - Cannot read IP mode file for STMicroelectronics.X-CUBE-AZRTOS-H7RS.1.3.0
2026-08-10 09:38:52,110 [ERROR] Engine:466 - C:\Users\Admin\.stm32cubemx\thirdparties\pdsc\WES.I-CUBE-Cesium.1.4.0.pdsc: PDSC version is not supported
2026-08-10 09:38:52,135 [WARN] PackLoader:240 - Cannot read IP mode file for STMicroelectronics.X-CUBE-DISPLAY.3.0.0
2026-08-10 09:38:52,158 [WARN] PackLoader:240 - Cannot read IP mode file for wolfSSL.I-CUBE-wolfSSL.5.9.1
2026-08-10 09:38:52,170 [WARN] PackLoader:240 - Cannot read IP mode file for emotas.I-CUBE-CANOPEN.1.3.0
2026-08-10 09:38:52,175 [ERROR] Engine:466 - C:\Users\Admin\.stm32cubemx\thirdparties\pdsc\STMicroelectronics.X-CUBE-WBA.1.1.0.pdsc: PDSC version is not supported
2026-08-10 09:38:52,188 [INFO] LogOutputStream:77 - [STDOUT_REDIRECT] 1 : Invalid condition id : UX_CORESTACK_Condition cause : null
2026-08-10 09:38:52,189 [INFO] LogOutputStream:77 - [STDOUT_REDIRECT] 1 : Invalid condition id : UX_CORESTACK_Condition cause : null
2026-08-10 09:38:52,192 [INFO] LogOutputStream:77 - [STDOUT_REDIRECT] 1 : Invalid condition id : UX_CORESTACK_Condition cause : null
2026-08-10 09:38:52,194 [INFO] LogOutputStream:77 - [STDOUT_REDIRECT] 1 : Invalid condition id : UX_CORESTACK_Condition cause : null
2026-08-10 09:38:52,196 [INFO] LogOutputStream:77 - [STDOUT_REDIRECT] 1 : Invalid condition id : UX_CORESTACK_Condition cause : null
2026-08-10 09:38:52,201 [WARN] PackLoader:240 - Cannot read IP mode file for STMicroelectronics.X-CUBE-AZRTOS-WL.2.0.0
2026-08-10 09:38:52,242 [WARN] PackLoader:240 - Cannot read IP mode file for STMicroelectronics.X-CUBE-AZRTOS-H7RS.1.2.0
2026-08-10 09:38:52,267 [WARN] PackLoader:240 - Cannot read IP mode file for STMicroelectronics.X-CUBE-BLE2.3.3.0
2026-08-10 09:38:52,272 [ERROR] Engine:466 - C:\Users\Admin\.stm32cubemx\thirdparties\pdsc\Avnet-IOTCONNECT.X-CUBE-iotc-st67-sdk.1.0.0.pdsc: PDSC version is not supported
2026-08-10 09:38:52,282 [ERROR] Engine:466 - C:\Users\Admin\.stm32cubemx\thirdparties\pdsc\Infineon.AIROC-Wi-Fi-Bluetooth-STM32.1.8.0.pdsc: PDSC version is not supported
2026-08-10 09:38:52,290 [WARN] PackLoader:240 - Cannot read IP mode file for wolfSSL.I-CUBE-wolfMQTT.1.19.2
2026-08-10 09:38:52,312 [WARN] PackLoader:240 - Cannot read IP mode file for STMicroelectronics.X-CUBE-AZRTOS-G0.1.1.0
2026-08-10 09:38:52,325 [WARN] PackLoader:240 - Cannot read IP mode file for STMicroelectronics.X-CUBE-NFC4.3.0.0
2026-08-10 09:38:52,331 [ERROR] Engine:466 - C:\Users\Admin\.stm32cubemx\thirdparties\pdsc\EmbeddedOffice.I-CUBE-FS-RTOS.1.0.1.pdsc: PDSC version is not supported
2026-08-10 09:38:52,336 [WARN] PackLoader:240 - Cannot read IP mode file for wolfSSL.I-CUBE-wolfTPM.3.8.0
2026-08-10 09:38:52,341 [ERROR] Engine:466 - C:\Users\Admin\.stm32cubemx\thirdparties\pdsc\RealThread.X-CUBE-RT-Thread_Nano.4.1.1.pdsc: PDSC version is not supported
2026-08-10 09:38:52,347 [WARN] PackLoader:240 - Cannot read IP mode file for STMicroelectronics.FP-ATR-SIGFOX1.3.2.0
2026-08-10 09:38:52,352 [ERROR] Engine:466 - C:\Users\Admin\.stm32cubemx\thirdparties\pdsc\STMicroelectronics.X-CUBE-FREERTOS.1.5.0.pdsc: PDSC version is not supported
2026-08-10 09:38:52,361 [WARN] PackLoader:240 - Cannot read IP mode file for ITTIA_DB.I-CUBE-ITTIADB.8.9.0
2026-08-10 09:38:52,365 [ERROR] Engine:466 - C:\Users\Admin\.stm32cubemx\thirdparties\pdsc\Cesanta.I-CUBE-Mongoose.7.21.7.pdsc: PDSC version is not supported
2026-08-10 09:38:52,370 [WARN] PackLoader:240 - Cannot read IP mode file for STMicroelectronics.X-CUBE-AI.10.2.1
2026-08-10 09:38:52,451 [WARN] PackLoader:240 - Cannot read IP mode file for STMicroelectronics.X-CUBE-MEMS1.12.1.0
2026-08-10 09:38:52,743 [WARN] PackLoader:240 - Cannot read IP mode file for SEGGER.I-CUBE-embOS.1.3.1
2026-08-10 09:38:52,807 [WARN] PackLoader:240 - Cannot read IP mode file for STMicroelectronics.X-CUBE-ALGOBUILD.1.4.0
2026-08-10 09:38:52,817 [WARN] PackLoader:240 - Cannot read IP mode file for STMicroelectronics.X-CUBE-NFC13.1.0.0
2026-08-10 09:38:52,843 [WARN] PackLoader:240 - Cannot read IP mode file for STMicroelectronics.X-CUBE-AZRTOS-F4.1.1.0
2026-08-10 09:38:52,852 [ERROR] Engine:466 - C:\Users\Admin\.stm32cubemx\thirdparties\pdsc\STMicroelectronics.eDS-WB_DPC_TT-BIDIR.2.1.1.pdsc: PDSC version is not supported
2026-08-10 09:38:52,865 [WARN] PackLoader:240 - Cannot read IP mode file for STMicroelectronics.X-CUBE-ALGOBUILD.1.5.0
2026-08-10 09:38:52,952 [WARN] PackLoader:240 - Cannot read IP mode file for STMicroelectronics.X-CUBE-MEMS1.13.0.0
2026-08-10 09:38:53,153 [ERROR] Engine:466 - C:\Users\Admin\.stm32cubemx\thirdparties\pdsc\STMicroelectronics.eDS-WB_DPC_3PH2L-BIDIR.1.1.1.pdsc: PDSC version is not supported
2026-08-10 09:38:53,160 [WARN] PackLoader:240 - Cannot read IP mode file for STMicroelectronics.X-CUBE-TOUCHGFX.4.26.1
2026-08-10 09:38:53,185 [WARN] ConditionMgr:438 - getConditionDescription Invalid condition id : LAN8742 Phy interface Condition cause : null
2026-08-10 09:38:53,187 [WARN] PackLoader:240 - Cannot read IP mode file for STMicroelectronics.X-CUBE-AZRTOS-L4.2.0.0
2026-08-10 09:38:53,189 [WARN] ConditionMgr:1039 - genDependencies : Invalid condition id : LAN8742 Phy interface Condition cause : null
2026-08-10 09:38:53,190 [WARN] ConditionMgr:1039 - genDependencies : Invalid condition id : LAN8742 Phy interface Condition cause : null
2026-08-10 09:38:53,191 [WARN] ConditionMgr:1039 - genDependencies : Invalid condition id : LAN8742 Phy interface Condition cause : null
2026-08-10 09:38:53,203 [WARN] PackLoader:240 - Cannot read IP mode file for STMicroelectronics.X-CUBE-SFXS2LP1.4.0.0
2026-08-10 09:38:53,209 [ERROR] Engine:466 - C:\Users\Admin\.stm32cubemx\thirdparties\pdsc\quantropi.X-CUBE-qispace-sdk-base.2.1.0.pdsc: PDSC version is not supported
2026-08-10 09:38:53,230 [WARN] PackLoader:240 - Cannot read IP mode file for STMicroelectronics.X-CUBE-SUBG2.5.0.0
2026-08-10 09:38:53,261 [WARN] PackLoader:240 - Cannot read IP mode file for STMicroelectronics.X-CUBE-AZRTOS-G4.2.0.0
2026-08-10 09:38:53,273 [WARN] PackLoader:240 - Cannot read IP mode file for wolfSSL.I-CUBE-wolfSSH.1.4.20
2026-08-10 09:38:53,275 [INFO] ThirdParty:978 - Integrity check success = true
2026-08-10 09:38:53,275 [INFO] IntegrityCheckThread:100 - exiting critical section [integrity check]
2026-08-10 09:38:53,275 [INFO] IntegrityCheckThread:103 - End integrity checks thread
2026-08-10 09:39:12,514 [ERROR] LogOutputStream:75 - [STDERR_REDIRECT] SLF4J: Failed to load class "org.slf4j.impl.StaticLoggerBinder".
2026-08-10 09:39:12,515 [ERROR] LogOutputStream:75 - [STDERR_REDIRECT] SLF4J: Defaulting to no-operation (NOP) logger implementation
2026-08-10 09:39:12,516 [ERROR] LogOutputStream:75 - [STDERR_REDIRECT] SLF4J: See http://www.slf4j.org/codes.html#StaticLoggerBinder for further details.
2026-08-10 10:14:23,307 [INFO] McuFinderGlobals:63 - Set McuFinder mode to 2 (CubeIDE integrated)
2026-08-10 10:14:23,315 [INFO] MainUpdater:2868 - connection check result : 10
2026-08-10 10:14:23,317 [INFO] MainUpdater:2868 - connection check result : 10
2026-08-10 10:14:23,377 [INFO] MicroXplorer:468 - Change Database Path : 
2026-08-10 10:14:23,378 [INFO] MicroXplorer:498 - Change Database Version : DB.6.0.91
2026-08-10 10:14:23,384 [WARN] ThirdParty:871 - waiting for thirdparty lock release [close project]
2026-08-10 10:14:23,385 [INFO] ThirdParty:873 - entering critical section [close project]
2026-08-10 10:14:23,387 [INFO] ThirdParty:883 - exiting critical section [close project]
2026-08-10 10:14:23,389 [INFO] PinOutPanel:1499 - setPackage(No Configuration,No Configuration)
2026-08-10 10:14:23,401 [INFO] UtilMem:75 - Begin LoadConfig() Used Memory: 915102024 Bytes (1073741824)
2026-08-10 10:14:23,403 [INFO] MicroXplorer:468 - Change Database Path : 
2026-08-10 10:14:23,403 [INFO] MicroXplorer:498 - Change Database Version : DB.6.0.91
2026-08-10 10:14:23,403 [INFO] OpenFileManager:308 - Change cursor
2026-08-10 10:14:23,459 [INFO] Mcu:1946 - Initializing MCU STM32F405RGTx STM32F405RGTx STM32F405RGT6
2026-08-10 10:14:25,767 [INFO] Context:659 - Trying to add GPIOservice into a context  which must be forbidden
2026-08-10 10:14:26,480 [INFO] RtosManager:555 - Registered RTOS mode: class=CMSIS, group=RTOS, mode=CMSIS_V1, owner=FREERTOS
2026-08-10 10:14:26,481 [INFO] RtosManager:555 - Registered RTOS mode: class=CMSIS, group=RTOS2, mode=CMSIS_V2, owner=FREERTOS
2026-08-10 10:14:26,481 [INFO] RtosManager:555 - Registered RTOS mode: class=RTOS, group=Core, mode=CMSIS_V1, owner=FREERTOS
2026-08-10 10:14:26,481 [INFO] RtosManager:555 - Registered RTOS mode: class=RTOS, group=Core, mode=CMSIS_V2, owner=FREERTOS
2026-08-10 10:14:26,481 [WARN] ModelIntegratedComponent:184 - Missing modes for component STMicroelectronics:FreeRTOS:0.0.1:STMicroelectronics:RTOS:FreeRTOS:Core:::10.2.0:
2026-08-10 10:14:26,591 [WARN] ModelIntegratedComponent:63 - No mode defined for component null
2026-08-10 10:14:26,592 [WARN] ModelIntegratedComponent:63 - No mode defined for component null
2026-08-10 10:14:26,592 [WARN] ModelIntegratedComponent:63 - No mode defined for component null
2026-08-10 10:14:26,592 [WARN] ModelIntegratedComponent:63 - No mode defined for component null
2026-08-10 10:14:26,592 [WARN] ModelIntegratedComponent:63 - No mode defined for component null
2026-08-10 10:14:26,592 [WARN] ModelIntegratedComponent:63 - No mode defined for component null
2026-08-10 10:14:26,592 [WARN] ModelIntegratedComponent:63 - No mode defined for component null
2026-08-10 10:14:26,592 [WARN] ModelIntegratedComponent:63 - No mode defined for component null
2026-08-10 10:14:26,592 [WARN] ModelIntegratedComponent:63 - No mode defined for component null
2026-08-10 10:14:26,593 [WARN] ModelIntegratedComponent:63 - No mode defined for component null
2026-08-10 10:14:26,593 [WARN] ModelIntegratedComponent:63 - No mode defined for component null
2026-08-10 10:14:26,593 [WARN] ModelIntegratedComponent:63 - No mode defined for component null
2026-08-10 10:14:26,593 [WARN] ModelIntegratedComponent:63 - No mode defined for component null
2026-08-10 10:14:26,593 [WARN] ModelIntegratedComponent:63 - No mode defined for component null
2026-08-10 10:14:26,593 [WARN] ModelIntegratedComponent:63 - No mode defined for component null
2026-08-10 10:14:26,593 [WARN] ModelIntegratedComponent:63 - No mode defined for component null
2026-08-10 10:14:26,593 [WARN] ModelIntegratedComponent:63 - No mode defined for component null
2026-08-10 10:14:26,593 [WARN] ModelIntegratedComponent:63 - No mode defined for component null
2026-08-10 10:14:26,594 [WARN] ModelIntegratedComponent:63 - No mode defined for component null
2026-08-10 10:14:26,594 [WARN] ModelIntegratedComponent:63 - No mode defined for component null
2026-08-10 10:14:26,594 [WARN] ModelIntegratedComponent:63 - No mode defined for component null
2026-08-10 10:14:26,594 [WARN] ModelIntegratedComponent:63 - No mode defined for component null
2026-08-10 10:14:26,594 [WARN] ModelIntegratedComponent:63 - No mode defined for component null
2026-08-10 10:14:26,594 [WARN] ModelIntegratedComponent:63 - No mode defined for component null
2026-08-10 10:14:26,594 [WARN] ModelIntegratedComponent:63 - No mode defined for component null
2026-08-10 10:14:26,594 [WARN] ModelIntegratedComponent:63 - No mode defined for component null
2026-08-10 10:14:26,594 [WARN] ModelIntegratedComponent:63 - No mode defined for component null
2026-08-10 10:14:26,595 [WARN] ModelIntegratedComponent:63 - No mode defined for component null
2026-08-10 10:14:26,595 [WARN] ModelIntegratedComponent:63 - No mode defined for component null
2026-08-10 10:14:26,595 [WARN] ModelIntegratedComponent:63 - No mode defined for component null
2026-08-10 10:14:26,595 [WARN] ModelIntegratedComponent:63 - No mode defined for component null
2026-08-10 10:14:26,595 [WARN] ModelIntegratedComponent:63 - No mode defined for component null
2026-08-10 10:14:26,595 [WARN] ModelIntegratedComponent:63 - No mode defined for component null
2026-08-10 10:14:26,707 [INFO] ThirdPartyModel:298 - Start build external matchings
2026-08-10 10:14:27,280 [INFO] ThirdPartyModel:316 - End build external matchings
2026-08-10 10:14:27,317 [INFO] ImportTextPane:194 - (OptionalMessage_ERROR) IP (DMA) : Parameter (Instance) has Id (USART1_RX) currently not set
2026-08-10 10:14:27,318 [INFO] ImportTextPane:194 - (OptionalMessage_ERROR) IP (DMA) : Parameter (Channel) has Id (USART1_RX) currently not set
2026-08-10 10:14:27,318 [INFO] ImportTextPane:194 - (OptionalMessage_ERROR) IP (DMA) : Parameter (Direction) has Id (USART1_RX) currently not set
2026-08-10 10:14:27,318 [INFO] ImportTextPane:194 - (OptionalMessage_ERROR) IP (DMA) : Parameter (PeriphInc) has Id (USART1_RX) currently not set
2026-08-10 10:14:27,318 [INFO] ImportTextPane:194 - (OptionalMessage_ERROR) IP (DMA) : Parameter (MemInc) has Id (USART1_RX) currently not set
2026-08-10 10:14:27,319 [INFO] ImportTextPane:194 - (OptionalMessage_ERROR) IP (DMA) : Parameter (PeriphDataAlignment) has Id (USART1_RX) currently not set
2026-08-10 10:14:27,319 [INFO] ImportTextPane:194 - (OptionalMessage_ERROR) IP (DMA) : Parameter (MemDataAlignment) has Id (USART1_RX) currently not set
2026-08-10 10:14:27,320 [INFO] ImportTextPane:194 - (OptionalMessage_ERROR) IP (DMA) : Parameter (Mode) has Id (USART1_RX) currently not set
2026-08-10 10:14:27,320 [INFO] ImportTextPane:194 - (OptionalMessage_ERROR) IP (DMA) : Parameter (Priority) has Id (USART1_RX) currently not set
2026-08-10 10:14:27,320 [INFO] ImportTextPane:194 - (OptionalMessage_ERROR) IP (DMA) : Parameter (FIFOMode) has Id (USART1_RX) currently not set
2026-08-10 10:14:27,320 [INFO] ImportTextPane:194 - (OptionalMessage_ERROR) IP (DMA) : Parameter (FIFOThreshold) has Id (USART1_RX) currently not set
2026-08-10 10:14:27,320 [INFO] ImportTextPane:194 - (OptionalMessage_ERROR) IP (DMA) : Parameter (FIFOThreshold) has invalid value (null)
2026-08-10 10:14:27,321 [INFO] ImportTextPane:194 - (OptionalMessage_ERROR) IP (DMA) : Parameter (MemBurst) has Id (USART1_RX) currently not set
2026-08-10 10:14:27,321 [INFO] ImportTextPane:194 - (OptionalMessage_ERROR) IP (DMA) : Parameter (MemBurst) has invalid value (null)
2026-08-10 10:14:27,321 [INFO] ImportTextPane:194 - (OptionalMessage_ERROR) IP (DMA) : Parameter (PeriphBurst) has Id (USART1_RX) currently not set
2026-08-10 10:14:27,321 [INFO] ImportTextPane:194 - (OptionalMessage_ERROR) IP (DMA) : Parameter (PeriphBurst) has invalid value (null)
2026-08-10 10:14:27,323 [INFO] ImportTextPane:194 - (OptionalMessage_ERROR) IP (RCC) : Parameter (48MHZClocksFreq_Value) has invalid value (84000000)
2026-08-10 10:14:27,324 [INFO] ImportTextPane:194 - (OptionalMessage_ERROR) IP (RCC) : Parameter (RTCHSEDivFreq_Value) has invalid value (4000000)
2026-08-10 10:14:27,840 [INFO] UtilMem:75 - End LoadConfig() Used Memory: 896914824 Bytes (1073741824)
2026-08-10 10:14:27,970 [INFO] ApiDb:581 - Connected to CubeFinder SQLite database (C:\Users\Admin\.stmcufinder\plugins\mcufinder\mcu\cube-finder-db.db)
2026-08-10 10:14:28,144 [INFO] ApiDb:668 - CubeFinder database Data Model version=2.1
2026-08-10 10:14:28,144 [INFO] ApiDb:669 - CubeFinder database Configuration version=3.0.42
2026-08-10 10:14:28,146 [INFO] ApiDb:670 - CubeFinder database generation date=2026-06-23 (1782213372)
2026-08-10 10:14:28,146 [INFO] ApiDb:671 - CubeFinder database FW Pack versions=[FP-ATR-ASTRA1_V2.0.0, FP-SNS-FLIGHT1_V5.1.0, FP-SNS-MOTENV1_V5.1.0, FP-SNS-MOTENVWB1_V1.5.0, FP-SNS-SMARTAG2_V1.2.0, FP-SNS-STBOX1_V2.1.0, STM32Cube_FW_C0_V1.4.0, STM32Cube_FW_F4_V1.28.3, STM32Cube_FW_F7_V1.17.4, STM32Cube_FW_G0_V1.6.3, STM32Cube_FW_G4_V1.6.2, STM32Cube_FW_H5_V1.7.0, STM32Cube_FW_H7RS_V1.3.0, STM32Cube_FW_H7_V1.13.0, STM32Cube_FW_L0_V1.12.2, STM32Cube_FW_L4_V1.18.2, STM32Cube_FW_L5_V1.6.0, STM32Cube_FW_N6_V1.4.0, STM32Cube_FW_U0_V1.3.0, STM32Cube_FW_U3_V1.4.0, STM32Cube_FW_U5_V1.9.0, STM32Cube_FW_WB0_V1.5.0, STM32Cube_FW_WBA_V1.10.0, STM32Cube_FW_WB_V1.24.0, STM32Cube_FW_WL3_V1.5.0, STM32Cube_FW_WL_V1.6.0, X-CUBE-ALGOBUILD_V1.5.0, X-CUBE-ALS_V1.0.2, X-CUBE-AZRTOS-F4_V1.1.0, X-CUBE-AZRTOS-F7_V1.1.0, X-CUBE-AZRTOS-G0_V1.1.0, X-CUBE-AZRTOS-G4_V2.0.0, X-CUBE-AZRTOS-H7RS_V1.1.0, X-CUBE-AZRTOS-H7_V3.5.0, X-CUBE-AZRTOS-L4_V2.0.0, X-CUBE-AZRTOS-L5_V2.0.0, X-CUBE-AZRTOS-WB_V2.0.0, X-CUBE-AZRTOS-WL_V2.0.0, X-CUBE-BLE1_V7.1.0, X-CUBE-BLE2_V3.3.0, X-CUBE-BLEMGR_V4.1.0, X-CUBE-EEPRMA1_V5.2.0, X-CUBE-FREERTOS_V1.5.0, X-CUBE-GNSS1_V7.1.1, X-CUBE-MEMS1_V12.1.0, X-CUBE-NFC4_V3.0.0, X-CUBE-NFC7_V2.0.0, X-CUBE-SFXS2LP1_V4.0.0, X-CUBE-ST67W61_V1.3.0, X-CUBE-SUBG2_V5.0.0, X-CUBE-TOF1_V3.4.3]
2026-08-10 10:14:33,805 [INFO] ApiDb:240 - Found 323 in-development CPN: [B-G473E-ZEST1S, B-WB1M-WPAN1, B-WL5M-SUBG1, NUCLEO-C031C6, NUCLEO-H503RB, NUCLEO-H563ZI, NUCLEO-U545RE-Q, NUCLEO-U5A5ZJ-Q, NUCLEO-WBA52CG, STEVAL-PROTEUS1, STEVAL-SMARTAG2, STEVAL-STWINBX1, STM320518-EVAL, STM32C0116-DK, STM32C011D6Y3TR, STM32C011D6Y6TR, STM32C011F4P3, STM32C011F4P6, STM32C011F4U3, STM32C011F4U6TR, STM32C011F6P3, STM32C011F6P6, STM32C011F6U3, STM32C011F6U6TR, STM32C011J4M3, STM32C011J4M6, STM32C011J6M3, STM32C011J6M6, STM32C0316-DK, STM32C031C4T3, STM32C031C4T6, STM32C031C4U3, STM32C031C4U6, STM32C031C6T3, STM32C031C6T6, STM32C031C6U3, STM32C031C6U6, STM32C031F4P3, STM32C031F4P6, STM32C031F6P3, STM32C031F6P6, STM32C031G4U3, STM32C031G4U6, STM32C031G6U3, STM32C031G6U6, STM32C031K4T3, STM32C031K4T6, STM32C031K4U3, STM32C031K4U6, STM32C031K6T3, STM32C031K6T6, STM32C031K6U3, STM32C031K6U6, STM32G071K8TXN, STM32G071K8UXN, STM32G081GBU6N, STM32G081KBT6N, STM32G081KBUXN, STM32G0B1CCT6N, STM32G0B1KCT6, STM32G0B1NEY6TR, STM32G0B1RCT6N, STM32G0C1CCT6, STM32G0C1CCT6N, STM32G0C1CCU6N, STM32G0C1CET6N, STM32G0C1CEU6N, STM32G0C1KCT6, STM32G0C1NEY6TR, STM32G0C1RCI6N, STM32G0C1RCT6N, STM32G0C1REI6N, STM32G0C1RET6N, STM32G0C1VCI6, STM32G0C1VEI6, STM32G471CCT6, STM32G471CCU6, STM32G471CET3, STM32G471CET6, STM32G471CEU3, STM32G471CEU6, STM32G471MCT6, STM32G471MET3, STM32G471MET6, STM32G471MEY6TR, STM32G471QCT6, STM32G471QET3, STM32G471RCT6, STM32G471RET3, STM32G471RET6, STM32G471VCH6, STM32G471VCI6, STM32G471VCT6, STM32G471VEH3, STM32G471VEH6, STM32G471VEI3, STM32G471VEI6, STM32G471VET3, STM32G471VET6, STM32G474CCT6, STM32H503CBT6, STM32H503CBU6, STM32H503EBY6TR, STM32H503KBU6, STM32H503RBT6, STM32H562AGI6, STM32H562AII6, STM32H562IGK6, STM32H562IGT6, STM32H562IIK6, STM32H562IIT6, STM32H562RGT6, STM32H562RGV6, STM32H562RIT6, STM32H562RIV6, STM32H562VGT6, STM32H562VIT6, STM32H562ZGT6, STM32H562ZIT6, STM32H563AGI6, STM32H563AII3Q, STM32H563AII6, STM32H563IGK6, STM32H563IGT6, STM32H563IIK3Q, STM32H563IIK6, STM32H563IIT3Q, STM32H563IIT6, STM32H563MIY3QTR, STM32H563RGT6, STM32H563RGV6, STM32H563RIT6, STM32H563RIV6, STM32H563VGT6, STM32H563VIT3Q, STM32H563VIT6, STM32H563ZGT6, STM32H563ZIT3Q, STM32H563ZIT6, STM32H573AII3Q, STM32H573AII6, STM32H573I-DK, STM32H573IIK3Q, STM32H573IIK6, STM32H573IIT3Q, STM32H573IIT6, STM32H573MIY3QTR, STM32H573RIT6, STM32H573RIV6, STM32H573VIT3Q, STM32H573VIT6, STM32H573ZIT3Q, STM32H573ZIT6, STM32L4R5QGI6STR, STM32MP131AAE3, STM32MP131AAF3, STM32MP131AAG3, STM32MP131CAE3, STM32MP131CAF3, STM32MP131CAG3, STM32MP131DAE7, STM32MP131DAF7, STM32MP131DAG7, STM32MP131FAE7, STM32MP131FAF7, STM32MP131FAG7, STM32MP133AAE3, STM32MP133AAF3, STM32MP133AAG3, STM32MP133CAE3, STM32MP133CAF3, STM32MP133CAG3, STM32MP133DAE7, STM32MP133DAF7, STM32MP133DAG7, STM32MP133FAE7, STM32MP133FAF7, STM32MP133FAG7, STM32MP135AAE3, STM32MP135AAF3, STM32MP135AAG3, STM32MP135CAE3, STM32MP135CAF3, STM32MP135CAG3, STM32MP135DAE7, STM32MP135DAF7, STM32MP135DAG7, STM32MP135F-DK, STM32MP135FAE7, STM32MP135FAF7, STM32MP135FAF7T, STM32MP135FAF7U, STM32MP135FAG7, STM32U535CBT6, STM32U535CBT6Q, STM32U535CBU6, STM32U535CBU6Q, STM32U535CCT6, STM32U535CCT6Q, STM32U535CCU6, STM32U535CCU6Q, STM32U535CET6, STM32U535CET6Q, STM32U535CEU6, STM32U535CEU6Q, STM32U535JEY6QTR, STM32U535NCY6QTR, STM32U535NEY6QTR, STM32U535RBI6, STM32U535RBI6Q, STM32U535RBT6, STM32U535RBT6Q, STM32U535RCI6, STM32U535RCI6Q, STM32U535RCT6, STM32U535RCT6Q, STM32U535REI6, STM32U535REI6Q, STM32U535RET6, STM32U535RET6Q, STM32U535VCI6, STM32U535VCI6Q, STM32U535VCT6, STM32U535VCT6Q, STM32U535VEI6, STM32U535VEI6Q, STM32U535VET6, STM32U535VET6Q, STM32U545CET6, STM32U545CET6Q, STM32U545CEU6, STM32U545CEU6Q, STM32U545JEY6QTR, STM32U545NEY6QTR, STM32U545REI6, STM32U545REI6Q, STM32U545RET6, STM32U545RET6Q, STM32U545VEI6, STM32U545VEI6Q, STM32U545VET6, STM32U545VET6Q, STM32U595AIH6, STM32U595AIH6Q, STM32U595AJH6, STM32U595AJH6Q, STM32U595QII6, STM32U595QII6Q, STM32U595QJI6, STM32U595QJI6Q, STM32U595RIT6, STM32U595RIT6Q, STM32U595RJT6, STM32U595RJT6Q, STM32U595VIT6, STM32U595VIT6Q, STM32U595VJT6, STM32U595VJT6Q, STM32U595ZIT6, STM32U595ZIT6Q, STM32U595ZIY6QTR, STM32U595ZJT6, STM32U595ZJT6Q, STM32U595ZJY6QTR, STM32U599BJY6QTR, STM32U599NIH6Q, STM32U599NJH6Q, STM32U599VIT6Q, STM32U599VJT6, STM32U599VJT6Q, STM32U599ZIT6Q, STM32U599ZIY6QTR, STM32U599ZJT6Q, STM32U599ZJY6QTR, STM32U5A5AJH6, STM32U5A5AJH6Q, STM32U5A5QJI6, STM32U5A5QJI6Q, STM32U5A5RJT6, STM32U5A5RJT6Q, STM32U5A5VJT6, STM32U5A5VJT6Q, STM32U5A5ZJT6, STM32U5A5ZJT6Q, STM32U5A5ZJY6QTR, STM32U5A9BJY6QTR, STM32U5A9J-DK, STM32U5A9NJH6Q, STM32U5A9VJT6Q, STM32U5A9ZJT6Q, STM32U5A9ZJY6QTR, STM32U5F7VIT6, STM32U5F7VIT6Q, STM32U5F7VJT6, STM32U5F7VJT6Q, STM32U5F9BJY6QTR, STM32U5F9NJH6Q, STM32U5F9VIT6Q, STM32U5F9VJT6Q, STM32U5F9ZIJ6QTR, STM32U5F9ZIT6Q, STM32U5F9ZJJ6QTR, STM32U5F9ZJT6Q, STM32U5G7VJT6, STM32U5G7VJT6Q, STM32U5G9BJY6QTR, STM32U5G9J-DK1, STM32U5G9J-DK2, STM32U5G9NJH6Q, STM32U5G9VJT6Q, STM32U5G9ZJJ6QTR, STM32U5G9ZJT6Q, STM32WB1MMCH6, STM32WBA52CEU6, STM32WBA52CEU6T, STM32WBA52CGU6, STM32WBA52CGU6T, STM32WBA52KEU6, STM32WBA52KEU6T, STM32WBA52KGU6, STM32WBA52KGU6T, STM32WL5MOCH6, STM32WL5MOCH6TR]
2026-08-10 10:14:33,812 [INFO] DbMcus:217 - Found 5228 MCUs, 5075 are supported
2026-08-10 10:14:33,813 [INFO] ApiDb:423 - Load user favorites file C:\Users\Admin/.stm32cubeide/favorites.mcus.txt: 4 item(s)
2026-08-10 10:14:33,814 [INFO] ApiDb:427 - User favorites MCUs=[STM32F103C8T6, STM32F405RGT6, STM32F411CEU6, STM32H523CET6]
2026-08-10 10:14:33,814 [INFO] DbMcus:223 - Set 4 / 4 favorites MCUs
2026-08-10 10:14:34,742 [WARN] ThirdParty:833 - waiting for thirdparty lock release [change project]
2026-08-10 10:14:34,742 [INFO] ThirdParty:835 - entering critical section [change project]
2026-08-10 10:14:34,743 [INFO] ThirdParty:1030 - CMSIS Pack Vendor :STMicroelectronics USBPD 4.1
2026-08-10 10:14:34,743 [INFO] ThirdParty:1030 - CMSIS Pack Vendor :STMicroelectronics USB_HOST 2.0.0
2026-08-10 10:14:34,743 [INFO] ThirdParty:1030 - CMSIS Pack Vendor :STMicroelectronics FP-ATR-ASTRA1 2.0.3
2026-08-10 10:14:34,743 [INFO] ThirdParty:1030 - CMSIS Pack Vendor :STMicroelectronics X-CUBE-AZRTOS-F4 1.1.0
2026-08-10 10:14:34,743 [INFO] ThirdParty:1030 - CMSIS Pack Vendor :STMicroelectronics LIBJPEG 8.0.0
2026-08-10 10:14:34,743 [INFO] ThirdParty:1030 - CMSIS Pack Vendor :STMicroelectronics FP-ATR-ASTRA1 2.0.2
2026-08-10 10:14:34,743 [INFO] ThirdParty:1030 - CMSIS Pack Vendor :STMicroelectronics X-CUBE-SMBUS 2.1.0
2026-08-10 10:14:34,743 [INFO] ThirdParty:1030 - CMSIS Pack Vendor :wolfSSL I-CUBE-wolfMQTT 1.19.2
2026-08-10 10:14:34,743 [INFO] ThirdParty:1030 - CMSIS Pack Vendor :STMicroelectronics USB_DEVICE 3.0.0
2026-08-10 10:14:34,743 [INFO] ThirdParty:1030 - CMSIS Pack Vendor :STMicroelectronics X-CUBE-AZRTOS-F7 1.1.0
2026-08-10 10:14:34,744 [INFO] ThirdParty:1030 - CMSIS Pack Vendor :STMicroelectronics USB_DEVICE 2.0.0
2026-08-10 10:14:34,744 [INFO] ThirdParty:1030 - CMSIS Pack Vendor :STMicroelectronics X-CUBE-ALGOBUILD 1.5.0
2026-08-10 10:14:34,744 [INFO] ThirdParty:1030 - CMSIS Pack Vendor :STMicroelectronics FreeRTOS 0.0.1
2026-08-10 10:14:34,744 [INFO] ThirdParty:1030 - CMSIS Pack Vendor :STMicroelectronics X-CUBE-AZRTOS-H7RS 1.3.0
2026-08-10 10:14:34,744 [INFO] ThirdParty:1030 - CMSIS Pack Vendor :STMicroelectronics X-CUBE-AZRTOS-G0 1.1.0
2026-08-10 10:14:34,744 [INFO] ThirdParty:1030 - CMSIS Pack Vendor :STMicroelectronics X-CUBE-NFC4 3.0.0
2026-08-10 10:14:34,744 [INFO] ThirdParty:1030 - CMSIS Pack Vendor :STMicroelectronics X-CUBE-SUBG2 5.0.0
2026-08-10 10:14:34,744 [INFO] ThirdParty:1030 - CMSIS Pack Vendor :STMicroelectronics STM32_WPAN 1.0.0
2026-08-10 10:14:34,744 [INFO] ThirdParty:1030 - CMSIS Pack Vendor :STMicroelectronics lwIP 2.0.3
2026-08-10 10:14:34,744 [INFO] ThirdParty:1030 - CMSIS Pack Vendor :STMicroelectronics X-CUBE-MEMS1 13.0.0
2026-08-10 10:14:34,744 [INFO] ThirdParty:1030 - CMSIS Pack Vendor :STMicroelectronics USB_HOST 1.0.0
2026-08-10 10:14:34,744 [INFO] ThirdParty:1030 - CMSIS Pack Vendor :STMicroelectronics X-CUBE-AZRTOS-G4 2.0.0
2026-08-10 10:14:34,744 [INFO] ThirdParty:1030 - CMSIS Pack Vendor :STMicroelectronics PDM2PCM 3.1.0
2026-08-10 10:14:34,744 [INFO] ThirdParty:1030 - CMSIS Pack Vendor :STMicroelectronics PDM2PCM 3.3.0
2026-08-10 10:14:34,744 [INFO] ThirdParty:1030 - CMSIS Pack Vendor :wolfSSL I-CUBE-wolfTPM 3.8.0
2026-08-10 10:14:34,744 [INFO] ThirdParty:1030 - CMSIS Pack Vendor :STMicroelectronics X-CUBE-DISPLAY 3.0.0
2026-08-10 10:14:34,744 [INFO] ThirdParty:1030 - CMSIS Pack Vendor :wolfSSL I-CUBE-wolfSSH 1.4.20
2026-08-10 10:14:34,745 [INFO] ThirdParty:1030 - CMSIS Pack Vendor :wolfSSL I-CUBE-wolfSSL 5.9.1
2026-08-10 10:14:34,745 [INFO] ThirdParty:1030 - CMSIS Pack Vendor :STMicroelectronics FP-ATR-SIGFOX1 3.2.0
2026-08-10 10:14:34,745 [INFO] ThirdParty:1030 - CMSIS Pack Vendor :STMicroelectronics HAL Drivers 0.0.0
2026-08-10 10:14:34,745 [INFO] ThirdParty:1030 - CMSIS Pack Vendor :STMicroelectronics MBEDTLS 2.16.2
2026-08-10 10:14:34,745 [INFO] ThirdParty:1030 - CMSIS Pack Vendor :emotas I-CUBE-CANOPEN 1.3.0
2026-08-10 10:14:34,745 [INFO] ThirdParty:1030 - CMSIS Pack Vendor :STMicroelectronics MBEDTLS 2.14.1
2026-08-10 10:14:34,745 [INFO] ThirdParty:1030 - CMSIS Pack Vendor :ITTIA_DB I-CUBE-ITTIADB 8.9.0
2026-08-10 10:14:34,745 [INFO] ThirdParty:1030 - CMSIS Pack Vendor :STMicroelectronics X-CUBE-TOUCHGFX 4.26.1
2026-08-10 10:14:34,745 [INFO] ThirdParty:1030 - CMSIS Pack Vendor :STMicroelectronics X-CUBE-AI 10.2.1
2026-08-10 10:14:34,745 [INFO] ThirdParty:1030 - CMSIS Pack Vendor :STMicroelectronics ThreadX 1.0.0
2026-08-10 10:14:34,745 [INFO] ThirdParty:1030 - CMSIS Pack Vendor :STMicroelectronics X-CUBE-MEMS1 12.1.0
2026-08-10 10:14:34,745 [INFO] ThirdParty:1030 - CMSIS Pack Vendor :STMicroelectronics X-CUBE-AZRTOS-WL 2.0.0
2026-08-10 10:14:34,745 [INFO] ThirdParty:1030 - CMSIS Pack Vendor :SEGGER I-CUBE-embOS 1.3.1
2026-08-10 10:14:34,745 [INFO] ThirdParty:1030 - CMSIS Pack Vendor :STMicroelectronics X-CUBE-ALGOBUILD 1.4.0
2026-08-10 10:14:34,745 [INFO] ThirdParty:1030 - CMSIS Pack Vendor :STMicroelectronics USB_DEVICE 1.0.0
2026-08-10 10:14:34,745 [INFO] ThirdParty:1030 - CMSIS Pack Vendor :STMicroelectronics X-CUBE-AZRTOS-H7RS 1.2.0
2026-08-10 10:14:34,746 [INFO] ThirdParty:1030 - CMSIS Pack Vendor :STMicroelectronics X-CUBE-AZRTOS-L4 2.0.0
2026-08-10 10:14:34,746 [INFO] ThirdParty:1030 - CMSIS Pack Vendor :STMicroelectronics ThreadX 0.0.2
2026-08-10 10:14:34,746 [INFO] ThirdParty:1030 - CMSIS Pack Vendor :STMicroelectronics lwIP 2.1.2
2026-08-10 10:14:34,746 [INFO] ThirdParty:1030 - CMSIS Pack Vendor :STMicroelectronics X-CUBE-SFXS2LP1 4.0.0
2026-08-10 10:14:34,746 [INFO] ThirdParty:1030 - CMSIS Pack Vendor :STMicroelectronics X-CUBE-BLE2 3.3.0
2026-08-10 10:14:34,746 [INFO] ThirdParty:1030 - CMSIS Pack Vendor :STMicroelectronics X-CUBE-NFC13 1.0.0
2026-08-10 10:14:34,746 [INFO] ThirdParty:1030 - CMSIS Pack Vendor :STMicroelectronics PDM2PCM 3.2.0
2026-08-10 10:14:34,746 [INFO] ThirdParty:841 - exiting critical section [change project]
2026-08-10 10:14:35,439 [INFO] PinOutPanel:1499 - setPackage(No Configuration,No Configuration)
2026-08-10 10:14:35,441 [INFO] PinOutPanel:1499 - setPackage(STM32F405RGTx,LQFP64)
2026-08-10 10:14:36,257 [INFO] UtilMem:75 - Before build in PCC Used Memory: 785299240 Bytes (1073741824)
2026-08-10 10:14:37,616 [INFO] UtilMem:75 - After build in PCC Used Memory: 860796752 Bytes (1073741824)
2026-08-10 10:14:37,671 [INFO] IPUIPlugin:80 - create IPUIPlugin
2026-08-10 10:14:37,672 [INFO] IPUIPlugin:80 - create IPUIPlugin
2026-08-10 10:14:37,672 [INFO] IPUIPlugin:80 - create IPUIPlugin
2026-08-10 10:14:37,672 [INFO] IPUIPlugin:80 - create IPUIPlugin
2026-08-10 10:14:37,673 [INFO] IPUIPlugin:80 - create IPUIPlugin
2026-08-10 10:14:37,673 [INFO] IPUIPlugin:80 - create IPUIPlugin
2026-08-10 10:14:37,674 [INFO] IPUIPlugin:80 - create IPUIPlugin
2026-08-10 10:14:37,674 [INFO] IPUIPlugin:80 - create IPUIPlugin
2026-08-10 10:14:37,674 [INFO] IPUIPlugin:80 - create IPUIPlugin
2026-08-10 10:14:37,674 [INFO] IPUIPlugin:80 - create IPUIPlugin
2026-08-10 10:14:37,675 [INFO] IPUIPlugin:80 - create IPUIPlugin
2026-08-10 10:14:37,675 [INFO] IPUIPlugin:80 - create IPUIPlugin
2026-08-10 10:14:37,675 [INFO] IPUIPlugin:80 - create IPUIPlugin
2026-08-10 10:14:37,676 [INFO] IPUIPlugin:80 - create IPUIPlugin
2026-08-10 10:14:37,676 [INFO] IPUIPlugin:80 - create IPUIPlugin
2026-08-10 10:14:37,676 [INFO] IPUIPlugin:80 - create IPUIPlugin
2026-08-10 10:14:37,677 [INFO] IPUIPlugin:80 - create IPUIPlugin
2026-08-10 10:14:37,677 [INFO] IPUIPlugin:80 - create IPUIPlugin
2026-08-10 10:14:37,678 [INFO] IPUIPlugin:80 - create IPUIPlugin
2026-08-10 10:14:37,678 [INFO] IPUIPlugin:80 - create IPUIPlugin
2026-08-10 10:14:37,678 [INFO] IPUIPlugin:80 - create IPUIPlugin
2026-08-10 10:14:37,679 [INFO] IPUIPlugin:80 - create IPUIPlugin
2026-08-10 10:14:37,679 [INFO] IPUIPlugin:80 - create IPUIPlugin
2026-08-10 10:14:37,680 [INFO] IPUIPlugin:80 - create IPUIPlugin
2026-08-10 10:14:37,680 [INFO] IPUIPlugin:80 - create IPUIPlugin
2026-08-10 10:14:37,681 [INFO] IPUIPlugin:80 - create IPUIPlugin
2026-08-10 10:14:37,681 [INFO] IPUIPlugin:80 - create IPUIPlugin
2026-08-10 10:14:37,682 [INFO] IPUIPlugin:80 - create IPUIPlugin
2026-08-10 10:14:37,682 [INFO] IPUIPlugin:80 - create IPUIPlugin
2026-08-10 10:14:37,682 [INFO] IPUIPlugin:80 - create IPUIPlugin
2026-08-10 10:14:37,683 [INFO] IPUIPlugin:80 - create IPUIPlugin
2026-08-10 10:14:37,683 [INFO] IPUIPlugin:80 - create IPUIPlugin
2026-08-10 10:14:37,684 [INFO] IPUIPlugin:80 - create IPUIPlugin
2026-08-10 10:14:37,684 [INFO] IPUIPlugin:80 - create IPUIPlugin
2026-08-10 10:14:37,685 [INFO] IPUIPlugin:80 - create IPUIPlugin
2026-08-10 10:14:37,685 [INFO] IPUIPlugin:80 - create IPUIPlugin
2026-08-10 10:14:37,686 [INFO] IPUIPlugin:80 - create IPUIPlugin
2026-08-10 10:14:37,686 [INFO] IPUIPlugin:80 - create IPUIPlugin
2026-08-10 10:14:37,686 [INFO] IPUIPlugin:80 - create IPUIPlugin
2026-08-10 10:14:37,687 [INFO] IPUIPlugin:80 - create IPUIPlugin
2026-08-10 10:14:37,688 [INFO] IPUIPlugin:80 - create IPUIPlugin
2026-08-10 10:14:37,688 [INFO] IPUIPlugin:80 - create IPUIPlugin
2026-08-10 10:14:37,689 [INFO] IPUIPlugin:80 - create IPUIPlugin
2026-08-10 10:14:37,689 [INFO] IPUIPlugin:80 - create IPUIPlugin
2026-08-10 10:14:37,690 [INFO] IPUIPlugin:80 - create IPUIPlugin
2026-08-10 10:14:37,691 [INFO] IPUIPlugin:80 - create IPUIPlugin
2026-08-10 10:14:37,691 [INFO] IPUIPlugin:80 - create IPUIPlugin
2026-08-10 10:14:37,692 [INFO] IPUIPlugin:80 - create IPUIPlugin
2026-08-10 10:14:37,692 [INFO] IPUIPlugin:80 - create IPUIPlugin
2026-08-10 10:14:37,693 [INFO] IPUIPlugin:80 - create IPUIPlugin
2026-08-10 10:14:37,694 [INFO] IPUIPlugin:80 - create IPUIPlugin
2026-08-10 10:14:37,695 [INFO] IPUIPlugin:80 - create IPUIPlugin
2026-08-10 10:14:37,695 [INFO] IPUIPlugin:80 - create IPUIPlugin
2026-08-10 10:14:37,696 [INFO] IPUIPlugin:80 - create IPUIPlugin
2026-08-10 10:14:37,825 [INFO] ApiDbMcu:507 - Load IP Config File for PDM2PCM
2026-08-10 10:14:37,842 [WARN] IP:2114 - I2C_Coeff_DF not found: check if there is a RefParameter without a condition.
2026-08-10 10:14:37,842 [WARN] IP:2114 - Analog_Filter not found: check if there is a RefParameter without a condition.
2026-08-10 10:14:38,255 [INFO] CADModel:165 - CPN selected for project levelSTM32F405RGT6
2026-08-10 10:14:38,255 [INFO] CADModel:114 - Register for checkConnection events
2026-08-10 10:14:38,321 [INFO] OpenFileManager:328 - Restore cursor
2026-08-10 10:14:38,658 [WARN] IP:2114 - I2C_Coeff_DF not found: check if there is a RefParameter without a condition.
2026-08-10 10:14:38,658 [WARN] IP:2114 - Analog_Filter not found: check if there is a RefParameter without a condition.
2026-08-10 10:14:38,659 [WARN] IP:2114 - I2C_Coeff_DF not found: check if there is a RefParameter without a condition.
2026-08-10 10:14:38,659 [WARN] IP:2114 - Analog_Filter not found: check if there is a RefParameter without a condition.
2026-08-10 10:15:22,524 [INFO] UtilMem:75 - End SaveConfig() Used Memory: 868364848 Bytes (1073741824)
2026-08-10 10:15:23,389 [INFO] BlockDiagram:2759 - set Specific Code input for plugin: TIM1_8
2026-08-10 10:15:23,389 [INFO] BlockDiagram:2759 - set Specific Code input for plugin: TIM1_8
2026-08-10 10:15:23,390 [INFO] BlockDiagram:2759 - set Specific Code input for plugin: SYS
2026-08-10 10:15:23,390 [INFO] BlockDiagram:2759 - set Specific Code input for plugin: RCC
2026-08-10 10:15:23,390 [INFO] BlockDiagram:2759 - set Specific Code input for plugin: I2C
2026-08-10 10:15:23,390 [INFO] BlockDiagram:2759 - set Specific Code input for plugin: NVIC
2026-08-10 10:15:23,390 [INFO] BlockDiagram:2759 - set Specific Code input for plugin: USART
2026-08-10 10:15:23,390 [INFO] BlockDiagram:2759 - set Specific Code input for plugin: USART
2026-08-10 10:15:23,390 [INFO] BlockDiagram:2759 - set Specific Code input for plugin: USART
2026-08-10 10:15:23,390 [INFO] BlockDiagram:2759 - set Specific Code input for plugin: DMA
2026-08-10 10:15:23,391 [INFO] BlockDiagram:2759 - set Specific Code input for plugin: GPIO
2026-08-10 10:15:23,393 [INFO] CodeGenerator:799 - code generatio: config db path: C:\ST\STM32CubeIDE_1.13.1\STM32CubeIDE\plugins\com.st.stm32cube.common.mx_6.9.1.202307191849\\db\
2026-08-10 10:15:23,403 [WARN] IP:2114 - I2C_Coeff_DF not found: check if there is a RefParameter without a condition.
2026-08-10 10:15:23,403 [WARN] IP:2114 - Analog_Filter not found: check if there is a RefParameter without a condition.
2026-08-10 10:15:23,863 [INFO] CodeEngine:255 - oldGeneratedFile, C:\Users\Admin\Documents\GitHub\Drone-RTOS\Source\010Final\MXTmpFiles\license.tmp_save
2026-08-10 10:15:24,484 [INFO] CodeEngine:279 - Generated code: C:\Users\Admin\Documents\GitHub\Drone-RTOS\Source\010Final\MXTmpFiles\license.tmp
2026-08-10 10:15:24,620 [INFO] CodeEngine:255 - oldGeneratedFile, C:\Users\Admin\Documents\GitHub\Drone-RTOS\Source\010Final\MXTmpFiles\gpio.tmp_save
2026-08-10 10:15:24,871 [INFO] CodeEngine:279 - Generated code: C:\Users\Admin\Documents\GitHub\Drone-RTOS\Source\010Final\MXTmpFiles\gpio.tmp
2026-08-10 10:15:25,537 [INFO] CodeEngine:255 - oldGeneratedFile, C:\Users\Admin\Documents\GitHub\Drone-RTOS\Source\010Final\MXTmpFiles\dma.tmp_save
2026-08-10 10:15:25,696 [INFO] CodeEngine:279 - Generated code: C:\Users\Admin\Documents\GitHub\Drone-RTOS\Source\010Final\MXTmpFiles\dma.tmp
2026-08-10 10:15:25,702 [INFO] CodeEngine:255 - oldGeneratedFile, C:\Users\Admin\Documents\GitHub\Drone-RTOS\Source\010Final\MXTmpFiles\dma_GV.tmp_save
2026-08-10 10:15:25,859 [INFO] CodeEngine:279 - Generated code: C:\Users\Admin\Documents\GitHub\Drone-RTOS\Source\010Final\MXTmpFiles\dma_GV.tmp
2026-08-10 10:15:25,899 [INFO] CodeEngine:255 - oldGeneratedFile, C:\Users\Admin\Documents\GitHub\Drone-RTOS\Source\010Final\Core\Src\stm32f4xx_it.c_save
2026-08-10 10:15:26,095 [INFO] CodeEngine:279 - Generated code: C:\Users\Admin\Documents\GitHub\Drone-RTOS\Source\010Final\Core\Src\stm32f4xx_it.c
2026-08-10 10:15:26,143 [INFO] CodeEngine:255 - oldGeneratedFile, C:\Users\Admin\Documents\GitHub\Drone-RTOS\Source\010Final\Core\Inc\stm32f4xx_it.h_save
2026-08-10 10:15:26,264 [INFO] CodeEngine:279 - Generated code: C:\Users\Admin\Documents\GitHub\Drone-RTOS\Source\010Final\Core\Inc\stm32f4xx_it.h
2026-08-10 10:15:26,320 [INFO] CodeEngine:255 - oldGeneratedFile, C:\Users\Admin\Documents\GitHub\Drone-RTOS\Source\010Final\Core\Src\stm32f4xx_hal_msp.c_save
2026-08-10 10:15:26,582 [INFO] CodeEngine:279 - Generated code: C:\Users\Admin\Documents\GitHub\Drone-RTOS\Source\010Final\Core\Src\stm32f4xx_hal_msp.c
2026-08-10 10:15:26,632 [INFO] CodeEngine:255 - oldGeneratedFile, C:\Users\Admin\Documents\GitHub\Drone-RTOS\Source\010Final\MXTmpFiles\system.tmp_save
2026-08-10 10:15:26,744 [INFO] CodeEngine:279 - Generated code: C:\Users\Admin\Documents\GitHub\Drone-RTOS\Source\010Final\MXTmpFiles\system.tmp
2026-08-10 10:15:26,798 [INFO] CodeEngine:311 - oldGeneratedFile, C:\Users\Admin\Documents\GitHub\Drone-RTOS\Source\010Final\Core\Inc\stm32f4xx_hal_conf.h_save
2026-08-10 10:15:26,915 [INFO] CodeEngine:335 - Generated code: C:\Users\Admin\Documents\GitHub\Drone-RTOS\Source\010Final\Core\Inc\stm32f4xx_hal_conf.h
2026-08-10 10:15:26,956 [WARN] IPConfigManager:3431 - IP not found : TIM
2026-08-10 10:15:26,958 [WARN] CodeGenerator:3760 - IP not found : null
2026-08-10 10:15:26,970 [INFO] CodeEngine:255 - oldGeneratedFile, C:\Users\Admin\Documents\GitHub\Drone-RTOS\Source\010Final\Core\Inc\main.h_save
2026-08-10 10:15:27,123 [INFO] CodeEngine:279 - Generated code: C:\Users\Admin\Documents\GitHub\Drone-RTOS\Source\010Final\Core\Inc\main.h
2026-08-10 10:15:27,172 [INFO] CodeEngine:255 - oldGeneratedFile, C:\Users\Admin\Documents\GitHub\Drone-RTOS\Source\010Final\Core\Src\main.c_save
2026-08-10 10:15:27,482 [INFO] CodeEngine:279 - Generated code: C:\Users\Admin\Documents\GitHub\Drone-RTOS\Source\010Final\Core\Src\main.c
2026-08-10 10:15:28,587 [INFO] ProjectBuilder:3064 - Time for Copy HAL[1] : 341mS.
2026-08-10 10:15:28,599 [INFO] ProjectBuilder:4404 - Project Generator version: 4.1.0
2026-08-10 10:15:28,948 [INFO] ConfigFileManager:1457 - The Die is : DIE413
2026-08-10 10:15:28,962 [INFO] ApiDbMcu:507 - Load IP Config File for FATFS
2026-08-10 10:15:28,969 [INFO] ApiDbMcu:507 - Load IP Config File for FREERTOS
2026-08-10 10:15:28,973 [INFO] ApiDbMcu:507 - Load IP Config File for LIBJPEG
2026-08-10 10:15:28,984 [INFO] ApiDbMcu:507 - Load IP Config File for MBEDTLS
2026-08-10 10:15:29,032 [INFO] ApiDbMcu:507 - Load IP Config File for USB_DEVICE
2026-08-10 10:15:29,041 [INFO] ApiDbMcu:507 - Load IP Config File for USB_HOST
2026-08-10 10:15:30,448 [INFO] LogOutputStream:77 - [STDOUT_REDIRECT] 
2026-08-10 10:15:32,234 [INFO] ProjectBuilder:4626 - Time for Generating toolchain IDE Files: 3634mS.
2026-08-10 10:15:32,236 [INFO] ProjectBuilder:2935 - Time for Copy CMSIS : 1mS.
2026-08-10 10:15:32,241 [INFO] ProjectBuilder:2935 - Time for Copy CMSIS : 0mS.
2026-08-10 14:48:29,135 [INFO] MainUpdater:2868 - connection check result : 10
2026-08-10 14:48:29,135 [INFO] MainUpdater:2868 - connection check result : 10
2026-08-10 14:48:29,222 [INFO] MicroXplorer:468 - Change Database Path : 
2026-08-10 14:48:29,222 [INFO] MicroXplorer:498 - Change Database Version : DB.6.0.91
2026-08-10 14:48:29,271 [WARN] ThirdParty:871 - waiting for thirdparty lock release [close project]
2026-08-10 14:48:29,272 [INFO] ThirdParty:873 - entering critical section [close project]
2026-08-10 14:48:29,272 [INFO] ThirdParty:883 - exiting critical section [close project]
2026-08-10 14:48:29,275 [INFO] PinOutPanel:1499 - setPackage(No Configuration,No Configuration)
2026-08-10 14:48:29,306 [WARN] IpParametersView:151 - Warning: This peripheral hasn't parameters
2026-08-10 14:48:29,331 [WARN] MainPanel:272 - <html><b><center>Warning: This peripheral has no parameters to be configured<br></b></html>
2026-08-10 14:48:29,347 [INFO] UtilMem:75 - Begin LoadConfig() Used Memory: 874427672 Bytes (1073741824)
2026-08-10 14:48:29,348 [INFO] MicroXplorer:468 - Change Database Path : 
2026-08-10 14:48:29,349 [INFO] MicroXplorer:498 - Change Database Version : DB.6.0.91
2026-08-10 14:48:29,349 [INFO] OpenFileManager:308 - Change cursor
2026-08-10 14:48:29,376 [INFO] RulesReader:64 - Compatibility file has been processed (293 Rules)
2026-08-10 14:48:29,383 [INFO] Mcu:1946 - Initializing MCU STM32F405RGTx STM32F405RGTx STM32F405RGT6
2026-08-10 14:48:30,859 [INFO] Context:659 - Trying to add GPIOservice into a context  which must be forbidden
2026-08-10 14:48:31,420 [INFO] RtosManager:555 - Registered RTOS mode: class=CMSIS, group=RTOS, mode=CMSIS_V1, owner=FREERTOS
2026-08-10 14:48:31,420 [INFO] RtosManager:555 - Registered RTOS mode: class=CMSIS, group=RTOS2, mode=CMSIS_V2, owner=FREERTOS
2026-08-10 14:48:31,420 [INFO] RtosManager:555 - Registered RTOS mode: class=RTOS, group=Core, mode=CMSIS_V1, owner=FREERTOS
2026-08-10 14:48:31,420 [INFO] RtosManager:555 - Registered RTOS mode: class=RTOS, group=Core, mode=CMSIS_V2, owner=FREERTOS
2026-08-10 14:48:31,420 [WARN] ModelIntegratedComponent:184 - Missing modes for component STMicroelectronics:FreeRTOS:0.0.1:STMicroelectronics:RTOS:FreeRTOS:Core:::10.2.0:
2026-08-10 14:48:31,547 [WARN] ModelIntegratedComponent:63 - No mode defined for component null
2026-08-10 14:48:31,547 [WARN] ModelIntegratedComponent:63 - No mode defined for component null
2026-08-10 14:48:31,547 [WARN] ModelIntegratedComponent:63 - No mode defined for component null
2026-08-10 14:48:31,547 [WARN] ModelIntegratedComponent:63 - No mode defined for component null
2026-08-10 14:48:31,547 [WARN] ModelIntegratedComponent:63 - No mode defined for component null
2026-08-10 14:48:31,548 [WARN] ModelIntegratedComponent:63 - No mode defined for component null
2026-08-10 14:48:31,548 [WARN] ModelIntegratedComponent:63 - No mode defined for component null
2026-08-10 14:48:31,548 [WARN] ModelIntegratedComponent:63 - No mode defined for component null
2026-08-10 14:48:31,548 [WARN] ModelIntegratedComponent:63 - No mode defined for component null
2026-08-10 14:48:31,548 [WARN] ModelIntegratedComponent:63 - No mode defined for component null
2026-08-10 14:48:31,548 [WARN] ModelIntegratedComponent:63 - No mode defined for component null
2026-08-10 14:48:31,548 [WARN] ModelIntegratedComponent:63 - No mode defined for component null
2026-08-10 14:48:31,548 [WARN] ModelIntegratedComponent:63 - No mode defined for component null
2026-08-10 14:48:31,548 [WARN] ModelIntegratedComponent:63 - No mode defined for component null
2026-08-10 14:48:31,548 [WARN] ModelIntegratedComponent:63 - No mode defined for component null
2026-08-10 14:48:31,548 [WARN] ModelIntegratedComponent:63 - No mode defined for component null
2026-08-10 14:48:31,548 [WARN] ModelIntegratedComponent:63 - No mode defined for component null
2026-08-10 14:48:31,548 [WARN] ModelIntegratedComponent:63 - No mode defined for component null
2026-08-10 14:48:31,548 [WARN] ModelIntegratedComponent:63 - No mode defined for component null
2026-08-10 14:48:31,548 [WARN] ModelIntegratedComponent:63 - No mode defined for component null
2026-08-10 14:48:31,548 [WARN] ModelIntegratedComponent:63 - No mode defined for component null
2026-08-10 14:48:31,549 [WARN] ModelIntegratedComponent:63 - No mode defined for component null
2026-08-10 14:48:31,549 [WARN] ModelIntegratedComponent:63 - No mode defined for component null
2026-08-10 14:48:31,549 [WARN] ModelIntegratedComponent:63 - No mode defined for component null
2026-08-10 14:48:31,549 [WARN] ModelIntegratedComponent:63 - No mode defined for component null
2026-08-10 14:48:31,549 [WARN] ModelIntegratedComponent:63 - No mode defined for component null
2026-08-10 14:48:31,549 [WARN] ModelIntegratedComponent:63 - No mode defined for component null
2026-08-10 14:48:31,549 [WARN] ModelIntegratedComponent:63 - No mode defined for component null
2026-08-10 14:48:31,549 [WARN] ModelIntegratedComponent:63 - No mode defined for component null
2026-08-10 14:48:31,549 [WARN] ModelIntegratedComponent:63 - No mode defined for component null
2026-08-10 14:48:31,549 [WARN] ModelIntegratedComponent:63 - No mode defined for component null
2026-08-10 14:48:31,549 [WARN] ModelIntegratedComponent:63 - No mode defined for component null
2026-08-10 14:48:31,549 [WARN] ModelIntegratedComponent:63 - No mode defined for component null
2026-08-10 14:48:31,723 [INFO] ThirdPartyModel:298 - Start build external matchings
2026-08-10 14:48:32,159 [INFO] ThirdPartyModel:316 - End build external matchings
2026-08-10 14:48:32,178 [INFO] ImportTextPane:194 - (OptionalMessage_ERROR) IP (DMA) : Parameter (Instance) has Id (USART1_RX) currently not set
2026-08-10 14:48:32,178 [INFO] ImportTextPane:194 - (OptionalMessage_ERROR) IP (DMA) : Parameter (Channel) has Id (USART1_RX) currently not set
2026-08-10 14:48:32,178 [INFO] ImportTextPane:194 - (OptionalMessage_ERROR) IP (DMA) : Parameter (Direction) has Id (USART1_RX) currently not set
2026-08-10 14:48:32,178 [INFO] ImportTextPane:194 - (OptionalMessage_ERROR) IP (DMA) : Parameter (PeriphInc) has Id (USART1_RX) currently not set
2026-08-10 14:48:32,178 [INFO] ImportTextPane:194 - (OptionalMessage_ERROR) IP (DMA) : Parameter (MemInc) has Id (USART1_RX) currently not set
2026-08-10 14:48:32,178 [INFO] ImportTextPane:194 - (OptionalMessage_ERROR) IP (DMA) : Parameter (PeriphDataAlignment) has Id (USART1_RX) currently not set
2026-08-10 14:48:32,178 [INFO] ImportTextPane:194 - (OptionalMessage_ERROR) IP (DMA) : Parameter (MemDataAlignment) has Id (USART1_RX) currently not set
2026-08-10 14:48:32,178 [INFO] ImportTextPane:194 - (OptionalMessage_ERROR) IP (DMA) : Parameter (Mode) has Id (USART1_RX) currently not set
2026-08-10 14:48:32,179 [INFO] ImportTextPane:194 - (OptionalMessage_ERROR) IP (DMA) : Parameter (Priority) has Id (USART1_RX) currently not set
2026-08-10 14:48:32,179 [INFO] ImportTextPane:194 - (OptionalMessage_ERROR) IP (DMA) : Parameter (FIFOMode) has Id (USART1_RX) currently not set
2026-08-10 14:48:32,179 [INFO] ImportTextPane:194 - (OptionalMessage_ERROR) IP (DMA) : Parameter (FIFOThreshold) has Id (USART1_RX) currently not set
2026-08-10 14:48:32,179 [INFO] ImportTextPane:194 - (OptionalMessage_ERROR) IP (DMA) : Parameter (FIFOThreshold) has invalid value (null)
2026-08-10 14:48:32,179 [INFO] ImportTextPane:194 - (OptionalMessage_ERROR) IP (DMA) : Parameter (MemBurst) has Id (USART1_RX) currently not set
2026-08-10 14:48:32,179 [INFO] ImportTextPane:194 - (OptionalMessage_ERROR) IP (DMA) : Parameter (MemBurst) has invalid value (null)
2026-08-10 14:48:32,179 [INFO] ImportTextPane:194 - (OptionalMessage_ERROR) IP (DMA) : Parameter (PeriphBurst) has Id (USART1_RX) currently not set
2026-08-10 14:48:32,179 [INFO] ImportTextPane:194 - (OptionalMessage_ERROR) IP (DMA) : Parameter (PeriphBurst) has invalid value (null)
2026-08-10 14:48:32,179 [INFO] ImportTextPane:194 - (OptionalMessage_ERROR) IP (RCC) : Parameter (48MHZClocksFreq_Value) has invalid value (84000000)
2026-08-10 14:48:32,180 [INFO] ImportTextPane:194 - (OptionalMessage_ERROR) IP (RCC) : Parameter (RTCHSEDivFreq_Value) has invalid value (4000000)
2026-08-10 14:48:32,509 [INFO] UtilMem:75 - End LoadConfig() Used Memory: 856951984 Bytes (1073741824)
2026-08-10 14:48:32,550 [WARN] ThirdParty:833 - waiting for thirdparty lock release [change project]
2026-08-10 14:48:32,550 [INFO] ThirdParty:835 - entering critical section [change project]
2026-08-10 14:48:32,550 [INFO] ThirdParty:1030 - CMSIS Pack Vendor :STMicroelectronics USBPD 4.1
2026-08-10 14:48:32,550 [INFO] ThirdParty:1030 - CMSIS Pack Vendor :STMicroelectronics USB_HOST 2.0.0
2026-08-10 14:48:32,550 [INFO] ThirdParty:1030 - CMSIS Pack Vendor :STMicroelectronics FP-ATR-ASTRA1 2.0.3
2026-08-10 14:48:32,550 [INFO] ThirdParty:1030 - CMSIS Pack Vendor :STMicroelectronics X-CUBE-AZRTOS-F4 1.1.0
2026-08-10 14:48:32,550 [INFO] ThirdParty:1030 - CMSIS Pack Vendor :STMicroelectronics LIBJPEG 8.0.0
2026-08-10 14:48:32,551 [INFO] ThirdParty:1030 - CMSIS Pack Vendor :STMicroelectronics FP-ATR-ASTRA1 2.0.2
2026-08-10 14:48:32,551 [INFO] ThirdParty:1030 - CMSIS Pack Vendor :STMicroelectronics X-CUBE-SMBUS 2.1.0
2026-08-10 14:48:32,551 [INFO] ThirdParty:1030 - CMSIS Pack Vendor :wolfSSL I-CUBE-wolfMQTT 1.19.2
2026-08-10 14:48:32,551 [INFO] ThirdParty:1030 - CMSIS Pack Vendor :STMicroelectronics USB_DEVICE 3.0.0
2026-08-10 14:48:32,551 [INFO] ThirdParty:1030 - CMSIS Pack Vendor :STMicroelectronics X-CUBE-AZRTOS-F7 1.1.0
2026-08-10 14:48:32,551 [INFO] ThirdParty:1030 - CMSIS Pack Vendor :STMicroelectronics USB_DEVICE 2.0.0
2026-08-10 14:48:32,551 [INFO] ThirdParty:1030 - CMSIS Pack Vendor :STMicroelectronics X-CUBE-ALGOBUILD 1.5.0
2026-08-10 14:48:32,551 [INFO] ThirdParty:1030 - CMSIS Pack Vendor :STMicroelectronics FreeRTOS 0.0.1
2026-08-10 14:48:32,551 [INFO] ThirdParty:1030 - CMSIS Pack Vendor :STMicroelectronics X-CUBE-AZRTOS-H7RS 1.3.0
2026-08-10 14:48:32,551 [INFO] ThirdParty:1030 - CMSIS Pack Vendor :STMicroelectronics X-CUBE-AZRTOS-G0 1.1.0
2026-08-10 14:48:32,551 [INFO] ThirdParty:1030 - CMSIS Pack Vendor :STMicroelectronics X-CUBE-NFC4 3.0.0
2026-08-10 14:48:32,551 [INFO] ThirdParty:1030 - CMSIS Pack Vendor :STMicroelectronics X-CUBE-SUBG2 5.0.0
2026-08-10 14:48:32,551 [INFO] ThirdParty:1030 - CMSIS Pack Vendor :STMicroelectronics STM32_WPAN 1.0.0
2026-08-10 14:48:32,551 [INFO] ThirdParty:1030 - CMSIS Pack Vendor :STMicroelectronics lwIP 2.0.3
2026-08-10 14:48:32,551 [INFO] ThirdParty:1030 - CMSIS Pack Vendor :STMicroelectronics X-CUBE-MEMS1 13.0.0
2026-08-10 14:48:32,551 [INFO] ThirdParty:1030 - CMSIS Pack Vendor :STMicroelectronics USB_HOST 1.0.0
2026-08-10 14:48:32,551 [INFO] ThirdParty:1030 - CMSIS Pack Vendor :STMicroelectronics X-CUBE-AZRTOS-G4 2.0.0
2026-08-10 14:48:32,551 [INFO] ThirdParty:1030 - CMSIS Pack Vendor :STMicroelectronics PDM2PCM 3.1.0
2026-08-10 14:48:32,552 [INFO] ThirdParty:1030 - CMSIS Pack Vendor :STMicroelectronics PDM2PCM 3.3.0
2026-08-10 14:48:32,552 [INFO] ThirdParty:1030 - CMSIS Pack Vendor :wolfSSL I-CUBE-wolfTPM 3.8.0
2026-08-10 14:48:32,552 [INFO] ThirdParty:1030 - CMSIS Pack Vendor :STMicroelectronics X-CUBE-DISPLAY 3.0.0
2026-08-10 14:48:32,552 [INFO] ThirdParty:1030 - CMSIS Pack Vendor :wolfSSL I-CUBE-wolfSSH 1.4.20
2026-08-10 14:48:32,552 [INFO] ThirdParty:1030 - CMSIS Pack Vendor :wolfSSL I-CUBE-wolfSSL 5.9.1
2026-08-10 14:48:32,552 [INFO] ThirdParty:1030 - CMSIS Pack Vendor :STMicroelectronics FP-ATR-SIGFOX1 3.2.0
2026-08-10 14:48:32,552 [INFO] ThirdParty:1030 - CMSIS Pack Vendor :STMicroelectronics HAL Drivers 0.0.0
2026-08-10 14:48:32,552 [INFO] ThirdParty:1030 - CMSIS Pack Vendor :STMicroelectronics MBEDTLS 2.16.2
2026-08-10 14:48:32,552 [INFO] ThirdParty:1030 - CMSIS Pack Vendor :emotas I-CUBE-CANOPEN 1.3.0
2026-08-10 14:48:32,552 [INFO] ThirdParty:1030 - CMSIS Pack Vendor :STMicroelectronics MBEDTLS 2.14.1
2026-08-10 14:48:32,553 [INFO] ThirdParty:1030 - CMSIS Pack Vendor :ITTIA_DB I-CUBE-ITTIADB 8.9.0
2026-08-10 14:48:32,553 [INFO] ThirdParty:1030 - CMSIS Pack Vendor :STMicroelectronics X-CUBE-TOUCHGFX 4.26.1
2026-08-10 14:48:32,553 [INFO] ThirdParty:1030 - CMSIS Pack Vendor :STMicroelectronics X-CUBE-AI 10.2.1
2026-08-10 14:48:32,553 [INFO] ThirdParty:1030 - CMSIS Pack Vendor :STMicroelectronics ThreadX 1.0.0
2026-08-10 14:48:32,553 [INFO] ThirdParty:1030 - CMSIS Pack Vendor :STMicroelectronics X-CUBE-MEMS1 12.1.0
2026-08-10 14:48:32,553 [INFO] ThirdParty:1030 - CMSIS Pack Vendor :STMicroelectronics X-CUBE-AZRTOS-WL 2.0.0
2026-08-10 14:48:32,553 [INFO] ThirdParty:1030 - CMSIS Pack Vendor :SEGGER I-CUBE-embOS 1.3.1
2026-08-10 14:48:32,553 [INFO] ThirdParty:1030 - CMSIS Pack Vendor :STMicroelectronics X-CUBE-ALGOBUILD 1.4.0
2026-08-10 14:48:32,553 [INFO] ThirdParty:1030 - CMSIS Pack Vendor :STMicroelectronics USB_DEVICE 1.0.0
2026-08-10 14:48:32,553 [INFO] ThirdParty:1030 - CMSIS Pack Vendor :STMicroelectronics X-CUBE-AZRTOS-H7RS 1.2.0
2026-08-10 14:48:32,553 [INFO] ThirdParty:1030 - CMSIS Pack Vendor :STMicroelectronics X-CUBE-AZRTOS-L4 2.0.0
2026-08-10 14:48:32,553 [INFO] ThirdParty:1030 - CMSIS Pack Vendor :STMicroelectronics ThreadX 0.0.2
2026-08-10 14:48:32,553 [INFO] ThirdParty:1030 - CMSIS Pack Vendor :STMicroelectronics lwIP 2.1.2
2026-08-10 14:48:32,553 [INFO] ThirdParty:1030 - CMSIS Pack Vendor :STMicroelectronics X-CUBE-SFXS2LP1 4.0.0
2026-08-10 14:48:32,554 [INFO] ThirdParty:1030 - CMSIS Pack Vendor :STMicroelectronics X-CUBE-BLE2 3.3.0
2026-08-10 14:48:32,554 [INFO] ThirdParty:1030 - CMSIS Pack Vendor :STMicroelectronics X-CUBE-NFC13 1.0.0
2026-08-10 14:48:32,554 [INFO] ThirdParty:1030 - CMSIS Pack Vendor :STMicroelectronics PDM2PCM 3.2.0
2026-08-10 14:48:32,554 [INFO] ThirdParty:841 - exiting critical section [change project]
2026-08-10 14:48:32,920 [INFO] PinOutPanel:1499 - setPackage(No Configuration,No Configuration)
2026-08-10 14:48:32,922 [INFO] PinOutPanel:1499 - setPackage(STM32F405RGTx,LQFP64)
2026-08-10 14:48:33,469 [INFO] UtilMem:75 - Before build in PCC Used Memory: 885137856 Bytes (1073741824)
2026-08-10 14:48:33,894 [INFO] UtilMem:75 - After build in PCC Used Memory: 931797440 Bytes (1073741824)
2026-08-10 14:48:33,927 [INFO] IPUIPlugin:80 - create IPUIPlugin
2026-08-10 14:48:33,927 [INFO] IPUIPlugin:80 - create IPUIPlugin
2026-08-10 14:48:33,927 [INFO] IPUIPlugin:80 - create IPUIPlugin
2026-08-10 14:48:33,927 [INFO] IPUIPlugin:80 - create IPUIPlugin
2026-08-10 14:48:33,927 [INFO] IPUIPlugin:80 - create IPUIPlugin
2026-08-10 14:48:33,927 [INFO] IPUIPlugin:80 - create IPUIPlugin
2026-08-10 14:48:33,928 [INFO] IPUIPlugin:80 - create IPUIPlugin
2026-08-10 14:48:33,928 [INFO] IPUIPlugin:80 - create IPUIPlugin
2026-08-10 14:48:33,928 [INFO] IPUIPlugin:80 - create IPUIPlugin
2026-08-10 14:48:33,928 [INFO] IPUIPlugin:80 - create IPUIPlugin
2026-08-10 14:48:33,928 [INFO] IPUIPlugin:80 - create IPUIPlugin
2026-08-10 14:48:33,928 [INFO] IPUIPlugin:80 - create IPUIPlugin
2026-08-10 14:48:33,928 [INFO] IPUIPlugin:80 - create IPUIPlugin
2026-08-10 14:48:33,929 [INFO] IPUIPlugin:80 - create IPUIPlugin
2026-08-10 14:48:33,929 [INFO] IPUIPlugin:80 - create IPUIPlugin
2026-08-10 14:48:33,929 [INFO] IPUIPlugin:80 - create IPUIPlugin
2026-08-10 14:48:33,929 [INFO] IPUIPlugin:80 - create IPUIPlugin
2026-08-10 14:48:33,929 [INFO] IPUIPlugin:80 - create IPUIPlugin
2026-08-10 14:48:33,929 [INFO] IPUIPlugin:80 - create IPUIPlugin
2026-08-10 14:48:33,929 [INFO] IPUIPlugin:80 - create IPUIPlugin
2026-08-10 14:48:33,930 [INFO] IPUIPlugin:80 - create IPUIPlugin
2026-08-10 14:48:33,930 [INFO] IPUIPlugin:80 - create IPUIPlugin
2026-08-10 14:48:33,930 [INFO] IPUIPlugin:80 - create IPUIPlugin
2026-08-10 14:48:33,930 [INFO] IPUIPlugin:80 - create IPUIPlugin
2026-08-10 14:48:33,931 [INFO] IPUIPlugin:80 - create IPUIPlugin
2026-08-10 14:48:33,931 [INFO] IPUIPlugin:80 - create IPUIPlugin
2026-08-10 14:48:33,931 [INFO] IPUIPlugin:80 - create IPUIPlugin
2026-08-10 14:48:33,931 [INFO] IPUIPlugin:80 - create IPUIPlugin
2026-08-10 14:48:33,931 [INFO] IPUIPlugin:80 - create IPUIPlugin
2026-08-10 14:48:33,932 [INFO] IPUIPlugin:80 - create IPUIPlugin
2026-08-10 14:48:33,932 [INFO] IPUIPlugin:80 - create IPUIPlugin
2026-08-10 14:48:33,932 [INFO] IPUIPlugin:80 - create IPUIPlugin
2026-08-10 14:48:33,932 [INFO] IPUIPlugin:80 - create IPUIPlugin
2026-08-10 14:48:33,933 [INFO] IPUIPlugin:80 - create IPUIPlugin
2026-08-10 14:48:33,933 [INFO] IPUIPlugin:80 - create IPUIPlugin
2026-08-10 14:48:33,933 [INFO] IPUIPlugin:80 - create IPUIPlugin
2026-08-10 14:48:33,933 [INFO] IPUIPlugin:80 - create IPUIPlugin
2026-08-10 14:48:33,934 [INFO] IPUIPlugin:80 - create IPUIPlugin
2026-08-10 14:48:33,934 [INFO] IPUIPlugin:80 - create IPUIPlugin
2026-08-10 14:48:33,934 [INFO] IPUIPlugin:80 - create IPUIPlugin
2026-08-10 14:48:33,935 [INFO] IPUIPlugin:80 - create IPUIPlugin
2026-08-10 14:48:33,935 [INFO] IPUIPlugin:80 - create IPUIPlugin
2026-08-10 14:48:33,935 [INFO] IPUIPlugin:80 - create IPUIPlugin
2026-08-10 14:48:33,936 [INFO] IPUIPlugin:80 - create IPUIPlugin
2026-08-10 14:48:33,936 [INFO] IPUIPlugin:80 - create IPUIPlugin
2026-08-10 14:48:33,936 [INFO] IPUIPlugin:80 - create IPUIPlugin
2026-08-10 14:48:33,937 [INFO] IPUIPlugin:80 - create IPUIPlugin
2026-08-10 14:48:33,937 [INFO] IPUIPlugin:80 - create IPUIPlugin
2026-08-10 14:48:33,937 [INFO] IPUIPlugin:80 - create IPUIPlugin
2026-08-10 14:48:33,938 [INFO] IPUIPlugin:80 - create IPUIPlugin
2026-08-10 14:48:33,938 [INFO] IPUIPlugin:80 - create IPUIPlugin
2026-08-10 14:48:33,939 [INFO] IPUIPlugin:80 - create IPUIPlugin
2026-08-10 14:48:33,939 [INFO] IPUIPlugin:80 - create IPUIPlugin
2026-08-10 14:48:33,940 [INFO] IPUIPlugin:80 - create IPUIPlugin
2026-08-10 14:48:33,946 [INFO] ApiDbMcu:507 - Load IP Config File for PDM2PCM
2026-08-10 14:48:33,947 [WARN] IP:2114 - I2C_Coeff_DF not found: check if there is a RefParameter without a condition.
2026-08-10 14:48:33,947 [WARN] IP:2114 - Analog_Filter not found: check if there is a RefParameter without a condition.
2026-08-10 14:48:34,029 [INFO] CADModel:165 - CPN selected for project levelSTM32F405RGT6
2026-08-10 14:48:34,029 [INFO] CADModel:114 - Register for checkConnection events
2026-08-10 14:48:34,103 [INFO] OpenFileManager:328 - Restore cursor
2026-08-10 14:48:34,306 [WARN] IP:2114 - I2C_Coeff_DF not found: check if there is a RefParameter without a condition.
2026-08-10 14:48:34,306 [WARN] IP:2114 - Analog_Filter not found: check if there is a RefParameter without a condition.
2026-08-10 14:48:34,306 [WARN] IP:2114 - I2C_Coeff_DF not found: check if there is a RefParameter without a condition.
2026-08-10 14:48:34,306 [WARN] IP:2114 - Analog_Filter not found: check if there is a RefParameter without a condition.
2026-08-10 14:52:36,207 [INFO] MainUpdater:2868 - connection check result : 10
2026-08-10 14:52:36,207 [INFO] MainUpdater:2868 - connection check result : 10
2026-08-10 14:52:36,254 [INFO] MicroXplorer:468 - Change Database Path : 
2026-08-10 14:52:36,254 [INFO] MicroXplorer:498 - Change Database Version : DB.6.0.91
2026-08-10 14:52:36,270 [WARN] ThirdParty:871 - waiting for thirdparty lock release [close project]
2026-08-10 14:52:36,270 [INFO] ThirdParty:873 - entering critical section [close project]
2026-08-10 14:52:36,270 [INFO] ThirdParty:883 - exiting critical section [close project]
2026-08-10 14:52:36,271 [INFO] PinOutPanel:1499 - setPackage(No Configuration,No Configuration)
2026-08-10 14:52:36,275 [WARN] IpParametersView:151 - Warning: This peripheral hasn't parameters
2026-08-10 14:52:36,278 [WARN] MainPanel:272 - <html><b><center>Warning: This peripheral has no parameters to be configured<br></b></html>
2026-08-10 14:52:36,280 [INFO] UtilMem:75 - Begin LoadConfig() Used Memory: 954532648 Bytes (1073741824)
2026-08-10 14:52:36,280 [INFO] MicroXplorer:468 - Change Database Path : 
2026-08-10 14:52:36,280 [INFO] MicroXplorer:498 - Change Database Version : DB.6.0.91
2026-08-10 14:52:36,280 [INFO] OpenFileManager:308 - Change cursor
2026-08-10 14:52:36,286 [INFO] Mcu:1946 - Initializing MCU STM32F405RGTx STM32F405RGTx STM32F405RGT6
2026-08-10 14:52:37,138 [INFO] Context:659 - Trying to add GPIOservice into a context  which must be forbidden
2026-08-10 14:52:37,300 [INFO] RtosManager:555 - Registered RTOS mode: class=CMSIS, group=RTOS, mode=CMSIS_V1, owner=FREERTOS
2026-08-10 14:52:37,300 [INFO] RtosManager:555 - Registered RTOS mode: class=CMSIS, group=RTOS2, mode=CMSIS_V2, owner=FREERTOS
2026-08-10 14:52:37,300 [INFO] RtosManager:555 - Registered RTOS mode: class=RTOS, group=Core, mode=CMSIS_V1, owner=FREERTOS
2026-08-10 14:52:37,300 [INFO] RtosManager:555 - Registered RTOS mode: class=RTOS, group=Core, mode=CMSIS_V2, owner=FREERTOS
2026-08-10 14:52:37,300 [WARN] ModelIntegratedComponent:184 - Missing modes for component STMicroelectronics:FreeRTOS:0.0.1:STMicroelectronics:RTOS:FreeRTOS:Core:::10.2.0:
2026-08-10 14:52:37,344 [WARN] ModelIntegratedComponent:63 - No mode defined for component null
2026-08-10 14:52:37,344 [WARN] ModelIntegratedComponent:63 - No mode defined for component null
2026-08-10 14:52:37,344 [WARN] ModelIntegratedComponent:63 - No mode defined for component null
2026-08-10 14:52:37,344 [WARN] ModelIntegratedComponent:63 - No mode defined for component null
2026-08-10 14:52:37,344 [WARN] ModelIntegratedComponent:63 - No mode defined for component null
2026-08-10 14:52:37,344 [WARN] ModelIntegratedComponent:63 - No mode defined for component null
2026-08-10 14:52:37,344 [WARN] ModelIntegratedComponent:63 - No mode defined for component null
2026-08-10 14:52:37,344 [WARN] ModelIntegratedComponent:63 - No mode defined for component null
2026-08-10 14:52:37,344 [WARN] ModelIntegratedComponent:63 - No mode defined for component null
2026-08-10 14:52:37,344 [WARN] ModelIntegratedComponent:63 - No mode defined for component null
2026-08-10 14:52:37,344 [WARN] ModelIntegratedComponent:63 - No mode defined for component null
2026-08-10 14:52:37,345 [WARN] ModelIntegratedComponent:63 - No mode defined for component null
2026-08-10 14:52:37,345 [WARN] ModelIntegratedComponent:63 - No mode defined for component null
2026-08-10 14:52:37,345 [WARN] ModelIntegratedComponent:63 - No mode defined for component null
2026-08-10 14:52:37,345 [WARN] ModelIntegratedComponent:63 - No mode defined for component null
2026-08-10 14:52:37,345 [WARN] ModelIntegratedComponent:63 - No mode defined for component null
2026-08-10 14:52:37,345 [WARN] ModelIntegratedComponent:63 - No mode defined for component null
2026-08-10 14:52:37,345 [WARN] ModelIntegratedComponent:63 - No mode defined for component null
2026-08-10 14:52:37,345 [WARN] ModelIntegratedComponent:63 - No mode defined for component null
2026-08-10 14:52:37,345 [WARN] ModelIntegratedComponent:63 - No mode defined for component null
2026-08-10 14:52:37,345 [WARN] ModelIntegratedComponent:63 - No mode defined for component null
2026-08-10 14:52:37,345 [WARN] ModelIntegratedComponent:63 - No mode defined for component null
2026-08-10 14:52:37,345 [WARN] ModelIntegratedComponent:63 - No mode defined for component null
2026-08-10 14:52:37,345 [WARN] ModelIntegratedComponent:63 - No mode defined for component null
2026-08-10 14:52:37,345 [WARN] ModelIntegratedComponent:63 - No mode defined for component null
2026-08-10 14:52:37,345 [WARN] ModelIntegratedComponent:63 - No mode defined for component null
2026-08-10 14:52:37,345 [WARN] ModelIntegratedComponent:63 - No mode defined for component null
2026-08-10 14:52:37,345 [WARN] ModelIntegratedComponent:63 - No mode defined for component null
2026-08-10 14:52:37,345 [WARN] ModelIntegratedComponent:63 - No mode defined for component null
2026-08-10 14:52:37,345 [WARN] ModelIntegratedComponent:63 - No mode defined for component null
2026-08-10 14:52:37,345 [WARN] ModelIntegratedComponent:63 - No mode defined for component null
2026-08-10 14:52:37,345 [WARN] ModelIntegratedComponent:63 - No mode defined for component null
2026-08-10 14:52:37,345 [WARN] ModelIntegratedComponent:63 - No mode defined for component null
2026-08-10 14:52:37,408 [INFO] ThirdPartyModel:298 - Start build external matchings
2026-08-10 14:52:37,676 [INFO] ThirdPartyModel:316 - End build external matchings
2026-08-10 14:52:37,686 [INFO] ImportTextPane:194 - (OptionalMessage_ERROR) IP (DMA) : Parameter (Instance) has Id (USART1_RX) currently not set
2026-08-10 14:52:37,686 [INFO] ImportTextPane:194 - (OptionalMessage_ERROR) IP (DMA) : Parameter (Channel) has Id (USART1_RX) currently not set
2026-08-10 14:52:37,686 [INFO] ImportTextPane:194 - (OptionalMessage_ERROR) IP (DMA) : Parameter (Direction) has Id (USART1_RX) currently not set
2026-08-10 14:52:37,686 [INFO] ImportTextPane:194 - (OptionalMessage_ERROR) IP (DMA) : Parameter (PeriphInc) has Id (USART1_RX) currently not set
2026-08-10 14:52:37,686 [INFO] ImportTextPane:194 - (OptionalMessage_ERROR) IP (DMA) : Parameter (MemInc) has Id (USART1_RX) currently not set
2026-08-10 14:52:37,686 [INFO] ImportTextPane:194 - (OptionalMessage_ERROR) IP (DMA) : Parameter (PeriphDataAlignment) has Id (USART1_RX) currently not set
2026-08-10 14:52:37,686 [INFO] ImportTextPane:194 - (OptionalMessage_ERROR) IP (DMA) : Parameter (MemDataAlignment) has Id (USART1_RX) currently not set
2026-08-10 14:52:37,686 [INFO] ImportTextPane:194 - (OptionalMessage_ERROR) IP (DMA) : Parameter (Mode) has Id (USART1_RX) currently not set
2026-08-10 14:52:37,687 [INFO] ImportTextPane:194 - (OptionalMessage_ERROR) IP (DMA) : Parameter (Priority) has Id (USART1_RX) currently not set
2026-08-10 14:52:37,687 [INFO] ImportTextPane:194 - (OptionalMessage_ERROR) IP (DMA) : Parameter (FIFOMode) has Id (USART1_RX) currently not set
2026-08-10 14:52:37,687 [INFO] ImportTextPane:194 - (OptionalMessage_ERROR) IP (DMA) : Parameter (FIFOThreshold) has Id (USART1_RX) currently not set
2026-08-10 14:52:37,687 [INFO] ImportTextPane:194 - (OptionalMessage_ERROR) IP (DMA) : Parameter (FIFOThreshold) has invalid value (null)
2026-08-10 14:52:37,687 [INFO] ImportTextPane:194 - (OptionalMessage_ERROR) IP (DMA) : Parameter (MemBurst) has Id (USART1_RX) currently not set
2026-08-10 14:52:37,687 [INFO] ImportTextPane:194 - (OptionalMessage_ERROR) IP (DMA) : Parameter (MemBurst) has invalid value (null)
2026-08-10 14:52:37,687 [INFO] ImportTextPane:194 - (OptionalMessage_ERROR) IP (DMA) : Parameter (PeriphBurst) has Id (USART1_RX) currently not set
2026-08-10 14:52:37,687 [INFO] ImportTextPane:194 - (OptionalMessage_ERROR) IP (DMA) : Parameter (PeriphBurst) has invalid value (null)
2026-08-10 14:52:37,687 [INFO] ImportTextPane:194 - (OptionalMessage_ERROR) IP (RCC) : Parameter (48MHZClocksFreq_Value) has invalid value (84000000)
2026-08-10 14:52:37,688 [INFO] ImportTextPane:194 - (OptionalMessage_ERROR) IP (RCC) : Parameter (RTCHSEDivFreq_Value) has invalid value (4000000)
2026-08-10 14:52:37,956 [INFO] UtilMem:75 - End LoadConfig() Used Memory: 888725584 Bytes (1073741824)
2026-08-10 14:52:37,993 [WARN] ThirdParty:833 - waiting for thirdparty lock release [change project]
2026-08-10 14:52:37,994 [INFO] ThirdParty:835 - entering critical section [change project]
2026-08-10 14:52:37,994 [INFO] ThirdParty:1030 - CMSIS Pack Vendor :STMicroelectronics USBPD 4.1
2026-08-10 14:52:37,994 [INFO] ThirdParty:1030 - CMSIS Pack Vendor :STMicroelectronics USB_HOST 2.0.0
2026-08-10 14:52:37,994 [INFO] ThirdParty:1030 - CMSIS Pack Vendor :STMicroelectronics FP-ATR-ASTRA1 2.0.3
2026-08-10 14:52:37,994 [INFO] ThirdParty:1030 - CMSIS Pack Vendor :STMicroelectronics X-CUBE-AZRTOS-F4 1.1.0
2026-08-10 14:52:37,994 [INFO] ThirdParty:1030 - CMSIS Pack Vendor :STMicroelectronics LIBJPEG 8.0.0
2026-08-10 14:52:37,994 [INFO] ThirdParty:1030 - CMSIS Pack Vendor :STMicroelectronics FP-ATR-ASTRA1 2.0.2
2026-08-10 14:52:37,994 [INFO] ThirdParty:1030 - CMSIS Pack Vendor :STMicroelectronics X-CUBE-SMBUS 2.1.0
2026-08-10 14:52:37,994 [INFO] ThirdParty:1030 - CMSIS Pack Vendor :wolfSSL I-CUBE-wolfMQTT 1.19.2
2026-08-10 14:52:37,994 [INFO] ThirdParty:1030 - CMSIS Pack Vendor :STMicroelectronics USB_DEVICE 3.0.0
2026-08-10 14:52:37,994 [INFO] ThirdParty:1030 - CMSIS Pack Vendor :STMicroelectronics X-CUBE-AZRTOS-F7 1.1.0
2026-08-10 14:52:37,994 [INFO] ThirdParty:1030 - CMSIS Pack Vendor :STMicroelectronics USB_DEVICE 2.0.0
2026-08-10 14:52:37,994 [INFO] ThirdParty:1030 - CMSIS Pack Vendor :STMicroelectronics X-CUBE-ALGOBUILD 1.5.0
2026-08-10 14:52:37,994 [INFO] ThirdParty:1030 - CMSIS Pack Vendor :STMicroelectronics FreeRTOS 0.0.1
2026-08-10 14:52:37,994 [INFO] ThirdParty:1030 - CMSIS Pack Vendor :STMicroelectronics X-CUBE-AZRTOS-H7RS 1.3.0
2026-08-10 14:52:37,994 [INFO] ThirdParty:1030 - CMSIS Pack Vendor :STMicroelectronics X-CUBE-AZRTOS-G0 1.1.0
2026-08-10 14:52:37,994 [INFO] ThirdParty:1030 - CMSIS Pack Vendor :STMicroelectronics X-CUBE-NFC4 3.0.0
2026-08-10 14:52:37,994 [INFO] ThirdParty:1030 - CMSIS Pack Vendor :STMicroelectronics X-CUBE-SUBG2 5.0.0
2026-08-10 14:52:37,994 [INFO] ThirdParty:1030 - CMSIS Pack Vendor :STMicroelectronics STM32_WPAN 1.0.0
2026-08-10 14:52:37,994 [INFO] ThirdParty:1030 - CMSIS Pack Vendor :STMicroelectronics lwIP 2.0.3
2026-08-10 14:52:37,994 [INFO] ThirdParty:1030 - CMSIS Pack Vendor :STMicroelectronics X-CUBE-MEMS1 13.0.0
2026-08-10 14:52:37,994 [INFO] ThirdParty:1030 - CMSIS Pack Vendor :STMicroelectronics USB_HOST 1.0.0
2026-08-10 14:52:37,994 [INFO] ThirdParty:1030 - CMSIS Pack Vendor :STMicroelectronics X-CUBE-AZRTOS-G4 2.0.0
2026-08-10 14:52:37,994 [INFO] ThirdParty:1030 - CMSIS Pack Vendor :STMicroelectronics PDM2PCM 3.1.0
2026-08-10 14:52:37,994 [INFO] ThirdParty:1030 - CMSIS Pack Vendor :STMicroelectronics PDM2PCM 3.3.0
2026-08-10 14:52:37,994 [INFO] ThirdParty:1030 - CMSIS Pack Vendor :wolfSSL I-CUBE-wolfTPM 3.8.0
2026-08-10 14:52:37,994 [INFO] ThirdParty:1030 - CMSIS Pack Vendor :STMicroelectronics X-CUBE-DISPLAY 3.0.0
2026-08-10 14:52:37,994 [INFO] ThirdParty:1030 - CMSIS Pack Vendor :wolfSSL I-CUBE-wolfSSH 1.4.20
2026-08-10 14:52:37,994 [INFO] ThirdParty:1030 - CMSIS Pack Vendor :wolfSSL I-CUBE-wolfSSL 5.9.1
2026-08-10 14:52:37,994 [INFO] ThirdParty:1030 - CMSIS Pack Vendor :STMicroelectronics FP-ATR-SIGFOX1 3.2.0
2026-08-10 14:52:37,994 [INFO] ThirdParty:1030 - CMSIS Pack Vendor :STMicroelectronics HAL Drivers 0.0.0
2026-08-10 14:52:37,994 [INFO] ThirdParty:1030 - CMSIS Pack Vendor :STMicroelectronics MBEDTLS 2.16.2
2026-08-10 14:52:37,994 [INFO] ThirdParty:1030 - CMSIS Pack Vendor :emotas I-CUBE-CANOPEN 1.3.0
2026-08-10 14:52:37,994 [INFO] ThirdParty:1030 - CMSIS Pack Vendor :STMicroelectronics MBEDTLS 2.14.1
2026-08-10 14:52:37,994 [INFO] ThirdParty:1030 - CMSIS Pack Vendor :ITTIA_DB I-CUBE-ITTIADB 8.9.0
2026-08-10 14:52:37,994 [INFO] ThirdParty:1030 - CMSIS Pack Vendor :STMicroelectronics X-CUBE-TOUCHGFX 4.26.1
2026-08-10 14:52:37,994 [INFO] ThirdParty:1030 - CMSIS Pack Vendor :STMicroelectronics X-CUBE-AI 10.2.1
2026-08-10 14:52:37,994 [INFO] ThirdParty:1030 - CMSIS Pack Vendor :STMicroelectronics ThreadX 1.0.0
2026-08-10 14:52:37,994 [INFO] ThirdParty:1030 - CMSIS Pack Vendor :STMicroelectronics X-CUBE-MEMS1 12.1.0
2026-08-10 14:52:37,994 [INFO] ThirdParty:1030 - CMSIS Pack Vendor :STMicroelectronics X-CUBE-AZRTOS-WL 2.0.0
2026-08-10 14:52:37,994 [INFO] ThirdParty:1030 - CMSIS Pack Vendor :SEGGER I-CUBE-embOS 1.3.1
2026-08-10 14:52:37,994 [INFO] ThirdParty:1030 - CMSIS Pack Vendor :STMicroelectronics X-CUBE-ALGOBUILD 1.4.0
2026-08-10 14:52:37,994 [INFO] ThirdParty:1030 - CMSIS Pack Vendor :STMicroelectronics USB_DEVICE 1.0.0
2026-08-10 14:52:37,994 [INFO] ThirdParty:1030 - CMSIS Pack Vendor :STMicroelectronics X-CUBE-AZRTOS-H7RS 1.2.0
2026-08-10 14:52:37,994 [INFO] ThirdParty:1030 - CMSIS Pack Vendor :STMicroelectronics X-CUBE-AZRTOS-L4 2.0.0
2026-08-10 14:52:37,994 [INFO] ThirdParty:1030 - CMSIS Pack Vendor :STMicroelectronics ThreadX 0.0.2
2026-08-10 14:52:37,994 [INFO] ThirdParty:1030 - CMSIS Pack Vendor :STMicroelectronics lwIP 2.1.2
2026-08-10 14:52:37,995 [INFO] ThirdParty:1030 - CMSIS Pack Vendor :STMicroelectronics X-CUBE-SFXS2LP1 4.0.0
2026-08-10 14:52:37,995 [INFO] ThirdParty:1030 - CMSIS Pack Vendor :STMicroelectronics X-CUBE-BLE2 3.3.0
2026-08-10 14:52:37,995 [INFO] ThirdParty:1030 - CMSIS Pack Vendor :STMicroelectronics X-CUBE-NFC13 1.0.0
2026-08-10 14:52:37,995 [INFO] ThirdParty:1030 - CMSIS Pack Vendor :STMicroelectronics PDM2PCM 3.2.0
2026-08-10 14:52:37,995 [INFO] ThirdParty:841 - exiting critical section [change project]
2026-08-10 14:52:38,106 [INFO] PinOutPanel:1499 - setPackage(No Configuration,No Configuration)
2026-08-10 14:52:38,106 [INFO] PinOutPanel:1499 - setPackage(STM32F405RGTx,LQFP64)
2026-08-10 14:52:38,272 [INFO] UtilMem:75 - Before build in PCC Used Memory: 848537008 Bytes (1073741824)
2026-08-10 14:52:38,434 [INFO] UtilMem:75 - After build in PCC Used Memory: 894674352 Bytes (1073741824)
2026-08-10 14:52:38,456 [INFO] IPUIPlugin:80 - create IPUIPlugin
2026-08-10 14:52:38,456 [INFO] IPUIPlugin:80 - create IPUIPlugin
2026-08-10 14:52:38,457 [INFO] IPUIPlugin:80 - create IPUIPlugin
2026-08-10 14:52:38,457 [INFO] IPUIPlugin:80 - create IPUIPlugin
2026-08-10 14:52:38,457 [INFO] IPUIPlugin:80 - create IPUIPlugin
2026-08-10 14:52:38,457 [INFO] IPUIPlugin:80 - create IPUIPlugin
2026-08-10 14:52:38,458 [INFO] IPUIPlugin:80 - create IPUIPlugin
2026-08-10 14:52:38,458 [INFO] IPUIPlugin:80 - create IPUIPlugin
2026-08-10 14:52:38,458 [INFO] IPUIPlugin:80 - create IPUIPlugin
2026-08-10 14:52:38,458 [INFO] IPUIPlugin:80 - create IPUIPlugin
2026-08-10 14:52:38,458 [INFO] IPUIPlugin:80 - create IPUIPlugin
2026-08-10 14:52:38,458 [INFO] IPUIPlugin:80 - create IPUIPlugin
2026-08-10 14:52:38,458 [INFO] IPUIPlugin:80 - create IPUIPlugin
2026-08-10 14:52:38,458 [INFO] IPUIPlugin:80 - create IPUIPlugin
2026-08-10 14:52:38,458 [INFO] IPUIPlugin:80 - create IPUIPlugin
2026-08-10 14:52:38,458 [INFO] IPUIPlugin:80 - create IPUIPlugin
2026-08-10 14:52:38,459 [INFO] IPUIPlugin:80 - create IPUIPlugin
2026-08-10 14:52:38,459 [INFO] IPUIPlugin:80 - create IPUIPlugin
2026-08-10 14:52:38,459 [INFO] IPUIPlugin:80 - create IPUIPlugin
2026-08-10 14:52:38,459 [INFO] IPUIPlugin:80 - create IPUIPlugin
2026-08-10 14:52:38,459 [INFO] IPUIPlugin:80 - create IPUIPlugin
2026-08-10 14:52:38,460 [INFO] IPUIPlugin:80 - create IPUIPlugin
2026-08-10 14:52:38,460 [INFO] IPUIPlugin:80 - create IPUIPlugin
2026-08-10 14:52:38,460 [INFO] IPUIPlugin:80 - create IPUIPlugin
2026-08-10 14:52:38,461 [INFO] IPUIPlugin:80 - create IPUIPlugin
2026-08-10 14:52:38,461 [INFO] IPUIPlugin:80 - create IPUIPlugin
2026-08-10 14:52:38,461 [INFO] IPUIPlugin:80 - create IPUIPlugin
2026-08-10 14:52:38,462 [INFO] IPUIPlugin:80 - create IPUIPlugin
2026-08-10 14:52:38,462 [INFO] IPUIPlugin:80 - create IPUIPlugin
2026-08-10 14:52:38,462 [INFO] IPUIPlugin:80 - create IPUIPlugin
2026-08-10 14:52:38,463 [INFO] IPUIPlugin:80 - create IPUIPlugin
2026-08-10 14:52:38,463 [INFO] IPUIPlugin:80 - create IPUIPlugin
2026-08-10 14:52:38,464 [INFO] IPUIPlugin:80 - create IPUIPlugin
2026-08-10 14:52:38,464 [INFO] IPUIPlugin:80 - create IPUIPlugin
2026-08-10 14:52:38,464 [INFO] IPUIPlugin:80 - create IPUIPlugin
2026-08-10 14:52:38,465 [INFO] IPUIPlugin:80 - create IPUIPlugin
2026-08-10 14:52:38,465 [INFO] IPUIPlugin:80 - create IPUIPlugin
2026-08-10 14:52:38,465 [INFO] IPUIPlugin:80 - create IPUIPlugin
2026-08-10 14:52:38,466 [INFO] IPUIPlugin:80 - create IPUIPlugin
2026-08-10 14:52:38,466 [INFO] IPUIPlugin:80 - create IPUIPlugin
2026-08-10 14:52:38,467 [INFO] IPUIPlugin:80 - create IPUIPlugin
2026-08-10 14:52:38,467 [INFO] IPUIPlugin:80 - create IPUIPlugin
2026-08-10 14:52:38,467 [INFO] IPUIPlugin:80 - create IPUIPlugin
2026-08-10 14:52:38,468 [INFO] IPUIPlugin:80 - create IPUIPlugin
2026-08-10 14:52:38,468 [INFO] IPUIPlugin:80 - create IPUIPlugin
2026-08-10 14:52:38,469 [INFO] IPUIPlugin:80 - create IPUIPlugin
2026-08-10 14:52:38,469 [INFO] IPUIPlugin:80 - create IPUIPlugin
2026-08-10 14:52:38,469 [INFO] IPUIPlugin:80 - create IPUIPlugin
2026-08-10 14:52:38,470 [INFO] IPUIPlugin:80 - create IPUIPlugin
2026-08-10 14:52:38,471 [INFO] IPUIPlugin:80 - create IPUIPlugin
2026-08-10 14:52:38,471 [INFO] IPUIPlugin:80 - create IPUIPlugin
2026-08-10 14:52:38,472 [INFO] IPUIPlugin:80 - create IPUIPlugin
2026-08-10 14:52:38,472 [INFO] IPUIPlugin:80 - create IPUIPlugin
2026-08-10 14:52:38,473 [INFO] IPUIPlugin:80 - create IPUIPlugin
2026-08-10 14:52:38,476 [INFO] ApiDbMcu:507 - Load IP Config File for PDM2PCM
2026-08-10 14:52:38,532 [INFO] CADModel:165 - CPN selected for project levelSTM32F405RGT6
2026-08-10 14:52:38,533 [INFO] CADModel:114 - Register for checkConnection events
2026-08-10 14:52:38,596 [INFO] OpenFileManager:328 - Restore cursor
2026-08-10 15:06:04,434 [ERROR] ConfigurationRetriever:142 - IOException on connection: sw-center.st.com
2026-08-10 15:06:04,434 [ERROR] ConfigurationRetriever:142 - IOException on connection: sw-center.st.com
2026-08-10 15:06:04,435 [ERROR] ConfigurationRetriever:142 - IOException on connection: sw-center.st.com
2026-08-10 15:54:16,957 [INFO] MainUpdater:2868 - connection check result : 10
2026-08-10 15:54:16,958 [INFO] MainUpdater:2868 - connection check result : 10
2026-08-10 15:54:17,014 [INFO] MicroXplorer:468 - Change Database Path : 
2026-08-10 15:54:17,014 [INFO] MicroXplorer:498 - Change Database Version : DB.6.0.91
2026-08-10 15:54:17,028 [WARN] ThirdParty:871 - waiting for thirdparty lock release [close project]
2026-08-10 15:54:17,028 [INFO] ThirdParty:873 - entering critical section [close project]
2026-08-10 15:54:17,028 [INFO] ThirdParty:883 - exiting critical section [close project]
2026-08-10 15:54:17,029 [INFO] PinOutPanel:1499 - setPackage(No Configuration,No Configuration)
2026-08-10 15:54:17,032 [WARN] IpParametersView:151 - Warning: This peripheral hasn't parameters
2026-08-10 15:54:17,034 [WARN] MainPanel:272 - <html><b><center>Warning: This peripheral has no parameters to be configured<br></b></html>
2026-08-10 15:54:17,036 [INFO] UtilMem:75 - Begin LoadConfig() Used Memory: 926203880 Bytes (1073741824)
2026-08-10 15:54:17,036 [INFO] MicroXplorer:468 - Change Database Path : 
2026-08-10 15:54:17,036 [INFO] MicroXplorer:498 - Change Database Version : DB.6.0.91
2026-08-10 15:54:17,036 [INFO] OpenFileManager:308 - Change cursor
2026-08-10 15:54:17,042 [INFO] Mcu:1946 - Initializing MCU STM32F405RGTx STM32F405RGTx STM32F405RGT6
2026-08-10 15:54:17,753 [INFO] Context:659 - Trying to add GPIOservice into a context  which must be forbidden
2026-08-10 15:54:17,904 [INFO] RtosManager:555 - Registered RTOS mode: class=CMSIS, group=RTOS, mode=CMSIS_V1, owner=FREERTOS
2026-08-10 15:54:17,904 [INFO] RtosManager:555 - Registered RTOS mode: class=CMSIS, group=RTOS2, mode=CMSIS_V2, owner=FREERTOS
2026-08-10 15:54:17,904 [INFO] RtosManager:555 - Registered RTOS mode: class=RTOS, group=Core, mode=CMSIS_V1, owner=FREERTOS
2026-08-10 15:54:17,904 [INFO] RtosManager:555 - Registered RTOS mode: class=RTOS, group=Core, mode=CMSIS_V2, owner=FREERTOS
2026-08-10 15:54:17,904 [WARN] ModelIntegratedComponent:184 - Missing modes for component STMicroelectronics:FreeRTOS:0.0.1:STMicroelectronics:RTOS:FreeRTOS:Core:::10.2.0:
2026-08-10 15:54:17,946 [WARN] ModelIntegratedComponent:63 - No mode defined for component null
2026-08-10 15:54:17,946 [WARN] ModelIntegratedComponent:63 - No mode defined for component null
2026-08-10 15:54:17,946 [WARN] ModelIntegratedComponent:63 - No mode defined for component null
2026-08-10 15:54:17,947 [WARN] ModelIntegratedComponent:63 - No mode defined for component null
2026-08-10 15:54:17,947 [WARN] ModelIntegratedComponent:63 - No mode defined for component null
2026-08-10 15:54:17,947 [WARN] ModelIntegratedComponent:63 - No mode defined for component null
2026-08-10 15:54:17,947 [WARN] ModelIntegratedComponent:63 - No mode defined for component null
2026-08-10 15:54:17,947 [WARN] ModelIntegratedComponent:63 - No mode defined for component null
2026-08-10 15:54:17,947 [WARN] ModelIntegratedComponent:63 - No mode defined for component null
2026-08-10 15:54:17,947 [WARN] ModelIntegratedComponent:63 - No mode defined for component null
2026-08-10 15:54:17,947 [WARN] ModelIntegratedComponent:63 - No mode defined for component null
2026-08-10 15:54:17,947 [WARN] ModelIntegratedComponent:63 - No mode defined for component null
2026-08-10 15:54:17,947 [WARN] ModelIntegratedComponent:63 - No mode defined for component null
2026-08-10 15:54:17,947 [WARN] ModelIntegratedComponent:63 - No mode defined for component null
2026-08-10 15:54:17,947 [WARN] ModelIntegratedComponent:63 - No mode defined for component null
2026-08-10 15:54:17,947 [WARN] ModelIntegratedComponent:63 - No mode defined for component null
2026-08-10 15:54:17,947 [WARN] ModelIntegratedComponent:63 - No mode defined for component null
2026-08-10 15:54:17,947 [WARN] ModelIntegratedComponent:63 - No mode defined for component null
2026-08-10 15:54:17,947 [WARN] ModelIntegratedComponent:63 - No mode defined for component null
2026-08-10 15:54:17,947 [WARN] ModelIntegratedComponent:63 - No mode defined for component null
2026-08-10 15:54:17,947 [WARN] ModelIntegratedComponent:63 - No mode defined for component null
2026-08-10 15:54:17,947 [WARN] ModelIntegratedComponent:63 - No mode defined for component null
2026-08-10 15:54:17,947 [WARN] ModelIntegratedComponent:63 - No mode defined for component null
2026-08-10 15:54:17,947 [WARN] ModelIntegratedComponent:63 - No mode defined for component null
2026-08-10 15:54:17,947 [WARN] ModelIntegratedComponent:63 - No mode defined for component null
2026-08-10 15:54:17,947 [WARN] ModelIntegratedComponent:63 - No mode defined for component null
2026-08-10 15:54:17,947 [WARN] ModelIntegratedComponent:63 - No mode defined for component null
2026-08-10 15:54:17,947 [WARN] ModelIntegratedComponent:63 - No mode defined for component null
2026-08-10 15:54:17,947 [WARN] ModelIntegratedComponent:63 - No mode defined for component null
2026-08-10 15:54:17,947 [WARN] ModelIntegratedComponent:63 - No mode defined for component null
2026-08-10 15:54:17,947 [WARN] ModelIntegratedComponent:63 - No mode defined for component null
2026-08-10 15:54:17,947 [WARN] ModelIntegratedComponent:63 - No mode defined for component null
2026-08-10 15:54:17,947 [WARN] ModelIntegratedComponent:63 - No mode defined for component null
2026-08-10 15:54:17,987 [INFO] ThirdPartyModel:298 - Start build external matchings
2026-08-10 15:54:18,200 [INFO] ThirdPartyModel:316 - End build external matchings
2026-08-10 15:54:18,207 [INFO] ImportTextPane:194 - (OptionalMessage_ERROR) IP (DMA) : Parameter (Instance) has Id (USART1_RX) currently not set
2026-08-10 15:54:18,208 [INFO] ImportTextPane:194 - (OptionalMessage_ERROR) IP (DMA) : Parameter (Channel) has Id (USART1_RX) currently not set
2026-08-10 15:54:18,208 [INFO] ImportTextPane:194 - (OptionalMessage_ERROR) IP (DMA) : Parameter (Direction) has Id (USART1_RX) currently not set
2026-08-10 15:54:18,208 [INFO] ImportTextPane:194 - (OptionalMessage_ERROR) IP (DMA) : Parameter (PeriphInc) has Id (USART1_RX) currently not set
2026-08-10 15:54:18,208 [INFO] ImportTextPane:194 - (OptionalMessage_ERROR) IP (DMA) : Parameter (MemInc) has Id (USART1_RX) currently not set
2026-08-10 15:54:18,208 [INFO] ImportTextPane:194 - (OptionalMessage_ERROR) IP (DMA) : Parameter (PeriphDataAlignment) has Id (USART1_RX) currently not set
2026-08-10 15:54:18,208 [INFO] ImportTextPane:194 - (OptionalMessage_ERROR) IP (DMA) : Parameter (MemDataAlignment) has Id (USART1_RX) currently not set
2026-08-10 15:54:18,208 [INFO] ImportTextPane:194 - (OptionalMessage_ERROR) IP (DMA) : Parameter (Mode) has Id (USART1_RX) currently not set
2026-08-10 15:54:18,208 [INFO] ImportTextPane:194 - (OptionalMessage_ERROR) IP (DMA) : Parameter (Priority) has Id (USART1_RX) currently not set
2026-08-10 15:54:18,208 [INFO] ImportTextPane:194 - (OptionalMessage_ERROR) IP (DMA) : Parameter (FIFOMode) has Id (USART1_RX) currently not set
2026-08-10 15:54:18,208 [INFO] ImportTextPane:194 - (OptionalMessage_ERROR) IP (DMA) : Parameter (FIFOThreshold) has Id (USART1_RX) currently not set
2026-08-10 15:54:18,208 [INFO] ImportTextPane:194 - (OptionalMessage_ERROR) IP (DMA) : Parameter (FIFOThreshold) has invalid value (null)
2026-08-10 15:54:18,208 [INFO] ImportTextPane:194 - (OptionalMessage_ERROR) IP (DMA) : Parameter (MemBurst) has Id (USART1_RX) currently not set
2026-08-10 15:54:18,208 [INFO] ImportTextPane:194 - (OptionalMessage_ERROR) IP (DMA) : Parameter (MemBurst) has invalid value (null)
2026-08-10 15:54:18,208 [INFO] ImportTextPane:194 - (OptionalMessage_ERROR) IP (DMA) : Parameter (PeriphBurst) has Id (USART1_RX) currently not set
2026-08-10 15:54:18,208 [INFO] ImportTextPane:194 - (OptionalMessage_ERROR) IP (DMA) : Parameter (PeriphBurst) has invalid value (null)
2026-08-10 15:54:18,209 [INFO] ImportTextPane:194 - (OptionalMessage_ERROR) IP (RCC) : Parameter (48MHZClocksFreq_Value) has invalid value (84000000)
2026-08-10 15:54:18,209 [INFO] ImportTextPane:194 - (OptionalMessage_ERROR) IP (RCC) : Parameter (RTCHSEDivFreq_Value) has invalid value (4000000)
2026-08-10 15:54:18,413 [INFO] UtilMem:75 - End LoadConfig() Used Memory: 915384624 Bytes (1073741824)
2026-08-10 15:54:18,456 [WARN] ThirdParty:833 - waiting for thirdparty lock release [change project]
2026-08-10 15:54:18,457 [INFO] ThirdParty:835 - entering critical section [change project]
2026-08-10 15:54:18,457 [INFO] ThirdParty:1030 - CMSIS Pack Vendor :STMicroelectronics USBPD 4.1
2026-08-10 15:54:18,457 [INFO] ThirdParty:1030 - CMSIS Pack Vendor :STMicroelectronics USB_HOST 2.0.0
2026-08-10 15:54:18,457 [INFO] ThirdParty:1030 - CMSIS Pack Vendor :STMicroelectronics FP-ATR-ASTRA1 2.0.3
2026-08-10 15:54:18,457 [INFO] ThirdParty:1030 - CMSIS Pack Vendor :STMicroelectronics X-CUBE-AZRTOS-F4 1.1.0
2026-08-10 15:54:18,457 [INFO] ThirdParty:1030 - CMSIS Pack Vendor :STMicroelectronics LIBJPEG 8.0.0
2026-08-10 15:54:18,457 [INFO] ThirdParty:1030 - CMSIS Pack Vendor :STMicroelectronics FP-ATR-ASTRA1 2.0.2
2026-08-10 15:54:18,457 [INFO] ThirdParty:1030 - CMSIS Pack Vendor :STMicroelectronics X-CUBE-SMBUS 2.1.0
2026-08-10 15:54:18,457 [INFO] ThirdParty:1030 - CMSIS Pack Vendor :wolfSSL I-CUBE-wolfMQTT 1.19.2
2026-08-10 15:54:18,457 [INFO] ThirdParty:1030 - CMSIS Pack Vendor :STMicroelectronics USB_DEVICE 3.0.0
2026-08-10 15:54:18,457 [INFO] ThirdParty:1030 - CMSIS Pack Vendor :STMicroelectronics X-CUBE-AZRTOS-F7 1.1.0
2026-08-10 15:54:18,457 [INFO] ThirdParty:1030 - CMSIS Pack Vendor :STMicroelectronics USB_DEVICE 2.0.0
2026-08-10 15:54:18,457 [INFO] ThirdParty:1030 - CMSIS Pack Vendor :STMicroelectronics X-CUBE-ALGOBUILD 1.5.0
2026-08-10 15:54:18,457 [INFO] ThirdParty:1030 - CMSIS Pack Vendor :STMicroelectronics FreeRTOS 0.0.1
2026-08-10 15:54:18,457 [INFO] ThirdParty:1030 - CMSIS Pack Vendor :STMicroelectronics X-CUBE-AZRTOS-H7RS 1.3.0
2026-08-10 15:54:18,457 [INFO] ThirdParty:1030 - CMSIS Pack Vendor :STMicroelectronics X-CUBE-AZRTOS-G0 1.1.0
2026-08-10 15:54:18,457 [INFO] ThirdParty:1030 - CMSIS Pack Vendor :STMicroelectronics X-CUBE-NFC4 3.0.0
2026-08-10 15:54:18,457 [INFO] ThirdParty:1030 - CMSIS Pack Vendor :STMicroelectronics X-CUBE-SUBG2 5.0.0
2026-08-10 15:54:18,457 [INFO] ThirdParty:1030 - CMSIS Pack Vendor :STMicroelectronics STM32_WPAN 1.0.0
2026-08-10 15:54:18,457 [INFO] ThirdParty:1030 - CMSIS Pack Vendor :STMicroelectronics lwIP 2.0.3
2026-08-10 15:54:18,457 [INFO] ThirdParty:1030 - CMSIS Pack Vendor :STMicroelectronics X-CUBE-MEMS1 13.0.0
2026-08-10 15:54:18,457 [INFO] ThirdParty:1030 - CMSIS Pack Vendor :STMicroelectronics USB_HOST 1.0.0
2026-08-10 15:54:18,457 [INFO] ThirdParty:1030 - CMSIS Pack Vendor :STMicroelectronics X-CUBE-AZRTOS-G4 2.0.0
2026-08-10 15:54:18,457 [INFO] ThirdParty:1030 - CMSIS Pack Vendor :STMicroelectronics PDM2PCM 3.1.0
2026-08-10 15:54:18,457 [INFO] ThirdParty:1030 - CMSIS Pack Vendor :STMicroelectronics PDM2PCM 3.3.0
2026-08-10 15:54:18,457 [INFO] ThirdParty:1030 - CMSIS Pack Vendor :wolfSSL I-CUBE-wolfTPM 3.8.0
2026-08-10 15:54:18,457 [INFO] ThirdParty:1030 - CMSIS Pack Vendor :STMicroelectronics X-CUBE-DISPLAY 3.0.0
2026-08-10 15:54:18,457 [INFO] ThirdParty:1030 - CMSIS Pack Vendor :wolfSSL I-CUBE-wolfSSH 1.4.20
2026-08-10 15:54:18,457 [INFO] ThirdParty:1030 - CMSIS Pack Vendor :wolfSSL I-CUBE-wolfSSL 5.9.1
2026-08-10 15:54:18,457 [INFO] ThirdParty:1030 - CMSIS Pack Vendor :STMicroelectronics FP-ATR-SIGFOX1 3.2.0
2026-08-10 15:54:18,457 [INFO] ThirdParty:1030 - CMSIS Pack Vendor :STMicroelectronics HAL Drivers 0.0.0
2026-08-10 15:54:18,457 [INFO] ThirdParty:1030 - CMSIS Pack Vendor :STMicroelectronics MBEDTLS 2.16.2
2026-08-10 15:54:18,457 [INFO] ThirdParty:1030 - CMSIS Pack Vendor :emotas I-CUBE-CANOPEN 1.3.0
2026-08-10 15:54:18,457 [INFO] ThirdParty:1030 - CMSIS Pack Vendor :STMicroelectronics MBEDTLS 2.14.1
2026-08-10 15:54:18,457 [INFO] ThirdParty:1030 - CMSIS Pack Vendor :ITTIA_DB I-CUBE-ITTIADB 8.9.0
2026-08-10 15:54:18,457 [INFO] ThirdParty:1030 - CMSIS Pack Vendor :STMicroelectronics X-CUBE-TOUCHGFX 4.26.1
2026-08-10 15:54:18,457 [INFO] ThirdParty:1030 - CMSIS Pack Vendor :STMicroelectronics X-CUBE-AI 10.2.1
2026-08-10 15:54:18,457 [INFO] ThirdParty:1030 - CMSIS Pack Vendor :STMicroelectronics ThreadX 1.0.0
2026-08-10 15:54:18,457 [INFO] ThirdParty:1030 - CMSIS Pack Vendor :STMicroelectronics X-CUBE-MEMS1 12.1.0
2026-08-10 15:54:18,458 [INFO] ThirdParty:1030 - CMSIS Pack Vendor :STMicroelectronics X-CUBE-AZRTOS-WL 2.0.0
2026-08-10 15:54:18,458 [INFO] ThirdParty:1030 - CMSIS Pack Vendor :SEGGER I-CUBE-embOS 1.3.1
2026-08-10 15:54:18,458 [INFO] ThirdParty:1030 - CMSIS Pack Vendor :STMicroelectronics X-CUBE-ALGOBUILD 1.4.0
2026-08-10 15:54:18,458 [INFO] ThirdParty:1030 - CMSIS Pack Vendor :STMicroelectronics USB_DEVICE 1.0.0
2026-08-10 15:54:18,458 [INFO] ThirdParty:1030 - CMSIS Pack Vendor :STMicroelectronics X-CUBE-AZRTOS-H7RS 1.2.0
2026-08-10 15:54:18,458 [INFO] ThirdParty:1030 - CMSIS Pack Vendor :STMicroelectronics X-CUBE-AZRTOS-L4 2.0.0
2026-08-10 15:54:18,458 [INFO] ThirdParty:1030 - CMSIS Pack Vendor :STMicroelectronics ThreadX 0.0.2
2026-08-10 15:54:18,458 [INFO] ThirdParty:1030 - CMSIS Pack Vendor :STMicroelectronics lwIP 2.1.2
2026-08-10 15:54:18,458 [INFO] ThirdParty:1030 - CMSIS Pack Vendor :STMicroelectronics X-CUBE-SFXS2LP1 4.0.0
2026-08-10 15:54:18,458 [INFO] ThirdParty:1030 - CMSIS Pack Vendor :STMicroelectronics X-CUBE-BLE2 3.3.0
2026-08-10 15:54:18,458 [INFO] ThirdParty:1030 - CMSIS Pack Vendor :STMicroelectronics X-CUBE-NFC13 1.0.0
2026-08-10 15:54:18,458 [INFO] ThirdParty:1030 - CMSIS Pack Vendor :STMicroelectronics PDM2PCM 3.2.0
2026-08-10 15:54:18,458 [INFO] ThirdParty:841 - exiting critical section [change project]
2026-08-10 15:54:18,592 [INFO] PinOutPanel:1499 - setPackage(No Configuration,No Configuration)
2026-08-10 15:54:18,592 [INFO] PinOutPanel:1499 - setPackage(STM32F405RGTx,LQFP64)
2026-08-10 15:54:18,775 [INFO] UtilMem:75 - Before build in PCC Used Memory: 946341344 Bytes (1073741824)
2026-08-10 15:54:18,890 [INFO] UtilMem:75 - After build in PCC Used Memory: 845111272 Bytes (1073741824)
2026-08-10 15:54:18,921 [INFO] IPUIPlugin:80 - create IPUIPlugin
2026-08-10 15:54:18,921 [INFO] IPUIPlugin:80 - create IPUIPlugin
2026-08-10 15:54:18,921 [INFO] IPUIPlugin:80 - create IPUIPlugin
2026-08-10 15:54:18,921 [INFO] IPUIPlugin:80 - create IPUIPlugin
2026-08-10 15:54:18,922 [INFO] IPUIPlugin:80 - create IPUIPlugin
2026-08-10 15:54:18,922 [INFO] IPUIPlugin:80 - create IPUIPlugin
2026-08-10 15:54:18,922 [INFO] IPUIPlugin:80 - create IPUIPlugin
2026-08-10 15:54:18,922 [INFO] IPUIPlugin:80 - create IPUIPlugin
2026-08-10 15:54:18,922 [INFO] IPUIPlugin:80 - create IPUIPlugin
2026-08-10 15:54:18,922 [INFO] IPUIPlugin:80 - create IPUIPlugin
2026-08-10 15:54:18,922 [INFO] IPUIPlugin:80 - create IPUIPlugin
2026-08-10 15:54:18,922 [INFO] IPUIPlugin:80 - create IPUIPlugin
2026-08-10 15:54:18,922 [INFO] IPUIPlugin:80 - create IPUIPlugin
2026-08-10 15:54:18,922 [INFO] IPUIPlugin:80 - create IPUIPlugin
2026-08-10 15:54:18,922 [INFO] IPUIPlugin:80 - create IPUIPlugin
2026-08-10 15:54:18,922 [INFO] IPUIPlugin:80 - create IPUIPlugin
2026-08-10 15:54:18,922 [INFO] IPUIPlugin:80 - create IPUIPlugin
2026-08-10 15:54:18,923 [INFO] IPUIPlugin:80 - create IPUIPlugin
2026-08-10 15:54:18,923 [INFO] IPUIPlugin:80 - create IPUIPlugin
2026-08-10 15:54:18,923 [INFO] IPUIPlugin:80 - create IPUIPlugin
2026-08-10 15:54:18,923 [INFO] IPUIPlugin:80 - create IPUIPlugin
2026-08-10 15:54:18,923 [INFO] IPUIPlugin:80 - create IPUIPlugin
2026-08-10 15:54:18,923 [INFO] IPUIPlugin:80 - create IPUIPlugin
2026-08-10 15:54:18,923 [INFO] IPUIPlugin:80 - create IPUIPlugin
2026-08-10 15:54:18,923 [INFO] IPUIPlugin:80 - create IPUIPlugin
2026-08-10 15:54:18,924 [INFO] IPUIPlugin:80 - create IPUIPlugin
2026-08-10 15:54:18,924 [INFO] IPUIPlugin:80 - create IPUIPlugin
2026-08-10 15:54:18,924 [INFO] IPUIPlugin:80 - create IPUIPlugin
2026-08-10 15:54:18,924 [INFO] IPUIPlugin:80 - create IPUIPlugin
2026-08-10 15:54:18,924 [INFO] IPUIPlugin:80 - create IPUIPlugin
2026-08-10 15:54:18,924 [INFO] IPUIPlugin:80 - create IPUIPlugin
2026-08-10 15:54:18,925 [INFO] IPUIPlugin:80 - create IPUIPlugin
2026-08-10 15:54:18,925 [INFO] IPUIPlugin:80 - create IPUIPlugin
2026-08-10 15:54:18,925 [INFO] IPUIPlugin:80 - create IPUIPlugin
2026-08-10 15:54:18,925 [INFO] IPUIPlugin:80 - create IPUIPlugin
2026-08-10 15:54:18,925 [INFO] IPUIPlugin:80 - create IPUIPlugin
2026-08-10 15:54:18,925 [INFO] IPUIPlugin:80 - create IPUIPlugin
2026-08-10 15:54:18,925 [INFO] IPUIPlugin:80 - create IPUIPlugin
2026-08-10 15:54:18,926 [INFO] IPUIPlugin:80 - create IPUIPlugin
2026-08-10 15:54:18,926 [INFO] IPUIPlugin:80 - create IPUIPlugin
2026-08-10 15:54:18,926 [INFO] IPUIPlugin:80 - create IPUIPlugin
2026-08-10 15:54:18,926 [INFO] IPUIPlugin:80 - create IPUIPlugin
2026-08-10 15:54:18,926 [INFO] IPUIPlugin:80 - create IPUIPlugin
2026-08-10 15:54:18,927 [INFO] IPUIPlugin:80 - create IPUIPlugin
2026-08-10 15:54:18,927 [INFO] IPUIPlugin:80 - create IPUIPlugin
2026-08-10 15:54:18,927 [INFO] IPUIPlugin:80 - create IPUIPlugin
2026-08-10 15:54:18,927 [INFO] IPUIPlugin:80 - create IPUIPlugin
2026-08-10 15:54:18,928 [INFO] IPUIPlugin:80 - create IPUIPlugin
2026-08-10 15:54:18,928 [INFO] IPUIPlugin:80 - create IPUIPlugin
2026-08-10 15:54:18,928 [INFO] IPUIPlugin:80 - create IPUIPlugin
2026-08-10 15:54:18,928 [INFO] IPUIPlugin:80 - create IPUIPlugin
2026-08-10 15:54:18,929 [INFO] IPUIPlugin:80 - create IPUIPlugin
2026-08-10 15:54:18,929 [INFO] IPUIPlugin:80 - create IPUIPlugin
2026-08-10 15:54:18,929 [INFO] IPUIPlugin:80 - create IPUIPlugin
2026-08-10 15:54:18,931 [INFO] ApiDbMcu:507 - Load IP Config File for PDM2PCM
2026-08-10 15:54:18,932 [WARN] IP:2114 - I2C_Coeff_DF not found: check if there is a RefParameter without a condition.
2026-08-10 15:54:18,932 [WARN] IP:2114 - Analog_Filter not found: check if there is a RefParameter without a condition.
2026-08-10 15:54:18,974 [INFO] CADModel:165 - CPN selected for project levelSTM32F405RGT6
2026-08-10 15:54:18,974 [INFO] CADModel:114 - Register for checkConnection events
2026-08-10 15:54:19,029 [INFO] OpenFileManager:328 - Restore cursor
2026-08-10 15:54:19,154 [WARN] IP:2114 - I2C_Coeff_DF not found: check if there is a RefParameter without a condition.
2026-08-10 15:54:19,154 [WARN] IP:2114 - Analog_Filter not found: check if there is a RefParameter without a condition.
2026-08-10 15:54:19,154 [WARN] IP:2114 - I2C_Coeff_DF not found: check if there is a RefParameter without a condition.
2026-08-10 15:54:19,154 [WARN] IP:2114 - Analog_Filter not found: check if there is a RefParameter without a condition.
2026-08-10 15:56:56,447 [INFO] UtilMem:75 - End SaveConfig() Used Memory: 890473216 Bytes (1073741824)
2026-08-10 15:57:02,749 [INFO] UtilMem:75 - End SaveConfig() Used Memory: 802939680 Bytes (1073741824)
2026-08-10 15:57:02,883 [INFO] BlockDiagram:2759 - set Specific Code input for plugin: TIM1_8
2026-08-10 15:57:02,883 [INFO] BlockDiagram:2759 - set Specific Code input for plugin: TIM1_8
2026-08-10 15:57:02,883 [INFO] BlockDiagram:2759 - set Specific Code input for plugin: SYS
2026-08-10 15:57:02,883 [INFO] BlockDiagram:2759 - set Specific Code input for plugin: RCC
2026-08-10 15:57:02,883 [INFO] BlockDiagram:2759 - set Specific Code input for plugin: I2C
2026-08-10 15:57:02,883 [INFO] BlockDiagram:2759 - set Specific Code input for plugin: NVIC
2026-08-10 15:57:02,883 [INFO] BlockDiagram:2759 - set Specific Code input for plugin: USART
2026-08-10 15:57:02,883 [INFO] BlockDiagram:2759 - set Specific Code input for plugin: USART
2026-08-10 15:57:02,883 [INFO] BlockDiagram:2759 - set Specific Code input for plugin: USART
2026-08-10 15:57:02,883 [INFO] BlockDiagram:2759 - set Specific Code input for plugin: DMA
2026-08-10 15:57:02,883 [INFO] BlockDiagram:2759 - set Specific Code input for plugin: GPIO
2026-08-10 15:57:02,884 [INFO] CodeGenerator:799 - code generatio: config db path: C:\ST\STM32CubeIDE_1.13.1\STM32CubeIDE\plugins\com.st.stm32cube.common.mx_6.9.1.202307191849\\db\
2026-08-10 15:57:02,885 [WARN] IP:2114 - I2C_Coeff_DF not found: check if there is a RefParameter without a condition.
2026-08-10 15:57:02,885 [WARN] IP:2114 - Analog_Filter not found: check if there is a RefParameter without a condition.
2026-08-10 15:57:02,898 [INFO] Argument:319 - Argument : hdmavalue: null
2026-08-10 15:57:02,898 [INFO] Argument:321 - 	 sub Args: 
2026-08-10 15:57:02,898 [INFO] Argument:319 - Argument : Instancevalue: DMA2_Stream2
2026-08-10 15:57:02,898 [INFO] Argument:329 - Argument : Instancevalue: DMA2_Stream2
2026-08-10 15:57:02,898 [INFO] Argument:319 - Argument : Initvalue: null
2026-08-10 15:57:02,898 [INFO] Argument:321 - 	 sub Args: 
2026-08-10 15:57:02,898 [INFO] Argument:319 - Argument : Channelvalue: DMA_CHANNEL_4
2026-08-10 15:57:02,898 [INFO] Argument:329 - Argument : Channelvalue: DMA_CHANNEL_4
2026-08-10 15:57:02,898 [INFO] Argument:319 - Argument : Directionvalue: DMA_PERIPH_TO_MEMORY
2026-08-10 15:57:02,898 [INFO] Argument:329 - Argument : Directionvalue: DMA_PERIPH_TO_MEMORY
2026-08-10 15:57:02,898 [INFO] Argument:319 - Argument : PeriphIncvalue: DMA_PINC_DISABLE
2026-08-10 15:57:02,898 [INFO] Argument:329 - Argument : PeriphIncvalue: DMA_PINC_DISABLE
2026-08-10 15:57:02,898 [INFO] Argument:319 - Argument : MemIncvalue: DMA_MINC_ENABLE
2026-08-10 15:57:02,898 [INFO] Argument:329 - Argument : MemIncvalue: DMA_MINC_ENABLE
2026-08-10 15:57:02,898 [INFO] Argument:319 - Argument : PeriphDataAlignmentvalue: DMA_PDATAALIGN_BYTE
2026-08-10 15:57:02,898 [INFO] Argument:329 - Argument : PeriphDataAlignmentvalue: DMA_PDATAALIGN_BYTE
2026-08-10 15:57:02,898 [INFO] Argument:319 - Argument : MemDataAlignmentvalue: DMA_MDATAALIGN_BYTE
2026-08-10 15:57:02,898 [INFO] Argument:329 - Argument : MemDataAlignmentvalue: DMA_MDATAALIGN_BYTE
2026-08-10 15:57:02,898 [INFO] Argument:319 - Argument : Modevalue: DMA_CIRCULAR
2026-08-10 15:57:02,898 [INFO] Argument:329 - Argument : Modevalue: DMA_CIRCULAR
2026-08-10 15:57:02,898 [INFO] Argument:319 - Argument : Priorityvalue: DMA_PRIORITY_HIGH
2026-08-10 15:57:02,898 [INFO] Argument:329 - Argument : Priorityvalue: DMA_PRIORITY_HIGH
2026-08-10 15:57:02,898 [INFO] Argument:319 - Argument : FIFOModevalue: DMA_FIFOMODE_ENABLE
2026-08-10 15:57:02,898 [INFO] Argument:329 - Argument : FIFOModevalue: DMA_FIFOMODE_ENABLE
2026-08-10 15:57:02,898 [INFO] Argument:319 - Argument : FIFOThresholdvalue: DMA_FIFO_THRESHOLD_FULL
2026-08-10 15:57:02,898 [INFO] Argument:329 - Argument : FIFOThresholdvalue: DMA_FIFO_THRESHOLD_FULL
2026-08-10 15:57:02,898 [INFO] Argument:319 - Argument : MemBurstvalue: DMA_MBURST_SINGLE
2026-08-10 15:57:02,898 [INFO] Argument:329 - Argument : MemBurstvalue: DMA_MBURST_SINGLE
2026-08-10 15:57:02,898 [INFO] Argument:319 - Argument : PeriphBurstvalue: DMA_PBURST_SINGLE
2026-08-10 15:57:02,898 [INFO] Argument:329 - Argument : PeriphBurstvalue: DMA_PBURST_SINGLE
2026-08-10 15:57:02,898 [INFO] Argument:319 - Argument : Lockvalue: null
2026-08-10 15:57:02,898 [INFO] Argument:329 - Argument : Lockvalue: null
2026-08-10 15:57:02,898 [INFO] Argument:319 - Argument : Statevalue: null
2026-08-10 15:57:02,898 [INFO] Argument:329 - Argument : Statevalue: null
2026-08-10 15:57:02,899 [INFO] Argument:319 - Argument : Parentvalue: null
2026-08-10 15:57:02,899 [INFO] Argument:329 - Argument : Parentvalue: null
2026-08-10 15:57:02,899 [INFO] Argument:319 - Argument : XferCpltCallbackvalue: null
2026-08-10 15:57:02,899 [INFO] Argument:329 - Argument : XferCpltCallbackvalue: null
2026-08-10 15:57:02,899 [INFO] Argument:319 - Argument : XferHalfCpltCallbackvalue: null
2026-08-10 15:57:02,899 [INFO] Argument:329 - Argument : XferHalfCpltCallbackvalue: null
2026-08-10 15:57:02,899 [INFO] Argument:319 - Argument : XferM1CpltCallbackvalue: null
2026-08-10 15:57:02,899 [INFO] Argument:329 - Argument : XferM1CpltCallbackvalue: null
2026-08-10 15:57:02,899 [INFO] Argument:319 - Argument : XferErrorCallbackvalue: null
2026-08-10 15:57:02,899 [INFO] Argument:329 - Argument : XferErrorCallbackvalue: null
2026-08-10 15:57:02,899 [INFO] Argument:319 - Argument : ErrorCodevalue: null
2026-08-10 15:57:02,899 [INFO] Argument:329 - Argument : ErrorCodevalue: null
2026-08-10 15:57:03,026 [INFO] CodeEngine:255 - oldGeneratedFile, C:\Users\Admin\Documents\GitHub\Drone-RTOS\Source\010Final\MXTmpFiles\license.tmp_save
2026-08-10 15:57:03,127 [INFO] CodeEngine:279 - Generated code: C:\Users\Admin\Documents\GitHub\Drone-RTOS\Source\010Final\MXTmpFiles\license.tmp
2026-08-10 15:57:03,176 [INFO] CodeEngine:255 - oldGeneratedFile, C:\Users\Admin\Documents\GitHub\Drone-RTOS\Source\010Final\MXTmpFiles\gpio.tmp_save
2026-08-10 15:57:03,284 [INFO] CodeEngine:279 - Generated code: C:\Users\Admin\Documents\GitHub\Drone-RTOS\Source\010Final\MXTmpFiles\gpio.tmp
2026-08-10 15:57:03,537 [INFO] CodeEngine:255 - oldGeneratedFile, C:\Users\Admin\Documents\GitHub\Drone-RTOS\Source\010Final\MXTmpFiles\dma.tmp_save
2026-08-10 15:57:03,616 [INFO] CodeEngine:279 - Generated code: C:\Users\Admin\Documents\GitHub\Drone-RTOS\Source\010Final\MXTmpFiles\dma.tmp
2026-08-10 15:57:03,619 [INFO] CodeEngine:255 - oldGeneratedFile, C:\Users\Admin\Documents\GitHub\Drone-RTOS\Source\010Final\MXTmpFiles\dma_GV.tmp_save
2026-08-10 15:57:03,677 [INFO] CodeEngine:279 - Generated code: C:\Users\Admin\Documents\GitHub\Drone-RTOS\Source\010Final\MXTmpFiles\dma_GV.tmp
2026-08-10 15:57:03,693 [INFO] CodeEngine:255 - oldGeneratedFile, C:\Users\Admin\Documents\GitHub\Drone-RTOS\Source\010Final\Core\Src\stm32f4xx_it.c_save
2026-08-10 15:57:03,810 [INFO] CodeEngine:279 - Generated code: C:\Users\Admin\Documents\GitHub\Drone-RTOS\Source\010Final\Core\Src\stm32f4xx_it.c
2026-08-10 15:57:03,813 [INFO] CodeEngine:255 - oldGeneratedFile, C:\Users\Admin\Documents\GitHub\Drone-RTOS\Source\010Final\Core\Inc\stm32f4xx_it.h_save
2026-08-10 15:57:03,864 [INFO] CodeEngine:279 - Generated code: C:\Users\Admin\Documents\GitHub\Drone-RTOS\Source\010Final\Core\Inc\stm32f4xx_it.h
2026-08-10 15:57:03,873 [INFO] CodeEngine:255 - oldGeneratedFile, C:\Users\Admin\Documents\GitHub\Drone-RTOS\Source\010Final\Core\Src\stm32f4xx_hal_msp.c_save
2026-08-10 15:57:03,995 [INFO] CodeEngine:279 - Generated code: C:\Users\Admin\Documents\GitHub\Drone-RTOS\Source\010Final\Core\Src\stm32f4xx_hal_msp.c
2026-08-10 15:57:03,999 [INFO] CodeEngine:255 - oldGeneratedFile, C:\Users\Admin\Documents\GitHub\Drone-RTOS\Source\010Final\MXTmpFiles\system.tmp_save
2026-08-10 15:57:04,057 [INFO] CodeEngine:279 - Generated code: C:\Users\Admin\Documents\GitHub\Drone-RTOS\Source\010Final\MXTmpFiles\system.tmp
2026-08-10 15:57:04,065 [INFO] CodeEngine:311 - oldGeneratedFile, C:\Users\Admin\Documents\GitHub\Drone-RTOS\Source\010Final\Core\Inc\stm32f4xx_hal_conf.h_save
2026-08-10 15:57:04,136 [INFO] CodeEngine:335 - Generated code: C:\Users\Admin\Documents\GitHub\Drone-RTOS\Source\010Final\Core\Inc\stm32f4xx_hal_conf.h
2026-08-10 15:57:04,154 [WARN] IPConfigManager:3431 - IP not found : TIM
2026-08-10 15:57:04,154 [WARN] CodeGenerator:3760 - IP not found : null
2026-08-10 15:57:04,161 [INFO] CodeEngine:255 - oldGeneratedFile, C:\Users\Admin\Documents\GitHub\Drone-RTOS\Source\010Final\Core\Inc\main.h_save
2026-08-10 15:57:04,255 [INFO] CodeEngine:279 - Generated code: C:\Users\Admin\Documents\GitHub\Drone-RTOS\Source\010Final\Core\Inc\main.h
2026-08-10 15:57:04,260 [INFO] CodeEngine:255 - oldGeneratedFile, C:\Users\Admin\Documents\GitHub\Drone-RTOS\Source\010Final\Core\Src\main.c_save
2026-08-10 15:57:04,374 [INFO] CodeEngine:279 - Generated code: C:\Users\Admin\Documents\GitHub\Drone-RTOS\Source\010Final\Core\Src\main.c
2026-08-10 15:57:04,884 [INFO] ProjectBuilder:3064 - Time for Copy HAL[1] : 149mS.
2026-08-10 15:57:04,888 [INFO] ProjectBuilder:4404 - Project Generator version: 4.1.0
2026-08-10 15:57:05,146 [INFO] ConfigFileManager:1457 - The Die is : DIE413
2026-08-10 15:57:05,149 [INFO] ApiDbMcu:507 - Load IP Config File for FATFS
2026-08-10 15:57:05,155 [INFO] ApiDbMcu:507 - Load IP Config File for FREERTOS
2026-08-10 15:57:05,157 [INFO] ApiDbMcu:507 - Load IP Config File for LIBJPEG
2026-08-10 15:57:05,164 [INFO] ApiDbMcu:507 - Load IP Config File for MBEDTLS
2026-08-10 15:57:05,171 [INFO] ApiDbMcu:507 - Load IP Config File for USB_DEVICE
2026-08-10 15:57:05,174 [INFO] ApiDbMcu:507 - Load IP Config File for USB_HOST
2026-08-10 15:57:06,761 [INFO] ProjectBuilder:4626 - Time for Generating toolchain IDE Files: 1873mS.
2026-08-10 15:57:06,762 [INFO] ProjectBuilder:2935 - Time for Copy CMSIS : 1mS.
2026-08-10 15:57:06,765 [INFO] ProjectBuilder:2935 - Time for Copy CMSIS : 0mS.
2026-08-10 18:54:01,362 [INFO] MainUpdater:2868 - connection check result : 10
2026-08-10 18:54:01,362 [INFO] MainUpdater:2868 - connection check result : 10
2026-08-10 18:54:01,416 [INFO] MicroXplorer:468 - Change Database Path : 
2026-08-10 18:54:01,416 [INFO] MicroXplorer:498 - Change Database Version : DB.6.0.91
2026-08-10 18:54:01,430 [WARN] ThirdParty:871 - waiting for thirdparty lock release [close project]
2026-08-10 18:54:01,430 [INFO] ThirdParty:873 - entering critical section [close project]
2026-08-10 18:54:01,430 [INFO] ThirdParty:883 - exiting critical section [close project]
2026-08-10 18:54:01,432 [INFO] PinOutPanel:1499 - setPackage(No Configuration,No Configuration)
2026-08-10 18:54:01,435 [WARN] IpParametersView:151 - Warning: This peripheral hasn't parameters
2026-08-10 18:54:01,438 [WARN] MainPanel:272 - <html><b><center>Warning: This peripheral has no parameters to be configured<br></b></html>
2026-08-10 18:54:01,440 [INFO] UtilMem:75 - Begin LoadConfig() Used Memory: 892780664 Bytes (1073741824)
2026-08-10 18:54:01,440 [INFO] MicroXplorer:468 - Change Database Path : 
2026-08-10 18:54:01,440 [INFO] MicroXplorer:498 - Change Database Version : DB.6.0.91
2026-08-10 18:54:01,440 [INFO] OpenFileManager:308 - Change cursor
2026-08-10 18:54:01,447 [INFO] RulesReader:64 - Compatibility file has been processed (293 Rules)
2026-08-10 18:54:01,448 [INFO] Mcu:1946 - Initializing MCU STM32F405RGTx STM32F405RGTx STM32F405RGT6
2026-08-10 18:54:02,185 [INFO] Context:659 - Trying to add GPIOservice into a context  which must be forbidden
2026-08-10 18:54:02,395 [INFO] RtosManager:555 - Registered RTOS mode: class=CMSIS, group=RTOS, mode=CMSIS_V1, owner=FREERTOS
2026-08-10 18:54:02,396 [INFO] RtosManager:555 - Registered RTOS mode: class=CMSIS, group=RTOS2, mode=CMSIS_V2, owner=FREERTOS
2026-08-10 18:54:02,396 [INFO] RtosManager:555 - Registered RTOS mode: class=RTOS, group=Core, mode=CMSIS_V1, owner=FREERTOS
2026-08-10 18:54:02,396 [INFO] RtosManager:555 - Registered RTOS mode: class=RTOS, group=Core, mode=CMSIS_V2, owner=FREERTOS
2026-08-10 18:54:02,396 [WARN] ModelIntegratedComponent:184 - Missing modes for component STMicroelectronics:FreeRTOS:0.0.1:STMicroelectronics:RTOS:FreeRTOS:Core:::10.2.0:
2026-08-10 18:54:02,426 [WARN] ModelIntegratedComponent:63 - No mode defined for component null
2026-08-10 18:54:02,426 [WARN] ModelIntegratedComponent:63 - No mode defined for component null
2026-08-10 18:54:02,426 [WARN] ModelIntegratedComponent:63 - No mode defined for component null
2026-08-10 18:54:02,426 [WARN] ModelIntegratedComponent:63 - No mode defined for component null
2026-08-10 18:54:02,426 [WARN] ModelIntegratedComponent:63 - No mode defined for component null
2026-08-10 18:54:02,426 [WARN] ModelIntegratedComponent:63 - No mode defined for component null
2026-08-10 18:54:02,426 [WARN] ModelIntegratedComponent:63 - No mode defined for component null
2026-08-10 18:54:02,426 [WARN] ModelIntegratedComponent:63 - No mode defined for component null
2026-08-10 18:54:02,426 [WARN] ModelIntegratedComponent:63 - No mode defined for component null
2026-08-10 18:54:02,426 [WARN] ModelIntegratedComponent:63 - No mode defined for component null
2026-08-10 18:54:02,426 [WARN] ModelIntegratedComponent:63 - No mode defined for component null
2026-08-10 18:54:02,426 [WARN] ModelIntegratedComponent:63 - No mode defined for component null
2026-08-10 18:54:02,426 [WARN] ModelIntegratedComponent:63 - No mode defined for component null
2026-08-10 18:54:02,426 [WARN] ModelIntegratedComponent:63 - No mode defined for component null
2026-08-10 18:54:02,426 [WARN] ModelIntegratedComponent:63 - No mode defined for component null
2026-08-10 18:54:02,426 [WARN] ModelIntegratedComponent:63 - No mode defined for component null
2026-08-10 18:54:02,427 [WARN] ModelIntegratedComponent:63 - No mode defined for component null
2026-08-10 18:54:02,427 [WARN] ModelIntegratedComponent:63 - No mode defined for component null
2026-08-10 18:54:02,427 [WARN] ModelIntegratedComponent:63 - No mode defined for component null
2026-08-10 18:54:02,427 [WARN] ModelIntegratedComponent:63 - No mode defined for component null
2026-08-10 18:54:02,427 [WARN] ModelIntegratedComponent:63 - No mode defined for component null
2026-08-10 18:54:02,427 [WARN] ModelIntegratedComponent:63 - No mode defined for component null
2026-08-10 18:54:02,427 [WARN] ModelIntegratedComponent:63 - No mode defined for component null
2026-08-10 18:54:02,427 [WARN] ModelIntegratedComponent:63 - No mode defined for component null
2026-08-10 18:54:02,427 [WARN] ModelIntegratedComponent:63 - No mode defined for component null
2026-08-10 18:54:02,427 [WARN] ModelIntegratedComponent:63 - No mode defined for component null
2026-08-10 18:54:02,427 [WARN] ModelIntegratedComponent:63 - No mode defined for component null
2026-08-10 18:54:02,427 [WARN] ModelIntegratedComponent:63 - No mode defined for component null
2026-08-10 18:54:02,427 [WARN] ModelIntegratedComponent:63 - No mode defined for component null
2026-08-10 18:54:02,427 [WARN] ModelIntegratedComponent:63 - No mode defined for component null
2026-08-10 18:54:02,427 [WARN] ModelIntegratedComponent:63 - No mode defined for component null
2026-08-10 18:54:02,427 [WARN] ModelIntegratedComponent:63 - No mode defined for component null
2026-08-10 18:54:02,427 [WARN] ModelIntegratedComponent:63 - No mode defined for component null
2026-08-10 18:54:02,467 [INFO] ThirdPartyModel:298 - Start build external matchings
2026-08-10 18:54:02,635 [INFO] ThirdPartyModel:316 - End build external matchings
2026-08-10 18:54:02,640 [INFO] ImportTextPane:194 - (OptionalMessage_ERROR) IP (DMA) : Parameter (Instance) has Id (USART1_RX) currently not set
2026-08-10 18:54:02,640 [INFO] ImportTextPane:194 - (OptionalMessage_ERROR) IP (DMA) : Parameter (Channel) has Id (USART1_RX) currently not set
2026-08-10 18:54:02,640 [INFO] ImportTextPane:194 - (OptionalMessage_ERROR) IP (DMA) : Parameter (Direction) has Id (USART1_RX) currently not set
2026-08-10 18:54:02,640 [INFO] ImportTextPane:194 - (OptionalMessage_ERROR) IP (DMA) : Parameter (PeriphInc) has Id (USART1_RX) currently not set
2026-08-10 18:54:02,640 [INFO] ImportTextPane:194 - (OptionalMessage_ERROR) IP (DMA) : Parameter (MemInc) has Id (USART1_RX) currently not set
2026-08-10 18:54:02,641 [INFO] ImportTextPane:194 - (OptionalMessage_ERROR) IP (DMA) : Parameter (PeriphDataAlignment) has Id (USART1_RX) currently not set
2026-08-10 18:54:02,641 [INFO] ImportTextPane:194 - (OptionalMessage_ERROR) IP (DMA) : Parameter (MemDataAlignment) has Id (USART1_RX) currently not set
2026-08-10 18:54:02,641 [INFO] ImportTextPane:194 - (OptionalMessage_ERROR) IP (DMA) : Parameter (Mode) has Id (USART1_RX) currently not set
2026-08-10 18:54:02,641 [INFO] ImportTextPane:194 - (OptionalMessage_ERROR) IP (DMA) : Parameter (Priority) has Id (USART1_RX) currently not set
2026-08-10 18:54:02,641 [INFO] ImportTextPane:194 - (OptionalMessage_ERROR) IP (DMA) : Parameter (FIFOMode) has Id (USART1_RX) currently not set
2026-08-10 18:54:02,641 [INFO] ImportTextPane:194 - (OptionalMessage_ERROR) IP (RCC) : Parameter (48MHZClocksFreq_Value) has invalid value (84000000)
2026-08-10 18:54:02,641 [INFO] ImportTextPane:194 - (OptionalMessage_ERROR) IP (RCC) : Parameter (RTCHSEDivFreq_Value) has invalid value (4000000)
2026-08-10 18:54:02,833 [INFO] UtilMem:75 - End LoadConfig() Used Memory: 892661968 Bytes (1073741824)
2026-08-10 18:54:02,857 [WARN] ThirdParty:833 - waiting for thirdparty lock release [change project]
2026-08-10 18:54:02,857 [INFO] ThirdParty:835 - entering critical section [change project]
2026-08-10 18:54:02,858 [INFO] ThirdParty:1030 - CMSIS Pack Vendor :STMicroelectronics USBPD 4.1
2026-08-10 18:54:02,858 [INFO] ThirdParty:1030 - CMSIS Pack Vendor :STMicroelectronics USB_HOST 2.0.0
2026-08-10 18:54:02,858 [INFO] ThirdParty:1030 - CMSIS Pack Vendor :STMicroelectronics FP-ATR-ASTRA1 2.0.3
2026-08-10 18:54:02,858 [INFO] ThirdParty:1030 - CMSIS Pack Vendor :STMicroelectronics X-CUBE-AZRTOS-F4 1.1.0
2026-08-10 18:54:02,858 [INFO] ThirdParty:1030 - CMSIS Pack Vendor :STMicroelectronics LIBJPEG 8.0.0
2026-08-10 18:54:02,858 [INFO] ThirdParty:1030 - CMSIS Pack Vendor :STMicroelectronics FP-ATR-ASTRA1 2.0.2
2026-08-10 18:54:02,858 [INFO] ThirdParty:1030 - CMSIS Pack Vendor :STMicroelectronics X-CUBE-SMBUS 2.1.0
2026-08-10 18:54:02,858 [INFO] ThirdParty:1030 - CMSIS Pack Vendor :wolfSSL I-CUBE-wolfMQTT 1.19.2
2026-08-10 18:54:02,858 [INFO] ThirdParty:1030 - CMSIS Pack Vendor :STMicroelectronics USB_DEVICE 3.0.0
2026-08-10 18:54:02,858 [INFO] ThirdParty:1030 - CMSIS Pack Vendor :STMicroelectronics X-CUBE-AZRTOS-F7 1.1.0
2026-08-10 18:54:02,858 [INFO] ThirdParty:1030 - CMSIS Pack Vendor :STMicroelectronics USB_DEVICE 2.0.0
2026-08-10 18:54:02,858 [INFO] ThirdParty:1030 - CMSIS Pack Vendor :STMicroelectronics X-CUBE-ALGOBUILD 1.5.0
2026-08-10 18:54:02,858 [INFO] ThirdParty:1030 - CMSIS Pack Vendor :STMicroelectronics FreeRTOS 0.0.1
2026-08-10 18:54:02,858 [INFO] ThirdParty:1030 - CMSIS Pack Vendor :STMicroelectronics X-CUBE-AZRTOS-H7RS 1.3.0
2026-08-10 18:54:02,858 [INFO] ThirdParty:1030 - CMSIS Pack Vendor :STMicroelectronics X-CUBE-AZRTOS-G0 1.1.0
2026-08-10 18:54:02,858 [INFO] ThirdParty:1030 - CMSIS Pack Vendor :STMicroelectronics X-CUBE-NFC4 3.0.0
2026-08-10 18:54:02,858 [INFO] ThirdParty:1030 - CMSIS Pack Vendor :STMicroelectronics X-CUBE-SUBG2 5.0.0
2026-08-10 18:54:02,858 [INFO] ThirdParty:1030 - CMSIS Pack Vendor :STMicroelectronics STM32_WPAN 1.0.0
2026-08-10 18:54:02,858 [INFO] ThirdParty:1030 - CMSIS Pack Vendor :STMicroelectronics lwIP 2.0.3
2026-08-10 18:54:02,858 [INFO] ThirdParty:1030 - CMSIS Pack Vendor :STMicroelectronics X-CUBE-MEMS1 13.0.0
2026-08-10 18:54:02,858 [INFO] ThirdParty:1030 - CMSIS Pack Vendor :STMicroelectronics USB_HOST 1.0.0
2026-08-10 18:54:02,858 [INFO] ThirdParty:1030 - CMSIS Pack Vendor :STMicroelectronics X-CUBE-AZRTOS-G4 2.0.0
2026-08-10 18:54:02,858 [INFO] ThirdParty:1030 - CMSIS Pack Vendor :STMicroelectronics PDM2PCM 3.1.0
2026-08-10 18:54:02,858 [INFO] ThirdParty:1030 - CMSIS Pack Vendor :STMicroelectronics PDM2PCM 3.3.0
2026-08-10 18:54:02,858 [INFO] ThirdParty:1030 - CMSIS Pack Vendor :wolfSSL I-CUBE-wolfTPM 3.8.0
2026-08-10 18:54:02,858 [INFO] ThirdParty:1030 - CMSIS Pack Vendor :STMicroelectronics X-CUBE-DISPLAY 3.0.0
2026-08-10 18:54:02,858 [INFO] ThirdParty:1030 - CMSIS Pack Vendor :wolfSSL I-CUBE-wolfSSH 1.4.20
2026-08-10 18:54:02,858 [INFO] ThirdParty:1030 - CMSIS Pack Vendor :wolfSSL I-CUBE-wolfSSL 5.9.1
2026-08-10 18:54:02,858 [INFO] ThirdParty:1030 - CMSIS Pack Vendor :STMicroelectronics FP-ATR-SIGFOX1 3.2.0
2026-08-10 18:54:02,858 [INFO] ThirdParty:1030 - CMSIS Pack Vendor :STMicroelectronics HAL Drivers 0.0.0
2026-08-10 18:54:02,858 [INFO] ThirdParty:1030 - CMSIS Pack Vendor :STMicroelectronics MBEDTLS 2.16.2
2026-08-10 18:54:02,858 [INFO] ThirdParty:1030 - CMSIS Pack Vendor :emotas I-CUBE-CANOPEN 1.3.0
2026-08-10 18:54:02,858 [INFO] ThirdParty:1030 - CMSIS Pack Vendor :STMicroelectronics MBEDTLS 2.14.1
2026-08-10 18:54:02,858 [INFO] ThirdParty:1030 - CMSIS Pack Vendor :ITTIA_DB I-CUBE-ITTIADB 8.9.0
2026-08-10 18:54:02,858 [INFO] ThirdParty:1030 - CMSIS Pack Vendor :STMicroelectronics X-CUBE-TOUCHGFX 4.26.1
2026-08-10 18:54:02,858 [INFO] ThirdParty:1030 - CMSIS Pack Vendor :STMicroelectronics X-CUBE-AI 10.2.1
2026-08-10 18:54:02,858 [INFO] ThirdParty:1030 - CMSIS Pack Vendor :STMicroelectronics ThreadX 1.0.0
2026-08-10 18:54:02,858 [INFO] ThirdParty:1030 - CMSIS Pack Vendor :STMicroelectronics X-CUBE-MEMS1 12.1.0
2026-08-10 18:54:02,858 [INFO] ThirdParty:1030 - CMSIS Pack Vendor :STMicroelectronics X-CUBE-AZRTOS-WL 2.0.0
2026-08-10 18:54:02,858 [INFO] ThirdParty:1030 - CMSIS Pack Vendor :SEGGER I-CUBE-embOS 1.3.1
2026-08-10 18:54:02,858 [INFO] ThirdParty:1030 - CMSIS Pack Vendor :STMicroelectronics X-CUBE-ALGOBUILD 1.4.0
2026-08-10 18:54:02,858 [INFO] ThirdParty:1030 - CMSIS Pack Vendor :STMicroelectronics USB_DEVICE 1.0.0
2026-08-10 18:54:02,858 [INFO] ThirdParty:1030 - CMSIS Pack Vendor :STMicroelectronics X-CUBE-AZRTOS-H7RS 1.2.0
2026-08-10 18:54:02,858 [INFO] ThirdParty:1030 - CMSIS Pack Vendor :STMicroelectronics X-CUBE-AZRTOS-L4 2.0.0
2026-08-10 18:54:02,858 [INFO] ThirdParty:1030 - CMSIS Pack Vendor :STMicroelectronics ThreadX 0.0.2
2026-08-10 18:54:02,858 [INFO] ThirdParty:1030 - CMSIS Pack Vendor :STMicroelectronics lwIP 2.1.2
2026-08-10 18:54:02,858 [INFO] ThirdParty:1030 - CMSIS Pack Vendor :STMicroelectronics X-CUBE-SFXS2LP1 4.0.0
2026-08-10 18:54:02,858 [INFO] ThirdParty:1030 - CMSIS Pack Vendor :STMicroelectronics X-CUBE-BLE2 3.3.0
2026-08-10 18:54:02,858 [INFO] ThirdParty:1030 - CMSIS Pack Vendor :STMicroelectronics X-CUBE-NFC13 1.0.0
2026-08-10 18:54:02,858 [INFO] ThirdParty:1030 - CMSIS Pack Vendor :STMicroelectronics PDM2PCM 3.2.0
2026-08-10 18:54:02,858 [INFO] ThirdParty:841 - exiting critical section [change project]
2026-08-10 18:54:02,981 [INFO] PinOutPanel:1499 - setPackage(No Configuration,No Configuration)
2026-08-10 18:54:02,981 [INFO] PinOutPanel:1499 - setPackage(STM32F405RGTx,LQFP64)
2026-08-10 18:54:03,125 [INFO] UtilMem:75 - Before build in PCC Used Memory: 944273336 Bytes (1073741824)
2026-08-10 18:54:03,224 [INFO] UtilMem:75 - After build in PCC Used Memory: 863770528 Bytes (1073741824)
2026-08-10 18:54:03,244 [INFO] IPUIPlugin:80 - create IPUIPlugin
2026-08-10 18:54:03,244 [INFO] IPUIPlugin:80 - create IPUIPlugin
2026-08-10 18:54:03,244 [INFO] IPUIPlugin:80 - create IPUIPlugin
2026-08-10 18:54:03,244 [INFO] IPUIPlugin:80 - create IPUIPlugin
2026-08-10 18:54:03,244 [INFO] IPUIPlugin:80 - create IPUIPlugin
2026-08-10 18:54:03,244 [INFO] IPUIPlugin:80 - create IPUIPlugin
2026-08-10 18:54:03,244 [INFO] IPUIPlugin:80 - create IPUIPlugin
2026-08-10 18:54:03,244 [INFO] IPUIPlugin:80 - create IPUIPlugin
2026-08-10 18:54:03,244 [INFO] IPUIPlugin:80 - create IPUIPlugin
2026-08-10 18:54:03,244 [INFO] IPUIPlugin:80 - create IPUIPlugin
2026-08-10 18:54:03,244 [INFO] IPUIPlugin:80 - create IPUIPlugin
2026-08-10 18:54:03,244 [INFO] IPUIPlugin:80 - create IPUIPlugin
2026-08-10 18:54:03,244 [INFO] IPUIPlugin:80 - create IPUIPlugin
2026-08-10 18:54:03,245 [INFO] IPUIPlugin:80 - create IPUIPlugin
2026-08-10 18:54:03,245 [INFO] IPUIPlugin:80 - create IPUIPlugin
2026-08-10 18:54:03,245 [INFO] IPUIPlugin:80 - create IPUIPlugin
2026-08-10 18:54:03,245 [INFO] IPUIPlugin:80 - create IPUIPlugin
2026-08-10 18:54:03,245 [INFO] IPUIPlugin:80 - create IPUIPlugin
2026-08-10 18:54:03,245 [INFO] IPUIPlugin:80 - create IPUIPlugin
2026-08-10 18:54:03,245 [INFO] IPUIPlugin:80 - create IPUIPlugin
2026-08-10 18:54:03,245 [INFO] IPUIPlugin:80 - create IPUIPlugin
2026-08-10 18:54:03,245 [INFO] IPUIPlugin:80 - create IPUIPlugin
2026-08-10 18:54:03,245 [INFO] IPUIPlugin:80 - create IPUIPlugin
2026-08-10 18:54:03,245 [INFO] IPUIPlugin:80 - create IPUIPlugin
2026-08-10 18:54:03,245 [INFO] IPUIPlugin:80 - create IPUIPlugin
2026-08-10 18:54:03,246 [INFO] IPUIPlugin:80 - create IPUIPlugin
2026-08-10 18:54:03,246 [INFO] IPUIPlugin:80 - create IPUIPlugin
2026-08-10 18:54:03,246 [INFO] IPUIPlugin:80 - create IPUIPlugin
2026-08-10 18:54:03,246 [INFO] IPUIPlugin:80 - create IPUIPlugin
2026-08-10 18:54:03,246 [INFO] IPUIPlugin:80 - create IPUIPlugin
2026-08-10 18:54:03,246 [INFO] IPUIPlugin:80 - create IPUIPlugin
2026-08-10 18:54:03,246 [INFO] IPUIPlugin:80 - create IPUIPlugin
2026-08-10 18:54:03,246 [INFO] IPUIPlugin:80 - create IPUIPlugin
2026-08-10 18:54:03,246 [INFO] IPUIPlugin:80 - create IPUIPlugin
2026-08-10 18:54:03,247 [INFO] IPUIPlugin:80 - create IPUIPlugin
2026-08-10 18:54:03,247 [INFO] IPUIPlugin:80 - create IPUIPlugin
2026-08-10 18:54:03,247 [INFO] IPUIPlugin:80 - create IPUIPlugin
2026-08-10 18:54:03,247 [INFO] IPUIPlugin:80 - create IPUIPlugin
2026-08-10 18:54:03,247 [INFO] IPUIPlugin:80 - create IPUIPlugin
2026-08-10 18:54:03,247 [INFO] IPUIPlugin:80 - create IPUIPlugin
2026-08-10 18:54:03,247 [INFO] IPUIPlugin:80 - create IPUIPlugin
2026-08-10 18:54:03,247 [INFO] IPUIPlugin:80 - create IPUIPlugin
2026-08-10 18:54:03,248 [INFO] IPUIPlugin:80 - create IPUIPlugin
2026-08-10 18:54:03,248 [INFO] IPUIPlugin:80 - create IPUIPlugin
2026-08-10 18:54:03,248 [INFO] IPUIPlugin:80 - create IPUIPlugin
2026-08-10 18:54:03,248 [INFO] IPUIPlugin:80 - create IPUIPlugin
2026-08-10 18:54:03,248 [INFO] IPUIPlugin:80 - create IPUIPlugin
2026-08-10 18:54:03,248 [INFO] IPUIPlugin:80 - create IPUIPlugin
2026-08-10 18:54:03,248 [INFO] IPUIPlugin:80 - create IPUIPlugin
2026-08-10 18:54:03,249 [INFO] IPUIPlugin:80 - create IPUIPlugin
2026-08-10 18:54:03,249 [INFO] IPUIPlugin:80 - create IPUIPlugin
2026-08-10 18:54:03,249 [INFO] IPUIPlugin:80 - create IPUIPlugin
2026-08-10 18:54:03,249 [INFO] IPUIPlugin:80 - create IPUIPlugin
2026-08-10 18:54:03,249 [INFO] IPUIPlugin:80 - create IPUIPlugin
2026-08-10 18:54:03,252 [INFO] ApiDbMcu:507 - Load IP Config File for PDM2PCM
2026-08-10 18:54:03,252 [WARN] IP:2114 - I2C_Coeff_DF not found: check if there is a RefParameter without a condition.
2026-08-10 18:54:03,252 [WARN] IP:2114 - Analog_Filter not found: check if there is a RefParameter without a condition.
2026-08-10 18:54:03,281 [INFO] CADModel:165 - CPN selected for project levelSTM32F405RGT6
2026-08-10 18:54:03,281 [INFO] CADModel:114 - Register for checkConnection events
2026-08-10 18:54:03,333 [INFO] OpenFileManager:328 - Restore cursor
2026-08-10 18:54:03,436 [WARN] IP:2114 - I2C_Coeff_DF not found: check if there is a RefParameter without a condition.
2026-08-10 18:54:03,436 [WARN] IP:2114 - Analog_Filter not found: check if there is a RefParameter without a condition.
2026-08-10 18:54:03,436 [WARN] IP:2114 - I2C_Coeff_DF not found: check if there is a RefParameter without a condition.
2026-08-10 18:54:03,437 [WARN] IP:2114 - Analog_Filter not found: check if there is a RefParameter without a condition.
2026-08-10 19:51:45,481 [INFO] UtilMem:75 - End SaveConfig() Used Memory: 931555936 Bytes (1073741824)
2026-08-10 19:51:53,293 [INFO] UtilMem:75 - End SaveConfig() Used Memory: 913131304 Bytes (1073741824)
2026-08-10 19:51:53,415 [INFO] BlockDiagram:2759 - set Specific Code input for plugin: TIM1_8
2026-08-10 19:51:53,415 [INFO] BlockDiagram:2759 - set Specific Code input for plugin: TIM1_8
2026-08-10 19:51:53,415 [INFO] BlockDiagram:2759 - set Specific Code input for plugin: SYS
2026-08-10 19:51:53,415 [INFO] BlockDiagram:2759 - set Specific Code input for plugin: RCC
2026-08-10 19:51:53,415 [INFO] BlockDiagram:2759 - set Specific Code input for plugin: I2C
2026-08-10 19:51:53,415 [INFO] BlockDiagram:2759 - set Specific Code input for plugin: NVIC
2026-08-10 19:51:53,415 [INFO] BlockDiagram:2759 - set Specific Code input for plugin: USART
2026-08-10 19:51:53,415 [INFO] BlockDiagram:2759 - set Specific Code input for plugin: USART
2026-08-10 19:51:53,415 [INFO] BlockDiagram:2759 - set Specific Code input for plugin: USART
2026-08-10 19:51:53,415 [INFO] BlockDiagram:2759 - set Specific Code input for plugin: DMA
2026-08-10 19:51:53,415 [INFO] BlockDiagram:2759 - set Specific Code input for plugin: GPIO
2026-08-10 19:51:53,416 [INFO] CodeGenerator:799 - code generatio: config db path: C:\ST\STM32CubeIDE_1.13.1\STM32CubeIDE\plugins\com.st.stm32cube.common.mx_6.9.1.202307191849\\db\
2026-08-10 19:51:53,417 [WARN] IP:2114 - I2C_Coeff_DF not found: check if there is a RefParameter without a condition.
2026-08-10 19:51:53,417 [WARN] IP:2114 - Analog_Filter not found: check if there is a RefParameter without a condition.
2026-08-10 19:51:53,440 [INFO] Argument:319 - Argument : hdmavalue: null
2026-08-10 19:51:53,440 [INFO] Argument:321 - 	 sub Args: 
2026-08-10 19:51:53,440 [INFO] Argument:319 - Argument : Instancevalue: DMA2_Stream2
2026-08-10 19:51:53,440 [INFO] Argument:329 - Argument : Instancevalue: DMA2_Stream2
2026-08-10 19:51:53,440 [INFO] Argument:319 - Argument : Initvalue: null
2026-08-10 19:51:53,440 [INFO] Argument:321 - 	 sub Args: 
2026-08-10 19:51:53,440 [INFO] Argument:319 - Argument : Channelvalue: DMA_CHANNEL_4
2026-08-10 19:51:53,440 [INFO] Argument:329 - Argument : Channelvalue: DMA_CHANNEL_4
2026-08-10 19:51:53,440 [INFO] Argument:319 - Argument : Directionvalue: DMA_PERIPH_TO_MEMORY
2026-08-10 19:51:53,440 [INFO] Argument:329 - Argument : Directionvalue: DMA_PERIPH_TO_MEMORY
2026-08-10 19:51:53,440 [INFO] Argument:319 - Argument : PeriphIncvalue: DMA_PINC_DISABLE
2026-08-10 19:51:53,440 [INFO] Argument:329 - Argument : PeriphIncvalue: DMA_PINC_DISABLE
2026-08-10 19:51:53,440 [INFO] Argument:319 - Argument : MemIncvalue: DMA_MINC_ENABLE
2026-08-10 19:51:53,440 [INFO] Argument:329 - Argument : MemIncvalue: DMA_MINC_ENABLE
2026-08-10 19:51:53,440 [INFO] Argument:319 - Argument : PeriphDataAlignmentvalue: DMA_PDATAALIGN_BYTE
2026-08-10 19:51:53,440 [INFO] Argument:329 - Argument : PeriphDataAlignmentvalue: DMA_PDATAALIGN_BYTE
2026-08-10 19:51:53,440 [INFO] Argument:319 - Argument : MemDataAlignmentvalue: DMA_MDATAALIGN_BYTE
2026-08-10 19:51:53,440 [INFO] Argument:329 - Argument : MemDataAlignmentvalue: DMA_MDATAALIGN_BYTE
2026-08-10 19:51:53,440 [INFO] Argument:319 - Argument : Modevalue: DMA_NORMAL
2026-08-10 19:51:53,440 [INFO] Argument:329 - Argument : Modevalue: DMA_NORMAL
2026-08-10 19:51:53,440 [INFO] Argument:319 - Argument : Priorityvalue: DMA_PRIORITY_HIGH
2026-08-10 19:51:53,440 [INFO] Argument:329 - Argument : Priorityvalue: DMA_PRIORITY_HIGH
2026-08-10 19:51:53,440 [INFO] Argument:319 - Argument : FIFOModevalue: DMA_FIFOMODE_DISABLE
2026-08-10 19:51:53,440 [INFO] Argument:329 - Argument : FIFOModevalue: DMA_FIFOMODE_DISABLE
2026-08-10 19:51:53,441 [INFO] Argument:319 - Argument : FIFOThresholdvalue: null
2026-08-10 19:51:53,441 [INFO] Argument:329 - Argument : FIFOThresholdvalue: null
2026-08-10 19:51:53,441 [INFO] Argument:319 - Argument : MemBurstvalue: null
2026-08-10 19:51:53,441 [INFO] Argument:329 - Argument : MemBurstvalue: null
2026-08-10 19:51:53,441 [INFO] Argument:319 - Argument : PeriphBurstvalue: null
2026-08-10 19:51:53,441 [INFO] Argument:329 - Argument : PeriphBurstvalue: null
2026-08-10 19:51:53,441 [INFO] Argument:319 - Argument : Lockvalue: null
2026-08-10 19:51:53,441 [INFO] Argument:329 - Argument : Lockvalue: null
2026-08-10 19:51:53,441 [INFO] Argument:319 - Argument : Statevalue: null
2026-08-10 19:51:53,441 [INFO] Argument:329 - Argument : Statevalue: null
2026-08-10 19:51:53,441 [INFO] Argument:319 - Argument : Parentvalue: null
2026-08-10 19:51:53,441 [INFO] Argument:329 - Argument : Parentvalue: null
2026-08-10 19:51:53,441 [INFO] Argument:319 - Argument : XferCpltCallbackvalue: null
2026-08-10 19:51:53,441 [INFO] Argument:329 - Argument : XferCpltCallbackvalue: null
2026-08-10 19:51:53,441 [INFO] Argument:319 - Argument : XferHalfCpltCallbackvalue: null
2026-08-10 19:51:53,441 [INFO] Argument:329 - Argument : XferHalfCpltCallbackvalue: null
2026-08-10 19:51:53,441 [INFO] Argument:319 - Argument : XferM1CpltCallbackvalue: null
2026-08-10 19:51:53,441 [INFO] Argument:329 - Argument : XferM1CpltCallbackvalue: null
2026-08-10 19:51:53,441 [INFO] Argument:319 - Argument : XferErrorCallbackvalue: null
2026-08-10 19:51:53,441 [INFO] Argument:329 - Argument : XferErrorCallbackvalue: null
2026-08-10 19:51:53,441 [INFO] Argument:319 - Argument : ErrorCodevalue: null
2026-08-10 19:51:53,441 [INFO] Argument:329 - Argument : ErrorCodevalue: null
2026-08-10 19:51:53,541 [INFO] CodeEngine:255 - oldGeneratedFile, C:\Users\Admin\Documents\GitHub\Drone-RTOS\Source\010Final\MXTmpFiles\license.tmp_save
2026-08-10 19:51:53,615 [INFO] CodeEngine:279 - Generated code: C:\Users\Admin\Documents\GitHub\Drone-RTOS\Source\010Final\MXTmpFiles\license.tmp
2026-08-10 19:51:53,634 [INFO] CodeEngine:255 - oldGeneratedFile, C:\Users\Admin\Documents\GitHub\Drone-RTOS\Source\010Final\MXTmpFiles\gpio.tmp_save
2026-08-10 19:51:53,698 [INFO] CodeEngine:279 - Generated code: C:\Users\Admin\Documents\GitHub\Drone-RTOS\Source\010Final\MXTmpFiles\gpio.tmp
2026-08-10 19:51:53,828 [INFO] CodeEngine:255 - oldGeneratedFile, C:\Users\Admin\Documents\GitHub\Drone-RTOS\Source\010Final\MXTmpFiles\dma.tmp_save
2026-08-10 19:51:53,893 [INFO] CodeEngine:279 - Generated code: C:\Users\Admin\Documents\GitHub\Drone-RTOS\Source\010Final\MXTmpFiles\dma.tmp
2026-08-10 19:51:53,896 [INFO] CodeEngine:255 - oldGeneratedFile, C:\Users\Admin\Documents\GitHub\Drone-RTOS\Source\010Final\MXTmpFiles\dma_GV.tmp_save
2026-08-10 19:51:53,957 [INFO] CodeEngine:279 - Generated code: C:\Users\Admin\Documents\GitHub\Drone-RTOS\Source\010Final\MXTmpFiles\dma_GV.tmp
2026-08-10 19:51:53,968 [INFO] CodeEngine:255 - oldGeneratedFile, C:\Users\Admin\Documents\GitHub\Drone-RTOS\Source\010Final\Core\Src\stm32f4xx_it.c_save
2026-08-10 19:51:54,067 [INFO] CodeEngine:279 - Generated code: C:\Users\Admin\Documents\GitHub\Drone-RTOS\Source\010Final\Core\Src\stm32f4xx_it.c
2026-08-10 19:51:54,070 [INFO] CodeEngine:255 - oldGeneratedFile, C:\Users\Admin\Documents\GitHub\Drone-RTOS\Source\010Final\Core\Inc\stm32f4xx_it.h_save
2026-08-10 19:51:54,114 [INFO] CodeEngine:279 - Generated code: C:\Users\Admin\Documents\GitHub\Drone-RTOS\Source\010Final\Core\Inc\stm32f4xx_it.h
2026-08-10 19:51:54,120 [INFO] CodeEngine:255 - oldGeneratedFile, C:\Users\Admin\Documents\GitHub\Drone-RTOS\Source\010Final\Core\Src\stm32f4xx_hal_msp.c_save
2026-08-10 19:51:54,189 [INFO] CodeEngine:279 - Generated code: C:\Users\Admin\Documents\GitHub\Drone-RTOS\Source\010Final\Core\Src\stm32f4xx_hal_msp.c
2026-08-10 19:51:54,192 [INFO] CodeEngine:255 - oldGeneratedFile, C:\Users\Admin\Documents\GitHub\Drone-RTOS\Source\010Final\MXTmpFiles\system.tmp_save
2026-08-10 19:51:54,239 [INFO] CodeEngine:279 - Generated code: C:\Users\Admin\Documents\GitHub\Drone-RTOS\Source\010Final\MXTmpFiles\system.tmp
2026-08-10 19:51:54,245 [INFO] CodeEngine:311 - oldGeneratedFile, C:\Users\Admin\Documents\GitHub\Drone-RTOS\Source\010Final\Core\Inc\stm32f4xx_hal_conf.h_save
2026-08-10 19:51:54,299 [INFO] CodeEngine:335 - Generated code: C:\Users\Admin\Documents\GitHub\Drone-RTOS\Source\010Final\Core\Inc\stm32f4xx_hal_conf.h
2026-08-10 19:51:54,313 [WARN] IPConfigManager:3431 - IP not found : TIM
2026-08-10 19:51:54,313 [WARN] CodeGenerator:3760 - IP not found : null
2026-08-10 19:51:54,319 [INFO] CodeEngine:255 - oldGeneratedFile, C:\Users\Admin\Documents\GitHub\Drone-RTOS\Source\010Final\Core\Inc\main.h_save
2026-08-10 19:51:54,379 [INFO] CodeEngine:279 - Generated code: C:\Users\Admin\Documents\GitHub\Drone-RTOS\Source\010Final\Core\Inc\main.h
2026-08-10 19:51:54,383 [INFO] CodeEngine:255 - oldGeneratedFile, C:\Users\Admin\Documents\GitHub\Drone-RTOS\Source\010Final\Core\Src\main.c_save
2026-08-10 19:51:54,489 [INFO] CodeEngine:279 - Generated code: C:\Users\Admin\Documents\GitHub\Drone-RTOS\Source\010Final\Core\Src\main.c
2026-08-10 19:51:54,848 [INFO] ProjectBuilder:3064 - Time for Copy HAL[1] : 91mS.
2026-08-10 19:51:54,851 [INFO] ProjectBuilder:4404 - Project Generator version: 4.1.0
2026-08-10 19:51:55,026 [INFO] ConfigFileManager:1457 - The Die is : DIE413
2026-08-10 19:51:55,028 [INFO] ApiDbMcu:507 - Load IP Config File for FATFS
2026-08-10 19:51:55,034 [INFO] ApiDbMcu:507 - Load IP Config File for FREERTOS
2026-08-10 19:51:55,036 [INFO] ApiDbMcu:507 - Load IP Config File for LIBJPEG
2026-08-10 19:51:55,040 [INFO] ApiDbMcu:507 - Load IP Config File for MBEDTLS
2026-08-10 19:51:55,047 [INFO] ApiDbMcu:507 - Load IP Config File for USB_DEVICE
2026-08-10 19:51:55,049 [INFO] ApiDbMcu:507 - Load IP Config File for USB_HOST
2026-08-10 19:51:56,108 [INFO] ProjectBuilder:4626 - Time for Generating toolchain IDE Files: 1257mS.
2026-08-10 19:51:56,109 [INFO] ProjectBuilder:2935 - Time for Copy CMSIS : 1mS.
2026-08-10 19:51:56,112 [INFO] ProjectBuilder:2935 - Time for Copy CMSIS : 0mS.
