2026-07-28 09:04:51,835 [INFO] Activator:176 - 


2026-07-28 09:04:51,840 [INFO] Activator:177 - !SESSION log4j initialized
2026-07-28 09:04:56,433 [INFO] LogOutputStream:77 - [STDOUT_REDIRECT] 
2026-07-28 09:04:57,122 [INFO] ApplicationProperties:184 - Using Application install path: C:\ST\STM32CubeIDE_1.13.1\STM32CubeIDE\plugins\com.st.stm32cube.common.mx_6.9.1.202307191849
2026-07-28 09:04:57,144 [INFO] DbMcusXml:78 - Set database path to: C:\ST\STM32CubeIDE_1.13.1\STM32CubeIDE\plugins\com.st.stm32cube.common.mx_6.9.1.202307191849\\db\/mcu/
2026-07-28 09:04:57,144 [INFO] ApiDb:274 - Set plugin database path to: C:\ST\STM32CubeIDE_1.13.1\STM32CubeIDE\plugins\com.st.stm32cube.common.mx_6.9.1.202307191849\\db\/plugins/boardmanager/
2026-07-28 09:04:57,145 [WARN] ApiDb:259 - Overriding images path with different value:  => C:\ST\STM32CubeIDE_1.13.1\STM32CubeIDE\plugins\com.st.stm32cube.common.mx_6.9.1.202307191849\\db\/plugins/mcufinder/images/
2026-07-28 09:04:57,156 [INFO] ApiDb:250 - Set database path to: C:\Users\Admin\.stmcufinder\plugins\mcufinder//mcu/
2026-07-28 09:04:57,157 [INFO] DbMcusAds:125 - Set database path to: C:\Users\Admin\.stmcufinder\plugins\mcufinder//mcu/
2026-07-28 09:04:57,158 [INFO] CrossReferenceDbSqlite:203 - Set database path to: C:\Users\Admin\.stmcufinder\plugins\mcufinder//mcu/cs/
2026-07-28 09:04:57,251 [INFO] RulesReader:64 - Compatibility file has been processed (293 Rules)
2026-07-28 09:04:57,322 [INFO] DbMcusXml:78 - Set database path to: C:\ST\STM32CubeIDE_1.13.1\STM32CubeIDE\plugins\com.st.stm32cube.common.mx_6.9.1.202307191849\\db\/mcu/
2026-07-28 09:04:57,322 [INFO] ApiDb:274 - Set plugin database path to: C:\ST\STM32CubeIDE_1.13.1\STM32CubeIDE\plugins\com.st.stm32cube.common.mx_6.9.1.202307191849\\db\/plugins/boardmanager/
2026-07-28 09:04:57,322 [INFO] ApiDb:261 - Set plugin images path to: C:\ST\STM32CubeIDE_1.13.1\STM32CubeIDE\plugins\com.st.stm32cube.common.mx_6.9.1.202307191849\\db\/plugins/mcufinder/images/
2026-07-28 09:04:57,322 [WARN] DbFile:41 - Overriding database path with different value: C:\Users\Admin\.stmcufinder\plugins\mcufinder/ => C:\Users\Admin\.stmcufinder\plugins\mcufinder
2026-07-28 09:04:57,323 [INFO] ApiDb:250 - Set database path to: C:\Users\Admin\.stmcufinder\plugins\mcufinder//mcu/
2026-07-28 09:04:57,323 [WARN] DbFile:41 - Overriding database path with different value: C:\Users\Admin\.stmcufinder\plugins\mcufinder/ => C:\Users\Admin\.stmcufinder\plugins\mcufinder
2026-07-28 09:04:57,323 [INFO] DbMcusAds:125 - Set database path to: C:\Users\Admin\.stmcufinder\plugins\mcufinder//mcu/
2026-07-28 09:04:57,323 [WARN] DbFile:41 - Overriding database path with different value: C:\Users\Admin\.stmcufinder\plugins\mcufinder/ => C:\Users\Admin\.stmcufinder\plugins\mcufinder
2026-07-28 09:04:57,323 [WARN] DbFile:41 - Overriding database path with different value: C:\Users\Admin\.stmcufinder\plugins\mcufinder/ => C:\Users\Admin\.stmcufinder\plugins\mcufinder
2026-07-28 09:04:57,323 [INFO] CrossReferenceDbSqlite:203 - Set database path to: C:\Users\Admin\.stmcufinder\plugins\mcufinder//mcu/cs/
2026-07-28 09:04:57,391 [INFO] MainPanel:262 - HeapMemory: 268435456
2026-07-28 09:04:57,484 [INFO] DbMcusXml:78 - Set database path to: C:\ST\STM32CubeIDE_1.13.1\STM32CubeIDE\plugins\com.st.stm32cube.common.mx_6.9.1.202307191849\\db\/mcu/
2026-07-28 09:04:57,484 [INFO] ApiDb:274 - Set plugin database path to: C:\ST\STM32CubeIDE_1.13.1\STM32CubeIDE\plugins\com.st.stm32cube.common.mx_6.9.1.202307191849\\db\/plugins/boardmanager/
2026-07-28 09:04:57,484 [INFO] ApiDb:261 - Set plugin images path to: C:\ST\STM32CubeIDE_1.13.1\STM32CubeIDE\plugins\com.st.stm32cube.common.mx_6.9.1.202307191849\\db\/plugins/mcufinder/images/
2026-07-28 09:04:57,484 [WARN] DbFile:41 - Overriding database path with different value: C:\Users\Admin\.stmcufinder\plugins\mcufinder/ => C:\Users\Admin\.stmcufinder\plugins\mcufinder
2026-07-28 09:04:57,484 [INFO] ApiDb:250 - Set database path to: C:\Users\Admin\.stmcufinder\plugins\mcufinder//mcu/
2026-07-28 09:04:57,484 [WARN] DbFile:41 - Overriding database path with different value: C:\Users\Admin\.stmcufinder\plugins\mcufinder/ => C:\Users\Admin\.stmcufinder\plugins\mcufinder
2026-07-28 09:04:57,485 [INFO] DbMcusAds:125 - Set database path to: C:\Users\Admin\.stmcufinder\plugins\mcufinder//mcu/
2026-07-28 09:04:57,485 [WARN] DbFile:41 - Overriding database path with different value: C:\Users\Admin\.stmcufinder\plugins\mcufinder/ => C:\Users\Admin\.stmcufinder\plugins\mcufinder
2026-07-28 09:04:57,485 [WARN] DbFile:41 - Overriding database path with different value: C:\Users\Admin\.stmcufinder\plugins\mcufinder/ => C:\Users\Admin\.stmcufinder\plugins\mcufinder
2026-07-28 09:04:57,485 [INFO] CrossReferenceDbSqlite:203 - Set database path to: C:\Users\Admin\.stmcufinder\plugins\mcufinder//mcu/cs/
2026-07-28 09:04:57,501 [INFO] ApplicationProperties:184 - Using Application install path: C:\ST\STM32CubeIDE_1.13.1\STM32CubeIDE\plugins\com.st.stm32cube.common.mx_6.9.1.202307191849
2026-07-28 09:04:57,502 [INFO] PluginManage:196 - Search for loadable plugins [exclusion list=, ]
2026-07-28 09:04:57,503 [INFO] PluginManage:310 - Check plugin analytics
2026-07-28 09:04:57,621 [INFO] AnalyticsPlugin:253 - Accepted Software Licenses: STM32CubeMX.6.18.0
2026-07-28 09:04:57,621 [INFO] AnalyticsPlugin:255 - Accepted CMSIS Pack Licenses: 
2026-07-28 09:04:57,622 [INFO] AnalyticsPlugin:257 - Accepted Firmware Licenses: FW.F4.1.27.0,FW.F4.1.28.0,FW.F4.1.28.3
2026-07-28 09:04:57,624 [INFO] PluginManage:359 - Loaded plugin analytics (category:tool,tabindex:-1)
2026-07-28 09:04:57,625 [INFO] PluginManage:310 - Check plugin cadmodel
2026-07-28 09:04:57,630 [INFO] CADModel:105 - Init CAD model plugin
2026-07-28 09:04:57,630 [INFO] PluginManage:359 - Loaded plugin cadmodel (category:power,tabindex:5)
2026-07-28 09:04:57,630 [INFO] PluginManage:310 - Check plugin clock
2026-07-28 09:04:57,639 [INFO] PluginManage:359 - Loaded plugin clock (category:base,tabindex:2)
2026-07-28 09:04:57,639 [INFO] PluginManage:310 - Check plugin ddr
2026-07-28 09:04:57,641 [INFO] PluginManage:359 - Loaded plugin ddr (category:tool,tabindex:6)
2026-07-28 09:04:57,642 [INFO] PluginManage:310 - Check plugin filemanager
2026-07-28 09:04:57,755 [INFO] PluginManage:359 - Loaded plugin filemanager (category:base,tabindex:10)
2026-07-28 09:04:57,756 [INFO] PluginManage:310 - Check plugin ipmanager
2026-07-28 09:04:57,761 [INFO] PluginManage:359 - Loaded plugin ipmanager (category:base,tabindex:5)
2026-07-28 09:04:57,762 [INFO] PluginManage:310 - Check plugin lpbam
2026-07-28 09:04:57,769 [INFO] PluginManage:359 - Loaded plugin lpbam (category:base,tabindex:0)
2026-07-28 09:04:57,769 [INFO] PluginManage:310 - Check plugin memorymap
2026-07-28 09:04:57,782 [INFO] PluginManage:359 - Loaded plugin memorymap (category:base,tabindex:4)
2026-07-28 09:04:57,782 [INFO] PluginManage:310 - Check plugin pinoutandconfiguration
2026-07-28 09:04:57,788 [INFO] PluginManage:359 - Loaded plugin pinoutandconfiguration (category:base,tabindex:1)
2026-07-28 09:04:57,788 [INFO] PluginManage:310 - Check plugin pinoutconfig
2026-07-28 09:04:57,854 [WARN] SupportedApi:132 - Cannot load RTOS API schema: s4s-elt-must-match.1: The content of 'definitions' must match (annotation?, (simpleType | complexType)?, (unique | key | keyref)*)). A problem was found starting at: attribute.
2026-07-28 09:04:57,956 [INFO] PluginManage:359 - Loaded plugin pinoutconfig (category:base,tabindex:0)
2026-07-28 09:04:57,956 [INFO] PluginManage:310 - Check plugin power
2026-07-28 09:04:57,966 [INFO] PluginManage:359 - Loaded plugin power (category:power,tabindex:4)
2026-07-28 09:04:57,966 [INFO] PluginManage:310 - Check plugin projectmanager
2026-07-28 09:04:57,977 [INFO] PluginManage:359 - Loaded plugin projectmanager (category:projectmanager,tabindex:3)
2026-07-28 09:04:57,978 [INFO] PluginManage:310 - Check plugin thirdparty
2026-07-28 09:04:58,079 [INFO] PluginManage:359 - Loaded plugin thirdparty (category:base,tabindex:-1)
2026-07-28 09:04:58,079 [WARN] IntegrityCheckThread:84 - waiting for thirdparty lock release [integrity check]
2026-07-28 09:04:58,079 [INFO] PluginManage:310 - Check plugin tools
2026-07-28 09:04:58,079 [INFO] IntegrityCheckThread:86 - entering critical section [integrity check]
2026-07-28 09:04:58,079 [INFO] ThirdPartyUpdaterWithRetryManager:70 - Updater plugin not ready yet. [1/15]
2026-07-28 09:04:58,082 [INFO] PluginManage:359 - Loaded plugin tools (category:base,tabindex:7)
2026-07-28 09:04:58,082 [INFO] PluginManage:310 - Check plugin tutovideos
2026-07-28 09:04:58,229 [INFO] PluginManage:359 - Loaded plugin tutovideos (category:base,tabindex:-1)
2026-07-28 09:04:58,229 [INFO] PluginManage:310 - Check plugin updater
2026-07-28 09:04:58,238 [INFO] PluginManage:359 - Loaded plugin updater (category:base,tabindex:12)
2026-07-28 09:04:58,238 [INFO] PluginManage:310 - Check plugin userauth
2026-07-28 09:04:58,244 [INFO] UserAuth:113 - Init User Auth plugin
2026-07-28 09:04:58,244 [INFO] PluginManage:359 - Loaded plugin userauth (category:base,tabindex:14)
2026-07-28 09:04:58,244 [INFO] PluginManage:283 - PluginManage : Loaded plugins [17]
2026-07-28 09:04:58,415 [INFO] PinOutPanel:1499 - setPackage(No Configuration,No Configuration)
2026-07-28 09:04:58,516 [INFO] CADModel:165 - CPN selected for project level
2026-07-28 09:04:58,517 [INFO] CADModel:114 - Register for checkConnection events
2026-07-28 09:04:58,536 [INFO] IPUIPlugin:80 - create IPUIPlugin
2026-07-28 09:04:58,536 [INFO] PluginManager:220 - loadIPPluginJar : add adc
2026-07-28 09:04:58,539 [INFO] IPUIPlugin:80 - create IPUIPlugin
2026-07-28 09:04:58,539 [INFO] PluginManager:220 - loadIPPluginJar : add aes
2026-07-28 09:04:58,541 [INFO] IPUIPlugin:80 - create IPUIPlugin
2026-07-28 09:04:58,541 [INFO] PluginManager:220 - loadIPPluginJar : add can
2026-07-28 09:04:58,542 [INFO] IPUIPlugin:80 - create IPUIPlugin
2026-07-28 09:04:58,542 [INFO] PluginManager:220 - loadIPPluginJar : add comp
2026-07-28 09:04:58,545 [INFO] IPUIPlugin:80 - create IPUIPlugin
2026-07-28 09:04:58,546 [INFO] PluginManager:220 - loadIPPluginJar : add cryp
2026-07-28 09:04:58,548 [INFO] IPUIPlugin:80 - create IPUIPlugin
2026-07-28 09:04:58,548 [INFO] PluginManager:220 - loadIPPluginJar : add dfsdm
2026-07-28 09:04:58,555 [INFO] IPUIPlugin:80 - create IPUIPlugin
2026-07-28 09:04:58,556 [INFO] PluginManager:220 - loadIPPluginJar : add dma
2026-07-28 09:04:58,560 [INFO] IPUIPlugin:80 - create IPUIPlugin
2026-07-28 09:04:58,560 [INFO] PluginManager:220 - loadIPPluginJar : add dma3
2026-07-28 09:04:58,562 [INFO] IPUIPlugin:80 - create IPUIPlugin
2026-07-28 09:04:58,562 [INFO] PluginManager:220 - loadIPPluginJar : add fatfs
2026-07-28 09:04:58,567 [INFO] IPUIPlugin:80 - create IPUIPlugin
2026-07-28 09:04:58,567 [INFO] PluginManager:220 - loadIPPluginJar : add fmc
2026-07-28 09:04:58,572 [INFO] IPUIPlugin:80 - create IPUIPlugin
2026-07-28 09:04:58,573 [INFO] PluginManager:220 - loadIPPluginJar : add freertos
2026-07-28 09:04:58,574 [INFO] IPUIPlugin:80 - create IPUIPlugin
2026-07-28 09:04:58,574 [INFO] PluginManager:220 - loadIPPluginJar : add genericplugin
2026-07-28 09:04:58,577 [INFO] IPUIPlugin:80 - create IPUIPlugin
2026-07-28 09:04:58,577 [INFO] PluginManager:220 - loadIPPluginJar : add gfxmmu
2026-07-28 09:04:58,581 [INFO] IPUIPlugin:80 - create IPUIPlugin
2026-07-28 09:04:58,582 [INFO] PluginManager:220 - loadIPPluginJar : add gic
2026-07-28 09:04:58,585 [INFO] IPUIPlugin:80 - create IPUIPlugin
2026-07-28 09:04:58,585 [INFO] PluginManager:220 - loadIPPluginJar : add gpio
2026-07-28 09:04:58,588 [INFO] IPUIPlugin:80 - create IPUIPlugin
2026-07-28 09:04:58,588 [INFO] PluginManager:220 - loadIPPluginJar : add gtzc
2026-07-28 09:04:58,590 [INFO] IPUIPlugin:80 - create IPUIPlugin
2026-07-28 09:04:58,590 [INFO] PluginManager:220 - loadIPPluginJar : add hash
2026-07-28 09:04:58,591 [INFO] IPUIPlugin:80 - create IPUIPlugin
2026-07-28 09:04:58,592 [INFO] PluginManager:220 - loadIPPluginJar : add i2c
2026-07-28 09:04:58,594 [INFO] IPUIPlugin:80 - create IPUIPlugin
2026-07-28 09:04:58,594 [INFO] PluginManager:220 - loadIPPluginJar : add i2s
2026-07-28 09:04:58,596 [INFO] IPUIPlugin:80 - create IPUIPlugin
2026-07-28 09:04:58,597 [INFO] PluginManager:220 - loadIPPluginJar : add i3c
2026-07-28 09:04:58,599 [INFO] IPUIPlugin:80 - create IPUIPlugin
2026-07-28 09:04:58,600 [INFO] PluginManager:220 - loadIPPluginJar : add ipddr
2026-07-28 09:04:58,607 [INFO] IPUIPlugin:80 - create IPUIPlugin
2026-07-28 09:04:58,607 [INFO] PluginManager:220 - loadIPPluginJar : add linkedlist
2026-07-28 09:04:58,611 [INFO] IPUIPlugin:80 - create IPUIPlugin
2026-07-28 09:04:58,611 [INFO] PluginManager:220 - loadIPPluginJar : add lorawan
2026-07-28 09:04:58,616 [INFO] IPUIPlugin:80 - create IPUIPlugin
2026-07-28 09:04:58,616 [INFO] PluginManager:220 - loadIPPluginJar : add ltdc
2026-07-28 09:04:58,623 [INFO] IPUIPlugin:80 - create IPUIPlugin
2026-07-28 09:04:58,623 [INFO] PluginManager:220 - loadIPPluginJar : add mdma
2026-07-28 09:04:58,629 [INFO] IPUIPlugin:80 - create IPUIPlugin
2026-07-28 09:04:58,629 [INFO] PluginManager:220 - loadIPPluginJar : add nvic
2026-07-28 09:04:58,632 [INFO] IPUIPlugin:80 - create IPUIPlugin
2026-07-28 09:04:58,632 [INFO] PluginManager:220 - loadIPPluginJar : add opamp
2026-07-28 09:04:58,634 [INFO] IPUIPlugin:80 - create IPUIPlugin
2026-07-28 09:04:58,635 [INFO] PluginManager:220 - loadIPPluginJar : add openamp
2026-07-28 09:04:58,637 [INFO] IPUIPlugin:80 - create IPUIPlugin
2026-07-28 09:04:58,637 [INFO] PluginManager:220 - loadIPPluginJar : add pdm2pcm
2026-07-28 09:04:58,643 [INFO] IPUIPlugin:80 - create IPUIPlugin
2026-07-28 09:04:58,645 [INFO] PluginManager:220 - loadIPPluginJar : add plateformsettings
2026-07-28 09:04:58,646 [INFO] IPUIPlugin:80 - create IPUIPlugin
2026-07-28 09:04:58,646 [INFO] PluginManager:220 - loadIPPluginJar : add quadspi
2026-07-28 09:04:58,650 [INFO] IPUIPlugin:80 - create IPUIPlugin
2026-07-28 09:04:58,650 [INFO] PluginManager:220 - loadIPPluginJar : add resmgrutility
2026-07-28 09:04:58,653 [INFO] IPUIPlugin:80 - create IPUIPlugin
2026-07-28 09:04:58,653 [INFO] PluginManager:220 - loadIPPluginJar : add sai
2026-07-28 09:04:58,654 [INFO] IPUIPlugin:80 - create IPUIPlugin
2026-07-28 09:04:58,654 [INFO] PluginManager:220 - loadIPPluginJar : add spi
2026-07-28 09:04:58,658 [INFO] IPUIPlugin:80 - create IPUIPlugin
2026-07-28 09:04:58,658 [INFO] PluginManager:220 - loadIPPluginJar : add stm32_wpan
2026-07-28 09:04:58,660 [INFO] IPUIPlugin:80 - create IPUIPlugin
2026-07-28 09:04:58,660 [INFO] PluginManager:220 - loadIPPluginJar : add tim
2026-07-28 09:04:58,663 [INFO] IPUIPlugin:80 - create IPUIPlugin
2026-07-28 09:04:58,663 [INFO] PluginManager:220 - loadIPPluginJar : add touchsensing
2026-07-28 09:04:58,664 [INFO] IPUIPlugin:80 - create IPUIPlugin
2026-07-28 09:04:58,664 [INFO] PluginManager:220 - loadIPPluginJar : add tracer_emb
2026-07-28 09:04:58,666 [INFO] IPUIPlugin:80 - create IPUIPlugin
2026-07-28 09:04:58,666 [INFO] PluginManager:220 - loadIPPluginJar : add ts
2026-07-28 09:04:58,667 [INFO] IPUIPlugin:80 - create IPUIPlugin
2026-07-28 09:04:58,667 [INFO] PluginManager:220 - loadIPPluginJar : add tsc
2026-07-28 09:04:58,669 [INFO] IPUIPlugin:80 - create IPUIPlugin
2026-07-28 09:04:58,669 [INFO] PluginManager:220 - loadIPPluginJar : add ucpd
2026-07-28 09:04:58,671 [INFO] IPUIPlugin:80 - create IPUIPlugin
2026-07-28 09:04:58,671 [INFO] PluginManager:220 - loadIPPluginJar : add usart
2026-07-28 09:04:58,673 [INFO] IPUIPlugin:80 - create IPUIPlugin
2026-07-28 09:04:58,673 [INFO] PluginManager:220 - loadIPPluginJar : add usbx
2026-07-28 09:04:58,794 [INFO] CADModel:165 - CPN selected for project level
2026-07-28 09:04:58,794 [INFO] CADModel:114 - Register for checkConnection events
2026-07-28 09:04:58,794 [FATAL] Updater:308 - Updater called before beeing initialized
2026-07-28 09:04:58,795 [ERROR] CADModel:125 - Updater not yet initialized, retry later 
2026-07-28 09:04:58,926 [INFO] CADModel:165 - CPN selected for project level
2026-07-28 09:04:58,926 [INFO] CADModel:114 - Register for checkConnection events
2026-07-28 09:04:58,926 [FATAL] Updater:308 - Updater called before beeing initialized
2026-07-28 09:04:58,926 [ERROR] CADModel:125 - Updater not yet initialized, retry later 
2026-07-28 09:04:58,930 [FATAL] Updater:308 - Updater called before beeing initialized
2026-07-28 09:04:59,000 [FATAL] Updater:308 - Updater called before beeing initialized
2026-07-28 09:04:59,005 [INFO] DbMcusAds:53 - JSON generation date=Wed Jul 15 16:46:00 GMT+07:00 2026 (1784108760991)
2026-07-28 09:04:59,005 [FATAL] Updater:308 - Updater called before beeing initialized
2026-07-28 09:04:59,036 [WARN] DetailPanel:346 - Failed to get advertising image, set to default
2026-07-28 09:04:59,113 [FATAL] Updater:308 - Updater called before beeing initialized
2026-07-28 09:04:59,114 [FATAL] Updater:308 - Updater called before beeing initialized
2026-07-28 09:04:59,115 [FATAL] Updater:308 - Updater called before beeing initialized
2026-07-28 09:04:59,115 [WARN] DetailPanel:346 - Failed to get advertising image, set to default
2026-07-28 09:04:59,115 [FATAL] Updater:308 - Updater called before beeing initialized
2026-07-28 09:04:59,148 [ERROR] Updater:1120 - MainUpdater not yet initialized. External WinMGr cannot be set.
2026-07-28 09:04:59,150 [INFO] Updater:1056 - Updater Version found : 6.9.1
2026-07-28 09:04:59,167 [INFO] ApplicationProperties:184 - Using Application install path: C:\ST\STM32CubeIDE_1.13.1\STM32CubeIDE\plugins\com.st.stm32cube.common.mx_6.9.1.202307191849
2026-07-28 09:04:59,317 [INFO] MainUpdater:2868 - connection check result : 10
2026-07-28 09:04:59,317 [INFO] MainUpdater:285 - Updater Check For Update Now.
2026-07-28 09:04:59,317 [INFO] MicroXplorer:498 - Change Database Version : DB.6.0.91
2026-07-28 09:04:59,324 [INFO] McuFinderGlobals:63 - Set McuFinder mode to 2 (CubeIDE integrated)
2026-07-28 09:04:59,324 [INFO] UserAuth:179 - activating auth plugin
2026-07-28 09:04:59,328 [INFO] UserAuth:393 - Internet connection configuration mode: 1
2026-07-28 09:04:59,353 [INFO] JxBrowserEngine:151 - Initiate JxBrowser Engine with user profile folder
2026-07-28 09:04:59,495 [INFO] CheckServerUpdateThread:120 - End of CheckServer Thread
2026-07-28 09:04:59,959 [INFO] WebApp:157 - Instantiating new browser for Auth
2026-07-28 09:05:00,371 [INFO] WebApp:753 - Register for checkConnection events
2026-07-28 09:05:00,372 [INFO] WebApp:390 - Apply proxy settings
2026-07-28 09:05:00,372 [INFO] WebApp:475 - Chromium requires no authentication
2026-07-28 09:05:00,378 [INFO] WebApp:418 - Direct internet connection detected
2026-07-28 09:05:00,501 [INFO] WebApp:188 - Starting web application
2026-07-28 09:05:00,502 [INFO] WebApp:520 - Web application path used C:\ST\STM32CubeIDE_1.13.1\STM32CubeIDE\plugins\com.st.stm32cube.common.mx_6.9.1.202307191849\db\plugins\mcufinder\reactClient1\index.html
2026-07-28 09:05:01,227 [WARN] PackLoader:240 - Cannot read IP mode file for STMicroelectronics.FP-ATR-ASTRA1.2.0.3
2026-07-28 09:05:01,231 [WARN] PackLoader:240 - Cannot read IP mode file for STMicroelectronics.FP-ATR-ASTRA1.2.0.2
2026-07-28 09:05:01,236 [ERROR] Engine:466 - C:\Users\Admin\.stm32cubemx\thirdparties\pdsc\STMicroelectronics.X-CUBE-SMBUS.2.1.1.pdsc: PDSC version is not supported
2026-07-28 09:05:01,239 [WARN] PackLoader:240 - Cannot read IP mode file for STMicroelectronics.X-CUBE-SMBUS.2.1.0
2026-07-28 09:05:01,261 [WARN] PackLoader:240 - Cannot read IP mode file for STMicroelectronics.X-CUBE-AZRTOS-F7.1.1.0
2026-07-28 09:05:01,268 [ERROR] Engine:466 - C:\Users\Admin\.stm32cubemx\thirdparties\pdsc\STMicroelectronics.X-CUBE-FREERTOS.1.6.0.pdsc: PDSC version is not supported
2026-07-28 09:05:01,295 [WARN] PackLoader:240 - Cannot read IP mode file for STMicroelectronics.X-CUBE-AZRTOS-H7RS.1.3.0
2026-07-28 09:05:01,307 [ERROR] Engine:466 - C:\Users\Admin\.stm32cubemx\thirdparties\pdsc\WES.I-CUBE-Cesium.1.4.0.pdsc: PDSC version is not supported
2026-07-28 09:05:01,316 [WARN] PackLoader:240 - Cannot read IP mode file for STMicroelectronics.X-CUBE-DISPLAY.3.0.0
2026-07-28 09:05:01,324 [WARN] PackLoader:240 - Cannot read IP mode file for wolfSSL.I-CUBE-wolfSSL.5.9.1
2026-07-28 09:05:01,329 [WARN] PackLoader:240 - Cannot read IP mode file for emotas.I-CUBE-CANOPEN.1.3.0
2026-07-28 09:05:01,331 [ERROR] Engine:466 - C:\Users\Admin\.stm32cubemx\thirdparties\pdsc\STMicroelectronics.X-CUBE-WBA.1.1.0.pdsc: PDSC version is not supported
2026-07-28 09:05:01,337 [INFO] LogOutputStream:77 - [STDOUT_REDIRECT] 1 : Invalid condition id : UX_CORESTACK_Condition cause : null
2026-07-28 09:05:01,338 [INFO] LogOutputStream:77 - [STDOUT_REDIRECT] 1 : Invalid condition id : UX_CORESTACK_Condition cause : null
2026-07-28 09:05:01,339 [INFO] LogOutputStream:77 - [STDOUT_REDIRECT] 1 : Invalid condition id : UX_CORESTACK_Condition cause : null
2026-07-28 09:05:01,340 [INFO] LogOutputStream:77 - [STDOUT_REDIRECT] 1 : Invalid condition id : UX_CORESTACK_Condition cause : null
2026-07-28 09:05:01,341 [INFO] LogOutputStream:77 - [STDOUT_REDIRECT] 1 : Invalid condition id : UX_CORESTACK_Condition cause : null
2026-07-28 09:05:01,343 [WARN] PackLoader:240 - Cannot read IP mode file for STMicroelectronics.X-CUBE-AZRTOS-WL.2.0.0
2026-07-28 09:05:01,361 [WARN] PackLoader:240 - Cannot read IP mode file for STMicroelectronics.X-CUBE-AZRTOS-H7RS.1.2.0
2026-07-28 09:05:01,373 [WARN] PackLoader:240 - Cannot read IP mode file for STMicroelectronics.X-CUBE-BLE2.3.3.0
2026-07-28 09:05:01,376 [ERROR] Engine:466 - C:\Users\Admin\.stm32cubemx\thirdparties\pdsc\Avnet-IOTCONNECT.X-CUBE-iotc-st67-sdk.1.0.0.pdsc: PDSC version is not supported
2026-07-28 09:05:01,381 [ERROR] Engine:466 - C:\Users\Admin\.stm32cubemx\thirdparties\pdsc\Infineon.AIROC-Wi-Fi-Bluetooth-STM32.1.8.0.pdsc: PDSC version is not supported
2026-07-28 09:05:01,387 [WARN] PackLoader:240 - Cannot read IP mode file for wolfSSL.I-CUBE-wolfMQTT.1.19.2
2026-07-28 09:05:01,398 [WARN] PackLoader:240 - Cannot read IP mode file for STMicroelectronics.X-CUBE-AZRTOS-G0.1.1.0
2026-07-28 09:05:01,405 [WARN] PackLoader:240 - Cannot read IP mode file for STMicroelectronics.X-CUBE-NFC4.3.0.0
2026-07-28 09:05:01,409 [ERROR] Engine:466 - C:\Users\Admin\.stm32cubemx\thirdparties\pdsc\EmbeddedOffice.I-CUBE-FS-RTOS.1.0.1.pdsc: PDSC version is not supported
2026-07-28 09:05:01,413 [WARN] PackLoader:240 - Cannot read IP mode file for wolfSSL.I-CUBE-wolfTPM.3.8.0
2026-07-28 09:05:01,416 [ERROR] Engine:466 - C:\Users\Admin\.stm32cubemx\thirdparties\pdsc\RealThread.X-CUBE-RT-Thread_Nano.4.1.1.pdsc: PDSC version is not supported
2026-07-28 09:05:01,419 [WARN] PackLoader:240 - Cannot read IP mode file for STMicroelectronics.FP-ATR-SIGFOX1.3.2.0
2026-07-28 09:05:01,422 [ERROR] Engine:466 - C:\Users\Admin\.stm32cubemx\thirdparties\pdsc\STMicroelectronics.X-CUBE-FREERTOS.1.5.0.pdsc: PDSC version is not supported
2026-07-28 09:05:01,428 [WARN] PackLoader:240 - Cannot read IP mode file for ITTIA_DB.I-CUBE-ITTIADB.8.9.0
2026-07-28 09:05:01,430 [ERROR] Engine:466 - C:\Users\Admin\.stm32cubemx\thirdparties\pdsc\Cesanta.I-CUBE-Mongoose.7.21.7.pdsc: PDSC version is not supported
2026-07-28 09:05:01,433 [WARN] PackLoader:240 - Cannot read IP mode file for STMicroelectronics.X-CUBE-AI.10.2.1
2026-07-28 09:05:01,474 [WARN] PackLoader:240 - Cannot read IP mode file for STMicroelectronics.X-CUBE-MEMS1.12.1.0
2026-07-28 09:05:01,570 [WARN] PackLoader:240 - Cannot read IP mode file for SEGGER.I-CUBE-embOS.1.3.1
2026-07-28 09:05:01,613 [WARN] PackLoader:240 - Cannot read IP mode file for STMicroelectronics.X-CUBE-ALGOBUILD.1.4.0
2026-07-28 09:05:01,621 [WARN] PackLoader:240 - Cannot read IP mode file for STMicroelectronics.X-CUBE-NFC13.1.0.0
2026-07-28 09:05:01,641 [WARN] PackLoader:240 - Cannot read IP mode file for STMicroelectronics.X-CUBE-AZRTOS-F4.1.1.0
2026-07-28 09:05:01,648 [ERROR] Engine:466 - C:\Users\Admin\.stm32cubemx\thirdparties\pdsc\STMicroelectronics.eDS-WB_DPC_TT-BIDIR.2.1.1.pdsc: PDSC version is not supported
2026-07-28 09:05:01,655 [WARN] PackLoader:240 - Cannot read IP mode file for STMicroelectronics.X-CUBE-ALGOBUILD.1.5.0
2026-07-28 09:05:01,732 [WARN] PackLoader:240 - Cannot read IP mode file for STMicroelectronics.X-CUBE-MEMS1.13.0.0
2026-07-28 09:05:01,843 [ERROR] Engine:466 - C:\Users\Admin\.stm32cubemx\thirdparties\pdsc\STMicroelectronics.eDS-WB_DPC_3PH2L-BIDIR.1.1.1.pdsc: PDSC version is not supported
2026-07-28 09:05:01,850 [WARN] PackLoader:240 - Cannot read IP mode file for STMicroelectronics.X-CUBE-TOUCHGFX.4.26.1
2026-07-28 09:05:01,865 [WARN] ConditionMgr:438 - getConditionDescription Invalid condition id : LAN8742 Phy interface Condition cause : null
2026-07-28 09:05:01,866 [WARN] PackLoader:240 - Cannot read IP mode file for STMicroelectronics.X-CUBE-AZRTOS-L4.2.0.0
2026-07-28 09:05:01,868 [WARN] ConditionMgr:1039 - genDependencies : Invalid condition id : LAN8742 Phy interface Condition cause : null
2026-07-28 09:05:01,868 [WARN] ConditionMgr:1039 - genDependencies : Invalid condition id : LAN8742 Phy interface Condition cause : null
2026-07-28 09:05:01,869 [WARN] ConditionMgr:1039 - genDependencies : Invalid condition id : LAN8742 Phy interface Condition cause : null
2026-07-28 09:05:01,877 [WARN] PackLoader:240 - Cannot read IP mode file for STMicroelectronics.X-CUBE-SFXS2LP1.4.0.0
2026-07-28 09:05:01,881 [ERROR] Engine:466 - C:\Users\Admin\.stm32cubemx\thirdparties\pdsc\quantropi.X-CUBE-qispace-sdk-base.2.1.0.pdsc: PDSC version is not supported
2026-07-28 09:05:01,892 [WARN] PackLoader:240 - Cannot read IP mode file for STMicroelectronics.X-CUBE-SUBG2.5.0.0
2026-07-28 09:05:01,907 [WARN] PackLoader:240 - Cannot read IP mode file for STMicroelectronics.X-CUBE-AZRTOS-G4.2.0.0
2026-07-28 09:05:01,916 [WARN] PackLoader:240 - Cannot read IP mode file for wolfSSL.I-CUBE-wolfSSH.1.4.20
2026-07-28 09:05:01,918 [INFO] ThirdParty:978 - Integrity check success = true
2026-07-28 09:05:01,918 [INFO] IntegrityCheckThread:100 - exiting critical section [integrity check]
2026-07-28 09:05:01,918 [INFO] IntegrityCheckThread:103 - End integrity checks thread
2026-07-28 09:05:08,024 [INFO] McuFinderGlobals:63 - Set McuFinder mode to 2 (CubeIDE integrated)
2026-07-28 09:05:08,027 [INFO] MainUpdater:2868 - connection check result : 10
2026-07-28 09:05:08,028 [INFO] MainUpdater:2868 - connection check result : 10
2026-07-28 09:05:08,052 [INFO] MicroXplorer:468 - Change Database Path : 
2026-07-28 09:05:08,053 [INFO] MicroXplorer:498 - Change Database Version : DB.6.0.91
2026-07-28 09:05:08,055 [WARN] ThirdParty:871 - waiting for thirdparty lock release [close project]
2026-07-28 09:05:08,056 [INFO] ThirdParty:873 - entering critical section [close project]
2026-07-28 09:05:08,056 [INFO] ThirdParty:883 - exiting critical section [close project]
2026-07-28 09:05:08,061 [INFO] PinOutPanel:1499 - setPackage(No Configuration,No Configuration)
2026-07-28 09:05:08,067 [INFO] UtilMem:75 - Begin LoadConfig() Used Memory: 146886328 Bytes (269484032)
2026-07-28 09:05:08,068 [INFO] MicroXplorer:468 - Change Database Path : 
2026-07-28 09:05:08,068 [INFO] MicroXplorer:498 - Change Database Version : DB.6.0.91
2026-07-28 09:05:08,068 [INFO] OpenFileManager:308 - Change cursor
2026-07-28 09:05:08,088 [INFO] Mcu:1946 - Initializing MCU STM32F405RGTx STM32F405RGTx STM32F405RGT6
2026-07-28 09:05:09,180 [INFO] Context:659 - Trying to add GPIOservice into a context  which must be forbidden
2026-07-28 09:05:09,550 [INFO] RtosManager:555 - Registered RTOS mode: class=CMSIS, group=RTOS, mode=CMSIS_V1, owner=FREERTOS
2026-07-28 09:05:09,551 [INFO] RtosManager:555 - Registered RTOS mode: class=CMSIS, group=RTOS2, mode=CMSIS_V2, owner=FREERTOS
2026-07-28 09:05:09,551 [INFO] RtosManager:555 - Registered RTOS mode: class=RTOS, group=Core, mode=CMSIS_V1, owner=FREERTOS
2026-07-28 09:05:09,551 [INFO] RtosManager:555 - Registered RTOS mode: class=RTOS, group=Core, mode=CMSIS_V2, owner=FREERTOS
2026-07-28 09:05:09,551 [WARN] ModelIntegratedComponent:184 - Missing modes for component STMicroelectronics:FreeRTOS:0.0.1:STMicroelectronics:RTOS:FreeRTOS:Core:::10.2.0:
2026-07-28 09:05:09,600 [WARN] ModelIntegratedComponent:63 - No mode defined for component null
2026-07-28 09:05:09,600 [WARN] ModelIntegratedComponent:63 - No mode defined for component null
2026-07-28 09:05:09,600 [WARN] ModelIntegratedComponent:63 - No mode defined for component null
2026-07-28 09:05:09,600 [WARN] ModelIntegratedComponent:63 - No mode defined for component null
2026-07-28 09:05:09,600 [WARN] ModelIntegratedComponent:63 - No mode defined for component null
2026-07-28 09:05:09,600 [WARN] ModelIntegratedComponent:63 - No mode defined for component null
2026-07-28 09:05:09,600 [WARN] ModelIntegratedComponent:63 - No mode defined for component null
2026-07-28 09:05:09,600 [WARN] ModelIntegratedComponent:63 - No mode defined for component null
2026-07-28 09:05:09,600 [WARN] ModelIntegratedComponent:63 - No mode defined for component null
2026-07-28 09:05:09,600 [WARN] ModelIntegratedComponent:63 - No mode defined for component null
2026-07-28 09:05:09,600 [WARN] ModelIntegratedComponent:63 - No mode defined for component null
2026-07-28 09:05:09,600 [WARN] ModelIntegratedComponent:63 - No mode defined for component null
2026-07-28 09:05:09,600 [WARN] ModelIntegratedComponent:63 - No mode defined for component null
2026-07-28 09:05:09,600 [WARN] ModelIntegratedComponent:63 - No mode defined for component null
2026-07-28 09:05:09,600 [WARN] ModelIntegratedComponent:63 - No mode defined for component null
2026-07-28 09:05:09,600 [WARN] ModelIntegratedComponent:63 - No mode defined for component null
2026-07-28 09:05:09,600 [WARN] ModelIntegratedComponent:63 - No mode defined for component null
2026-07-28 09:05:09,600 [WARN] ModelIntegratedComponent:63 - No mode defined for component null
2026-07-28 09:05:09,600 [WARN] ModelIntegratedComponent:63 - No mode defined for component null
2026-07-28 09:05:09,600 [WARN] ModelIntegratedComponent:63 - No mode defined for component null
2026-07-28 09:05:09,600 [WARN] ModelIntegratedComponent:63 - No mode defined for component null
2026-07-28 09:05:09,600 [WARN] ModelIntegratedComponent:63 - No mode defined for component null
2026-07-28 09:05:09,600 [WARN] ModelIntegratedComponent:63 - No mode defined for component null
2026-07-28 09:05:09,601 [WARN] ModelIntegratedComponent:63 - No mode defined for component null
2026-07-28 09:05:09,601 [WARN] ModelIntegratedComponent:63 - No mode defined for component null
2026-07-28 09:05:09,601 [WARN] ModelIntegratedComponent:63 - No mode defined for component null
2026-07-28 09:05:09,601 [WARN] ModelIntegratedComponent:63 - No mode defined for component null
2026-07-28 09:05:09,601 [WARN] ModelIntegratedComponent:63 - No mode defined for component null
2026-07-28 09:05:09,601 [WARN] ModelIntegratedComponent:63 - No mode defined for component null
2026-07-28 09:05:09,601 [WARN] ModelIntegratedComponent:63 - No mode defined for component null
2026-07-28 09:05:09,601 [WARN] ModelIntegratedComponent:63 - No mode defined for component null
2026-07-28 09:05:09,601 [WARN] ModelIntegratedComponent:63 - No mode defined for component null
2026-07-28 09:05:09,601 [WARN] ModelIntegratedComponent:63 - No mode defined for component null
2026-07-28 09:05:09,648 [INFO] ThirdPartyModel:298 - Start build external matchings
2026-07-28 09:05:09,804 [INFO] ThirdPartyModel:316 - End build external matchings
2026-07-28 09:05:09,814 [WARN] IP:2114 - I2C_Coeff_DF not found: check if there is a RefParameter without a condition.
2026-07-28 09:05:09,814 [WARN] IP:2114 - Analog_Filter not found: check if there is a RefParameter without a condition.
2026-07-28 09:05:09,814 [INFO] ImportTextPane:194 - (OptionalMessage_ERROR) IP (RCC) : Parameter (48MHZClocksFreq_Value) has invalid value (84000000)
2026-07-28 09:05:09,815 [INFO] ImportTextPane:194 - (OptionalMessage_ERROR) IP (RCC) : Parameter (RTCHSEDivFreq_Value) has invalid value (4000000)
2026-07-28 09:05:10,043 [INFO] UtilMem:75 - End LoadConfig() Used Memory: 205451984 Bytes (430964736)
2026-07-28 09:05:10,096 [INFO] ApiDb:581 - Connected to CubeFinder SQLite database (C:\Users\Admin\.stmcufinder\plugins\mcufinder\mcu\cube-finder-db.db)
2026-07-28 09:05:10,181 [INFO] ApiDb:668 - CubeFinder database Data Model version=2.1
2026-07-28 09:05:10,181 [INFO] ApiDb:669 - CubeFinder database Configuration version=3.0.42
2026-07-28 09:05:10,181 [INFO] ApiDb:670 - CubeFinder database generation date=2026-06-23 (1782213372)
2026-07-28 09:05:10,181 [INFO] ApiDb:671 - CubeFinder database FW Pack versions=[FP-ATR-ASTRA1_V2.0.0, FP-SNS-FLIGHT1_V5.1.0, FP-SNS-MOTENV1_V5.1.0, FP-SNS-MOTENVWB1_V1.5.0, FP-SNS-SMARTAG2_V1.2.0, FP-SNS-STBOX1_V2.1.0, STM32Cube_FW_C0_V1.4.0, STM32Cube_FW_F4_V1.28.3, STM32Cube_FW_F7_V1.17.4, STM32Cube_FW_G0_V1.6.3, STM32Cube_FW_G4_V1.6.2, STM32Cube_FW_H5_V1.7.0, STM32Cube_FW_H7RS_V1.3.0, STM32Cube_FW_H7_V1.13.0, STM32Cube_FW_L0_V1.12.2, STM32Cube_FW_L4_V1.18.2, STM32Cube_FW_L5_V1.6.0, STM32Cube_FW_N6_V1.4.0, STM32Cube_FW_U0_V1.3.0, STM32Cube_FW_U3_V1.4.0, STM32Cube_FW_U5_V1.9.0, STM32Cube_FW_WB0_V1.5.0, STM32Cube_FW_WBA_V1.10.0, STM32Cube_FW_WB_V1.24.0, STM32Cube_FW_WL3_V1.5.0, STM32Cube_FW_WL_V1.6.0, X-CUBE-ALGOBUILD_V1.5.0, X-CUBE-ALS_V1.0.2, X-CUBE-AZRTOS-F4_V1.1.0, X-CUBE-AZRTOS-F7_V1.1.0, X-CUBE-AZRTOS-G0_V1.1.0, X-CUBE-AZRTOS-G4_V2.0.0, X-CUBE-AZRTOS-H7RS_V1.1.0, X-CUBE-AZRTOS-H7_V3.5.0, X-CUBE-AZRTOS-L4_V2.0.0, X-CUBE-AZRTOS-L5_V2.0.0, X-CUBE-AZRTOS-WB_V2.0.0, X-CUBE-AZRTOS-WL_V2.0.0, X-CUBE-BLE1_V7.1.0, X-CUBE-BLE2_V3.3.0, X-CUBE-BLEMGR_V4.1.0, X-CUBE-EEPRMA1_V5.2.0, X-CUBE-FREERTOS_V1.5.0, X-CUBE-GNSS1_V7.1.1, X-CUBE-MEMS1_V12.1.0, X-CUBE-NFC4_V3.0.0, X-CUBE-NFC7_V2.0.0, X-CUBE-SFXS2LP1_V4.0.0, X-CUBE-ST67W61_V1.3.0, X-CUBE-SUBG2_V5.0.0, X-CUBE-TOF1_V3.4.3]
2026-07-28 09:05:12,721 [INFO] ApiDb:240 - Found 323 in-development CPN: [B-G473E-ZEST1S, B-WB1M-WPAN1, B-WL5M-SUBG1, NUCLEO-C031C6, NUCLEO-H503RB, NUCLEO-H563ZI, NUCLEO-U545RE-Q, NUCLEO-U5A5ZJ-Q, NUCLEO-WBA52CG, STEVAL-PROTEUS1, STEVAL-SMARTAG2, STEVAL-STWINBX1, STM320518-EVAL, STM32C0116-DK, STM32C011D6Y3TR, STM32C011D6Y6TR, STM32C011F4P3, STM32C011F4P6, STM32C011F4U3, STM32C011F4U6TR, STM32C011F6P3, STM32C011F6P6, STM32C011F6U3, STM32C011F6U6TR, STM32C011J4M3, STM32C011J4M6, STM32C011J6M3, STM32C011J6M6, STM32C0316-DK, STM32C031C4T3, STM32C031C4T6, STM32C031C4U3, STM32C031C4U6, STM32C031C6T3, STM32C031C6T6, STM32C031C6U3, STM32C031C6U6, STM32C031F4P3, STM32C031F4P6, STM32C031F6P3, STM32C031F6P6, STM32C031G4U3, STM32C031G4U6, STM32C031G6U3, STM32C031G6U6, STM32C031K4T3, STM32C031K4T6, STM32C031K4U3, STM32C031K4U6, STM32C031K6T3, STM32C031K6T6, STM32C031K6U3, STM32C031K6U6, STM32G071K8TXN, STM32G071K8UXN, STM32G081GBU6N, STM32G081KBT6N, STM32G081KBUXN, STM32G0B1CCT6N, STM32G0B1KCT6, STM32G0B1NEY6TR, STM32G0B1RCT6N, STM32G0C1CCT6, STM32G0C1CCT6N, STM32G0C1CCU6N, STM32G0C1CET6N, STM32G0C1CEU6N, STM32G0C1KCT6, STM32G0C1NEY6TR, STM32G0C1RCI6N, STM32G0C1RCT6N, STM32G0C1REI6N, STM32G0C1RET6N, STM32G0C1VCI6, STM32G0C1VEI6, STM32G471CCT6, STM32G471CCU6, STM32G471CET3, STM32G471CET6, STM32G471CEU3, STM32G471CEU6, STM32G471MCT6, STM32G471MET3, STM32G471MET6, STM32G471MEY6TR, STM32G471QCT6, STM32G471QET3, STM32G471RCT6, STM32G471RET3, STM32G471RET6, STM32G471VCH6, STM32G471VCI6, STM32G471VCT6, STM32G471VEH3, STM32G471VEH6, STM32G471VEI3, STM32G471VEI6, STM32G471VET3, STM32G471VET6, STM32G474CCT6, STM32H503CBT6, STM32H503CBU6, STM32H503EBY6TR, STM32H503KBU6, STM32H503RBT6, STM32H562AGI6, STM32H562AII6, STM32H562IGK6, STM32H562IGT6, STM32H562IIK6, STM32H562IIT6, STM32H562RGT6, STM32H562RGV6, STM32H562RIT6, STM32H562RIV6, STM32H562VGT6, STM32H562VIT6, STM32H562ZGT6, STM32H562ZIT6, STM32H563AGI6, STM32H563AII3Q, STM32H563AII6, STM32H563IGK6, STM32H563IGT6, STM32H563IIK3Q, STM32H563IIK6, STM32H563IIT3Q, STM32H563IIT6, STM32H563MIY3QTR, STM32H563RGT6, STM32H563RGV6, STM32H563RIT6, STM32H563RIV6, STM32H563VGT6, STM32H563VIT3Q, STM32H563VIT6, STM32H563ZGT6, STM32H563ZIT3Q, STM32H563ZIT6, STM32H573AII3Q, STM32H573AII6, STM32H573I-DK, STM32H573IIK3Q, STM32H573IIK6, STM32H573IIT3Q, STM32H573IIT6, STM32H573MIY3QTR, STM32H573RIT6, STM32H573RIV6, STM32H573VIT3Q, STM32H573VIT6, STM32H573ZIT3Q, STM32H573ZIT6, STM32L4R5QGI6STR, STM32MP131AAE3, STM32MP131AAF3, STM32MP131AAG3, STM32MP131CAE3, STM32MP131CAF3, STM32MP131CAG3, STM32MP131DAE7, STM32MP131DAF7, STM32MP131DAG7, STM32MP131FAE7, STM32MP131FAF7, STM32MP131FAG7, STM32MP133AAE3, STM32MP133AAF3, STM32MP133AAG3, STM32MP133CAE3, STM32MP133CAF3, STM32MP133CAG3, STM32MP133DAE7, STM32MP133DAF7, STM32MP133DAG7, STM32MP133FAE7, STM32MP133FAF7, STM32MP133FAG7, STM32MP135AAE3, STM32MP135AAF3, STM32MP135AAG3, STM32MP135CAE3, STM32MP135CAF3, STM32MP135CAG3, STM32MP135DAE7, STM32MP135DAF7, STM32MP135DAG7, STM32MP135F-DK, STM32MP135FAE7, STM32MP135FAF7, STM32MP135FAF7T, STM32MP135FAF7U, STM32MP135FAG7, STM32U535CBT6, STM32U535CBT6Q, STM32U535CBU6, STM32U535CBU6Q, STM32U535CCT6, STM32U535CCT6Q, STM32U535CCU6, STM32U535CCU6Q, STM32U535CET6, STM32U535CET6Q, STM32U535CEU6, STM32U535CEU6Q, STM32U535JEY6QTR, STM32U535NCY6QTR, STM32U535NEY6QTR, STM32U535RBI6, STM32U535RBI6Q, STM32U535RBT6, STM32U535RBT6Q, STM32U535RCI6, STM32U535RCI6Q, STM32U535RCT6, STM32U535RCT6Q, STM32U535REI6, STM32U535REI6Q, STM32U535RET6, STM32U535RET6Q, STM32U535VCI6, STM32U535VCI6Q, STM32U535VCT6, STM32U535VCT6Q, STM32U535VEI6, STM32U535VEI6Q, STM32U535VET6, STM32U535VET6Q, STM32U545CET6, STM32U545CET6Q, STM32U545CEU6, STM32U545CEU6Q, STM32U545JEY6QTR, STM32U545NEY6QTR, STM32U545REI6, STM32U545REI6Q, STM32U545RET6, STM32U545RET6Q, STM32U545VEI6, STM32U545VEI6Q, STM32U545VET6, STM32U545VET6Q, STM32U595AIH6, STM32U595AIH6Q, STM32U595AJH6, STM32U595AJH6Q, STM32U595QII6, STM32U595QII6Q, STM32U595QJI6, STM32U595QJI6Q, STM32U595RIT6, STM32U595RIT6Q, STM32U595RJT6, STM32U595RJT6Q, STM32U595VIT6, STM32U595VIT6Q, STM32U595VJT6, STM32U595VJT6Q, STM32U595ZIT6, STM32U595ZIT6Q, STM32U595ZIY6QTR, STM32U595ZJT6, STM32U595ZJT6Q, STM32U595ZJY6QTR, STM32U599BJY6QTR, STM32U599NIH6Q, STM32U599NJH6Q, STM32U599VIT6Q, STM32U599VJT6, STM32U599VJT6Q, STM32U599ZIT6Q, STM32U599ZIY6QTR, STM32U599ZJT6Q, STM32U599ZJY6QTR, STM32U5A5AJH6, STM32U5A5AJH6Q, STM32U5A5QJI6, STM32U5A5QJI6Q, STM32U5A5RJT6, STM32U5A5RJT6Q, STM32U5A5VJT6, STM32U5A5VJT6Q, STM32U5A5ZJT6, STM32U5A5ZJT6Q, STM32U5A5ZJY6QTR, STM32U5A9BJY6QTR, STM32U5A9J-DK, STM32U5A9NJH6Q, STM32U5A9VJT6Q, STM32U5A9ZJT6Q, STM32U5A9ZJY6QTR, STM32U5F7VIT6, STM32U5F7VIT6Q, STM32U5F7VJT6, STM32U5F7VJT6Q, STM32U5F9BJY6QTR, STM32U5F9NJH6Q, STM32U5F9VIT6Q, STM32U5F9VJT6Q, STM32U5F9ZIJ6QTR, STM32U5F9ZIT6Q, STM32U5F9ZJJ6QTR, STM32U5F9ZJT6Q, STM32U5G7VJT6, STM32U5G7VJT6Q, STM32U5G9BJY6QTR, STM32U5G9J-DK1, STM32U5G9J-DK2, STM32U5G9NJH6Q, STM32U5G9VJT6Q, STM32U5G9ZJJ6QTR, STM32U5G9ZJT6Q, STM32WB1MMCH6, STM32WBA52CEU6, STM32WBA52CEU6T, STM32WBA52CGU6, STM32WBA52CGU6T, STM32WBA52KEU6, STM32WBA52KEU6T, STM32WBA52KGU6, STM32WBA52KGU6T, STM32WL5MOCH6, STM32WL5MOCH6TR]
2026-07-28 09:05:12,727 [INFO] DbMcus:217 - Found 5228 MCUs, 5075 are supported
2026-07-28 09:05:12,727 [INFO] ApiDb:423 - Load user favorites file C:\Users\Admin/.stm32cubeide/favorites.mcus.txt: 4 item(s)
2026-07-28 09:05:12,727 [INFO] ApiDb:427 - User favorites MCUs=[STM32F103C8T6, STM32F405RGT6, STM32F411CEU6, STM32H523CET6]
2026-07-28 09:05:12,727 [INFO] DbMcus:223 - Set 4 / 4 favorites MCUs
2026-07-28 09:05:13,136 [WARN] ThirdParty:833 - waiting for thirdparty lock release [change project]
2026-07-28 09:05:13,136 [INFO] ThirdParty:835 - entering critical section [change project]
2026-07-28 09:05:13,136 [INFO] ThirdParty:1030 - CMSIS Pack Vendor :STMicroelectronics USBPD 4.1
2026-07-28 09:05:13,136 [INFO] ThirdParty:1030 - CMSIS Pack Vendor :STMicroelectronics USB_HOST 2.0.0
2026-07-28 09:05:13,136 [INFO] ThirdParty:1030 - CMSIS Pack Vendor :STMicroelectronics FP-ATR-ASTRA1 2.0.3
2026-07-28 09:05:13,136 [INFO] ThirdParty:1030 - CMSIS Pack Vendor :STMicroelectronics X-CUBE-AZRTOS-F4 1.1.0
2026-07-28 09:05:13,136 [INFO] ThirdParty:1030 - CMSIS Pack Vendor :STMicroelectronics LIBJPEG 8.0.0
2026-07-28 09:05:13,136 [INFO] ThirdParty:1030 - CMSIS Pack Vendor :STMicroelectronics FP-ATR-ASTRA1 2.0.2
2026-07-28 09:05:13,136 [INFO] ThirdParty:1030 - CMSIS Pack Vendor :STMicroelectronics X-CUBE-SMBUS 2.1.0
2026-07-28 09:05:13,136 [INFO] ThirdParty:1030 - CMSIS Pack Vendor :wolfSSL I-CUBE-wolfMQTT 1.19.2
2026-07-28 09:05:13,136 [INFO] ThirdParty:1030 - CMSIS Pack Vendor :STMicroelectronics USB_DEVICE 3.0.0
2026-07-28 09:05:13,136 [INFO] ThirdParty:1030 - CMSIS Pack Vendor :STMicroelectronics X-CUBE-AZRTOS-F7 1.1.0
2026-07-28 09:05:13,136 [INFO] ThirdParty:1030 - CMSIS Pack Vendor :STMicroelectronics USB_DEVICE 2.0.0
2026-07-28 09:05:13,137 [INFO] ThirdParty:1030 - CMSIS Pack Vendor :STMicroelectronics X-CUBE-ALGOBUILD 1.5.0
2026-07-28 09:05:13,137 [INFO] ThirdParty:1030 - CMSIS Pack Vendor :STMicroelectronics FreeRTOS 0.0.1
2026-07-28 09:05:13,137 [INFO] ThirdParty:1030 - CMSIS Pack Vendor :STMicroelectronics X-CUBE-AZRTOS-H7RS 1.3.0
2026-07-28 09:05:13,137 [INFO] ThirdParty:1030 - CMSIS Pack Vendor :STMicroelectronics X-CUBE-AZRTOS-G0 1.1.0
2026-07-28 09:05:13,137 [INFO] ThirdParty:1030 - CMSIS Pack Vendor :STMicroelectronics X-CUBE-NFC4 3.0.0
2026-07-28 09:05:13,137 [INFO] ThirdParty:1030 - CMSIS Pack Vendor :STMicroelectronics X-CUBE-SUBG2 5.0.0
2026-07-28 09:05:13,137 [INFO] ThirdParty:1030 - CMSIS Pack Vendor :STMicroelectronics STM32_WPAN 1.0.0
2026-07-28 09:05:13,137 [INFO] ThirdParty:1030 - CMSIS Pack Vendor :STMicroelectronics lwIP 2.0.3
2026-07-28 09:05:13,137 [INFO] ThirdParty:1030 - CMSIS Pack Vendor :STMicroelectronics X-CUBE-MEMS1 13.0.0
2026-07-28 09:05:13,137 [INFO] ThirdParty:1030 - CMSIS Pack Vendor :STMicroelectronics USB_HOST 1.0.0
2026-07-28 09:05:13,137 [INFO] ThirdParty:1030 - CMSIS Pack Vendor :STMicroelectronics X-CUBE-AZRTOS-G4 2.0.0
2026-07-28 09:05:13,137 [INFO] ThirdParty:1030 - CMSIS Pack Vendor :STMicroelectronics PDM2PCM 3.1.0
2026-07-28 09:05:13,137 [INFO] ThirdParty:1030 - CMSIS Pack Vendor :STMicroelectronics PDM2PCM 3.3.0
2026-07-28 09:05:13,137 [INFO] ThirdParty:1030 - CMSIS Pack Vendor :wolfSSL I-CUBE-wolfTPM 3.8.0
2026-07-28 09:05:13,137 [INFO] ThirdParty:1030 - CMSIS Pack Vendor :STMicroelectronics X-CUBE-DISPLAY 3.0.0
2026-07-28 09:05:13,137 [INFO] ThirdParty:1030 - CMSIS Pack Vendor :wolfSSL I-CUBE-wolfSSH 1.4.20
2026-07-28 09:05:13,137 [INFO] ThirdParty:1030 - CMSIS Pack Vendor :wolfSSL I-CUBE-wolfSSL 5.9.1
2026-07-28 09:05:13,137 [INFO] ThirdParty:1030 - CMSIS Pack Vendor :STMicroelectronics FP-ATR-SIGFOX1 3.2.0
2026-07-28 09:05:13,137 [INFO] ThirdParty:1030 - CMSIS Pack Vendor :STMicroelectronics HAL Drivers 0.0.0
2026-07-28 09:05:13,137 [INFO] ThirdParty:1030 - CMSIS Pack Vendor :STMicroelectronics MBEDTLS 2.16.2
2026-07-28 09:05:13,137 [INFO] ThirdParty:1030 - CMSIS Pack Vendor :emotas I-CUBE-CANOPEN 1.3.0
2026-07-28 09:05:13,137 [INFO] ThirdParty:1030 - CMSIS Pack Vendor :STMicroelectronics MBEDTLS 2.14.1
2026-07-28 09:05:13,137 [INFO] ThirdParty:1030 - CMSIS Pack Vendor :ITTIA_DB I-CUBE-ITTIADB 8.9.0
2026-07-28 09:05:13,137 [INFO] ThirdParty:1030 - CMSIS Pack Vendor :STMicroelectronics X-CUBE-TOUCHGFX 4.26.1
2026-07-28 09:05:13,137 [INFO] ThirdParty:1030 - CMSIS Pack Vendor :STMicroelectronics X-CUBE-AI 10.2.1
2026-07-28 09:05:13,137 [INFO] ThirdParty:1030 - CMSIS Pack Vendor :STMicroelectronics ThreadX 1.0.0
2026-07-28 09:05:13,137 [INFO] ThirdParty:1030 - CMSIS Pack Vendor :STMicroelectronics X-CUBE-MEMS1 12.1.0
2026-07-28 09:05:13,137 [INFO] ThirdParty:1030 - CMSIS Pack Vendor :STMicroelectronics X-CUBE-AZRTOS-WL 2.0.0
2026-07-28 09:05:13,137 [INFO] ThirdParty:1030 - CMSIS Pack Vendor :SEGGER I-CUBE-embOS 1.3.1
2026-07-28 09:05:13,137 [INFO] ThirdParty:1030 - CMSIS Pack Vendor :STMicroelectronics X-CUBE-ALGOBUILD 1.4.0
2026-07-28 09:05:13,137 [INFO] ThirdParty:1030 - CMSIS Pack Vendor :STMicroelectronics USB_DEVICE 1.0.0
2026-07-28 09:05:13,137 [INFO] ThirdParty:1030 - CMSIS Pack Vendor :STMicroelectronics X-CUBE-AZRTOS-H7RS 1.2.0
2026-07-28 09:05:13,137 [INFO] ThirdParty:1030 - CMSIS Pack Vendor :STMicroelectronics X-CUBE-AZRTOS-L4 2.0.0
2026-07-28 09:05:13,137 [INFO] ThirdParty:1030 - CMSIS Pack Vendor :STMicroelectronics ThreadX 0.0.2
2026-07-28 09:05:13,137 [INFO] ThirdParty:1030 - CMSIS Pack Vendor :STMicroelectronics lwIP 2.1.2
2026-07-28 09:05:13,137 [INFO] ThirdParty:1030 - CMSIS Pack Vendor :STMicroelectronics X-CUBE-SFXS2LP1 4.0.0
2026-07-28 09:05:13,138 [INFO] ThirdParty:1030 - CMSIS Pack Vendor :STMicroelectronics X-CUBE-BLE2 3.3.0
2026-07-28 09:05:13,138 [INFO] ThirdParty:1030 - CMSIS Pack Vendor :STMicroelectronics X-CUBE-NFC13 1.0.0
2026-07-28 09:05:13,138 [INFO] ThirdParty:1030 - CMSIS Pack Vendor :STMicroelectronics PDM2PCM 3.2.0
2026-07-28 09:05:13,138 [INFO] ThirdParty:841 - exiting critical section [change project]
2026-07-28 09:05:13,427 [INFO] PinOutPanel:1499 - setPackage(No Configuration,No Configuration)
2026-07-28 09:05:13,428 [INFO] PinOutPanel:1499 - setPackage(STM32F405RGTx,LQFP64)
2026-07-28 09:05:13,806 [INFO] UtilMem:75 - Before build in PCC Used Memory: 205719552 Bytes (430964736)
2026-07-28 09:05:14,657 [INFO] UtilMem:75 - After build in PCC Used Memory: 273405680 Bytes (430964736)
2026-07-28 09:05:14,683 [INFO] IPUIPlugin:80 - create IPUIPlugin
2026-07-28 09:05:14,683 [INFO] IPUIPlugin:80 - create IPUIPlugin
2026-07-28 09:05:14,683 [INFO] IPUIPlugin:80 - create IPUIPlugin
2026-07-28 09:05:14,683 [INFO] IPUIPlugin:80 - create IPUIPlugin
2026-07-28 09:05:14,683 [INFO] IPUIPlugin:80 - create IPUIPlugin
2026-07-28 09:05:14,683 [INFO] IPUIPlugin:80 - create IPUIPlugin
2026-07-28 09:05:14,683 [INFO] IPUIPlugin:80 - create IPUIPlugin
2026-07-28 09:05:14,683 [INFO] IPUIPlugin:80 - create IPUIPlugin
2026-07-28 09:05:14,684 [INFO] IPUIPlugin:80 - create IPUIPlugin
2026-07-28 09:05:14,684 [INFO] IPUIPlugin:80 - create IPUIPlugin
2026-07-28 09:05:14,684 [INFO] IPUIPlugin:80 - create IPUIPlugin
2026-07-28 09:05:14,684 [INFO] IPUIPlugin:80 - create IPUIPlugin
2026-07-28 09:05:14,684 [INFO] IPUIPlugin:80 - create IPUIPlugin
2026-07-28 09:05:14,684 [INFO] IPUIPlugin:80 - create IPUIPlugin
2026-07-28 09:05:14,684 [INFO] IPUIPlugin:80 - create IPUIPlugin
2026-07-28 09:05:14,684 [INFO] IPUIPlugin:80 - create IPUIPlugin
2026-07-28 09:05:14,684 [INFO] IPUIPlugin:80 - create IPUIPlugin
2026-07-28 09:05:14,685 [INFO] IPUIPlugin:80 - create IPUIPlugin
2026-07-28 09:05:14,685 [INFO] IPUIPlugin:80 - create IPUIPlugin
2026-07-28 09:05:14,685 [INFO] IPUIPlugin:80 - create IPUIPlugin
2026-07-28 09:05:14,685 [INFO] IPUIPlugin:80 - create IPUIPlugin
2026-07-28 09:05:14,685 [INFO] IPUIPlugin:80 - create IPUIPlugin
2026-07-28 09:05:14,685 [INFO] IPUIPlugin:80 - create IPUIPlugin
2026-07-28 09:05:14,685 [INFO] IPUIPlugin:80 - create IPUIPlugin
2026-07-28 09:05:14,686 [INFO] IPUIPlugin:80 - create IPUIPlugin
2026-07-28 09:05:14,686 [INFO] IPUIPlugin:80 - create IPUIPlugin
2026-07-28 09:05:14,686 [INFO] IPUIPlugin:80 - create IPUIPlugin
2026-07-28 09:05:14,686 [INFO] IPUIPlugin:80 - create IPUIPlugin
2026-07-28 09:05:14,686 [INFO] IPUIPlugin:80 - create IPUIPlugin
2026-07-28 09:05:14,687 [INFO] IPUIPlugin:80 - create IPUIPlugin
2026-07-28 09:05:14,687 [INFO] IPUIPlugin:80 - create IPUIPlugin
2026-07-28 09:05:14,687 [INFO] IPUIPlugin:80 - create IPUIPlugin
2026-07-28 09:05:14,687 [INFO] IPUIPlugin:80 - create IPUIPlugin
2026-07-28 09:05:14,688 [INFO] IPUIPlugin:80 - create IPUIPlugin
2026-07-28 09:05:14,688 [INFO] IPUIPlugin:80 - create IPUIPlugin
2026-07-28 09:05:14,688 [INFO] IPUIPlugin:80 - create IPUIPlugin
2026-07-28 09:05:14,688 [INFO] IPUIPlugin:80 - create IPUIPlugin
2026-07-28 09:05:14,688 [INFO] IPUIPlugin:80 - create IPUIPlugin
2026-07-28 09:05:14,689 [INFO] IPUIPlugin:80 - create IPUIPlugin
2026-07-28 09:05:14,689 [INFO] IPUIPlugin:80 - create IPUIPlugin
2026-07-28 09:05:14,689 [INFO] IPUIPlugin:80 - create IPUIPlugin
2026-07-28 09:05:14,690 [INFO] IPUIPlugin:80 - create IPUIPlugin
2026-07-28 09:05:14,690 [INFO] IPUIPlugin:80 - create IPUIPlugin
2026-07-28 09:05:14,690 [INFO] IPUIPlugin:80 - create IPUIPlugin
2026-07-28 09:05:14,690 [INFO] IPUIPlugin:80 - create IPUIPlugin
2026-07-28 09:05:14,691 [INFO] IPUIPlugin:80 - create IPUIPlugin
2026-07-28 09:05:14,691 [INFO] IPUIPlugin:80 - create IPUIPlugin
2026-07-28 09:05:14,692 [INFO] IPUIPlugin:80 - create IPUIPlugin
2026-07-28 09:05:14,692 [INFO] IPUIPlugin:80 - create IPUIPlugin
2026-07-28 09:05:14,692 [INFO] IPUIPlugin:80 - create IPUIPlugin
2026-07-28 09:05:14,693 [INFO] IPUIPlugin:80 - create IPUIPlugin
2026-07-28 09:05:14,693 [INFO] IPUIPlugin:80 - create IPUIPlugin
2026-07-28 09:05:14,693 [INFO] IPUIPlugin:80 - create IPUIPlugin
2026-07-28 09:05:14,694 [INFO] IPUIPlugin:80 - create IPUIPlugin
2026-07-28 09:05:14,774 [INFO] ApiDbMcu:507 - Load IP Config File for PDM2PCM
2026-07-28 09:05:14,786 [WARN] IP:2114 - I2C_Coeff_DF not found: check if there is a RefParameter without a condition.
2026-07-28 09:05:14,786 [WARN] IP:2114 - Analog_Filter not found: check if there is a RefParameter without a condition.
2026-07-28 09:05:14,988 [INFO] CADModel:165 - CPN selected for project levelSTM32F405RGT6
2026-07-28 09:05:14,988 [INFO] CADModel:114 - Register for checkConnection events
2026-07-28 09:05:15,037 [INFO] OpenFileManager:328 - Restore cursor
2026-07-28 09:05:15,166 [WARN] IP:2114 - I2C_Coeff_DF not found: check if there is a RefParameter without a condition.
2026-07-28 09:05:15,166 [WARN] IP:2114 - Analog_Filter not found: check if there is a RefParameter without a condition.
2026-07-28 09:05:15,167 [WARN] IP:2114 - I2C_Coeff_DF not found: check if there is a RefParameter without a condition.
2026-07-28 09:05:15,167 [WARN] IP:2114 - Analog_Filter not found: check if there is a RefParameter without a condition.
2026-07-28 09:05:21,135 [ERROR] LogOutputStream:75 - [STDERR_REDIRECT] SLF4J: Failed to load class "org.slf4j.impl.StaticLoggerBinder".
2026-07-28 09:05:21,135 [ERROR] LogOutputStream:75 - [STDERR_REDIRECT] SLF4J: Defaulting to no-operation (NOP) logger implementation
2026-07-28 09:05:21,136 [ERROR] LogOutputStream:75 - [STDERR_REDIRECT] SLF4J: See http://www.slf4j.org/codes.html#StaticLoggerBinder for further details.
2026-07-28 16:24:06,864 [INFO] MainUpdater:2868 - connection check result : 10
2026-07-28 16:24:06,866 [INFO] McuFinderGlobals:76 - Set McuFinderConnectedMode to true
2026-07-28 16:24:07,138 [INFO] ServerAccessManage:473 - Download File mcusAds.json._tmp_
2026-07-28 16:24:07,270 [INFO] LoadUrlFilesThread:156 - End of LoadUrlFiles Thread
2026-07-28 16:24:07,385 [INFO] ServerAccessManage:473 - Download File cube-finder-db.zip
2026-07-28 16:24:11,629 [INFO] FileExtend:240 - Unzip File : cube-finder-db.zip
2026-07-28 16:24:11,629 [INFO] FileExtend:255 - Standard Zip Deflate
2026-07-28 16:24:12,379 [INFO] LoadUrlFilesThread:156 - End of LoadUrlFiles Thread
2026-07-28 16:24:33,553 [ERROR] ServerAccessManage:1172 - Problem during Server Connection :  IO error Connection timed out: no further information
2026-07-28 16:24:33,555 [ERROR] ServerAccessManage:651 - Problem during Server Connection :  : crdb.zip.
2026-07-28 16:24:37,785 [INFO] LoadUrlFilesThread:156 - End of LoadUrlFiles Thread
2026-07-28 16:24:40,414 [INFO] DbMcusAds:53 - JSON generation date=Wed Jul 15 16:46:00 GMT+07:00 2026 (1784108760991)
2026-07-28 16:24:40,417 [INFO] ApiDb:448 - Save user favorites file C:\Users\Admin/.stm32cubeide/favorites.mcus.txt: 4 item(s)
2026-07-28 16:24:40,417 [INFO] ApiDb:452 - User favorites MCUs=[STM32F103C8T6, STM32F405RGT6, STM32F411CEU6, STM32H523CET6]
2026-07-28 16:24:40,422 [INFO] ApiDb:581 - Connected to CubeFinder SQLite database (C:\Users\Admin\.stmcufinder\plugins\mcufinder\mcu\cube-finder-db.db)
2026-07-28 16:24:40,479 [INFO] ApiDb:668 - CubeFinder database Data Model version=2.1
2026-07-28 16:24:40,479 [INFO] ApiDb:669 - CubeFinder database Configuration version=3.0.42
2026-07-28 16:24:40,479 [INFO] ApiDb:670 - CubeFinder database generation date=2026-06-23 (1782213372)
2026-07-28 16:24:40,479 [INFO] ApiDb:671 - CubeFinder database FW Pack versions=[FP-ATR-ASTRA1_V2.0.0, FP-SNS-FLIGHT1_V5.1.0, FP-SNS-MOTENV1_V5.1.0, FP-SNS-MOTENVWB1_V1.5.0, FP-SNS-SMARTAG2_V1.2.0, FP-SNS-STBOX1_V2.1.0, STM32Cube_FW_C0_V1.4.0, STM32Cube_FW_F4_V1.28.3, STM32Cube_FW_F7_V1.17.4, STM32Cube_FW_G0_V1.6.3, STM32Cube_FW_G4_V1.6.2, STM32Cube_FW_H5_V1.7.0, STM32Cube_FW_H7RS_V1.3.0, STM32Cube_FW_H7_V1.13.0, STM32Cube_FW_L0_V1.12.2, STM32Cube_FW_L4_V1.18.2, STM32Cube_FW_L5_V1.6.0, STM32Cube_FW_N6_V1.4.0, STM32Cube_FW_U0_V1.3.0, STM32Cube_FW_U3_V1.4.0, STM32Cube_FW_U5_V1.9.0, STM32Cube_FW_WB0_V1.5.0, STM32Cube_FW_WBA_V1.10.0, STM32Cube_FW_WB_V1.24.0, STM32Cube_FW_WL3_V1.5.0, STM32Cube_FW_WL_V1.6.0, X-CUBE-ALGOBUILD_V1.5.0, X-CUBE-ALS_V1.0.2, X-CUBE-AZRTOS-F4_V1.1.0, X-CUBE-AZRTOS-F7_V1.1.0, X-CUBE-AZRTOS-G0_V1.1.0, X-CUBE-AZRTOS-G4_V2.0.0, X-CUBE-AZRTOS-H7RS_V1.1.0, X-CUBE-AZRTOS-H7_V3.5.0, X-CUBE-AZRTOS-L4_V2.0.0, X-CUBE-AZRTOS-L5_V2.0.0, X-CUBE-AZRTOS-WB_V2.0.0, X-CUBE-AZRTOS-WL_V2.0.0, X-CUBE-BLE1_V7.1.0, X-CUBE-BLE2_V3.3.0, X-CUBE-BLEMGR_V4.1.0, X-CUBE-EEPRMA1_V5.2.0, X-CUBE-FREERTOS_V1.5.0, X-CUBE-GNSS1_V7.1.1, X-CUBE-MEMS1_V12.1.0, X-CUBE-NFC4_V3.0.0, X-CUBE-NFC7_V2.0.0, X-CUBE-SFXS2LP1_V4.0.0, X-CUBE-ST67W61_V1.3.0, X-CUBE-SUBG2_V5.0.0, X-CUBE-TOF1_V3.4.3]
2026-07-28 16:24:42,399 [INFO] ApiDb:240 - Found 323 in-development CPN: [B-G473E-ZEST1S, B-WB1M-WPAN1, B-WL5M-SUBG1, NUCLEO-C031C6, NUCLEO-H503RB, NUCLEO-H563ZI, NUCLEO-U545RE-Q, NUCLEO-U5A5ZJ-Q, NUCLEO-WBA52CG, STEVAL-PROTEUS1, STEVAL-SMARTAG2, STEVAL-STWINBX1, STM320518-EVAL, STM32C0116-DK, STM32C011D6Y3TR, STM32C011D6Y6TR, STM32C011F4P3, STM32C011F4P6, STM32C011F4U3, STM32C011F4U6TR, STM32C011F6P3, STM32C011F6P6, STM32C011F6U3, STM32C011F6U6TR, STM32C011J4M3, STM32C011J4M6, STM32C011J6M3, STM32C011J6M6, STM32C0316-DK, STM32C031C4T3, STM32C031C4T6, STM32C031C4U3, STM32C031C4U6, STM32C031C6T3, STM32C031C6T6, STM32C031C6U3, STM32C031C6U6, STM32C031F4P3, STM32C031F4P6, STM32C031F6P3, STM32C031F6P6, STM32C031G4U3, STM32C031G4U6, STM32C031G6U3, STM32C031G6U6, STM32C031K4T3, STM32C031K4T6, STM32C031K4U3, STM32C031K4U6, STM32C031K6T3, STM32C031K6T6, STM32C031K6U3, STM32C031K6U6, STM32G071K8TXN, STM32G071K8UXN, STM32G081GBU6N, STM32G081KBT6N, STM32G081KBUXN, STM32G0B1CCT6N, STM32G0B1KCT6, STM32G0B1NEY6TR, STM32G0B1RCT6N, STM32G0C1CCT6, STM32G0C1CCT6N, STM32G0C1CCU6N, STM32G0C1CET6N, STM32G0C1CEU6N, STM32G0C1KCT6, STM32G0C1NEY6TR, STM32G0C1RCI6N, STM32G0C1RCT6N, STM32G0C1REI6N, STM32G0C1RET6N, STM32G0C1VCI6, STM32G0C1VEI6, STM32G471CCT6, STM32G471CCU6, STM32G471CET3, STM32G471CET6, STM32G471CEU3, STM32G471CEU6, STM32G471MCT6, STM32G471MET3, STM32G471MET6, STM32G471MEY6TR, STM32G471QCT6, STM32G471QET3, STM32G471RCT6, STM32G471RET3, STM32G471RET6, STM32G471VCH6, STM32G471VCI6, STM32G471VCT6, STM32G471VEH3, STM32G471VEH6, STM32G471VEI3, STM32G471VEI6, STM32G471VET3, STM32G471VET6, STM32G474CCT6, STM32H503CBT6, STM32H503CBU6, STM32H503EBY6TR, STM32H503KBU6, STM32H503RBT6, STM32H562AGI6, STM32H562AII6, STM32H562IGK6, STM32H562IGT6, STM32H562IIK6, STM32H562IIT6, STM32H562RGT6, STM32H562RGV6, STM32H562RIT6, STM32H562RIV6, STM32H562VGT6, STM32H562VIT6, STM32H562ZGT6, STM32H562ZIT6, STM32H563AGI6, STM32H563AII3Q, STM32H563AII6, STM32H563IGK6, STM32H563IGT6, STM32H563IIK3Q, STM32H563IIK6, STM32H563IIT3Q, STM32H563IIT6, STM32H563MIY3QTR, STM32H563RGT6, STM32H563RGV6, STM32H563RIT6, STM32H563RIV6, STM32H563VGT6, STM32H563VIT3Q, STM32H563VIT6, STM32H563ZGT6, STM32H563ZIT3Q, STM32H563ZIT6, STM32H573AII3Q, STM32H573AII6, STM32H573I-DK, STM32H573IIK3Q, STM32H573IIK6, STM32H573IIT3Q, STM32H573IIT6, STM32H573MIY3QTR, STM32H573RIT6, STM32H573RIV6, STM32H573VIT3Q, STM32H573VIT6, STM32H573ZIT3Q, STM32H573ZIT6, STM32L4R5QGI6STR, STM32MP131AAE3, STM32MP131AAF3, STM32MP131AAG3, STM32MP131CAE3, STM32MP131CAF3, STM32MP131CAG3, STM32MP131DAE7, STM32MP131DAF7, STM32MP131DAG7, STM32MP131FAE7, STM32MP131FAF7, STM32MP131FAG7, STM32MP133AAE3, STM32MP133AAF3, STM32MP133AAG3, STM32MP133CAE3, STM32MP133CAF3, STM32MP133CAG3, STM32MP133DAE7, STM32MP133DAF7, STM32MP133DAG7, STM32MP133FAE7, STM32MP133FAF7, STM32MP133FAG7, STM32MP135AAE3, STM32MP135AAF3, STM32MP135AAG3, STM32MP135CAE3, STM32MP135CAF3, STM32MP135CAG3, STM32MP135DAE7, STM32MP135DAF7, STM32MP135DAG7, STM32MP135F-DK, STM32MP135FAE7, STM32MP135FAF7, STM32MP135FAF7T, STM32MP135FAF7U, STM32MP135FAG7, STM32U535CBT6, STM32U535CBT6Q, STM32U535CBU6, STM32U535CBU6Q, STM32U535CCT6, STM32U535CCT6Q, STM32U535CCU6, STM32U535CCU6Q, STM32U535CET6, STM32U535CET6Q, STM32U535CEU6, STM32U535CEU6Q, STM32U535JEY6QTR, STM32U535NCY6QTR, STM32U535NEY6QTR, STM32U535RBI6, STM32U535RBI6Q, STM32U535RBT6, STM32U535RBT6Q, STM32U535RCI6, STM32U535RCI6Q, STM32U535RCT6, STM32U535RCT6Q, STM32U535REI6, STM32U535REI6Q, STM32U535RET6, STM32U535RET6Q, STM32U535VCI6, STM32U535VCI6Q, STM32U535VCT6, STM32U535VCT6Q, STM32U535VEI6, STM32U535VEI6Q, STM32U535VET6, STM32U535VET6Q, STM32U545CET6, STM32U545CET6Q, STM32U545CEU6, STM32U545CEU6Q, STM32U545JEY6QTR, STM32U545NEY6QTR, STM32U545REI6, STM32U545REI6Q, STM32U545RET6, STM32U545RET6Q, STM32U545VEI6, STM32U545VEI6Q, STM32U545VET6, STM32U545VET6Q, STM32U595AIH6, STM32U595AIH6Q, STM32U595AJH6, STM32U595AJH6Q, STM32U595QII6, STM32U595QII6Q, STM32U595QJI6, STM32U595QJI6Q, STM32U595RIT6, STM32U595RIT6Q, STM32U595RJT6, STM32U595RJT6Q, STM32U595VIT6, STM32U595VIT6Q, STM32U595VJT6, STM32U595VJT6Q, STM32U595ZIT6, STM32U595ZIT6Q, STM32U595ZIY6QTR, STM32U595ZJT6, STM32U595ZJT6Q, STM32U595ZJY6QTR, STM32U599BJY6QTR, STM32U599NIH6Q, STM32U599NJH6Q, STM32U599VIT6Q, STM32U599VJT6, STM32U599VJT6Q, STM32U599ZIT6Q, STM32U599ZIY6QTR, STM32U599ZJT6Q, STM32U599ZJY6QTR, STM32U5A5AJH6, STM32U5A5AJH6Q, STM32U5A5QJI6, STM32U5A5QJI6Q, STM32U5A5RJT6, STM32U5A5RJT6Q, STM32U5A5VJT6, STM32U5A5VJT6Q, STM32U5A5ZJT6, STM32U5A5ZJT6Q, STM32U5A5ZJY6QTR, STM32U5A9BJY6QTR, STM32U5A9J-DK, STM32U5A9NJH6Q, STM32U5A9VJT6Q, STM32U5A9ZJT6Q, STM32U5A9ZJY6QTR, STM32U5F7VIT6, STM32U5F7VIT6Q, STM32U5F7VJT6, STM32U5F7VJT6Q, STM32U5F9BJY6QTR, STM32U5F9NJH6Q, STM32U5F9VIT6Q, STM32U5F9VJT6Q, STM32U5F9ZIJ6QTR, STM32U5F9ZIT6Q, STM32U5F9ZJJ6QTR, STM32U5F9ZJT6Q, STM32U5G7VJT6, STM32U5G7VJT6Q, STM32U5G9BJY6QTR, STM32U5G9J-DK1, STM32U5G9J-DK2, STM32U5G9NJH6Q, STM32U5G9VJT6Q, STM32U5G9ZJJ6QTR, STM32U5G9ZJT6Q, STM32WB1MMCH6, STM32WBA52CEU6, STM32WBA52CEU6T, STM32WBA52CGU6, STM32WBA52CGU6T, STM32WBA52KEU6, STM32WBA52KEU6T, STM32WBA52KGU6, STM32WBA52KGU6T, STM32WL5MOCH6, STM32WL5MOCH6TR]
2026-07-28 16:24:42,402 [INFO] DbMcus:217 - Found 5228 MCUs, 5075 are supported
2026-07-28 16:24:42,402 [INFO] ApiDb:423 - Load user favorites file C:\Users\Admin/.stm32cubeide/favorites.mcus.txt: 4 item(s)
2026-07-28 16:24:42,402 [INFO] ApiDb:427 - User favorites MCUs=[STM32F103C8T6, STM32F405RGT6, STM32F411CEU6, STM32H523CET6]
2026-07-28 16:24:42,402 [INFO] DbMcus:223 - Set 4 / 4 favorites MCUs
2026-07-28 16:24:42,686 [ERROR] TargetSelectorAdapter:267 - Unable to refresh data
2026-07-28 16:24:42,761 [INFO] ApiDb:668 - CubeFinder database Data Model version=2.1
2026-07-28 16:24:42,761 [INFO] ApiDb:669 - CubeFinder database Configuration version=3.0.42
2026-07-28 16:24:42,761 [INFO] ApiDb:670 - CubeFinder database generation date=2026-06-23 (1782213372)
2026-07-28 16:24:42,761 [INFO] ApiDb:671 - CubeFinder database FW Pack versions=[FP-ATR-ASTRA1_V2.0.0, FP-SNS-FLIGHT1_V5.1.0, FP-SNS-MOTENV1_V5.1.0, FP-SNS-MOTENVWB1_V1.5.0, FP-SNS-SMARTAG2_V1.2.0, FP-SNS-STBOX1_V2.1.0, STM32Cube_FW_C0_V1.4.0, STM32Cube_FW_F4_V1.28.3, STM32Cube_FW_F7_V1.17.4, STM32Cube_FW_G0_V1.6.3, STM32Cube_FW_G4_V1.6.2, STM32Cube_FW_H5_V1.7.0, STM32Cube_FW_H7RS_V1.3.0, STM32Cube_FW_H7_V1.13.0, STM32Cube_FW_L0_V1.12.2, STM32Cube_FW_L4_V1.18.2, STM32Cube_FW_L5_V1.6.0, STM32Cube_FW_N6_V1.4.0, STM32Cube_FW_U0_V1.3.0, STM32Cube_FW_U3_V1.4.0, STM32Cube_FW_U5_V1.9.0, STM32Cube_FW_WB0_V1.5.0, STM32Cube_FW_WBA_V1.10.0, STM32Cube_FW_WB_V1.24.0, STM32Cube_FW_WL3_V1.5.0, STM32Cube_FW_WL_V1.6.0, X-CUBE-ALGOBUILD_V1.5.0, X-CUBE-ALS_V1.0.2, X-CUBE-AZRTOS-F4_V1.1.0, X-CUBE-AZRTOS-F7_V1.1.0, X-CUBE-AZRTOS-G0_V1.1.0, X-CUBE-AZRTOS-G4_V2.0.0, X-CUBE-AZRTOS-H7RS_V1.1.0, X-CUBE-AZRTOS-H7_V3.5.0, X-CUBE-AZRTOS-L4_V2.0.0, X-CUBE-AZRTOS-L5_V2.0.0, X-CUBE-AZRTOS-WB_V2.0.0, X-CUBE-AZRTOS-WL_V2.0.0, X-CUBE-BLE1_V7.1.0, X-CUBE-BLE2_V3.3.0, X-CUBE-BLEMGR_V4.1.0, X-CUBE-EEPRMA1_V5.2.0, X-CUBE-FREERTOS_V1.5.0, X-CUBE-GNSS1_V7.1.1, X-CUBE-MEMS1_V12.1.0, X-CUBE-NFC4_V3.0.0, X-CUBE-NFC7_V2.0.0, X-CUBE-SFXS2LP1_V4.0.0, X-CUBE-ST67W61_V1.3.0, X-CUBE-SUBG2_V5.0.0, X-CUBE-TOF1_V3.4.3]
2026-07-28 16:24:42,799 [INFO] DbBoardsSqlite:226 - include board P-NUCLEO-WB55-NUCLEO as a kit item of type 'Nucleo-64'
2026-07-28 16:24:42,799 [INFO] DbBoardsSqlite:226 - include board P-NUCLEO-WB55-USBDONGLE as a kit item of type 'Nucleo USB Dongle'
2026-07-28 16:24:42,799 [INFO] DbBoardsSqlite:226 - include board STEVAL-IDP005V1 as a kit item of type 'Evaluation Board'
2026-07-28 16:24:42,799 [INFO] DbBoardsSqlite:226 - include board STEVAL-IDP005V2 as a kit item of type 'Evaluation Board'
2026-07-28 16:24:42,853 [INFO] ApiDb:240 - Found 323 in-development CPN: [B-G473E-ZEST1S, B-WB1M-WPAN1, B-WL5M-SUBG1, NUCLEO-C031C6, NUCLEO-H503RB, NUCLEO-H563ZI, NUCLEO-U545RE-Q, NUCLEO-U5A5ZJ-Q, NUCLEO-WBA52CG, STEVAL-PROTEUS1, STEVAL-SMARTAG2, STEVAL-STWINBX1, STM320518-EVAL, STM32C0116-DK, STM32C011D6Y3TR, STM32C011D6Y6TR, STM32C011F4P3, STM32C011F4P6, STM32C011F4U3, STM32C011F4U6TR, STM32C011F6P3, STM32C011F6P6, STM32C011F6U3, STM32C011F6U6TR, STM32C011J4M3, STM32C011J4M6, STM32C011J6M3, STM32C011J6M6, STM32C0316-DK, STM32C031C4T3, STM32C031C4T6, STM32C031C4U3, STM32C031C4U6, STM32C031C6T3, STM32C031C6T6, STM32C031C6U3, STM32C031C6U6, STM32C031F4P3, STM32C031F4P6, STM32C031F6P3, STM32C031F6P6, STM32C031G4U3, STM32C031G4U6, STM32C031G6U3, STM32C031G6U6, STM32C031K4T3, STM32C031K4T6, STM32C031K4U3, STM32C031K4U6, STM32C031K6T3, STM32C031K6T6, STM32C031K6U3, STM32C031K6U6, STM32G071K8TXN, STM32G071K8UXN, STM32G081GBU6N, STM32G081KBT6N, STM32G081KBUXN, STM32G0B1CCT6N, STM32G0B1KCT6, STM32G0B1NEY6TR, STM32G0B1RCT6N, STM32G0C1CCT6, STM32G0C1CCT6N, STM32G0C1CCU6N, STM32G0C1CET6N, STM32G0C1CEU6N, STM32G0C1KCT6, STM32G0C1NEY6TR, STM32G0C1RCI6N, STM32G0C1RCT6N, STM32G0C1REI6N, STM32G0C1RET6N, STM32G0C1VCI6, STM32G0C1VEI6, STM32G471CCT6, STM32G471CCU6, STM32G471CET3, STM32G471CET6, STM32G471CEU3, STM32G471CEU6, STM32G471MCT6, STM32G471MET3, STM32G471MET6, STM32G471MEY6TR, STM32G471QCT6, STM32G471QET3, STM32G471RCT6, STM32G471RET3, STM32G471RET6, STM32G471VCH6, STM32G471VCI6, STM32G471VCT6, STM32G471VEH3, STM32G471VEH6, STM32G471VEI3, STM32G471VEI6, STM32G471VET3, STM32G471VET6, STM32G474CCT6, STM32H503CBT6, STM32H503CBU6, STM32H503EBY6TR, STM32H503KBU6, STM32H503RBT6, STM32H562AGI6, STM32H562AII6, STM32H562IGK6, STM32H562IGT6, STM32H562IIK6, STM32H562IIT6, STM32H562RGT6, STM32H562RGV6, STM32H562RIT6, STM32H562RIV6, STM32H562VGT6, STM32H562VIT6, STM32H562ZGT6, STM32H562ZIT6, STM32H563AGI6, STM32H563AII3Q, STM32H563AII6, STM32H563IGK6, STM32H563IGT6, STM32H563IIK3Q, STM32H563IIK6, STM32H563IIT3Q, STM32H563IIT6, STM32H563MIY3QTR, STM32H563RGT6, STM32H563RGV6, STM32H563RIT6, STM32H563RIV6, STM32H563VGT6, STM32H563VIT3Q, STM32H563VIT6, STM32H563ZGT6, STM32H563ZIT3Q, STM32H563ZIT6, STM32H573AII3Q, STM32H573AII6, STM32H573I-DK, STM32H573IIK3Q, STM32H573IIK6, STM32H573IIT3Q, STM32H573IIT6, STM32H573MIY3QTR, STM32H573RIT6, STM32H573RIV6, STM32H573VIT3Q, STM32H573VIT6, STM32H573ZIT3Q, STM32H573ZIT6, STM32L4R5QGI6STR, STM32MP131AAE3, STM32MP131AAF3, STM32MP131AAG3, STM32MP131CAE3, STM32MP131CAF3, STM32MP131CAG3, STM32MP131DAE7, STM32MP131DAF7, STM32MP131DAG7, STM32MP131FAE7, STM32MP131FAF7, STM32MP131FAG7, STM32MP133AAE3, STM32MP133AAF3, STM32MP133AAG3, STM32MP133CAE3, STM32MP133CAF3, STM32MP133CAG3, STM32MP133DAE7, STM32MP133DAF7, STM32MP133DAG7, STM32MP133FAE7, STM32MP133FAF7, STM32MP133FAG7, STM32MP135AAE3, STM32MP135AAF3, STM32MP135AAG3, STM32MP135CAE3, STM32MP135CAF3, STM32MP135CAG3, STM32MP135DAE7, STM32MP135DAF7, STM32MP135DAG7, STM32MP135F-DK, STM32MP135FAE7, STM32MP135FAF7, STM32MP135FAF7T, STM32MP135FAF7U, STM32MP135FAG7, STM32U535CBT6, STM32U535CBT6Q, STM32U535CBU6, STM32U535CBU6Q, STM32U535CCT6, STM32U535CCT6Q, STM32U535CCU6, STM32U535CCU6Q, STM32U535CET6, STM32U535CET6Q, STM32U535CEU6, STM32U535CEU6Q, STM32U535JEY6QTR, STM32U535NCY6QTR, STM32U535NEY6QTR, STM32U535RBI6, STM32U535RBI6Q, STM32U535RBT6, STM32U535RBT6Q, STM32U535RCI6, STM32U535RCI6Q, STM32U535RCT6, STM32U535RCT6Q, STM32U535REI6, STM32U535REI6Q, STM32U535RET6, STM32U535RET6Q, STM32U535VCI6, STM32U535VCI6Q, STM32U535VCT6, STM32U535VCT6Q, STM32U535VEI6, STM32U535VEI6Q, STM32U535VET6, STM32U535VET6Q, STM32U545CET6, STM32U545CET6Q, STM32U545CEU6, STM32U545CEU6Q, STM32U545JEY6QTR, STM32U545NEY6QTR, STM32U545REI6, STM32U545REI6Q, STM32U545RET6, STM32U545RET6Q, STM32U545VEI6, STM32U545VEI6Q, STM32U545VET6, STM32U545VET6Q, STM32U595AIH6, STM32U595AIH6Q, STM32U595AJH6, STM32U595AJH6Q, STM32U595QII6, STM32U595QII6Q, STM32U595QJI6, STM32U595QJI6Q, STM32U595RIT6, STM32U595RIT6Q, STM32U595RJT6, STM32U595RJT6Q, STM32U595VIT6, STM32U595VIT6Q, STM32U595VJT6, STM32U595VJT6Q, STM32U595ZIT6, STM32U595ZIT6Q, STM32U595ZIY6QTR, STM32U595ZJT6, STM32U595ZJT6Q, STM32U595ZJY6QTR, STM32U599BJY6QTR, STM32U599NIH6Q, STM32U599NJH6Q, STM32U599VIT6Q, STM32U599VJT6, STM32U599VJT6Q, STM32U599ZIT6Q, STM32U599ZIY6QTR, STM32U599ZJT6Q, STM32U599ZJY6QTR, STM32U5A5AJH6, STM32U5A5AJH6Q, STM32U5A5QJI6, STM32U5A5QJI6Q, STM32U5A5RJT6, STM32U5A5RJT6Q, STM32U5A5VJT6, STM32U5A5VJT6Q, STM32U5A5ZJT6, STM32U5A5ZJT6Q, STM32U5A5ZJY6QTR, STM32U5A9BJY6QTR, STM32U5A9J-DK, STM32U5A9NJH6Q, STM32U5A9VJT6Q, STM32U5A9ZJT6Q, STM32U5A9ZJY6QTR, STM32U5F7VIT6, STM32U5F7VIT6Q, STM32U5F7VJT6, STM32U5F7VJT6Q, STM32U5F9BJY6QTR, STM32U5F9NJH6Q, STM32U5F9VIT6Q, STM32U5F9VJT6Q, STM32U5F9ZIJ6QTR, STM32U5F9ZIT6Q, STM32U5F9ZJJ6QTR, STM32U5F9ZJT6Q, STM32U5G7VJT6, STM32U5G7VJT6Q, STM32U5G9BJY6QTR, STM32U5G9J-DK1, STM32U5G9J-DK2, STM32U5G9NJH6Q, STM32U5G9VJT6Q, STM32U5G9ZJJ6QTR, STM32U5G9ZJT6Q, STM32WB1MMCH6, STM32WBA52CEU6, STM32WBA52CEU6T, STM32WBA52CGU6, STM32WBA52CGU6T, STM32WBA52KEU6, STM32WBA52KEU6T, STM32WBA52KGU6, STM32WBA52KGU6T, STM32WL5MOCH6, STM32WL5MOCH6TR]
2026-07-28 16:24:42,885 [INFO] BoardInfo:880 - No configuration file found for board B-WBA5M-WPAN
2026-07-28 16:24:42,885 [INFO] DbBoards:157 - Board is not supported: B-WBA5M-WPAN
2026-07-28 16:24:42,889 [INFO] BoardInfo:880 - No configuration file found for board NUCLEO-C051C8
2026-07-28 16:24:42,889 [INFO] DbBoards:157 - Board is not supported: NUCLEO-C051C8
2026-07-28 16:24:42,890 [INFO] BoardInfo:880 - No configuration file found for board NUCLEO-C071RB
2026-07-28 16:24:42,890 [INFO] DbBoards:157 - Board is not supported: NUCLEO-C071RB
2026-07-28 16:24:42,891 [INFO] BoardInfo:880 - No configuration file found for board NUCLEO-C092RC
2026-07-28 16:24:42,891 [INFO] DbBoards:157 - Board is not supported: NUCLEO-C092RC
2026-07-28 16:24:42,928 [INFO] BoardInfo:880 - No configuration file found for board NUCLEO-H533RE
2026-07-28 16:24:42,928 [INFO] DbBoards:157 - Board is not supported: NUCLEO-H533RE
2026-07-28 16:24:42,930 [INFO] BoardInfo:880 - No configuration file found for board NUCLEO-H5E5ZJ
2026-07-28 16:24:42,930 [INFO] DbBoards:157 - Board is not supported: NUCLEO-H5E5ZJ
2026-07-28 16:24:42,939 [INFO] BoardInfo:880 - No configuration file found for board NUCLEO-H7S3L8
2026-07-28 16:24:42,939 [INFO] DbBoards:157 - Board is not supported: NUCLEO-H7S3L8
2026-07-28 16:24:42,961 [INFO] BoardInfo:880 - No configuration file found for board NUCLEO-N657X0-Q
2026-07-28 16:24:42,961 [INFO] DbBoards:157 - Board is not supported: NUCLEO-N657X0-Q
2026-07-28 16:24:42,962 [INFO] BoardInfo:880 - No configuration file found for board NUCLEO-U031R8
2026-07-28 16:24:42,962 [INFO] DbBoards:157 - Board is not supported: NUCLEO-U031R8
2026-07-28 16:24:42,963 [INFO] BoardInfo:880 - No configuration file found for board NUCLEO-U083RC
2026-07-28 16:24:42,964 [INFO] DbBoards:157 - Board is not supported: NUCLEO-U083RC
2026-07-28 16:24:42,965 [INFO] BoardInfo:880 - No configuration file found for board NUCLEO-U385RG-Q
2026-07-28 16:24:42,965 [INFO] DbBoards:157 - Board is not supported: NUCLEO-U385RG-Q
2026-07-28 16:24:42,966 [INFO] BoardInfo:880 - No configuration file found for board NUCLEO-U3C5ZI-Q
2026-07-28 16:24:42,966 [INFO] DbBoards:157 - Board is not supported: NUCLEO-U3C5ZI-Q
2026-07-28 16:24:42,970 [INFO] BoardInfo:880 - No configuration file found for board NUCLEO-WB05KZ
2026-07-28 16:24:42,970 [INFO] DbBoards:157 - Board is not supported: NUCLEO-WB05KZ
2026-07-28 16:24:42,971 [INFO] BoardInfo:880 - No configuration file found for board NUCLEO-WB07CC
2026-07-28 16:24:42,971 [INFO] DbBoards:157 - Board is not supported: NUCLEO-WB07CC
2026-07-28 16:24:42,973 [INFO] BoardInfo:880 - No configuration file found for board NUCLEO-WB09KE
2026-07-28 16:24:42,973 [INFO] DbBoards:157 - Board is not supported: NUCLEO-WB09KE
2026-07-28 16:24:42,976 [INFO] BoardInfo:880 - No configuration file found for board NUCLEO-WBA25CE1
2026-07-28 16:24:42,976 [INFO] DbBoards:157 - Board is not supported: NUCLEO-WBA25CE1
2026-07-28 16:24:42,978 [INFO] BoardInfo:880 - No configuration file found for board NUCLEO-WBA55CG
2026-07-28 16:24:42,979 [INFO] DbBoards:157 - Board is not supported: NUCLEO-WBA55CG
2026-07-28 16:24:42,980 [INFO] BoardInfo:880 - No configuration file found for board NUCLEO-WBA65RI
2026-07-28 16:24:42,980 [INFO] DbBoards:157 - Board is not supported: NUCLEO-WBA65RI
2026-07-28 16:24:42,981 [INFO] BoardInfo:880 - No configuration file found for board NUCLEO-WL33CC1
2026-07-28 16:24:42,981 [INFO] DbBoards:157 - Board is not supported: NUCLEO-WL33CC1
2026-07-28 16:24:42,982 [INFO] BoardInfo:880 - No configuration file found for board NUCLEO-WL33CC2
2026-07-28 16:24:42,983 [INFO] DbBoards:157 - Board is not supported: NUCLEO-WL33CC2
2026-07-28 16:24:42,984 [INFO] BoardInfo:880 - No configuration file found for board NUCLEO-WL3RKB1
2026-07-28 16:24:42,984 [INFO] DbBoards:157 - Board is not supported: NUCLEO-WL3RKB1
2026-07-28 16:24:42,985 [INFO] BoardInfo:880 - No configuration file found for board NUCLEO-WL3RKB2
2026-07-28 16:24:42,985 [INFO] DbBoards:157 - Board is not supported: NUCLEO-WL3RKB2
2026-07-28 16:24:42,990 [INFO] BoardInfo:880 - No configuration file found for board P-NUCLEO-WB55
2026-07-28 16:24:42,990 [INFO] DbBoards:157 - Kit is not supported: P-NUCLEO-WB55
2026-07-28 16:24:42,995 [INFO] BoardInfo:880 - No configuration file found for board STEVAL-BFA001V1B
2026-07-28 16:24:42,995 [INFO] DbBoards:157 - Kit is not supported: STEVAL-BFA001V1B
2026-07-28 16:24:42,996 [INFO] BoardInfo:880 - No configuration file found for board STEVAL-BFA001V2B
2026-07-28 16:24:42,996 [INFO] DbBoards:157 - Kit is not supported: STEVAL-BFA001V2B
2026-07-28 16:24:42,999 [INFO] BoardInfo:880 - No configuration file found for board STEVAL-MKBOXPRO
2026-07-28 16:24:42,999 [INFO] DbBoards:157 - Board is not supported: STEVAL-MKBOXPRO
2026-07-28 16:24:43,066 [INFO] BoardInfo:880 - No configuration file found for board STM32H5F5J-DK
2026-07-28 16:24:43,067 [INFO] DbBoards:157 - Board is not supported: STM32H5F5J-DK
2026-07-28 16:24:43,079 [INFO] BoardInfo:880 - No configuration file found for board STM32H7S78-DK
2026-07-28 16:24:43,079 [INFO] DbBoards:157 - Board is not supported: STM32H7S78-DK
2026-07-28 16:24:43,101 [INFO] BoardInfo:880 - No configuration file found for board STM32MP215F-DK
2026-07-28 16:24:43,101 [INFO] DbBoards:157 - Board is not supported: STM32MP215F-DK
2026-07-28 16:24:43,103 [INFO] BoardInfo:880 - No configuration file found for board STM32MP257F-DK
2026-07-28 16:24:43,103 [INFO] DbBoards:157 - Board is not supported: STM32MP257F-DK
2026-07-28 16:24:43,104 [INFO] BoardInfo:880 - No configuration file found for board STM32MP257F-EV1
2026-07-28 16:24:43,105 [INFO] DbBoards:157 - Board is not supported: STM32MP257F-EV1
2026-07-28 16:24:43,107 [INFO] BoardInfo:880 - No configuration file found for board STM32N6570-DK
2026-07-28 16:24:43,107 [INFO] DbBoards:157 - Board is not supported: STM32N6570-DK
2026-07-28 16:24:43,109 [INFO] BoardInfo:880 - No configuration file found for board STM32U083C-DK
2026-07-28 16:24:43,109 [INFO] DbBoards:157 - Board is not supported: STM32U083C-DK
2026-07-28 16:24:43,118 [INFO] BoardInfo:880 - No configuration file found for board STM32WBA55G-DK1
2026-07-28 16:24:43,118 [INFO] DbBoards:157 - Board is not supported: STM32WBA55G-DK1
2026-07-28 16:24:43,119 [INFO] BoardInfo:880 - No configuration file found for board STM32WBA65I-DK1
2026-07-28 16:24:43,119 [INFO] DbBoards:157 - Board is not supported: STM32WBA65I-DK1
2026-07-28 16:24:43,120 [INFO] DbBoards:161 - Found 218 boards, 183 are supported
2026-07-28 16:24:43,125 [INFO] ApiDb:423 - Load user favorites file C:\Users\Admin/.stm32cubeide/favorites.boards.txt: 0 item(s)
2026-07-28 16:24:43,125 [INFO] ApiDb:427 - User favorites Boards=[]
2026-07-28 16:24:43,125 [INFO] DbBoards:190 - Set 0 / 0 favorites Boards
2026-07-28 16:24:43,125 [INFO] McuFinderGlobals:76 - Set McuFinderConnectedMode to true
2026-07-28 16:24:43,138 [INFO] MultiScanPanel:200 - Auto-refresh data requested => check proxy status ongoing
2026-07-28 16:24:43,141 [INFO] FinderPluginLoader:95 - Searching for filters in installed packs
2026-07-28 16:24:44,378 [INFO] LoadUrlFilesThread:185 - End of LoadServerUrlFiles without Thread
2026-07-28 16:24:44,390 [INFO] DetailPanel:341 - Set advertising image to C:/Users/Admin/STM32Cube/Repository/\en.stm32h5cubemxbanner.png
2026-07-28 16:51:47,706 [INFO] MainUpdater:2868 - connection check result : 10
2026-07-28 16:51:47,707 [INFO] MainUpdater:2868 - connection check result : 10
2026-07-28 16:51:47,815 [INFO] MicroXplorer:468 - Change Database Path : 
2026-07-28 16:51:47,815 [INFO] MicroXplorer:498 - Change Database Version : DB.6.0.91
2026-07-28 16:51:47,838 [WARN] ThirdParty:871 - waiting for thirdparty lock release [close project]
2026-07-28 16:51:47,839 [INFO] ThirdParty:873 - entering critical section [close project]
2026-07-28 16:51:47,839 [INFO] ThirdParty:883 - exiting critical section [close project]
2026-07-28 16:51:47,840 [INFO] PinOutPanel:1499 - setPackage(No Configuration,No Configuration)
2026-07-28 16:51:47,853 [WARN] IpParametersView:151 - Warning: This peripheral hasn't parameters
2026-07-28 16:51:47,866 [WARN] MainPanel:272 - <html><b><center>Warning: This peripheral has no parameters to be configured<br></b></html>
2026-07-28 16:51:47,874 [INFO] UtilMem:75 - Begin LoadConfig() Used Memory: 821960344 Bytes (1073741824)
2026-07-28 16:51:47,875 [INFO] MicroXplorer:468 - Change Database Path : 
2026-07-28 16:51:47,875 [INFO] MicroXplorer:498 - Change Database Version : DB.6.0.91
2026-07-28 16:51:47,875 [INFO] OpenFileManager:308 - Change cursor
2026-07-28 16:51:47,880 [INFO] Mcu:1946 - Initializing MCU STM32F405RGTx STM32F405RGTx STM32F405RGT6
2026-07-28 16:51:48,648 [INFO] Context:659 - Trying to add GPIOservice into a context  which must be forbidden
2026-07-28 16:51:48,835 [INFO] ImportTextPane:194 - (OptionalMessage_ERROR) Unable to find key (Mcu.ThirdPartyNb) in loaded IOC file
2026-07-28 16:51:48,836 [INFO] ImportTextPane:194 - (OptionalMessage_ERROR) Unable to find key (Mcu.PinsNb) in loaded IOC file
2026-07-28 16:51:48,836 [INFO] ImportTextPane:194 - (OptionalMessage_ERROR) Unable to find key (Mcu.IPNb) in loaded IOC file
2026-07-28 16:51:48,851 [INFO] RtosManager:555 - Registered RTOS mode: class=CMSIS, group=RTOS, mode=CMSIS_V1, owner=FREERTOS
2026-07-28 16:51:48,852 [INFO] RtosManager:555 - Registered RTOS mode: class=CMSIS, group=RTOS2, mode=CMSIS_V2, owner=FREERTOS
2026-07-28 16:51:48,852 [INFO] RtosManager:555 - Registered RTOS mode: class=RTOS, group=Core, mode=CMSIS_V1, owner=FREERTOS
2026-07-28 16:51:48,852 [INFO] RtosManager:555 - Registered RTOS mode: class=RTOS, group=Core, mode=CMSIS_V2, owner=FREERTOS
2026-07-28 16:51:48,852 [WARN] ModelIntegratedComponent:184 - Missing modes for component STMicroelectronics:FreeRTOS:0.0.1:STMicroelectronics:RTOS:FreeRTOS:Core:::10.2.0:
2026-07-28 16:51:48,897 [WARN] ModelIntegratedComponent:63 - No mode defined for component null
2026-07-28 16:51:48,897 [WARN] ModelIntegratedComponent:63 - No mode defined for component null
2026-07-28 16:51:48,897 [WARN] ModelIntegratedComponent:63 - No mode defined for component null
2026-07-28 16:51:48,897 [WARN] ModelIntegratedComponent:63 - No mode defined for component null
2026-07-28 16:51:48,897 [WARN] ModelIntegratedComponent:63 - No mode defined for component null
2026-07-28 16:51:48,897 [WARN] ModelIntegratedComponent:63 - No mode defined for component null
2026-07-28 16:51:48,897 [WARN] ModelIntegratedComponent:63 - No mode defined for component null
2026-07-28 16:51:48,897 [WARN] ModelIntegratedComponent:63 - No mode defined for component null
2026-07-28 16:51:48,897 [WARN] ModelIntegratedComponent:63 - No mode defined for component null
2026-07-28 16:51:48,897 [WARN] ModelIntegratedComponent:63 - No mode defined for component null
2026-07-28 16:51:48,897 [WARN] ModelIntegratedComponent:63 - No mode defined for component null
2026-07-28 16:51:48,897 [WARN] ModelIntegratedComponent:63 - No mode defined for component null
2026-07-28 16:51:48,897 [WARN] ModelIntegratedComponent:63 - No mode defined for component null
2026-07-28 16:51:48,897 [WARN] ModelIntegratedComponent:63 - No mode defined for component null
2026-07-28 16:51:48,897 [WARN] ModelIntegratedComponent:63 - No mode defined for component null
2026-07-28 16:51:48,897 [WARN] ModelIntegratedComponent:63 - No mode defined for component null
2026-07-28 16:51:48,897 [WARN] ModelIntegratedComponent:63 - No mode defined for component null
2026-07-28 16:51:48,897 [WARN] ModelIntegratedComponent:63 - No mode defined for component null
2026-07-28 16:51:48,897 [WARN] ModelIntegratedComponent:63 - No mode defined for component null
2026-07-28 16:51:48,897 [WARN] ModelIntegratedComponent:63 - No mode defined for component null
2026-07-28 16:51:48,897 [WARN] ModelIntegratedComponent:63 - No mode defined for component null
2026-07-28 16:51:48,897 [WARN] ModelIntegratedComponent:63 - No mode defined for component null
2026-07-28 16:51:48,897 [WARN] ModelIntegratedComponent:63 - No mode defined for component null
2026-07-28 16:51:48,897 [WARN] ModelIntegratedComponent:63 - No mode defined for component null
2026-07-28 16:51:48,897 [WARN] ModelIntegratedComponent:63 - No mode defined for component null
2026-07-28 16:51:48,897 [WARN] ModelIntegratedComponent:63 - No mode defined for component null
2026-07-28 16:51:48,898 [WARN] ModelIntegratedComponent:63 - No mode defined for component null
2026-07-28 16:51:48,898 [WARN] ModelIntegratedComponent:63 - No mode defined for component null
2026-07-28 16:51:48,898 [WARN] ModelIntegratedComponent:63 - No mode defined for component null
2026-07-28 16:51:48,898 [WARN] ModelIntegratedComponent:63 - No mode defined for component null
2026-07-28 16:51:48,898 [WARN] ModelIntegratedComponent:63 - No mode defined for component null
2026-07-28 16:51:48,898 [WARN] ModelIntegratedComponent:63 - No mode defined for component null
2026-07-28 16:51:48,898 [WARN] ModelIntegratedComponent:63 - No mode defined for component null
2026-07-28 16:51:48,945 [INFO] ThirdPartyModel:298 - Start build external matchings
2026-07-28 16:51:49,165 [INFO] ThirdPartyModel:316 - End build external matchings
2026-07-28 16:51:49,411 [INFO] UtilMem:75 - End LoadConfig() Used Memory: 856099560 Bytes (1073741824)
2026-07-28 16:51:49,429 [WARN] ThirdParty:833 - waiting for thirdparty lock release [change project]
2026-07-28 16:51:49,429 [INFO] ThirdParty:835 - entering critical section [change project]
2026-07-28 16:51:49,429 [INFO] ThirdParty:1030 - CMSIS Pack Vendor :STMicroelectronics USBPD 4.1
2026-07-28 16:51:49,429 [INFO] ThirdParty:1030 - CMSIS Pack Vendor :STMicroelectronics USB_HOST 2.0.0
2026-07-28 16:51:49,429 [INFO] ThirdParty:1030 - CMSIS Pack Vendor :STMicroelectronics FP-ATR-ASTRA1 2.0.3
2026-07-28 16:51:49,429 [INFO] ThirdParty:1030 - CMSIS Pack Vendor :STMicroelectronics X-CUBE-AZRTOS-F4 1.1.0
2026-07-28 16:51:49,429 [INFO] ThirdParty:1030 - CMSIS Pack Vendor :STMicroelectronics LIBJPEG 8.0.0
2026-07-28 16:51:49,429 [INFO] ThirdParty:1030 - CMSIS Pack Vendor :STMicroelectronics FP-ATR-ASTRA1 2.0.2
2026-07-28 16:51:49,429 [INFO] ThirdParty:1030 - CMSIS Pack Vendor :STMicroelectronics X-CUBE-SMBUS 2.1.0
2026-07-28 16:51:49,429 [INFO] ThirdParty:1030 - CMSIS Pack Vendor :wolfSSL I-CUBE-wolfMQTT 1.19.2
2026-07-28 16:51:49,429 [INFO] ThirdParty:1030 - CMSIS Pack Vendor :STMicroelectronics USB_DEVICE 3.0.0
2026-07-28 16:51:49,429 [INFO] ThirdParty:1030 - CMSIS Pack Vendor :STMicroelectronics X-CUBE-AZRTOS-F7 1.1.0
2026-07-28 16:51:49,429 [INFO] ThirdParty:1030 - CMSIS Pack Vendor :STMicroelectronics USB_DEVICE 2.0.0
2026-07-28 16:51:49,429 [INFO] ThirdParty:1030 - CMSIS Pack Vendor :STMicroelectronics X-CUBE-ALGOBUILD 1.5.0
2026-07-28 16:51:49,429 [INFO] ThirdParty:1030 - CMSIS Pack Vendor :STMicroelectronics FreeRTOS 0.0.1
2026-07-28 16:51:49,429 [INFO] ThirdParty:1030 - CMSIS Pack Vendor :STMicroelectronics X-CUBE-AZRTOS-H7RS 1.3.0
2026-07-28 16:51:49,429 [INFO] ThirdParty:1030 - CMSIS Pack Vendor :STMicroelectronics X-CUBE-AZRTOS-G0 1.1.0
2026-07-28 16:51:49,429 [INFO] ThirdParty:1030 - CMSIS Pack Vendor :STMicroelectronics X-CUBE-NFC4 3.0.0
2026-07-28 16:51:49,429 [INFO] ThirdParty:1030 - CMSIS Pack Vendor :STMicroelectronics X-CUBE-SUBG2 5.0.0
2026-07-28 16:51:49,429 [INFO] ThirdParty:1030 - CMSIS Pack Vendor :STMicroelectronics STM32_WPAN 1.0.0
2026-07-28 16:51:49,429 [INFO] ThirdParty:1030 - CMSIS Pack Vendor :STMicroelectronics lwIP 2.0.3
2026-07-28 16:51:49,430 [INFO] ThirdParty:1030 - CMSIS Pack Vendor :STMicroelectronics X-CUBE-MEMS1 13.0.0
2026-07-28 16:51:49,430 [INFO] ThirdParty:1030 - CMSIS Pack Vendor :STMicroelectronics USB_HOST 1.0.0
2026-07-28 16:51:49,430 [INFO] ThirdParty:1030 - CMSIS Pack Vendor :STMicroelectronics X-CUBE-AZRTOS-G4 2.0.0
2026-07-28 16:51:49,430 [INFO] ThirdParty:1030 - CMSIS Pack Vendor :STMicroelectronics PDM2PCM 3.1.0
2026-07-28 16:51:49,430 [INFO] ThirdParty:1030 - CMSIS Pack Vendor :STMicroelectronics PDM2PCM 3.3.0
2026-07-28 16:51:49,430 [INFO] ThirdParty:1030 - CMSIS Pack Vendor :wolfSSL I-CUBE-wolfTPM 3.8.0
2026-07-28 16:51:49,430 [INFO] ThirdParty:1030 - CMSIS Pack Vendor :STMicroelectronics X-CUBE-DISPLAY 3.0.0
2026-07-28 16:51:49,430 [INFO] ThirdParty:1030 - CMSIS Pack Vendor :wolfSSL I-CUBE-wolfSSH 1.4.20
2026-07-28 16:51:49,430 [INFO] ThirdParty:1030 - CMSIS Pack Vendor :wolfSSL I-CUBE-wolfSSL 5.9.1
2026-07-28 16:51:49,430 [INFO] ThirdParty:1030 - CMSIS Pack Vendor :STMicroelectronics FP-ATR-SIGFOX1 3.2.0
2026-07-28 16:51:49,430 [INFO] ThirdParty:1030 - CMSIS Pack Vendor :STMicroelectronics HAL Drivers 0.0.0
2026-07-28 16:51:49,430 [INFO] ThirdParty:1030 - CMSIS Pack Vendor :STMicroelectronics MBEDTLS 2.16.2
2026-07-28 16:51:49,430 [INFO] ThirdParty:1030 - CMSIS Pack Vendor :emotas I-CUBE-CANOPEN 1.3.0
2026-07-28 16:51:49,430 [INFO] ThirdParty:1030 - CMSIS Pack Vendor :STMicroelectronics MBEDTLS 2.14.1
2026-07-28 16:51:49,430 [INFO] ThirdParty:1030 - CMSIS Pack Vendor :ITTIA_DB I-CUBE-ITTIADB 8.9.0
2026-07-28 16:51:49,430 [INFO] ThirdParty:1030 - CMSIS Pack Vendor :STMicroelectronics X-CUBE-TOUCHGFX 4.26.1
2026-07-28 16:51:49,430 [INFO] ThirdParty:1030 - CMSIS Pack Vendor :STMicroelectronics X-CUBE-AI 10.2.1
2026-07-28 16:51:49,430 [INFO] ThirdParty:1030 - CMSIS Pack Vendor :STMicroelectronics ThreadX 1.0.0
2026-07-28 16:51:49,430 [INFO] ThirdParty:1030 - CMSIS Pack Vendor :STMicroelectronics X-CUBE-MEMS1 12.1.0
2026-07-28 16:51:49,430 [INFO] ThirdParty:1030 - CMSIS Pack Vendor :STMicroelectronics X-CUBE-AZRTOS-WL 2.0.0
2026-07-28 16:51:49,430 [INFO] ThirdParty:1030 - CMSIS Pack Vendor :SEGGER I-CUBE-embOS 1.3.1
2026-07-28 16:51:49,430 [INFO] ThirdParty:1030 - CMSIS Pack Vendor :STMicroelectronics X-CUBE-ALGOBUILD 1.4.0
2026-07-28 16:51:49,430 [INFO] ThirdParty:1030 - CMSIS Pack Vendor :STMicroelectronics USB_DEVICE 1.0.0
2026-07-28 16:51:49,430 [INFO] ThirdParty:1030 - CMSIS Pack Vendor :STMicroelectronics X-CUBE-AZRTOS-H7RS 1.2.0
2026-07-28 16:51:49,430 [INFO] ThirdParty:1030 - CMSIS Pack Vendor :STMicroelectronics X-CUBE-AZRTOS-L4 2.0.0
2026-07-28 16:51:49,430 [INFO] ThirdParty:1030 - CMSIS Pack Vendor :STMicroelectronics ThreadX 0.0.2
2026-07-28 16:51:49,430 [INFO] ThirdParty:1030 - CMSIS Pack Vendor :STMicroelectronics lwIP 2.1.2
2026-07-28 16:51:49,430 [INFO] ThirdParty:1030 - CMSIS Pack Vendor :STMicroelectronics X-CUBE-SFXS2LP1 4.0.0
2026-07-28 16:51:49,430 [INFO] ThirdParty:1030 - CMSIS Pack Vendor :STMicroelectronics X-CUBE-BLE2 3.3.0
2026-07-28 16:51:49,430 [INFO] ThirdParty:1030 - CMSIS Pack Vendor :STMicroelectronics X-CUBE-NFC13 1.0.0
2026-07-28 16:51:49,430 [INFO] ThirdParty:1030 - CMSIS Pack Vendor :STMicroelectronics PDM2PCM 3.2.0
2026-07-28 16:51:49,430 [INFO] ThirdParty:841 - exiting critical section [change project]
2026-07-28 16:51:49,554 [INFO] PinOutPanel:1499 - setPackage(No Configuration,No Configuration)
2026-07-28 16:51:49,555 [INFO] PinOutPanel:1499 - setPackage(STM32F405RGTx,LQFP64)
2026-07-28 16:51:49,723 [INFO] UtilMem:75 - Before build in PCC Used Memory: 789792856 Bytes (1073741824)
2026-07-28 16:51:49,932 [INFO] UtilMem:75 - After build in PCC Used Memory: 835403864 Bytes (1073741824)
2026-07-28 16:51:49,959 [INFO] IPUIPlugin:80 - create IPUIPlugin
2026-07-28 16:51:49,959 [INFO] IPUIPlugin:80 - create IPUIPlugin
2026-07-28 16:51:49,960 [INFO] IPUIPlugin:80 - create IPUIPlugin
2026-07-28 16:51:49,960 [INFO] IPUIPlugin:80 - create IPUIPlugin
2026-07-28 16:51:49,960 [INFO] IPUIPlugin:80 - create IPUIPlugin
2026-07-28 16:51:49,960 [INFO] IPUIPlugin:80 - create IPUIPlugin
2026-07-28 16:51:49,960 [INFO] IPUIPlugin:80 - create IPUIPlugin
2026-07-28 16:51:49,960 [INFO] IPUIPlugin:80 - create IPUIPlugin
2026-07-28 16:51:49,960 [INFO] IPUIPlugin:80 - create IPUIPlugin
2026-07-28 16:51:49,960 [INFO] IPUIPlugin:80 - create IPUIPlugin
2026-07-28 16:51:49,960 [INFO] IPUIPlugin:80 - create IPUIPlugin
2026-07-28 16:51:49,960 [INFO] IPUIPlugin:80 - create IPUIPlugin
2026-07-28 16:51:49,961 [INFO] IPUIPlugin:80 - create IPUIPlugin
2026-07-28 16:51:49,961 [INFO] IPUIPlugin:80 - create IPUIPlugin
2026-07-28 16:51:49,961 [INFO] IPUIPlugin:80 - create IPUIPlugin
2026-07-28 16:51:49,961 [INFO] IPUIPlugin:80 - create IPUIPlugin
2026-07-28 16:51:49,961 [INFO] IPUIPlugin:80 - create IPUIPlugin
2026-07-28 16:51:49,961 [INFO] IPUIPlugin:80 - create IPUIPlugin
2026-07-28 16:51:49,961 [INFO] IPUIPlugin:80 - create IPUIPlugin
2026-07-28 16:51:49,961 [INFO] IPUIPlugin:80 - create IPUIPlugin
2026-07-28 16:51:49,962 [INFO] IPUIPlugin:80 - create IPUIPlugin
2026-07-28 16:51:49,962 [INFO] IPUIPlugin:80 - create IPUIPlugin
2026-07-28 16:51:49,962 [INFO] IPUIPlugin:80 - create IPUIPlugin
2026-07-28 16:51:49,962 [INFO] IPUIPlugin:80 - create IPUIPlugin
2026-07-28 16:51:49,962 [INFO] IPUIPlugin:80 - create IPUIPlugin
2026-07-28 16:51:49,963 [INFO] IPUIPlugin:80 - create IPUIPlugin
2026-07-28 16:51:49,963 [INFO] IPUIPlugin:80 - create IPUIPlugin
2026-07-28 16:51:49,963 [INFO] IPUIPlugin:80 - create IPUIPlugin
2026-07-28 16:51:49,963 [INFO] IPUIPlugin:80 - create IPUIPlugin
2026-07-28 16:51:49,963 [INFO] IPUIPlugin:80 - create IPUIPlugin
2026-07-28 16:51:49,964 [INFO] IPUIPlugin:80 - create IPUIPlugin
2026-07-28 16:51:49,964 [INFO] IPUIPlugin:80 - create IPUIPlugin
2026-07-28 16:51:49,964 [INFO] IPUIPlugin:80 - create IPUIPlugin
2026-07-28 16:51:49,964 [INFO] IPUIPlugin:80 - create IPUIPlugin
2026-07-28 16:51:49,964 [INFO] IPUIPlugin:80 - create IPUIPlugin
2026-07-28 16:51:49,965 [INFO] IPUIPlugin:80 - create IPUIPlugin
2026-07-28 16:51:49,965 [INFO] IPUIPlugin:80 - create IPUIPlugin
2026-07-28 16:51:49,965 [INFO] IPUIPlugin:80 - create IPUIPlugin
2026-07-28 16:51:49,965 [INFO] IPUIPlugin:80 - create IPUIPlugin
2026-07-28 16:51:49,965 [INFO] IPUIPlugin:80 - create IPUIPlugin
2026-07-28 16:51:49,966 [INFO] IPUIPlugin:80 - create IPUIPlugin
2026-07-28 16:51:49,966 [INFO] IPUIPlugin:80 - create IPUIPlugin
2026-07-28 16:51:49,966 [INFO] IPUIPlugin:80 - create IPUIPlugin
2026-07-28 16:51:49,966 [INFO] IPUIPlugin:80 - create IPUIPlugin
2026-07-28 16:51:49,967 [INFO] IPUIPlugin:80 - create IPUIPlugin
2026-07-28 16:51:49,967 [INFO] IPUIPlugin:80 - create IPUIPlugin
2026-07-28 16:51:49,967 [INFO] IPUIPlugin:80 - create IPUIPlugin
2026-07-28 16:51:49,967 [INFO] IPUIPlugin:80 - create IPUIPlugin
2026-07-28 16:51:49,968 [INFO] IPUIPlugin:80 - create IPUIPlugin
2026-07-28 16:51:49,968 [INFO] IPUIPlugin:80 - create IPUIPlugin
2026-07-28 16:51:49,968 [INFO] IPUIPlugin:80 - create IPUIPlugin
2026-07-28 16:51:49,969 [INFO] IPUIPlugin:80 - create IPUIPlugin
2026-07-28 16:51:49,969 [INFO] IPUIPlugin:80 - create IPUIPlugin
2026-07-28 16:51:49,969 [INFO] IPUIPlugin:80 - create IPUIPlugin
2026-07-28 16:51:49,973 [INFO] ApiDbMcu:507 - Load IP Config File for PDM2PCM
2026-07-28 16:51:49,998 [INFO] CADModel:165 - CPN selected for project levelSTM32F405RGT6
2026-07-28 16:51:49,998 [INFO] CADModel:114 - Register for checkConnection events
2026-07-28 16:51:50,046 [INFO] OpenFileManager:328 - Restore cursor
2026-07-28 16:51:50,368 [INFO] UtilMem:75 - End SaveConfig() Used Memory: 931206624 Bytes (1073741824)
2026-07-28 16:51:50,411 [INFO] UtilMem:75 - End SaveConfig() Used Memory: 953851600 Bytes (1073741824)
2026-07-28 16:51:50,757 [INFO] BlockDiagram:2759 - set Specific Code input for plugin: RCC
2026-07-28 16:51:50,757 [INFO] BlockDiagram:2759 - set Specific Code input for plugin: NVIC
2026-07-28 16:51:50,758 [INFO] CodeGenerator:799 - code generatio: config db path: C:\ST\STM32CubeIDE_1.13.1\STM32CubeIDE\plugins\com.st.stm32cube.common.mx_6.9.1.202307191849\\db\
2026-07-28 16:51:50,966 [INFO] CodeEngine:255 - oldGeneratedFile, C:\Users\Admin\Documents\GitHub\Drone-RTOS\Source\003SBUS_read_data\MXTmpFiles\license.tmp_save
2026-07-28 16:51:51,346 [INFO] CodeEngine:279 - Generated code: C:\Users\Admin\Documents\GitHub\Drone-RTOS\Source\003SBUS_read_data\MXTmpFiles\license.tmp
2026-07-28 16:51:51,358 [INFO] CodeEngine:255 - oldGeneratedFile, C:\Users\Admin\Documents\GitHub\Drone-RTOS\Source\003SBUS_read_data\Core\Src\stm32f4xx_it.c_save
2026-07-28 16:51:51,498 [INFO] CodeEngine:279 - Generated code: C:\Users\Admin\Documents\GitHub\Drone-RTOS\Source\003SBUS_read_data\Core\Src\stm32f4xx_it.c
2026-07-28 16:51:51,501 [INFO] CodeEngine:255 - oldGeneratedFile, C:\Users\Admin\Documents\GitHub\Drone-RTOS\Source\003SBUS_read_data\Core\Inc\stm32f4xx_it.h_save
2026-07-28 16:51:51,579 [INFO] CodeEngine:279 - Generated code: C:\Users\Admin\Documents\GitHub\Drone-RTOS\Source\003SBUS_read_data\Core\Inc\stm32f4xx_it.h
2026-07-28 16:51:51,653 [INFO] CodeEngine:255 - oldGeneratedFile, C:\Users\Admin\Documents\GitHub\Drone-RTOS\Source\003SBUS_read_data\Core\Src\stm32f4xx_hal_msp.c_save
2026-07-28 16:51:51,771 [INFO] CodeEngine:279 - Generated code: C:\Users\Admin\Documents\GitHub\Drone-RTOS\Source\003SBUS_read_data\Core\Src\stm32f4xx_hal_msp.c
2026-07-28 16:51:51,777 [INFO] CodeEngine:255 - oldGeneratedFile, C:\Users\Admin\Documents\GitHub\Drone-RTOS\Source\003SBUS_read_data\MXTmpFiles\system.tmp_save
2026-07-28 16:51:51,849 [INFO] CodeEngine:279 - Generated code: C:\Users\Admin\Documents\GitHub\Drone-RTOS\Source\003SBUS_read_data\MXTmpFiles\system.tmp
2026-07-28 16:51:51,861 [INFO] CodeEngine:311 - oldGeneratedFile, C:\Users\Admin\Documents\GitHub\Drone-RTOS\Source\003SBUS_read_data\Core\Inc\stm32f4xx_hal_conf.h_save
2026-07-28 16:51:51,941 [INFO] CodeEngine:335 - Generated code: C:\Users\Admin\Documents\GitHub\Drone-RTOS\Source\003SBUS_read_data\Core\Inc\stm32f4xx_hal_conf.h
2026-07-28 16:51:51,986 [INFO] CodeEngine:255 - oldGeneratedFile, C:\Users\Admin\Documents\GitHub\Drone-RTOS\Source\003SBUS_read_data\Core\Inc\main.h_save
2026-07-28 16:51:52,070 [INFO] CodeEngine:279 - Generated code: C:\Users\Admin\Documents\GitHub\Drone-RTOS\Source\003SBUS_read_data\Core\Inc\main.h
2026-07-28 16:51:52,075 [INFO] CodeEngine:255 - oldGeneratedFile, C:\Users\Admin\Documents\GitHub\Drone-RTOS\Source\003SBUS_read_data\Core\Src\main.c_save
2026-07-28 16:51:52,177 [INFO] CodeEngine:279 - Generated code: C:\Users\Admin\Documents\GitHub\Drone-RTOS\Source\003SBUS_read_data\Core\Src\main.c
2026-07-28 16:51:52,571 [INFO] ProjectBuilder:3064 - Time for Copy HAL[1] : 114mS.
2026-07-28 16:51:52,577 [INFO] ProjectBuilder:4404 - Project Generator version: 4.1.0
2026-07-28 16:51:52,782 [INFO] ConfigFileManager:1457 - The Die is : DIE413
2026-07-28 16:51:52,792 [INFO] ApiDbMcu:507 - Load IP Config File for FATFS
2026-07-28 16:51:52,798 [INFO] ApiDbMcu:507 - Load IP Config File for FREERTOS
2026-07-28 16:51:52,800 [INFO] ApiDbMcu:507 - Load IP Config File for LIBJPEG
2026-07-28 16:51:52,806 [INFO] ApiDbMcu:507 - Load IP Config File for MBEDTLS
2026-07-28 16:51:52,813 [INFO] ApiDbMcu:507 - Load IP Config File for USB_DEVICE
2026-07-28 16:51:52,817 [INFO] ApiDbMcu:507 - Load IP Config File for USB_HOST
2026-07-28 16:51:53,574 [INFO] LogOutputStream:77 - [STDOUT_REDIRECT] 
2026-07-28 16:51:54,538 [INFO] ProjectBuilder:4626 - Time for Generating toolchain IDE Files: 1961mS.
2026-07-28 16:51:54,539 [INFO] ProjectBuilder:2935 - Time for Copy CMSIS : 1mS.
2026-07-28 16:51:54,542 [INFO] ProjectBuilder:2935 - Time for Copy CMSIS : 0mS.
2026-07-28 16:51:55,200 [INFO] McuFinderGlobals:76 - Set McuFinderConnectedMode to true
2026-07-28 16:51:55,206 [INFO] ApiDb:448 - Save user favorites file C:\Users\Admin/.stm32cubeide/favorites.mcus.txt: 4 item(s)
2026-07-28 16:51:55,206 [INFO] ApiDb:452 - User favorites MCUs=[STM32F103C8T6, STM32F405RGT6, STM32F411CEU6, STM32H523CET6]
2026-07-28 16:52:16,971 [INFO] Gpio:273 - dependency for GPIO [RCC, SYS]
2026-07-28 16:52:26,697 [INFO] Gpio:273 - dependency for GPIO [RCC, SYS]
2026-07-28 16:52:45,605 [ERROR] LogOutputStream:75 - [STDERR_REDIRECT] Exception in thread "AWT-EventQueue-0" java.awt.IllegalComponentStateException: component must be showing on the screen to determine its location
2026-07-28 16:52:45,607 [ERROR] LogOutputStream:75 - [STDERR_REDIRECT] 	at java.desktop/java.awt.Component.getLocationOnScreen_NoTreeLock(Component.java:2113)
2026-07-28 16:52:45,607 [ERROR] LogOutputStream:75 - [STDERR_REDIRECT] 	at java.desktop/java.awt.Component.getLocationOnScreen(Component.java:2087)
2026-07-28 16:52:45,608 [ERROR] LogOutputStream:75 - [STDERR_REDIRECT] 	at java.desktop/javax.swing.JPopupMenu.show(JPopupMenu.java:963)
2026-07-28 16:52:45,609 [ERROR] LogOutputStream:75 - [STDERR_REDIRECT] 	at java.desktop/javax.swing.plaf.basic.BasicComboPopup.show(BasicComboPopup.java:235)
2026-07-28 16:52:45,610 [ERROR] LogOutputStream:75 - [STDERR_REDIRECT] 	at java.desktop/javax.swing.plaf.basic.BasicComboPopup.togglePopup(BasicComboPopup.java:1257)
2026-07-28 16:52:45,611 [ERROR] LogOutputStream:75 - [STDERR_REDIRECT] 	at java.desktop/javax.swing.plaf.basic.BasicComboPopup$Handler.mousePressed(BasicComboPopup.java:936)
2026-07-28 16:52:45,612 [ERROR] LogOutputStream:75 - [STDERR_REDIRECT] 	at java.desktop/java.awt.Component.processMouseEvent(Component.java:6623)
2026-07-28 16:52:45,613 [ERROR] LogOutputStream:75 - [STDERR_REDIRECT] 	at java.desktop/javax.swing.JComponent.processMouseEvent(JComponent.java:3389)
2026-07-28 16:52:45,613 [ERROR] LogOutputStream:75 - [STDERR_REDIRECT] 	at java.desktop/java.awt.Component.processEvent(Component.java:6391)
2026-07-28 16:52:45,614 [ERROR] LogOutputStream:75 - [STDERR_REDIRECT] 	at java.desktop/java.awt.Container.processEvent(Container.java:2266)
2026-07-28 16:52:45,615 [ERROR] LogOutputStream:75 - [STDERR_REDIRECT] 	at java.desktop/java.awt.Component.dispatchEventImpl(Component.java:5001)
2026-07-28 16:52:45,616 [ERROR] LogOutputStream:75 - [STDERR_REDIRECT] 	at java.desktop/java.awt.Container.dispatchEventImpl(Container.java:2324)
2026-07-28 16:52:45,616 [ERROR] LogOutputStream:75 - [STDERR_REDIRECT] 	at java.desktop/java.awt.Component.dispatchEvent(Component.java:4833)
2026-07-28 16:52:45,617 [ERROR] LogOutputStream:75 - [STDERR_REDIRECT] 	at java.desktop/javax.swing.plaf.basic.BasicTableUI$Handler.repostEvent(BasicTableUI.java:987)
2026-07-28 16:52:45,618 [ERROR] LogOutputStream:75 - [STDERR_REDIRECT] 	at java.desktop/javax.swing.plaf.basic.BasicTableUI$Handler.adjustSelection(BasicTableUI.java:1149)
2026-07-28 16:52:45,619 [ERROR] LogOutputStream:75 - [STDERR_REDIRECT] 	at java.desktop/javax.swing.plaf.basic.BasicTableUI$Handler.mousePressed(BasicTableUI.java:1077)
2026-07-28 16:52:45,620 [ERROR] LogOutputStream:75 - [STDERR_REDIRECT] 	at java.desktop/java.awt.AWTEventMulticaster.mousePressed(AWTEventMulticaster.java:288)
2026-07-28 16:52:45,620 [ERROR] LogOutputStream:75 - [STDERR_REDIRECT] 	at java.desktop/java.awt.AWTEventMulticaster.mousePressed(AWTEventMulticaster.java:287)
2026-07-28 16:52:45,621 [ERROR] LogOutputStream:75 - [STDERR_REDIRECT] 	at java.desktop/java.awt.AWTEventMulticaster.mousePressed(AWTEventMulticaster.java:287)
2026-07-28 16:52:45,622 [ERROR] LogOutputStream:75 - [STDERR_REDIRECT] 	at java.desktop/java.awt.AWTEventMulticaster.mousePressed(AWTEventMulticaster.java:287)
2026-07-28 16:52:45,623 [ERROR] LogOutputStream:75 - [STDERR_REDIRECT] 	at java.desktop/java.awt.Component.processMouseEvent(Component.java:6623)
2026-07-28 16:52:45,624 [ERROR] LogOutputStream:75 - [STDERR_REDIRECT] 	at java.desktop/javax.swing.JComponent.processMouseEvent(JComponent.java:3389)
2026-07-28 16:52:45,624 [ERROR] LogOutputStream:75 - [STDERR_REDIRECT] 	at java.desktop/java.awt.Component.processEvent(Component.java:6391)
2026-07-28 16:52:45,625 [ERROR] LogOutputStream:75 - [STDERR_REDIRECT] 	at java.desktop/java.awt.Container.processEvent(Container.java:2266)
2026-07-28 16:52:45,626 [ERROR] LogOutputStream:75 - [STDERR_REDIRECT] 	at java.desktop/java.awt.Component.dispatchEventImpl(Component.java:5001)
2026-07-28 16:52:45,626 [ERROR] LogOutputStream:75 - [STDERR_REDIRECT] 	at java.desktop/java.awt.Container.dispatchEventImpl(Container.java:2324)
2026-07-28 16:52:45,627 [ERROR] LogOutputStream:75 - [STDERR_REDIRECT] 	at java.desktop/java.awt.Component.dispatchEvent(Component.java:4833)
2026-07-28 16:52:45,628 [ERROR] LogOutputStream:75 - [STDERR_REDIRECT] 	at java.desktop/java.awt.LightweightDispatcher.retargetMouseEvent(Container.java:4948)
2026-07-28 16:52:45,629 [ERROR] LogOutputStream:75 - [STDERR_REDIRECT] 	at java.desktop/java.awt.LightweightDispatcher.processMouseEvent(Container.java:4572)
2026-07-28 16:52:45,630 [ERROR] LogOutputStream:75 - [STDERR_REDIRECT] 	at java.desktop/java.awt.LightweightDispatcher.dispatchEvent(Container.java:4516)
2026-07-28 16:52:45,631 [ERROR] LogOutputStream:75 - [STDERR_REDIRECT] 	at java.desktop/java.awt.Container.dispatchEventImpl(Container.java:2310)
2026-07-28 16:52:45,631 [ERROR] LogOutputStream:75 - [STDERR_REDIRECT] 	at java.desktop/java.awt.Component.dispatchEvent(Component.java:4833)
2026-07-28 16:52:45,632 [ERROR] LogOutputStream:75 - [STDERR_REDIRECT] 	at java.desktop/java.awt.EventQueue.dispatchEventImpl(EventQueue.java:773)
2026-07-28 16:52:45,633 [ERROR] LogOutputStream:75 - [STDERR_REDIRECT] 	at java.desktop/java.awt.EventQueue$4.run(EventQueue.java:722)
2026-07-28 16:52:45,633 [ERROR] LogOutputStream:75 - [STDERR_REDIRECT] 	at java.desktop/java.awt.EventQueue$4.run(EventQueue.java:716)
2026-07-28 16:52:45,634 [ERROR] LogOutputStream:75 - [STDERR_REDIRECT] 	at java.base/java.security.AccessController.doPrivileged(AccessController.java:399)
2026-07-28 16:52:45,635 [ERROR] LogOutputStream:75 - [STDERR_REDIRECT] 	at java.base/java.security.ProtectionDomain$JavaSecurityAccessImpl.doIntersectionPrivilege(ProtectionDomain.java:86)
2026-07-28 16:52:45,636 [ERROR] LogOutputStream:75 - [STDERR_REDIRECT] 	at java.base/java.security.ProtectionDomain$JavaSecurityAccessImpl.doIntersectionPrivilege(ProtectionDomain.java:97)
2026-07-28 16:52:45,637 [ERROR] LogOutputStream:75 - [STDERR_REDIRECT] 	at java.desktop/java.awt.EventQueue$5.run(EventQueue.java:746)
2026-07-28 16:52:45,638 [ERROR] LogOutputStream:75 - [STDERR_REDIRECT] 	at java.desktop/java.awt.EventQueue$5.run(EventQueue.java:744)
2026-07-28 16:52:45,638 [ERROR] LogOutputStream:75 - [STDERR_REDIRECT] 	at java.base/java.security.AccessController.doPrivileged(AccessController.java:399)
2026-07-28 16:52:45,639 [ERROR] LogOutputStream:75 - [STDERR_REDIRECT] 	at java.base/java.security.ProtectionDomain$JavaSecurityAccessImpl.doIntersectionPrivilege(ProtectionDomain.java:86)
2026-07-28 16:52:45,640 [ERROR] LogOutputStream:75 - [STDERR_REDIRECT] 	at java.desktop/java.awt.EventQueue.dispatchEvent(EventQueue.java:743)
2026-07-28 16:52:45,641 [ERROR] LogOutputStream:75 - [STDERR_REDIRECT] 	at java.desktop/java.awt.EventDispatchThread.pumpOneEventForFilters(EventDispatchThread.java:203)
2026-07-28 16:52:45,642 [ERROR] LogOutputStream:75 - [STDERR_REDIRECT] 	at java.desktop/java.awt.EventDispatchThread.pumpEventsForFilter(EventDispatchThread.java:124)
2026-07-28 16:52:45,643 [ERROR] LogOutputStream:75 - [STDERR_REDIRECT] 	at java.desktop/java.awt.EventDispatchThread.pumpEventsForHierarchy(EventDispatchThread.java:113)
2026-07-28 16:52:45,644 [ERROR] LogOutputStream:75 - [STDERR_REDIRECT] 	at java.desktop/java.awt.EventDispatchThread.pumpEvents(EventDispatchThread.java:109)
2026-07-28 16:52:45,644 [ERROR] LogOutputStream:75 - [STDERR_REDIRECT] 	at java.desktop/java.awt.EventDispatchThread.pumpEvents(EventDispatchThread.java:101)
2026-07-28 16:52:45,645 [ERROR] LogOutputStream:75 - [STDERR_REDIRECT] 	at java.desktop/java.awt.EventDispatchThread.run(EventDispatchThread.java:90)
2026-07-28 16:52:47,076 [INFO] NvicIntPanel:101 - NVIC parent = com.st.microxplorer.plugins.ip.nvic.MultiNvicIntPanel[,0,0,0x0,invalid,layout=javax.swing.BoxLayout,alignmentX=0.0,alignmentY=0.0,border=,flags=9,maximumSize=,minimumSize=,preferredSize=]
2026-07-28 16:52:49,512 [INFO] NvicIntPanel:101 - NVIC parent = com.st.microxplorer.plugins.ip.nvic.MultiNvicIntPanel[,0,0,0x0,invalid,layout=javax.swing.BoxLayout,alignmentX=0.0,alignmentY=0.0,border=,flags=9,maximumSize=,minimumSize=,preferredSize=]
2026-07-28 16:52:56,050 [INFO] NvicIntPanel:101 - NVIC parent = com.st.microxplorer.plugins.ip.nvic.MultiNvicIntPanel[,0,0,0x0,invalid,layout=javax.swing.BoxLayout,alignmentX=0.0,alignmentY=0.0,border=,flags=9,maximumSize=,minimumSize=,preferredSize=]
2026-07-28 16:52:58,886 [INFO] NvicIntPanel:101 - NVIC parent = com.st.microxplorer.plugins.ip.nvic.MultiNvicIntPanel[,0,0,0x0,invalid,layout=javax.swing.BoxLayout,alignmentX=0.0,alignmentY=0.0,border=,flags=9,maximumSize=,minimumSize=,preferredSize=]
2026-07-28 16:53:06,935 [INFO] NvicIntPanel:101 - NVIC parent = com.st.microxplorer.plugins.ip.nvic.MultiNvicIntPanel[,0,0,0x0,invalid,layout=javax.swing.BoxLayout,alignmentX=0.0,alignmentY=0.0,border=,flags=9,maximumSize=,minimumSize=,preferredSize=]
2026-07-28 16:53:27,222 [INFO] NvicIntPanel:101 - NVIC parent = com.st.microxplorer.plugins.ip.nvic.MultiNvicIntPanel[,0,0,483x359,layout=javax.swing.BoxLayout,alignmentX=0.0,alignmentY=0.0,border=,flags=9,maximumSize=,minimumSize=,preferredSize=]
2026-07-28 16:53:29,897 [INFO] NvicIntPanel:101 - NVIC parent = com.st.microxplorer.plugins.ip.nvic.MultiNvicIntPanel[,0,0,0x0,invalid,layout=javax.swing.BoxLayout,alignmentX=0.0,alignmentY=0.0,border=,flags=9,maximumSize=,minimumSize=,preferredSize=]
2026-07-28 16:53:34,336 [INFO] NvicIntPanel:101 - NVIC parent = com.st.microxplorer.plugins.ip.nvic.MultiNvicIntPanel[,0,0,0x0,invalid,layout=javax.swing.BoxLayout,alignmentX=0.0,alignmentY=0.0,border=,flags=9,maximumSize=,minimumSize=,preferredSize=]
2026-07-28 16:53:36,452 [INFO] Gpio:273 - dependency for GPIO [RCC, SYS, USART2]
2026-07-28 16:54:21,298 [INFO] UtilMem:75 - End SaveConfig() Used Memory: 955991568 Bytes (1073741824)
2026-07-28 16:54:40,537 [INFO] UtilMem:75 - End SaveConfig() Used Memory: 927083352 Bytes (1073741824)
2026-07-28 16:54:44,635 [INFO] UtilMem:75 - End SaveConfig() Used Memory: 813059984 Bytes (1073741824)
2026-07-28 16:54:44,775 [INFO] BlockDiagram:2759 - set Specific Code input for plugin: SYS
2026-07-28 16:54:44,775 [INFO] BlockDiagram:2759 - set Specific Code input for plugin: RCC
2026-07-28 16:54:44,775 [INFO] BlockDiagram:2759 - set Specific Code input for plugin: NVIC
2026-07-28 16:54:44,775 [INFO] BlockDiagram:2759 - set Specific Code input for plugin: USART
2026-07-28 16:54:44,775 [INFO] BlockDiagram:2759 - set Specific Code input for plugin: GPIO
2026-07-28 16:54:44,776 [INFO] CodeGenerator:799 - code generatio: config db path: C:\ST\STM32CubeIDE_1.13.1\STM32CubeIDE\plugins\com.st.stm32cube.common.mx_6.9.1.202307191849\\db\
2026-07-28 16:54:44,894 [INFO] CodeEngine:255 - oldGeneratedFile, C:\Users\Admin\Documents\GitHub\Drone-RTOS\Source\003SBUS_read_data\MXTmpFiles\license.tmp_save
2026-07-28 16:54:44,987 [INFO] CodeEngine:279 - Generated code: C:\Users\Admin\Documents\GitHub\Drone-RTOS\Source\003SBUS_read_data\MXTmpFiles\license.tmp
2026-07-28 16:54:45,019 [INFO] CodeEngine:255 - oldGeneratedFile, C:\Users\Admin\Documents\GitHub\Drone-RTOS\Source\003SBUS_read_data\MXTmpFiles\gpio.tmp_save
2026-07-28 16:54:45,081 [INFO] CodeEngine:279 - Generated code: C:\Users\Admin\Documents\GitHub\Drone-RTOS\Source\003SBUS_read_data\MXTmpFiles\gpio.tmp
2026-07-28 16:54:45,125 [INFO] CodeEngine:255 - oldGeneratedFile, C:\Users\Admin\Documents\GitHub\Drone-RTOS\Source\003SBUS_read_data\Core\Src\stm32f4xx_it.c_save
2026-07-28 16:54:45,369 [INFO] CodeEngine:279 - Generated code: C:\Users\Admin\Documents\GitHub\Drone-RTOS\Source\003SBUS_read_data\Core\Src\stm32f4xx_it.c
2026-07-28 16:54:45,376 [INFO] CodeEngine:255 - oldGeneratedFile, C:\Users\Admin\Documents\GitHub\Drone-RTOS\Source\003SBUS_read_data\Core\Inc\stm32f4xx_it.h_save
2026-07-28 16:54:45,459 [INFO] CodeEngine:279 - Generated code: C:\Users\Admin\Documents\GitHub\Drone-RTOS\Source\003SBUS_read_data\Core\Inc\stm32f4xx_it.h
2026-07-28 16:54:45,473 [INFO] CodeEngine:255 - oldGeneratedFile, C:\Users\Admin\Documents\GitHub\Drone-RTOS\Source\003SBUS_read_data\Core\Src\stm32f4xx_hal_msp.c_save
2026-07-28 16:54:45,604 [INFO] CodeEngine:279 - Generated code: C:\Users\Admin\Documents\GitHub\Drone-RTOS\Source\003SBUS_read_data\Core\Src\stm32f4xx_hal_msp.c
2026-07-28 16:54:45,608 [INFO] CodeEngine:255 - oldGeneratedFile, C:\Users\Admin\Documents\GitHub\Drone-RTOS\Source\003SBUS_read_data\MXTmpFiles\system.tmp_save
2026-07-28 16:54:45,662 [INFO] CodeEngine:279 - Generated code: C:\Users\Admin\Documents\GitHub\Drone-RTOS\Source\003SBUS_read_data\MXTmpFiles\system.tmp
2026-07-28 16:54:45,670 [INFO] CodeEngine:311 - oldGeneratedFile, C:\Users\Admin\Documents\GitHub\Drone-RTOS\Source\003SBUS_read_data\Core\Inc\stm32f4xx_hal_conf.h_save
2026-07-28 16:54:45,730 [INFO] CodeEngine:335 - Generated code: C:\Users\Admin\Documents\GitHub\Drone-RTOS\Source\003SBUS_read_data\Core\Inc\stm32f4xx_hal_conf.h
2026-07-28 16:54:45,745 [INFO] CodeEngine:255 - oldGeneratedFile, C:\Users\Admin\Documents\GitHub\Drone-RTOS\Source\003SBUS_read_data\Core\Inc\main.h_save
2026-07-28 16:54:45,810 [INFO] CodeEngine:279 - Generated code: C:\Users\Admin\Documents\GitHub\Drone-RTOS\Source\003SBUS_read_data\Core\Inc\main.h
2026-07-28 16:54:45,815 [INFO] CodeEngine:255 - oldGeneratedFile, C:\Users\Admin\Documents\GitHub\Drone-RTOS\Source\003SBUS_read_data\Core\Src\main.c_save
2026-07-28 16:54:45,900 [INFO] CodeEngine:279 - Generated code: C:\Users\Admin\Documents\GitHub\Drone-RTOS\Source\003SBUS_read_data\Core\Src\main.c
2026-07-28 16:54:46,277 [INFO] ProjectBuilder:3064 - Time for Copy HAL[1] : 109mS.
2026-07-28 16:54:46,280 [INFO] ProjectBuilder:4404 - Project Generator version: 4.1.0
2026-07-28 16:54:46,483 [INFO] ConfigFileManager:1457 - The Die is : DIE413
2026-07-28 16:54:47,570 [INFO] ProjectBuilder:4626 - Time for Generating toolchain IDE Files: 1290mS.
2026-07-28 16:54:47,571 [INFO] ProjectBuilder:2935 - Time for Copy CMSIS : 1mS.
2026-07-28 16:54:47,572 [INFO] ProjectBuilder:2935 - Time for Copy CMSIS : 0mS.
2026-07-28 17:29:44,789 [INFO] MainUpdater:2868 - connection check result : 10
2026-07-28 17:29:44,789 [INFO] McuFinderGlobals:76 - Set McuFinderConnectedMode to true
2026-07-28 17:29:45,063 [INFO] ServerAccessManage:473 - Download File mcusAds.json._tmp_
2026-07-28 17:29:45,180 [INFO] LoadUrlFilesThread:156 - End of LoadUrlFiles Thread
2026-07-28 17:29:45,430 [INFO] ServerAccessManage:473 - Download File cube-finder-db.zip
2026-07-28 17:29:50,131 [INFO] FileExtend:240 - Unzip File : cube-finder-db.zip
2026-07-28 17:29:50,131 [INFO] FileExtend:255 - Standard Zip Deflate
2026-07-28 17:29:50,659 [INFO] LoadUrlFilesThread:156 - End of LoadUrlFiles Thread
2026-07-28 17:30:12,090 [ERROR] ServerAccessManage:1172 - Problem during Server Connection :  IO error Connection timed out: no further information
2026-07-28 17:30:12,090 [ERROR] ServerAccessManage:651 - Problem during Server Connection :  : crdb.zip.
2026-07-28 17:30:28,342 [INFO] LoadUrlFilesThread:156 - End of LoadUrlFiles Thread
2026-07-28 17:30:29,039 [INFO] DbMcusAds:53 - JSON generation date=Wed Jul 15 16:46:00 GMT+07:00 2026 (1784108760991)
2026-07-28 17:30:29,041 [INFO] ApiDb:448 - Save user favorites file C:\Users\Admin/.stm32cubeide/favorites.mcus.txt: 4 item(s)
2026-07-28 17:30:29,041 [INFO] ApiDb:452 - User favorites MCUs=[STM32F103C8T6, STM32F405RGT6, STM32F411CEU6, STM32H523CET6]
2026-07-28 17:30:29,042 [INFO] ApiDb:581 - Connected to CubeFinder SQLite database (C:\Users\Admin\.stmcufinder\plugins\mcufinder\mcu\cube-finder-db.db)
2026-07-28 17:30:29,096 [INFO] ApiDb:668 - CubeFinder database Data Model version=2.1
2026-07-28 17:30:29,096 [INFO] ApiDb:669 - CubeFinder database Configuration version=3.0.42
2026-07-28 17:30:29,097 [INFO] ApiDb:670 - CubeFinder database generation date=2026-06-23 (1782213372)
2026-07-28 17:30:29,097 [INFO] ApiDb:671 - CubeFinder database FW Pack versions=[FP-ATR-ASTRA1_V2.0.0, FP-SNS-FLIGHT1_V5.1.0, FP-SNS-MOTENV1_V5.1.0, FP-SNS-MOTENVWB1_V1.5.0, FP-SNS-SMARTAG2_V1.2.0, FP-SNS-STBOX1_V2.1.0, STM32Cube_FW_C0_V1.4.0, STM32Cube_FW_F4_V1.28.3, STM32Cube_FW_F7_V1.17.4, STM32Cube_FW_G0_V1.6.3, STM32Cube_FW_G4_V1.6.2, STM32Cube_FW_H5_V1.7.0, STM32Cube_FW_H7RS_V1.3.0, STM32Cube_FW_H7_V1.13.0, STM32Cube_FW_L0_V1.12.2, STM32Cube_FW_L4_V1.18.2, STM32Cube_FW_L5_V1.6.0, STM32Cube_FW_N6_V1.4.0, STM32Cube_FW_U0_V1.3.0, STM32Cube_FW_U3_V1.4.0, STM32Cube_FW_U5_V1.9.0, STM32Cube_FW_WB0_V1.5.0, STM32Cube_FW_WBA_V1.10.0, STM32Cube_FW_WB_V1.24.0, STM32Cube_FW_WL3_V1.5.0, STM32Cube_FW_WL_V1.6.0, X-CUBE-ALGOBUILD_V1.5.0, X-CUBE-ALS_V1.0.2, X-CUBE-AZRTOS-F4_V1.1.0, X-CUBE-AZRTOS-F7_V1.1.0, X-CUBE-AZRTOS-G0_V1.1.0, X-CUBE-AZRTOS-G4_V2.0.0, X-CUBE-AZRTOS-H7RS_V1.1.0, X-CUBE-AZRTOS-H7_V3.5.0, X-CUBE-AZRTOS-L4_V2.0.0, X-CUBE-AZRTOS-L5_V2.0.0, X-CUBE-AZRTOS-WB_V2.0.0, X-CUBE-AZRTOS-WL_V2.0.0, X-CUBE-BLE1_V7.1.0, X-CUBE-BLE2_V3.3.0, X-CUBE-BLEMGR_V4.1.0, X-CUBE-EEPRMA1_V5.2.0, X-CUBE-FREERTOS_V1.5.0, X-CUBE-GNSS1_V7.1.1, X-CUBE-MEMS1_V12.1.0, X-CUBE-NFC4_V3.0.0, X-CUBE-NFC7_V2.0.0, X-CUBE-SFXS2LP1_V4.0.0, X-CUBE-ST67W61_V1.3.0, X-CUBE-SUBG2_V5.0.0, X-CUBE-TOF1_V3.4.3]
2026-07-28 17:30:31,026 [INFO] ApiDb:240 - Found 323 in-development CPN: [B-G473E-ZEST1S, B-WB1M-WPAN1, B-WL5M-SUBG1, NUCLEO-C031C6, NUCLEO-H503RB, NUCLEO-H563ZI, NUCLEO-U545RE-Q, NUCLEO-U5A5ZJ-Q, NUCLEO-WBA52CG, STEVAL-PROTEUS1, STEVAL-SMARTAG2, STEVAL-STWINBX1, STM320518-EVAL, STM32C0116-DK, STM32C011D6Y3TR, STM32C011D6Y6TR, STM32C011F4P3, STM32C011F4P6, STM32C011F4U3, STM32C011F4U6TR, STM32C011F6P3, STM32C011F6P6, STM32C011F6U3, STM32C011F6U6TR, STM32C011J4M3, STM32C011J4M6, STM32C011J6M3, STM32C011J6M6, STM32C0316-DK, STM32C031C4T3, STM32C031C4T6, STM32C031C4U3, STM32C031C4U6, STM32C031C6T3, STM32C031C6T6, STM32C031C6U3, STM32C031C6U6, STM32C031F4P3, STM32C031F4P6, STM32C031F6P3, STM32C031F6P6, STM32C031G4U3, STM32C031G4U6, STM32C031G6U3, STM32C031G6U6, STM32C031K4T3, STM32C031K4T6, STM32C031K4U3, STM32C031K4U6, STM32C031K6T3, STM32C031K6T6, STM32C031K6U3, STM32C031K6U6, STM32G071K8TXN, STM32G071K8UXN, STM32G081GBU6N, STM32G081KBT6N, STM32G081KBUXN, STM32G0B1CCT6N, STM32G0B1KCT6, STM32G0B1NEY6TR, STM32G0B1RCT6N, STM32G0C1CCT6, STM32G0C1CCT6N, STM32G0C1CCU6N, STM32G0C1CET6N, STM32G0C1CEU6N, STM32G0C1KCT6, STM32G0C1NEY6TR, STM32G0C1RCI6N, STM32G0C1RCT6N, STM32G0C1REI6N, STM32G0C1RET6N, STM32G0C1VCI6, STM32G0C1VEI6, STM32G471CCT6, STM32G471CCU6, STM32G471CET3, STM32G471CET6, STM32G471CEU3, STM32G471CEU6, STM32G471MCT6, STM32G471MET3, STM32G471MET6, STM32G471MEY6TR, STM32G471QCT6, STM32G471QET3, STM32G471RCT6, STM32G471RET3, STM32G471RET6, STM32G471VCH6, STM32G471VCI6, STM32G471VCT6, STM32G471VEH3, STM32G471VEH6, STM32G471VEI3, STM32G471VEI6, STM32G471VET3, STM32G471VET6, STM32G474CCT6, STM32H503CBT6, STM32H503CBU6, STM32H503EBY6TR, STM32H503KBU6, STM32H503RBT6, STM32H562AGI6, STM32H562AII6, STM32H562IGK6, STM32H562IGT6, STM32H562IIK6, STM32H562IIT6, STM32H562RGT6, STM32H562RGV6, STM32H562RIT6, STM32H562RIV6, STM32H562VGT6, STM32H562VIT6, STM32H562ZGT6, STM32H562ZIT6, STM32H563AGI6, STM32H563AII3Q, STM32H563AII6, STM32H563IGK6, STM32H563IGT6, STM32H563IIK3Q, STM32H563IIK6, STM32H563IIT3Q, STM32H563IIT6, STM32H563MIY3QTR, STM32H563RGT6, STM32H563RGV6, STM32H563RIT6, STM32H563RIV6, STM32H563VGT6, STM32H563VIT3Q, STM32H563VIT6, STM32H563ZGT6, STM32H563ZIT3Q, STM32H563ZIT6, STM32H573AII3Q, STM32H573AII6, STM32H573I-DK, STM32H573IIK3Q, STM32H573IIK6, STM32H573IIT3Q, STM32H573IIT6, STM32H573MIY3QTR, STM32H573RIT6, STM32H573RIV6, STM32H573VIT3Q, STM32H573VIT6, STM32H573ZIT3Q, STM32H573ZIT6, STM32L4R5QGI6STR, STM32MP131AAE3, STM32MP131AAF3, STM32MP131AAG3, STM32MP131CAE3, STM32MP131CAF3, STM32MP131CAG3, STM32MP131DAE7, STM32MP131DAF7, STM32MP131DAG7, STM32MP131FAE7, STM32MP131FAF7, STM32MP131FAG7, STM32MP133AAE3, STM32MP133AAF3, STM32MP133AAG3, STM32MP133CAE3, STM32MP133CAF3, STM32MP133CAG3, STM32MP133DAE7, STM32MP133DAF7, STM32MP133DAG7, STM32MP133FAE7, STM32MP133FAF7, STM32MP133FAG7, STM32MP135AAE3, STM32MP135AAF3, STM32MP135AAG3, STM32MP135CAE3, STM32MP135CAF3, STM32MP135CAG3, STM32MP135DAE7, STM32MP135DAF7, STM32MP135DAG7, STM32MP135F-DK, STM32MP135FAE7, STM32MP135FAF7, STM32MP135FAF7T, STM32MP135FAF7U, STM32MP135FAG7, STM32U535CBT6, STM32U535CBT6Q, STM32U535CBU6, STM32U535CBU6Q, STM32U535CCT6, STM32U535CCT6Q, STM32U535CCU6, STM32U535CCU6Q, STM32U535CET6, STM32U535CET6Q, STM32U535CEU6, STM32U535CEU6Q, STM32U535JEY6QTR, STM32U535NCY6QTR, STM32U535NEY6QTR, STM32U535RBI6, STM32U535RBI6Q, STM32U535RBT6, STM32U535RBT6Q, STM32U535RCI6, STM32U535RCI6Q, STM32U535RCT6, STM32U535RCT6Q, STM32U535REI6, STM32U535REI6Q, STM32U535RET6, STM32U535RET6Q, STM32U535VCI6, STM32U535VCI6Q, STM32U535VCT6, STM32U535VCT6Q, STM32U535VEI6, STM32U535VEI6Q, STM32U535VET6, STM32U535VET6Q, STM32U545CET6, STM32U545CET6Q, STM32U545CEU6, STM32U545CEU6Q, STM32U545JEY6QTR, STM32U545NEY6QTR, STM32U545REI6, STM32U545REI6Q, STM32U545RET6, STM32U545RET6Q, STM32U545VEI6, STM32U545VEI6Q, STM32U545VET6, STM32U545VET6Q, STM32U595AIH6, STM32U595AIH6Q, STM32U595AJH6, STM32U595AJH6Q, STM32U595QII6, STM32U595QII6Q, STM32U595QJI6, STM32U595QJI6Q, STM32U595RIT6, STM32U595RIT6Q, STM32U595RJT6, STM32U595RJT6Q, STM32U595VIT6, STM32U595VIT6Q, STM32U595VJT6, STM32U595VJT6Q, STM32U595ZIT6, STM32U595ZIT6Q, STM32U595ZIY6QTR, STM32U595ZJT6, STM32U595ZJT6Q, STM32U595ZJY6QTR, STM32U599BJY6QTR, STM32U599NIH6Q, STM32U599NJH6Q, STM32U599VIT6Q, STM32U599VJT6, STM32U599VJT6Q, STM32U599ZIT6Q, STM32U599ZIY6QTR, STM32U599ZJT6Q, STM32U599ZJY6QTR, STM32U5A5AJH6, STM32U5A5AJH6Q, STM32U5A5QJI6, STM32U5A5QJI6Q, STM32U5A5RJT6, STM32U5A5RJT6Q, STM32U5A5VJT6, STM32U5A5VJT6Q, STM32U5A5ZJT6, STM32U5A5ZJT6Q, STM32U5A5ZJY6QTR, STM32U5A9BJY6QTR, STM32U5A9J-DK, STM32U5A9NJH6Q, STM32U5A9VJT6Q, STM32U5A9ZJT6Q, STM32U5A9ZJY6QTR, STM32U5F7VIT6, STM32U5F7VIT6Q, STM32U5F7VJT6, STM32U5F7VJT6Q, STM32U5F9BJY6QTR, STM32U5F9NJH6Q, STM32U5F9VIT6Q, STM32U5F9VJT6Q, STM32U5F9ZIJ6QTR, STM32U5F9ZIT6Q, STM32U5F9ZJJ6QTR, STM32U5F9ZJT6Q, STM32U5G7VJT6, STM32U5G7VJT6Q, STM32U5G9BJY6QTR, STM32U5G9J-DK1, STM32U5G9J-DK2, STM32U5G9NJH6Q, STM32U5G9VJT6Q, STM32U5G9ZJJ6QTR, STM32U5G9ZJT6Q, STM32WB1MMCH6, STM32WBA52CEU6, STM32WBA52CEU6T, STM32WBA52CGU6, STM32WBA52CGU6T, STM32WBA52KEU6, STM32WBA52KEU6T, STM32WBA52KGU6, STM32WBA52KGU6T, STM32WL5MOCH6, STM32WL5MOCH6TR]
2026-07-28 17:30:31,028 [INFO] DbMcus:217 - Found 5228 MCUs, 5075 are supported
2026-07-28 17:30:31,028 [INFO] ApiDb:423 - Load user favorites file C:\Users\Admin/.stm32cubeide/favorites.mcus.txt: 4 item(s)
2026-07-28 17:30:31,028 [INFO] ApiDb:427 - User favorites MCUs=[STM32F103C8T6, STM32F405RGT6, STM32F411CEU6, STM32H523CET6]
2026-07-28 17:30:31,028 [INFO] DbMcus:223 - Set 4 / 4 favorites MCUs
2026-07-28 17:30:31,255 [INFO] ApiDb:448 - Save user favorites file C:\Users\Admin/.stm32cubeide/favorites.boards.txt: 0 item(s)
2026-07-28 17:30:31,255 [INFO] ApiDb:452 - User favorites Boards=[]
2026-07-28 17:30:31,256 [INFO] ApiDb:581 - Connected to CubeFinder SQLite database (C:\Users\Admin\.stmcufinder\plugins\mcufinder\mcu\cube-finder-db.db)
2026-07-28 17:30:31,319 [INFO] ApiDb:668 - CubeFinder database Data Model version=2.1
2026-07-28 17:30:31,319 [INFO] ApiDb:669 - CubeFinder database Configuration version=3.0.42
2026-07-28 17:30:31,319 [INFO] ApiDb:670 - CubeFinder database generation date=2026-06-23 (1782213372)
2026-07-28 17:30:31,319 [INFO] ApiDb:671 - CubeFinder database FW Pack versions=[FP-ATR-ASTRA1_V2.0.0, FP-SNS-FLIGHT1_V5.1.0, FP-SNS-MOTENV1_V5.1.0, FP-SNS-MOTENVWB1_V1.5.0, FP-SNS-SMARTAG2_V1.2.0, FP-SNS-STBOX1_V2.1.0, STM32Cube_FW_C0_V1.4.0, STM32Cube_FW_F4_V1.28.3, STM32Cube_FW_F7_V1.17.4, STM32Cube_FW_G0_V1.6.3, STM32Cube_FW_G4_V1.6.2, STM32Cube_FW_H5_V1.7.0, STM32Cube_FW_H7RS_V1.3.0, STM32Cube_FW_H7_V1.13.0, STM32Cube_FW_L0_V1.12.2, STM32Cube_FW_L4_V1.18.2, STM32Cube_FW_L5_V1.6.0, STM32Cube_FW_N6_V1.4.0, STM32Cube_FW_U0_V1.3.0, STM32Cube_FW_U3_V1.4.0, STM32Cube_FW_U5_V1.9.0, STM32Cube_FW_WB0_V1.5.0, STM32Cube_FW_WBA_V1.10.0, STM32Cube_FW_WB_V1.24.0, STM32Cube_FW_WL3_V1.5.0, STM32Cube_FW_WL_V1.6.0, X-CUBE-ALGOBUILD_V1.5.0, X-CUBE-ALS_V1.0.2, X-CUBE-AZRTOS-F4_V1.1.0, X-CUBE-AZRTOS-F7_V1.1.0, X-CUBE-AZRTOS-G0_V1.1.0, X-CUBE-AZRTOS-G4_V2.0.0, X-CUBE-AZRTOS-H7RS_V1.1.0, X-CUBE-AZRTOS-H7_V3.5.0, X-CUBE-AZRTOS-L4_V2.0.0, X-CUBE-AZRTOS-L5_V2.0.0, X-CUBE-AZRTOS-WB_V2.0.0, X-CUBE-AZRTOS-WL_V2.0.0, X-CUBE-BLE1_V7.1.0, X-CUBE-BLE2_V3.3.0, X-CUBE-BLEMGR_V4.1.0, X-CUBE-EEPRMA1_V5.2.0, X-CUBE-FREERTOS_V1.5.0, X-CUBE-GNSS1_V7.1.1, X-CUBE-MEMS1_V12.1.0, X-CUBE-NFC4_V3.0.0, X-CUBE-NFC7_V2.0.0, X-CUBE-SFXS2LP1_V4.0.0, X-CUBE-ST67W61_V1.3.0, X-CUBE-SUBG2_V5.0.0, X-CUBE-TOF1_V3.4.3]
2026-07-28 17:30:31,357 [INFO] DbBoardsSqlite:226 - include board P-NUCLEO-WB55-NUCLEO as a kit item of type 'Nucleo-64'
2026-07-28 17:30:31,357 [INFO] DbBoardsSqlite:226 - include board P-NUCLEO-WB55-USBDONGLE as a kit item of type 'Nucleo USB Dongle'
2026-07-28 17:30:31,357 [INFO] DbBoardsSqlite:226 - include board STEVAL-IDP005V1 as a kit item of type 'Evaluation Board'
2026-07-28 17:30:31,357 [INFO] DbBoardsSqlite:226 - include board STEVAL-IDP005V2 as a kit item of type 'Evaluation Board'
2026-07-28 17:30:31,416 [INFO] ApiDb:240 - Found 323 in-development CPN: [B-G473E-ZEST1S, B-WB1M-WPAN1, B-WL5M-SUBG1, NUCLEO-C031C6, NUCLEO-H503RB, NUCLEO-H563ZI, NUCLEO-U545RE-Q, NUCLEO-U5A5ZJ-Q, NUCLEO-WBA52CG, STEVAL-PROTEUS1, STEVAL-SMARTAG2, STEVAL-STWINBX1, STM320518-EVAL, STM32C0116-DK, STM32C011D6Y3TR, STM32C011D6Y6TR, STM32C011F4P3, STM32C011F4P6, STM32C011F4U3, STM32C011F4U6TR, STM32C011F6P3, STM32C011F6P6, STM32C011F6U3, STM32C011F6U6TR, STM32C011J4M3, STM32C011J4M6, STM32C011J6M3, STM32C011J6M6, STM32C0316-DK, STM32C031C4T3, STM32C031C4T6, STM32C031C4U3, STM32C031C4U6, STM32C031C6T3, STM32C031C6T6, STM32C031C6U3, STM32C031C6U6, STM32C031F4P3, STM32C031F4P6, STM32C031F6P3, STM32C031F6P6, STM32C031G4U3, STM32C031G4U6, STM32C031G6U3, STM32C031G6U6, STM32C031K4T3, STM32C031K4T6, STM32C031K4U3, STM32C031K4U6, STM32C031K6T3, STM32C031K6T6, STM32C031K6U3, STM32C031K6U6, STM32G071K8TXN, STM32G071K8UXN, STM32G081GBU6N, STM32G081KBT6N, STM32G081KBUXN, STM32G0B1CCT6N, STM32G0B1KCT6, STM32G0B1NEY6TR, STM32G0B1RCT6N, STM32G0C1CCT6, STM32G0C1CCT6N, STM32G0C1CCU6N, STM32G0C1CET6N, STM32G0C1CEU6N, STM32G0C1KCT6, STM32G0C1NEY6TR, STM32G0C1RCI6N, STM32G0C1RCT6N, STM32G0C1REI6N, STM32G0C1RET6N, STM32G0C1VCI6, STM32G0C1VEI6, STM32G471CCT6, STM32G471CCU6, STM32G471CET3, STM32G471CET6, STM32G471CEU3, STM32G471CEU6, STM32G471MCT6, STM32G471MET3, STM32G471MET6, STM32G471MEY6TR, STM32G471QCT6, STM32G471QET3, STM32G471RCT6, STM32G471RET3, STM32G471RET6, STM32G471VCH6, STM32G471VCI6, STM32G471VCT6, STM32G471VEH3, STM32G471VEH6, STM32G471VEI3, STM32G471VEI6, STM32G471VET3, STM32G471VET6, STM32G474CCT6, STM32H503CBT6, STM32H503CBU6, STM32H503EBY6TR, STM32H503KBU6, STM32H503RBT6, STM32H562AGI6, STM32H562AII6, STM32H562IGK6, STM32H562IGT6, STM32H562IIK6, STM32H562IIT6, STM32H562RGT6, STM32H562RGV6, STM32H562RIT6, STM32H562RIV6, STM32H562VGT6, STM32H562VIT6, STM32H562ZGT6, STM32H562ZIT6, STM32H563AGI6, STM32H563AII3Q, STM32H563AII6, STM32H563IGK6, STM32H563IGT6, STM32H563IIK3Q, STM32H563IIK6, STM32H563IIT3Q, STM32H563IIT6, STM32H563MIY3QTR, STM32H563RGT6, STM32H563RGV6, STM32H563RIT6, STM32H563RIV6, STM32H563VGT6, STM32H563VIT3Q, STM32H563VIT6, STM32H563ZGT6, STM32H563ZIT3Q, STM32H563ZIT6, STM32H573AII3Q, STM32H573AII6, STM32H573I-DK, STM32H573IIK3Q, STM32H573IIK6, STM32H573IIT3Q, STM32H573IIT6, STM32H573MIY3QTR, STM32H573RIT6, STM32H573RIV6, STM32H573VIT3Q, STM32H573VIT6, STM32H573ZIT3Q, STM32H573ZIT6, STM32L4R5QGI6STR, STM32MP131AAE3, STM32MP131AAF3, STM32MP131AAG3, STM32MP131CAE3, STM32MP131CAF3, STM32MP131CAG3, STM32MP131DAE7, STM32MP131DAF7, STM32MP131DAG7, STM32MP131FAE7, STM32MP131FAF7, STM32MP131FAG7, STM32MP133AAE3, STM32MP133AAF3, STM32MP133AAG3, STM32MP133CAE3, STM32MP133CAF3, STM32MP133CAG3, STM32MP133DAE7, STM32MP133DAF7, STM32MP133DAG7, STM32MP133FAE7, STM32MP133FAF7, STM32MP133FAG7, STM32MP135AAE3, STM32MP135AAF3, STM32MP135AAG3, STM32MP135CAE3, STM32MP135CAF3, STM32MP135CAG3, STM32MP135DAE7, STM32MP135DAF7, STM32MP135DAG7, STM32MP135F-DK, STM32MP135FAE7, STM32MP135FAF7, STM32MP135FAF7T, STM32MP135FAF7U, STM32MP135FAG7, STM32U535CBT6, STM32U535CBT6Q, STM32U535CBU6, STM32U535CBU6Q, STM32U535CCT6, STM32U535CCT6Q, STM32U535CCU6, STM32U535CCU6Q, STM32U535CET6, STM32U535CET6Q, STM32U535CEU6, STM32U535CEU6Q, STM32U535JEY6QTR, STM32U535NCY6QTR, STM32U535NEY6QTR, STM32U535RBI6, STM32U535RBI6Q, STM32U535RBT6, STM32U535RBT6Q, STM32U535RCI6, STM32U535RCI6Q, STM32U535RCT6, STM32U535RCT6Q, STM32U535REI6, STM32U535REI6Q, STM32U535RET6, STM32U535RET6Q, STM32U535VCI6, STM32U535VCI6Q, STM32U535VCT6, STM32U535VCT6Q, STM32U535VEI6, STM32U535VEI6Q, STM32U535VET6, STM32U535VET6Q, STM32U545CET6, STM32U545CET6Q, STM32U545CEU6, STM32U545CEU6Q, STM32U545JEY6QTR, STM32U545NEY6QTR, STM32U545REI6, STM32U545REI6Q, STM32U545RET6, STM32U545RET6Q, STM32U545VEI6, STM32U545VEI6Q, STM32U545VET6, STM32U545VET6Q, STM32U595AIH6, STM32U595AIH6Q, STM32U595AJH6, STM32U595AJH6Q, STM32U595QII6, STM32U595QII6Q, STM32U595QJI6, STM32U595QJI6Q, STM32U595RIT6, STM32U595RIT6Q, STM32U595RJT6, STM32U595RJT6Q, STM32U595VIT6, STM32U595VIT6Q, STM32U595VJT6, STM32U595VJT6Q, STM32U595ZIT6, STM32U595ZIT6Q, STM32U595ZIY6QTR, STM32U595ZJT6, STM32U595ZJT6Q, STM32U595ZJY6QTR, STM32U599BJY6QTR, STM32U599NIH6Q, STM32U599NJH6Q, STM32U599VIT6Q, STM32U599VJT6, STM32U599VJT6Q, STM32U599ZIT6Q, STM32U599ZIY6QTR, STM32U599ZJT6Q, STM32U599ZJY6QTR, STM32U5A5AJH6, STM32U5A5AJH6Q, STM32U5A5QJI6, STM32U5A5QJI6Q, STM32U5A5RJT6, STM32U5A5RJT6Q, STM32U5A5VJT6, STM32U5A5VJT6Q, STM32U5A5ZJT6, STM32U5A5ZJT6Q, STM32U5A5ZJY6QTR, STM32U5A9BJY6QTR, STM32U5A9J-DK, STM32U5A9NJH6Q, STM32U5A9VJT6Q, STM32U5A9ZJT6Q, STM32U5A9ZJY6QTR, STM32U5F7VIT6, STM32U5F7VIT6Q, STM32U5F7VJT6, STM32U5F7VJT6Q, STM32U5F9BJY6QTR, STM32U5F9NJH6Q, STM32U5F9VIT6Q, STM32U5F9VJT6Q, STM32U5F9ZIJ6QTR, STM32U5F9ZIT6Q, STM32U5F9ZJJ6QTR, STM32U5F9ZJT6Q, STM32U5G7VJT6, STM32U5G7VJT6Q, STM32U5G9BJY6QTR, STM32U5G9J-DK1, STM32U5G9J-DK2, STM32U5G9NJH6Q, STM32U5G9VJT6Q, STM32U5G9ZJJ6QTR, STM32U5G9ZJT6Q, STM32WB1MMCH6, STM32WBA52CEU6, STM32WBA52CEU6T, STM32WBA52CGU6, STM32WBA52CGU6T, STM32WBA52KEU6, STM32WBA52KEU6T, STM32WBA52KGU6, STM32WBA52KGU6T, STM32WL5MOCH6, STM32WL5MOCH6TR]
2026-07-28 17:30:31,432 [INFO] BoardInfo:880 - No configuration file found for board B-WBA5M-WPAN
2026-07-28 17:30:31,432 [INFO] DbBoards:157 - Board is not supported: B-WBA5M-WPAN
2026-07-28 17:30:31,435 [INFO] BoardInfo:880 - No configuration file found for board NUCLEO-C051C8
2026-07-28 17:30:31,435 [INFO] DbBoards:157 - Board is not supported: NUCLEO-C051C8
2026-07-28 17:30:31,436 [INFO] BoardInfo:880 - No configuration file found for board NUCLEO-C071RB
2026-07-28 17:30:31,436 [INFO] DbBoards:157 - Board is not supported: NUCLEO-C071RB
2026-07-28 17:30:31,436 [INFO] BoardInfo:880 - No configuration file found for board NUCLEO-C092RC
2026-07-28 17:30:31,436 [INFO] DbBoards:157 - Board is not supported: NUCLEO-C092RC
2026-07-28 17:30:31,464 [INFO] BoardInfo:880 - No configuration file found for board NUCLEO-H533RE
2026-07-28 17:30:31,464 [INFO] DbBoards:157 - Board is not supported: NUCLEO-H533RE
2026-07-28 17:30:31,465 [INFO] BoardInfo:880 - No configuration file found for board NUCLEO-H5E5ZJ
2026-07-28 17:30:31,465 [INFO] DbBoards:157 - Board is not supported: NUCLEO-H5E5ZJ
2026-07-28 17:30:31,471 [INFO] BoardInfo:880 - No configuration file found for board NUCLEO-H7S3L8
2026-07-28 17:30:31,471 [INFO] DbBoards:157 - Board is not supported: NUCLEO-H7S3L8
2026-07-28 17:30:31,487 [INFO] BoardInfo:880 - No configuration file found for board NUCLEO-N657X0-Q
2026-07-28 17:30:31,487 [INFO] DbBoards:157 - Board is not supported: NUCLEO-N657X0-Q
2026-07-28 17:30:31,488 [INFO] BoardInfo:880 - No configuration file found for board NUCLEO-U031R8
2026-07-28 17:30:31,488 [INFO] DbBoards:157 - Board is not supported: NUCLEO-U031R8
2026-07-28 17:30:31,489 [INFO] BoardInfo:880 - No configuration file found for board NUCLEO-U083RC
2026-07-28 17:30:31,489 [INFO] DbBoards:157 - Board is not supported: NUCLEO-U083RC
2026-07-28 17:30:31,490 [INFO] BoardInfo:880 - No configuration file found for board NUCLEO-U385RG-Q
2026-07-28 17:30:31,490 [INFO] DbBoards:157 - Board is not supported: NUCLEO-U385RG-Q
2026-07-28 17:30:31,490 [INFO] BoardInfo:880 - No configuration file found for board NUCLEO-U3C5ZI-Q
2026-07-28 17:30:31,490 [INFO] DbBoards:157 - Board is not supported: NUCLEO-U3C5ZI-Q
2026-07-28 17:30:31,493 [INFO] BoardInfo:880 - No configuration file found for board NUCLEO-WB05KZ
2026-07-28 17:30:31,493 [INFO] DbBoards:157 - Board is not supported: NUCLEO-WB05KZ
2026-07-28 17:30:31,494 [INFO] BoardInfo:880 - No configuration file found for board NUCLEO-WB07CC
2026-07-28 17:30:31,494 [INFO] DbBoards:157 - Board is not supported: NUCLEO-WB07CC
2026-07-28 17:30:31,495 [INFO] BoardInfo:880 - No configuration file found for board NUCLEO-WB09KE
2026-07-28 17:30:31,495 [INFO] DbBoards:157 - Board is not supported: NUCLEO-WB09KE
2026-07-28 17:30:31,497 [INFO] BoardInfo:880 - No configuration file found for board NUCLEO-WBA25CE1
2026-07-28 17:30:31,497 [INFO] DbBoards:157 - Board is not supported: NUCLEO-WBA25CE1
2026-07-28 17:30:31,498 [INFO] BoardInfo:880 - No configuration file found for board NUCLEO-WBA55CG
2026-07-28 17:30:31,498 [INFO] DbBoards:157 - Board is not supported: NUCLEO-WBA55CG
2026-07-28 17:30:31,499 [INFO] BoardInfo:880 - No configuration file found for board NUCLEO-WBA65RI
2026-07-28 17:30:31,499 [INFO] DbBoards:157 - Board is not supported: NUCLEO-WBA65RI
2026-07-28 17:30:31,500 [INFO] BoardInfo:880 - No configuration file found for board NUCLEO-WL33CC1
2026-07-28 17:30:31,500 [INFO] DbBoards:157 - Board is not supported: NUCLEO-WL33CC1
2026-07-28 17:30:31,501 [INFO] BoardInfo:880 - No configuration file found for board NUCLEO-WL33CC2
2026-07-28 17:30:31,501 [INFO] DbBoards:157 - Board is not supported: NUCLEO-WL33CC2
2026-07-28 17:30:31,501 [INFO] BoardInfo:880 - No configuration file found for board NUCLEO-WL3RKB1
2026-07-28 17:30:31,501 [INFO] DbBoards:157 - Board is not supported: NUCLEO-WL3RKB1
2026-07-28 17:30:31,502 [INFO] BoardInfo:880 - No configuration file found for board NUCLEO-WL3RKB2
2026-07-28 17:30:31,502 [INFO] DbBoards:157 - Board is not supported: NUCLEO-WL3RKB2
2026-07-28 17:30:31,517 [INFO] BoardInfo:880 - No configuration file found for board P-NUCLEO-WB55
2026-07-28 17:30:31,517 [INFO] DbBoards:157 - Kit is not supported: P-NUCLEO-WB55
2026-07-28 17:30:31,528 [INFO] BoardInfo:880 - No configuration file found for board STEVAL-BFA001V1B
2026-07-28 17:30:31,529 [INFO] DbBoards:157 - Kit is not supported: STEVAL-BFA001V1B
2026-07-28 17:30:31,529 [INFO] BoardInfo:880 - No configuration file found for board STEVAL-BFA001V2B
2026-07-28 17:30:31,529 [INFO] DbBoards:157 - Kit is not supported: STEVAL-BFA001V2B
2026-07-28 17:30:31,532 [INFO] BoardInfo:880 - No configuration file found for board STEVAL-MKBOXPRO
2026-07-28 17:30:31,532 [INFO] DbBoards:157 - Board is not supported: STEVAL-MKBOXPRO
2026-07-28 17:30:31,575 [INFO] BoardInfo:880 - No configuration file found for board STM32H5F5J-DK
2026-07-28 17:30:31,576 [INFO] DbBoards:157 - Board is not supported: STM32H5F5J-DK
2026-07-28 17:30:31,586 [INFO] BoardInfo:880 - No configuration file found for board STM32H7S78-DK
2026-07-28 17:30:31,586 [INFO] DbBoards:157 - Board is not supported: STM32H7S78-DK
2026-07-28 17:30:31,602 [INFO] BoardInfo:880 - No configuration file found for board STM32MP215F-DK
2026-07-28 17:30:31,602 [INFO] DbBoards:157 - Board is not supported: STM32MP215F-DK
2026-07-28 17:30:31,603 [INFO] BoardInfo:880 - No configuration file found for board STM32MP257F-DK
2026-07-28 17:30:31,603 [INFO] DbBoards:157 - Board is not supported: STM32MP257F-DK
2026-07-28 17:30:31,603 [INFO] BoardInfo:880 - No configuration file found for board STM32MP257F-EV1
2026-07-28 17:30:31,603 [INFO] DbBoards:157 - Board is not supported: STM32MP257F-EV1
2026-07-28 17:30:31,604 [INFO] BoardInfo:880 - No configuration file found for board STM32N6570-DK
2026-07-28 17:30:31,604 [INFO] DbBoards:157 - Board is not supported: STM32N6570-DK
2026-07-28 17:30:31,605 [INFO] BoardInfo:880 - No configuration file found for board STM32U083C-DK
2026-07-28 17:30:31,605 [INFO] DbBoards:157 - Board is not supported: STM32U083C-DK
2026-07-28 17:30:31,610 [INFO] BoardInfo:880 - No configuration file found for board STM32WBA55G-DK1
2026-07-28 17:30:31,611 [INFO] DbBoards:157 - Board is not supported: STM32WBA55G-DK1
2026-07-28 17:30:31,611 [INFO] BoardInfo:880 - No configuration file found for board STM32WBA65I-DK1
2026-07-28 17:30:31,611 [INFO] DbBoards:157 - Board is not supported: STM32WBA65I-DK1
2026-07-28 17:30:31,611 [INFO] DbBoards:161 - Found 218 boards, 183 are supported
2026-07-28 17:30:31,614 [INFO] ApiDb:423 - Load user favorites file C:\Users\Admin/.stm32cubeide/favorites.boards.txt: 0 item(s)
2026-07-28 17:30:31,614 [INFO] ApiDb:427 - User favorites Boards=[]
2026-07-28 17:30:31,614 [INFO] DbBoards:190 - Set 0 / 0 favorites Boards
2026-07-28 17:30:31,621 [ERROR] TargetSelectorAdapter:267 - Unable to refresh data
2026-07-28 17:30:31,651 [INFO] McuFinderGlobals:76 - Set McuFinderConnectedMode to true
2026-07-28 17:30:31,651 [INFO] MultiScanPanel:200 - Auto-refresh data requested => check proxy status ongoing
2026-07-28 17:30:31,652 [INFO] FinderPluginLoader:95 - Searching for filters in installed packs
2026-07-28 17:30:32,388 [INFO] LoadUrlFilesThread:185 - End of LoadServerUrlFiles without Thread
2026-07-28 17:30:32,388 [INFO] DetailPanel:341 - Set advertising image to C:/Users/Admin/STM32Cube/Repository/\en.stm32h5cubemxbanner.png
2026-07-28 17:31:11,558 [INFO] MainUpdater:2868 - connection check result : 10
2026-07-28 17:31:11,558 [INFO] MainUpdater:2868 - connection check result : 10
2026-07-28 17:31:11,604 [INFO] MicroXplorer:468 - Change Database Path : 
2026-07-28 17:31:11,605 [INFO] MicroXplorer:498 - Change Database Version : DB.6.0.91
2026-07-28 17:31:11,619 [WARN] ThirdParty:871 - waiting for thirdparty lock release [close project]
2026-07-28 17:31:11,619 [INFO] ThirdParty:873 - entering critical section [close project]
2026-07-28 17:31:11,619 [INFO] ThirdParty:883 - exiting critical section [close project]
2026-07-28 17:31:11,620 [INFO] PinOutPanel:1499 - setPackage(No Configuration,No Configuration)
2026-07-28 17:31:11,626 [WARN] IpParametersView:151 - Warning: This peripheral hasn't parameters
2026-07-28 17:31:11,629 [WARN] MainPanel:272 - <html><b><center>Warning: This peripheral has no parameters to be configured<br></b></html>
2026-07-28 17:31:11,632 [INFO] UtilMem:75 - Begin LoadConfig() Used Memory: 952325504 Bytes (1073741824)
2026-07-28 17:31:11,632 [INFO] MicroXplorer:468 - Change Database Path : 
2026-07-28 17:31:11,632 [INFO] MicroXplorer:498 - Change Database Version : DB.6.0.91
2026-07-28 17:31:11,632 [INFO] OpenFileManager:308 - Change cursor
2026-07-28 17:31:11,642 [INFO] RulesReader:64 - Compatibility file has been processed (293 Rules)
2026-07-28 17:31:11,738 [INFO] Mcu:1946 - Initializing MCU STM32F411CEUx STM32F411CEUx STM32F411CEU6
2026-07-28 17:31:12,252 [INFO] Context:659 - Trying to add GPIOservice into a context  which must be forbidden
2026-07-28 17:31:12,373 [INFO] ImportTextPane:194 - (OptionalMessage_ERROR) Unable to find key (Mcu.ThirdPartyNb) in loaded IOC file
2026-07-28 17:31:12,373 [INFO] ImportTextPane:194 - (OptionalMessage_ERROR) Unable to find key (Mcu.PinsNb) in loaded IOC file
2026-07-28 17:31:12,373 [INFO] ImportTextPane:194 - (OptionalMessage_ERROR) Unable to find key (Mcu.IPNb) in loaded IOC file
2026-07-28 17:31:12,384 [INFO] RtosManager:555 - Registered RTOS mode: class=CMSIS, group=RTOS, mode=CMSIS_V1, owner=FREERTOS
2026-07-28 17:31:12,384 [INFO] RtosManager:555 - Registered RTOS mode: class=CMSIS, group=RTOS2, mode=CMSIS_V2, owner=FREERTOS
2026-07-28 17:31:12,385 [INFO] RtosManager:555 - Registered RTOS mode: class=RTOS, group=Core, mode=CMSIS_V1, owner=FREERTOS
2026-07-28 17:31:12,385 [INFO] RtosManager:555 - Registered RTOS mode: class=RTOS, group=Core, mode=CMSIS_V2, owner=FREERTOS
2026-07-28 17:31:12,385 [WARN] ModelIntegratedComponent:184 - Missing modes for component STMicroelectronics:FreeRTOS:0.0.1:STMicroelectronics:RTOS:FreeRTOS:Core:::10.2.0:
2026-07-28 17:31:12,446 [WARN] ModelIntegratedComponent:182 - Modes not found for component STMicroelectronics:USB_HOST:1.0.0:STMicroelectronics:USB::USB Host:Audio HS::1.0:USB_HOST_1_0_RESTRICTED_HS
2026-07-28 17:31:12,446 [WARN] ModelIntegratedComponent:188 - Modes not found for component STMicroelectronics:USB_HOST:1.0.0:STMicroelectronics:USB::USB Host:Audio HS::1.0:USB_HOST_1_0_RESTRICTED_HS
2026-07-28 17:31:12,446 [WARN] ModelIntegratedComponent:182 - Modes not found for component STMicroelectronics:USB_HOST:1.0.0:STMicroelectronics:USB::USB Host:CDC HS::1.0:USB_HOST_1_0_RESTRICTED_HS
2026-07-28 17:31:12,446 [WARN] ModelIntegratedComponent:188 - Modes not found for component STMicroelectronics:USB_HOST:1.0.0:STMicroelectronics:USB::USB Host:CDC HS::1.0:USB_HOST_1_0_RESTRICTED_HS
2026-07-28 17:31:12,446 [WARN] ModelIntegratedComponent:182 - Modes not found for component STMicroelectronics:USB_HOST:1.0.0:STMicroelectronics:USB::USB Host:MSC HS::1.0:USB_HOST_1_0_RESTRICTED_HS
2026-07-28 17:31:12,446 [WARN] ModelIntegratedComponent:188 - Modes not found for component STMicroelectronics:USB_HOST:1.0.0:STMicroelectronics:USB::USB Host:MSC HS::1.0:USB_HOST_1_0_RESTRICTED_HS
2026-07-28 17:31:12,446 [WARN] ModelIntegratedComponent:182 - Modes not found for component STMicroelectronics:USB_HOST:1.0.0:STMicroelectronics:USB::USB Host:HID HS::1.0:USB_HOST_1_0_RESTRICTED_HS
2026-07-28 17:31:12,446 [WARN] ModelIntegratedComponent:188 - Modes not found for component STMicroelectronics:USB_HOST:1.0.0:STMicroelectronics:USB::USB Host:HID HS::1.0:USB_HOST_1_0_RESTRICTED_HS
2026-07-28 17:31:12,446 [WARN] ModelIntegratedComponent:182 - Modes not found for component STMicroelectronics:USB_HOST:1.0.0:STMicroelectronics:USB::USB Host:MTP HS::1.0:USB_HOST_1_0_RESTRICTED_HS
2026-07-28 17:31:12,446 [WARN] ModelIntegratedComponent:188 - Modes not found for component STMicroelectronics:USB_HOST:1.0.0:STMicroelectronics:USB::USB Host:MTP HS::1.0:USB_HOST_1_0_RESTRICTED_HS
2026-07-28 17:31:12,448 [WARN] ModelIntegratedComponent:63 - No mode defined for component null
2026-07-28 17:31:12,448 [WARN] ModelIntegratedComponent:63 - No mode defined for component null
2026-07-28 17:31:12,448 [WARN] ModelIntegratedComponent:63 - No mode defined for component null
2026-07-28 17:31:12,448 [WARN] ModelIntegratedComponent:63 - No mode defined for component null
2026-07-28 17:31:12,448 [WARN] ModelIntegratedComponent:63 - No mode defined for component null
2026-07-28 17:31:12,448 [WARN] ModelIntegratedComponent:63 - No mode defined for component null
2026-07-28 17:31:12,448 [WARN] ModelIntegratedComponent:63 - No mode defined for component null
2026-07-28 17:31:12,448 [WARN] ModelIntegratedComponent:63 - No mode defined for component null
2026-07-28 17:31:12,448 [WARN] ModelIntegratedComponent:63 - No mode defined for component null
2026-07-28 17:31:12,448 [WARN] ModelIntegratedComponent:63 - No mode defined for component null
2026-07-28 17:31:12,448 [WARN] ModelIntegratedComponent:63 - No mode defined for component null
2026-07-28 17:31:12,448 [WARN] ModelIntegratedComponent:63 - No mode defined for component null
2026-07-28 17:31:12,448 [WARN] ModelIntegratedComponent:63 - No mode defined for component null
2026-07-28 17:31:12,449 [WARN] ModelIntegratedComponent:63 - No mode defined for component null
2026-07-28 17:31:12,449 [WARN] ModelIntegratedComponent:63 - No mode defined for component null
2026-07-28 17:31:12,449 [WARN] ModelIntegratedComponent:63 - No mode defined for component null
2026-07-28 17:31:12,449 [WARN] ModelIntegratedComponent:63 - No mode defined for component null
2026-07-28 17:31:12,449 [WARN] ModelIntegratedComponent:63 - No mode defined for component null
2026-07-28 17:31:12,449 [WARN] ModelIntegratedComponent:63 - No mode defined for component null
2026-07-28 17:31:12,449 [WARN] ModelIntegratedComponent:63 - No mode defined for component null
2026-07-28 17:31:12,449 [WARN] ModelIntegratedComponent:63 - No mode defined for component null
2026-07-28 17:31:12,449 [WARN] ModelIntegratedComponent:63 - No mode defined for component null
2026-07-28 17:31:12,449 [WARN] ModelIntegratedComponent:63 - No mode defined for component null
2026-07-28 17:31:12,449 [WARN] ModelIntegratedComponent:63 - No mode defined for component null
2026-07-28 17:31:12,449 [WARN] ModelIntegratedComponent:63 - No mode defined for component null
2026-07-28 17:31:12,449 [WARN] ModelIntegratedComponent:63 - No mode defined for component null
2026-07-28 17:31:12,449 [WARN] ModelIntegratedComponent:63 - No mode defined for component null
2026-07-28 17:31:12,449 [WARN] ModelIntegratedComponent:63 - No mode defined for component null
2026-07-28 17:31:12,449 [WARN] ModelIntegratedComponent:63 - No mode defined for component null
2026-07-28 17:31:12,449 [WARN] ModelIntegratedComponent:63 - No mode defined for component null
2026-07-28 17:31:12,449 [WARN] ModelIntegratedComponent:63 - No mode defined for component null
2026-07-28 17:31:12,449 [WARN] ModelIntegratedComponent:63 - No mode defined for component null
2026-07-28 17:31:12,449 [WARN] ModelIntegratedComponent:63 - No mode defined for component null
2026-07-28 17:31:12,508 [WARN] ModelIntegratedComponent:182 - Modes not found for component STMicroelectronics:USB_DEVICE:1.0.0:STMicroelectronics:USB::USB Device:Audio HS::1.0:USB_DEVICE_1_0_RESTRICTED_HS
2026-07-28 17:31:12,508 [WARN] ModelIntegratedComponent:188 - Modes not found for component STMicroelectronics:USB_DEVICE:1.0.0:STMicroelectronics:USB::USB Device:Audio HS::1.0:USB_DEVICE_1_0_RESTRICTED_HS
2026-07-28 17:31:12,509 [WARN] ModelIntegratedComponent:182 - Modes not found for component STMicroelectronics:USB_DEVICE:1.0.0:STMicroelectronics:USB::USB Device:CDC HS::1.0:USB_DEVICE_1_0_RESTRICTED_HS
2026-07-28 17:31:12,509 [WARN] ModelIntegratedComponent:188 - Modes not found for component STMicroelectronics:USB_DEVICE:1.0.0:STMicroelectronics:USB::USB Device:CDC HS::1.0:USB_DEVICE_1_0_RESTRICTED_HS
2026-07-28 17:31:12,509 [WARN] ModelIntegratedComponent:182 - Modes not found for component STMicroelectronics:USB_DEVICE:1.0.0:STMicroelectronics:USB::USB Device:DFU HS::1.0:USB_DEVICE_1_0_RESTRICTED_HS
2026-07-28 17:31:12,509 [WARN] ModelIntegratedComponent:188 - Modes not found for component STMicroelectronics:USB_DEVICE:1.0.0:STMicroelectronics:USB::USB Device:DFU HS::1.0:USB_DEVICE_1_0_RESTRICTED_HS
2026-07-28 17:31:12,509 [WARN] ModelIntegratedComponent:182 - Modes not found for component STMicroelectronics:USB_DEVICE:1.0.0:STMicroelectronics:USB::USB Device:HID HS::1.0:USB_DEVICE_1_0_RESTRICTED_HS
2026-07-28 17:31:12,509 [WARN] ModelIntegratedComponent:188 - Modes not found for component STMicroelectronics:USB_DEVICE:1.0.0:STMicroelectronics:USB::USB Device:HID HS::1.0:USB_DEVICE_1_0_RESTRICTED_HS
2026-07-28 17:31:12,509 [WARN] ModelIntegratedComponent:182 - Modes not found for component STMicroelectronics:USB_DEVICE:1.0.0:STMicroelectronics:USB::USB Device:Custom HID HS::1.0:USB_DEVICE_1_0_RESTRICTED_HS
2026-07-28 17:31:12,509 [WARN] ModelIntegratedComponent:188 - Modes not found for component STMicroelectronics:USB_DEVICE:1.0.0:STMicroelectronics:USB::USB Device:Custom HID HS::1.0:USB_DEVICE_1_0_RESTRICTED_HS
2026-07-28 17:31:12,509 [WARN] ModelIntegratedComponent:182 - Modes not found for component STMicroelectronics:USB_DEVICE:1.0.0:STMicroelectronics:USB::USB Device:MSC HS::1.0:USB_DEVICE_1_0_RESTRICTED_HS
2026-07-28 17:31:12,509 [WARN] ModelIntegratedComponent:188 - Modes not found for component STMicroelectronics:USB_DEVICE:1.0.0:STMicroelectronics:USB::USB Device:MSC HS::1.0:USB_DEVICE_1_0_RESTRICTED_HS
2026-07-28 17:31:12,514 [INFO] ThirdPartyModel:298 - Start build external matchings
2026-07-28 17:31:12,691 [INFO] ThirdPartyModel:316 - End build external matchings
2026-07-28 17:31:12,844 [INFO] UtilMem:75 - End LoadConfig() Used Memory: 840437272 Bytes (1073741824)
2026-07-28 17:31:12,859 [WARN] ThirdParty:833 - waiting for thirdparty lock release [change project]
2026-07-28 17:31:12,860 [INFO] ThirdParty:835 - entering critical section [change project]
2026-07-28 17:31:12,860 [INFO] ThirdParty:1030 - CMSIS Pack Vendor :STMicroelectronics USBPD 4.1
2026-07-28 17:31:12,860 [INFO] ThirdParty:1030 - CMSIS Pack Vendor :STMicroelectronics USB_HOST 2.0.0
2026-07-28 17:31:12,860 [INFO] ThirdParty:1030 - CMSIS Pack Vendor :STMicroelectronics FP-ATR-ASTRA1 2.0.3
2026-07-28 17:31:12,860 [INFO] ThirdParty:1030 - CMSIS Pack Vendor :STMicroelectronics X-CUBE-AZRTOS-F4 1.1.0
2026-07-28 17:31:12,860 [INFO] ThirdParty:1030 - CMSIS Pack Vendor :STMicroelectronics LIBJPEG 8.0.0
2026-07-28 17:31:12,860 [INFO] ThirdParty:1030 - CMSIS Pack Vendor :STMicroelectronics FP-ATR-ASTRA1 2.0.2
2026-07-28 17:31:12,860 [INFO] ThirdParty:1030 - CMSIS Pack Vendor :STMicroelectronics X-CUBE-SMBUS 2.1.0
2026-07-28 17:31:12,860 [INFO] ThirdParty:1030 - CMSIS Pack Vendor :wolfSSL I-CUBE-wolfMQTT 1.19.2
2026-07-28 17:31:12,860 [INFO] ThirdParty:1030 - CMSIS Pack Vendor :STMicroelectronics USB_DEVICE 3.0.0
2026-07-28 17:31:12,860 [INFO] ThirdParty:1030 - CMSIS Pack Vendor :STMicroelectronics X-CUBE-AZRTOS-F7 1.1.0
2026-07-28 17:31:12,860 [INFO] ThirdParty:1030 - CMSIS Pack Vendor :STMicroelectronics USB_DEVICE 2.0.0
2026-07-28 17:31:12,860 [INFO] ThirdParty:1030 - CMSIS Pack Vendor :STMicroelectronics X-CUBE-ALGOBUILD 1.5.0
2026-07-28 17:31:12,860 [INFO] ThirdParty:1030 - CMSIS Pack Vendor :STMicroelectronics FreeRTOS 0.0.1
2026-07-28 17:31:12,860 [INFO] ThirdParty:1030 - CMSIS Pack Vendor :STMicroelectronics X-CUBE-AZRTOS-H7RS 1.3.0
2026-07-28 17:31:12,860 [INFO] ThirdParty:1030 - CMSIS Pack Vendor :STMicroelectronics X-CUBE-AZRTOS-G0 1.1.0
2026-07-28 17:31:12,860 [INFO] ThirdParty:1030 - CMSIS Pack Vendor :STMicroelectronics X-CUBE-NFC4 3.0.0
2026-07-28 17:31:12,860 [INFO] ThirdParty:1030 - CMSIS Pack Vendor :STMicroelectronics X-CUBE-SUBG2 5.0.0
2026-07-28 17:31:12,860 [INFO] ThirdParty:1030 - CMSIS Pack Vendor :STMicroelectronics STM32_WPAN 1.0.0
2026-07-28 17:31:12,860 [INFO] ThirdParty:1030 - CMSIS Pack Vendor :STMicroelectronics lwIP 2.0.3
2026-07-28 17:31:12,860 [INFO] ThirdParty:1030 - CMSIS Pack Vendor :STMicroelectronics X-CUBE-MEMS1 13.0.0
2026-07-28 17:31:12,860 [INFO] ThirdParty:1030 - CMSIS Pack Vendor :STMicroelectronics USB_HOST 1.0.0
2026-07-28 17:31:12,860 [INFO] ThirdParty:1030 - CMSIS Pack Vendor :STMicroelectronics X-CUBE-AZRTOS-G4 2.0.0
2026-07-28 17:31:12,860 [INFO] ThirdParty:1030 - CMSIS Pack Vendor :STMicroelectronics PDM2PCM 3.1.0
2026-07-28 17:31:12,860 [INFO] ThirdParty:1030 - CMSIS Pack Vendor :STMicroelectronics PDM2PCM 3.3.0
2026-07-28 17:31:12,860 [INFO] ThirdParty:1030 - CMSIS Pack Vendor :wolfSSL I-CUBE-wolfTPM 3.8.0
2026-07-28 17:31:12,860 [INFO] ThirdParty:1030 - CMSIS Pack Vendor :STMicroelectronics X-CUBE-DISPLAY 3.0.0
2026-07-28 17:31:12,860 [INFO] ThirdParty:1030 - CMSIS Pack Vendor :wolfSSL I-CUBE-wolfSSH 1.4.20
2026-07-28 17:31:12,860 [INFO] ThirdParty:1030 - CMSIS Pack Vendor :wolfSSL I-CUBE-wolfSSL 5.9.1
2026-07-28 17:31:12,860 [INFO] ThirdParty:1030 - CMSIS Pack Vendor :STMicroelectronics FP-ATR-SIGFOX1 3.2.0
2026-07-28 17:31:12,860 [INFO] ThirdParty:1030 - CMSIS Pack Vendor :STMicroelectronics HAL Drivers 0.0.0
2026-07-28 17:31:12,860 [INFO] ThirdParty:1030 - CMSIS Pack Vendor :STMicroelectronics MBEDTLS 2.16.2
2026-07-28 17:31:12,860 [INFO] ThirdParty:1030 - CMSIS Pack Vendor :emotas I-CUBE-CANOPEN 1.3.0
2026-07-28 17:31:12,860 [INFO] ThirdParty:1030 - CMSIS Pack Vendor :STMicroelectronics MBEDTLS 2.14.1
2026-07-28 17:31:12,860 [INFO] ThirdParty:1030 - CMSIS Pack Vendor :ITTIA_DB I-CUBE-ITTIADB 8.9.0
2026-07-28 17:31:12,860 [INFO] ThirdParty:1030 - CMSIS Pack Vendor :STMicroelectronics X-CUBE-TOUCHGFX 4.26.1
2026-07-28 17:31:12,860 [INFO] ThirdParty:1030 - CMSIS Pack Vendor :STMicroelectronics X-CUBE-AI 10.2.1
2026-07-28 17:31:12,860 [INFO] ThirdParty:1030 - CMSIS Pack Vendor :STMicroelectronics ThreadX 1.0.0
2026-07-28 17:31:12,860 [INFO] ThirdParty:1030 - CMSIS Pack Vendor :STMicroelectronics X-CUBE-MEMS1 12.1.0
2026-07-28 17:31:12,860 [INFO] ThirdParty:1030 - CMSIS Pack Vendor :STMicroelectronics X-CUBE-AZRTOS-WL 2.0.0
2026-07-28 17:31:12,860 [INFO] ThirdParty:1030 - CMSIS Pack Vendor :SEGGER I-CUBE-embOS 1.3.1
2026-07-28 17:31:12,860 [INFO] ThirdParty:1030 - CMSIS Pack Vendor :STMicroelectronics X-CUBE-ALGOBUILD 1.4.0
2026-07-28 17:31:12,860 [INFO] ThirdParty:1030 - CMSIS Pack Vendor :STMicroelectronics USB_DEVICE 1.0.0
2026-07-28 17:31:12,860 [INFO] ThirdParty:1030 - CMSIS Pack Vendor :STMicroelectronics X-CUBE-AZRTOS-H7RS 1.2.0
2026-07-28 17:31:12,860 [INFO] ThirdParty:1030 - CMSIS Pack Vendor :STMicroelectronics X-CUBE-AZRTOS-L4 2.0.0
2026-07-28 17:31:12,860 [INFO] ThirdParty:1030 - CMSIS Pack Vendor :STMicroelectronics ThreadX 0.0.2
2026-07-28 17:31:12,860 [INFO] ThirdParty:1030 - CMSIS Pack Vendor :STMicroelectronics lwIP 2.1.2
2026-07-28 17:31:12,860 [INFO] ThirdParty:1030 - CMSIS Pack Vendor :STMicroelectronics X-CUBE-SFXS2LP1 4.0.0
2026-07-28 17:31:12,860 [INFO] ThirdParty:1030 - CMSIS Pack Vendor :STMicroelectronics X-CUBE-BLE2 3.3.0
2026-07-28 17:31:12,860 [INFO] ThirdParty:1030 - CMSIS Pack Vendor :STMicroelectronics X-CUBE-NFC13 1.0.0
2026-07-28 17:31:12,860 [INFO] ThirdParty:1030 - CMSIS Pack Vendor :STMicroelectronics PDM2PCM 3.2.0
2026-07-28 17:31:12,860 [INFO] ThirdParty:841 - exiting critical section [change project]
2026-07-28 17:31:12,947 [INFO] PinOutPanel:1499 - setPackage(No Configuration,No Configuration)
2026-07-28 17:31:12,947 [INFO] PinOutPanel:1499 - setPackage(STM32F411CEUx,UFQFPN48)
2026-07-28 17:31:13,089 [INFO] UtilMem:75 - Before build in PCC Used Memory: 881172416 Bytes (1073741824)
2026-07-28 17:31:13,203 [INFO] UtilMem:75 - After build in PCC Used Memory: 924688320 Bytes (1073741824)
2026-07-28 17:31:13,214 [INFO] IPUIPlugin:80 - create IPUIPlugin
2026-07-28 17:31:13,215 [INFO] IPUIPlugin:80 - create IPUIPlugin
2026-07-28 17:31:13,215 [INFO] IPUIPlugin:80 - create IPUIPlugin
2026-07-28 17:31:13,215 [INFO] IPUIPlugin:80 - create IPUIPlugin
2026-07-28 17:31:13,215 [INFO] IPUIPlugin:80 - create IPUIPlugin
2026-07-28 17:31:13,215 [INFO] IPUIPlugin:80 - create IPUIPlugin
2026-07-28 17:31:13,215 [INFO] IPUIPlugin:80 - create IPUIPlugin
2026-07-28 17:31:13,215 [INFO] IPUIPlugin:80 - create IPUIPlugin
2026-07-28 17:31:13,215 [INFO] IPUIPlugin:80 - create IPUIPlugin
2026-07-28 17:31:13,215 [INFO] IPUIPlugin:80 - create IPUIPlugin
2026-07-28 17:31:13,215 [INFO] IPUIPlugin:80 - create IPUIPlugin
2026-07-28 17:31:13,215 [INFO] IPUIPlugin:80 - create IPUIPlugin
2026-07-28 17:31:13,215 [INFO] IPUIPlugin:80 - create IPUIPlugin
2026-07-28 17:31:13,215 [INFO] IPUIPlugin:80 - create IPUIPlugin
2026-07-28 17:31:13,215 [INFO] IPUIPlugin:80 - create IPUIPlugin
2026-07-28 17:31:13,216 [INFO] IPUIPlugin:80 - create IPUIPlugin
2026-07-28 17:31:13,216 [INFO] IPUIPlugin:80 - create IPUIPlugin
2026-07-28 17:31:13,216 [INFO] IPUIPlugin:80 - create IPUIPlugin
2026-07-28 17:31:13,216 [INFO] IPUIPlugin:80 - create IPUIPlugin
2026-07-28 17:31:13,216 [INFO] IPUIPlugin:80 - create IPUIPlugin
2026-07-28 17:31:13,216 [INFO] IPUIPlugin:80 - create IPUIPlugin
2026-07-28 17:31:13,216 [INFO] IPUIPlugin:80 - create IPUIPlugin
2026-07-28 17:31:13,216 [INFO] IPUIPlugin:80 - create IPUIPlugin
2026-07-28 17:31:13,216 [INFO] IPUIPlugin:80 - create IPUIPlugin
2026-07-28 17:31:13,217 [INFO] IPUIPlugin:80 - create IPUIPlugin
2026-07-28 17:31:13,217 [INFO] IPUIPlugin:80 - create IPUIPlugin
2026-07-28 17:31:13,217 [INFO] IPUIPlugin:80 - create IPUIPlugin
2026-07-28 17:31:13,217 [INFO] IPUIPlugin:80 - create IPUIPlugin
2026-07-28 17:31:13,217 [INFO] IPUIPlugin:80 - create IPUIPlugin
2026-07-28 17:31:13,217 [INFO] IPUIPlugin:80 - create IPUIPlugin
2026-07-28 17:31:13,217 [INFO] IPUIPlugin:80 - create IPUIPlugin
2026-07-28 17:31:13,217 [INFO] IPUIPlugin:80 - create IPUIPlugin
2026-07-28 17:31:13,217 [INFO] IPUIPlugin:80 - create IPUIPlugin
2026-07-28 17:31:13,218 [INFO] IPUIPlugin:80 - create IPUIPlugin
2026-07-28 17:31:13,218 [INFO] IPUIPlugin:80 - create IPUIPlugin
2026-07-28 17:31:13,218 [INFO] IPUIPlugin:80 - create IPUIPlugin
2026-07-28 17:31:13,218 [INFO] IPUIPlugin:80 - create IPUIPlugin
2026-07-28 17:31:13,218 [INFO] IPUIPlugin:80 - create IPUIPlugin
2026-07-28 17:31:13,218 [INFO] IPUIPlugin:80 - create IPUIPlugin
2026-07-28 17:31:13,219 [INFO] IPUIPlugin:80 - create IPUIPlugin
2026-07-28 17:31:13,219 [INFO] IPUIPlugin:80 - create IPUIPlugin
2026-07-28 17:31:13,219 [INFO] IPUIPlugin:80 - create IPUIPlugin
2026-07-28 17:31:13,219 [INFO] IPUIPlugin:80 - create IPUIPlugin
2026-07-28 17:31:13,221 [INFO] ApiDbMcu:507 - Load IP Config File for PDM2PCM
2026-07-28 17:31:13,237 [INFO] CADModel:165 - CPN selected for project levelSTM32F411CEU6
2026-07-28 17:31:13,237 [INFO] CADModel:114 - Register for checkConnection events
2026-07-28 17:31:13,284 [INFO] OpenFileManager:328 - Restore cursor
2026-07-28 17:31:13,505 [INFO] UtilMem:75 - End SaveConfig() Used Memory: 884662256 Bytes (1073741824)
2026-07-28 17:31:13,541 [INFO] UtilMem:75 - End SaveConfig() Used Memory: 851636152 Bytes (1073741824)
2026-07-28 17:31:13,648 [INFO] BlockDiagram:2759 - set Specific Code input for plugin: RCC
2026-07-28 17:31:13,648 [INFO] BlockDiagram:2759 - set Specific Code input for plugin: NVIC
2026-07-28 17:31:13,649 [INFO] CodeGenerator:799 - code generatio: config db path: C:\ST\STM32CubeIDE_1.13.1\STM32CubeIDE\plugins\com.st.stm32cube.common.mx_6.9.1.202307191849\\db\
2026-07-28 17:31:13,750 [INFO] CodeEngine:255 - oldGeneratedFile, C:\Users\Admin\Documents\GitHub\Drone-RTOS\Source\003SBUS_read_data_f411\MXTmpFiles\license.tmp_save
2026-07-28 17:31:13,811 [INFO] CodeEngine:279 - Generated code: C:\Users\Admin\Documents\GitHub\Drone-RTOS\Source\003SBUS_read_data_f411\MXTmpFiles\license.tmp
2026-07-28 17:31:13,817 [INFO] CodeEngine:255 - oldGeneratedFile, C:\Users\Admin\Documents\GitHub\Drone-RTOS\Source\003SBUS_read_data_f411\Core\Src\stm32f4xx_it.c_save
2026-07-28 17:31:13,942 [INFO] CodeEngine:279 - Generated code: C:\Users\Admin\Documents\GitHub\Drone-RTOS\Source\003SBUS_read_data_f411\Core\Src\stm32f4xx_it.c
2026-07-28 17:31:13,945 [INFO] CodeEngine:255 - oldGeneratedFile, C:\Users\Admin\Documents\GitHub\Drone-RTOS\Source\003SBUS_read_data_f411\Core\Inc\stm32f4xx_it.h_save
2026-07-28 17:31:14,002 [INFO] CodeEngine:279 - Generated code: C:\Users\Admin\Documents\GitHub\Drone-RTOS\Source\003SBUS_read_data_f411\Core\Inc\stm32f4xx_it.h
2026-07-28 17:31:14,023 [INFO] CodeEngine:255 - oldGeneratedFile, C:\Users\Admin\Documents\GitHub\Drone-RTOS\Source\003SBUS_read_data_f411\Core\Src\stm32f4xx_hal_msp.c_save
2026-07-28 17:31:14,099 [INFO] CodeEngine:279 - Generated code: C:\Users\Admin\Documents\GitHub\Drone-RTOS\Source\003SBUS_read_data_f411\Core\Src\stm32f4xx_hal_msp.c
2026-07-28 17:31:14,103 [INFO] CodeEngine:255 - oldGeneratedFile, C:\Users\Admin\Documents\GitHub\Drone-RTOS\Source\003SBUS_read_data_f411\MXTmpFiles\system.tmp_save
2026-07-28 17:31:14,145 [INFO] CodeEngine:279 - Generated code: C:\Users\Admin\Documents\GitHub\Drone-RTOS\Source\003SBUS_read_data_f411\MXTmpFiles\system.tmp
2026-07-28 17:31:14,151 [INFO] CodeEngine:311 - oldGeneratedFile, C:\Users\Admin\Documents\GitHub\Drone-RTOS\Source\003SBUS_read_data_f411\Core\Inc\stm32f4xx_hal_conf.h_save
2026-07-28 17:31:14,211 [INFO] CodeEngine:335 - Generated code: C:\Users\Admin\Documents\GitHub\Drone-RTOS\Source\003SBUS_read_data_f411\Core\Inc\stm32f4xx_hal_conf.h
2026-07-28 17:31:14,226 [INFO] CodeEngine:255 - oldGeneratedFile, C:\Users\Admin\Documents\GitHub\Drone-RTOS\Source\003SBUS_read_data_f411\Core\Inc\main.h_save
2026-07-28 17:31:14,280 [INFO] CodeEngine:279 - Generated code: C:\Users\Admin\Documents\GitHub\Drone-RTOS\Source\003SBUS_read_data_f411\Core\Inc\main.h
2026-07-28 17:31:14,283 [INFO] CodeEngine:255 - oldGeneratedFile, C:\Users\Admin\Documents\GitHub\Drone-RTOS\Source\003SBUS_read_data_f411\Core\Src\main.c_save
2026-07-28 17:31:14,348 [INFO] CodeEngine:279 - Generated code: C:\Users\Admin\Documents\GitHub\Drone-RTOS\Source\003SBUS_read_data_f411\Core\Src\main.c
2026-07-28 17:31:14,685 [INFO] ProjectBuilder:3064 - Time for Copy HAL[1] : 76mS.
2026-07-28 17:31:14,688 [INFO] ProjectBuilder:4404 - Project Generator version: 4.1.0
2026-07-28 17:31:14,875 [INFO] ConfigFileManager:1457 - The Die is : DIE431
2026-07-28 17:31:14,877 [INFO] ApiDbMcu:507 - Load IP Config File for FATFS
2026-07-28 17:31:14,880 [INFO] ApiDbMcu:507 - Load IP Config File for FREERTOS
2026-07-28 17:31:14,881 [INFO] ApiDbMcu:507 - Load IP Config File for LIBJPEG
2026-07-28 17:31:14,885 [INFO] ApiDbMcu:507 - Load IP Config File for MBEDTLS
2026-07-28 17:31:14,890 [INFO] ApiDbMcu:507 - Load IP Config File for USB_DEVICE
2026-07-28 17:31:14,893 [INFO] ApiDbMcu:507 - Load IP Config File for USB_HOST
2026-07-28 17:31:16,483 [INFO] ProjectBuilder:4626 - Time for Generating toolchain IDE Files: 1795mS.
2026-07-28 17:31:16,484 [INFO] ProjectBuilder:2935 - Time for Copy CMSIS : 1mS.
2026-07-28 17:31:16,486 [INFO] ProjectBuilder:2935 - Time for Copy CMSIS : 0mS.
2026-07-28 17:31:17,090 [INFO] McuFinderGlobals:76 - Set McuFinderConnectedMode to true
2026-07-28 17:31:17,091 [INFO] ApiDb:448 - Save user favorites file C:\Users\Admin/.stm32cubeide/favorites.mcus.txt: 4 item(s)
2026-07-28 17:31:17,092 [INFO] ApiDb:452 - User favorites MCUs=[STM32F103C8T6, STM32F405RGT6, STM32F411CEU6, STM32H523CET6]
2026-07-28 17:34:08,330 [INFO] NvicIntPanel:101 - NVIC parent = com.st.microxplorer.plugins.ip.nvic.MultiNvicIntPanel[,0,0,0x0,invalid,layout=javax.swing.BoxLayout,alignmentX=0.0,alignmentY=0.0,border=,flags=9,maximumSize=,minimumSize=,preferredSize=]
2026-07-28 17:34:19,893 [INFO] NvicIntPanel:101 - NVIC parent = com.st.microxplorer.plugins.ip.nvic.MultiNvicIntPanel[,0,0,0x0,invalid,layout=javax.swing.BoxLayout,alignmentX=0.0,alignmentY=0.0,border=,flags=9,maximumSize=,minimumSize=,preferredSize=]
2026-07-28 17:34:22,013 [INFO] NvicIntPanel:101 - NVIC parent = com.st.microxplorer.plugins.ip.nvic.MultiNvicIntPanel[,0,0,0x0,invalid,layout=javax.swing.BoxLayout,alignmentX=0.0,alignmentY=0.0,border=,flags=9,maximumSize=,minimumSize=,preferredSize=]
2026-07-28 17:34:31,017 [ERROR] LogOutputStream:75 - [STDERR_REDIRECT] Exception in thread "AWT-EventQueue-0" java.awt.IllegalComponentStateException: component must be showing on the screen to determine its location
2026-07-28 17:34:31,018 [ERROR] LogOutputStream:75 - [STDERR_REDIRECT] 	at java.desktop/java.awt.Component.getLocationOnScreen_NoTreeLock(Component.java:2113)
2026-07-28 17:34:31,019 [ERROR] LogOutputStream:75 - [STDERR_REDIRECT] 	at java.desktop/java.awt.Component.getLocationOnScreen(Component.java:2087)
2026-07-28 17:34:31,019 [ERROR] LogOutputStream:75 - [STDERR_REDIRECT] 	at java.desktop/javax.swing.JPopupMenu.show(JPopupMenu.java:963)
2026-07-28 17:34:31,020 [ERROR] LogOutputStream:75 - [STDERR_REDIRECT] 	at java.desktop/javax.swing.plaf.basic.BasicComboPopup.show(BasicComboPopup.java:235)
2026-07-28 17:34:31,021 [ERROR] LogOutputStream:75 - [STDERR_REDIRECT] 	at java.desktop/javax.swing.plaf.basic.BasicComboPopup.togglePopup(BasicComboPopup.java:1257)
2026-07-28 17:34:31,021 [ERROR] LogOutputStream:75 - [STDERR_REDIRECT] 	at java.desktop/javax.swing.plaf.basic.BasicComboPopup$Handler.mousePressed(BasicComboPopup.java:936)
2026-07-28 17:34:31,022 [ERROR] LogOutputStream:75 - [STDERR_REDIRECT] 	at java.desktop/java.awt.Component.processMouseEvent(Component.java:6623)
2026-07-28 17:34:31,023 [ERROR] LogOutputStream:75 - [STDERR_REDIRECT] 	at java.desktop/javax.swing.JComponent.processMouseEvent(JComponent.java:3389)
2026-07-28 17:34:31,023 [ERROR] LogOutputStream:75 - [STDERR_REDIRECT] 	at java.desktop/java.awt.Component.processEvent(Component.java:6391)
2026-07-28 17:34:31,024 [ERROR] LogOutputStream:75 - [STDERR_REDIRECT] 	at java.desktop/java.awt.Container.processEvent(Container.java:2266)
2026-07-28 17:34:31,024 [ERROR] LogOutputStream:75 - [STDERR_REDIRECT] 	at java.desktop/java.awt.Component.dispatchEventImpl(Component.java:5001)
2026-07-28 17:34:31,025 [ERROR] LogOutputStream:75 - [STDERR_REDIRECT] 	at java.desktop/java.awt.Container.dispatchEventImpl(Container.java:2324)
2026-07-28 17:34:31,026 [ERROR] LogOutputStream:75 - [STDERR_REDIRECT] 	at java.desktop/java.awt.Component.dispatchEvent(Component.java:4833)
2026-07-28 17:34:31,026 [ERROR] LogOutputStream:75 - [STDERR_REDIRECT] 	at java.desktop/javax.swing.plaf.basic.BasicTableUI$Handler.repostEvent(BasicTableUI.java:987)
2026-07-28 17:34:31,027 [ERROR] LogOutputStream:75 - [STDERR_REDIRECT] 	at java.desktop/javax.swing.plaf.basic.BasicTableUI$Handler.adjustSelection(BasicTableUI.java:1149)
2026-07-28 17:34:31,028 [ERROR] LogOutputStream:75 - [STDERR_REDIRECT] 	at java.desktop/javax.swing.plaf.basic.BasicTableUI$Handler.mousePressed(BasicTableUI.java:1077)
2026-07-28 17:34:31,029 [ERROR] LogOutputStream:75 - [STDERR_REDIRECT] 	at java.desktop/java.awt.AWTEventMulticaster.mousePressed(AWTEventMulticaster.java:288)
2026-07-28 17:34:31,030 [ERROR] LogOutputStream:75 - [STDERR_REDIRECT] 	at java.desktop/java.awt.AWTEventMulticaster.mousePressed(AWTEventMulticaster.java:287)
2026-07-28 17:34:31,030 [ERROR] LogOutputStream:75 - [STDERR_REDIRECT] 	at java.desktop/java.awt.AWTEventMulticaster.mousePressed(AWTEventMulticaster.java:287)
2026-07-28 17:34:31,031 [ERROR] LogOutputStream:75 - [STDERR_REDIRECT] 	at java.desktop/java.awt.AWTEventMulticaster.mousePressed(AWTEventMulticaster.java:287)
2026-07-28 17:34:31,032 [ERROR] LogOutputStream:75 - [STDERR_REDIRECT] 	at java.desktop/java.awt.Component.processMouseEvent(Component.java:6623)
2026-07-28 17:34:31,032 [ERROR] LogOutputStream:75 - [STDERR_REDIRECT] 	at java.desktop/javax.swing.JComponent.processMouseEvent(JComponent.java:3389)
2026-07-28 17:34:31,033 [ERROR] LogOutputStream:75 - [STDERR_REDIRECT] 	at java.desktop/java.awt.Component.processEvent(Component.java:6391)
2026-07-28 17:34:31,034 [ERROR] LogOutputStream:75 - [STDERR_REDIRECT] 	at java.desktop/java.awt.Container.processEvent(Container.java:2266)
2026-07-28 17:34:31,034 [ERROR] LogOutputStream:75 - [STDERR_REDIRECT] 	at java.desktop/java.awt.Component.dispatchEventImpl(Component.java:5001)
2026-07-28 17:34:31,035 [ERROR] LogOutputStream:75 - [STDERR_REDIRECT] 	at java.desktop/java.awt.Container.dispatchEventImpl(Container.java:2324)
2026-07-28 17:34:31,035 [ERROR] LogOutputStream:75 - [STDERR_REDIRECT] 	at java.desktop/java.awt.Component.dispatchEvent(Component.java:4833)
2026-07-28 17:34:31,036 [ERROR] LogOutputStream:75 - [STDERR_REDIRECT] 	at java.desktop/java.awt.LightweightDispatcher.retargetMouseEvent(Container.java:4948)
2026-07-28 17:34:31,037 [ERROR] LogOutputStream:75 - [STDERR_REDIRECT] 	at java.desktop/java.awt.LightweightDispatcher.processMouseEvent(Container.java:4572)
2026-07-28 17:34:31,038 [ERROR] LogOutputStream:75 - [STDERR_REDIRECT] 	at java.desktop/java.awt.LightweightDispatcher.dispatchEvent(Container.java:4516)
2026-07-28 17:34:31,038 [ERROR] LogOutputStream:75 - [STDERR_REDIRECT] 	at java.desktop/java.awt.Container.dispatchEventImpl(Container.java:2310)
2026-07-28 17:34:31,039 [ERROR] LogOutputStream:75 - [STDERR_REDIRECT] 	at java.desktop/java.awt.Component.dispatchEvent(Component.java:4833)
2026-07-28 17:34:31,039 [ERROR] LogOutputStream:75 - [STDERR_REDIRECT] 	at java.desktop/java.awt.EventQueue.dispatchEventImpl(EventQueue.java:773)
2026-07-28 17:34:31,040 [ERROR] LogOutputStream:75 - [STDERR_REDIRECT] 	at java.desktop/java.awt.EventQueue$4.run(EventQueue.java:722)
2026-07-28 17:34:31,041 [ERROR] LogOutputStream:75 - [STDERR_REDIRECT] 	at java.desktop/java.awt.EventQueue$4.run(EventQueue.java:716)
2026-07-28 17:34:31,041 [ERROR] LogOutputStream:75 - [STDERR_REDIRECT] 	at java.base/java.security.AccessController.doPrivileged(AccessController.java:399)
2026-07-28 17:34:31,042 [ERROR] LogOutputStream:75 - [STDERR_REDIRECT] 	at java.base/java.security.ProtectionDomain$JavaSecurityAccessImpl.doIntersectionPrivilege(ProtectionDomain.java:86)
2026-07-28 17:34:31,043 [ERROR] LogOutputStream:75 - [STDERR_REDIRECT] 	at java.base/java.security.ProtectionDomain$JavaSecurityAccessImpl.doIntersectionPrivilege(ProtectionDomain.java:97)
2026-07-28 17:34:31,043 [ERROR] LogOutputStream:75 - [STDERR_REDIRECT] 	at java.desktop/java.awt.EventQueue$5.run(EventQueue.java:746)
2026-07-28 17:34:31,044 [ERROR] LogOutputStream:75 - [STDERR_REDIRECT] 	at java.desktop/java.awt.EventQueue$5.run(EventQueue.java:744)
2026-07-28 17:34:31,045 [ERROR] LogOutputStream:75 - [STDERR_REDIRECT] 	at java.base/java.security.AccessController.doPrivileged(AccessController.java:399)
2026-07-28 17:34:31,046 [ERROR] LogOutputStream:75 - [STDERR_REDIRECT] 	at java.base/java.security.ProtectionDomain$JavaSecurityAccessImpl.doIntersectionPrivilege(ProtectionDomain.java:86)
2026-07-28 17:34:31,046 [ERROR] LogOutputStream:75 - [STDERR_REDIRECT] 	at java.desktop/java.awt.EventQueue.dispatchEvent(EventQueue.java:743)
2026-07-28 17:34:31,047 [ERROR] LogOutputStream:75 - [STDERR_REDIRECT] 	at java.desktop/java.awt.EventDispatchThread.pumpOneEventForFilters(EventDispatchThread.java:203)
2026-07-28 17:34:31,048 [ERROR] LogOutputStream:75 - [STDERR_REDIRECT] 	at java.desktop/java.awt.EventDispatchThread.pumpEventsForFilter(EventDispatchThread.java:124)
2026-07-28 17:34:31,049 [ERROR] LogOutputStream:75 - [STDERR_REDIRECT] 	at java.desktop/java.awt.EventDispatchThread.pumpEventsForHierarchy(EventDispatchThread.java:113)
2026-07-28 17:34:31,050 [ERROR] LogOutputStream:75 - [STDERR_REDIRECT] 	at java.desktop/java.awt.EventDispatchThread.pumpEvents(EventDispatchThread.java:109)
2026-07-28 17:34:31,050 [ERROR] LogOutputStream:75 - [STDERR_REDIRECT] 	at java.desktop/java.awt.EventDispatchThread.pumpEvents(EventDispatchThread.java:101)
2026-07-28 17:34:31,051 [ERROR] LogOutputStream:75 - [STDERR_REDIRECT] 	at java.desktop/java.awt.EventDispatchThread.run(EventDispatchThread.java:90)
2026-07-28 17:34:53,451 [INFO] UtilMem:75 - End SaveConfig() Used Memory: 795147072 Bytes (1073741824)
2026-07-28 17:35:16,864 [INFO] UtilMem:75 - End SaveConfig() Used Memory: 848318336 Bytes (1073741824)
2026-07-28 17:35:27,013 [INFO] UtilMem:75 - End SaveConfig() Used Memory: 954224472 Bytes (1073741824)
2026-07-28 17:35:27,136 [INFO] BlockDiagram:2759 - set Specific Code input for plugin: SYS
2026-07-28 17:35:27,136 [INFO] BlockDiagram:2759 - set Specific Code input for plugin: RCC
2026-07-28 17:35:27,136 [INFO] BlockDiagram:2759 - set Specific Code input for plugin: NVIC
2026-07-28 17:35:27,136 [INFO] BlockDiagram:2759 - set Specific Code input for plugin: USART
2026-07-28 17:35:27,136 [INFO] BlockDiagram:2759 - set Specific Code input for plugin: GPIO
2026-07-28 17:35:27,137 [INFO] CodeGenerator:799 - code generatio: config db path: C:\ST\STM32CubeIDE_1.13.1\STM32CubeIDE\plugins\com.st.stm32cube.common.mx_6.9.1.202307191849\\db\
2026-07-28 17:35:27,242 [INFO] CodeEngine:255 - oldGeneratedFile, C:\Users\Admin\Documents\GitHub\Drone-RTOS\Source\003SBUS_read_data_f411\MXTmpFiles\license.tmp_save
2026-07-28 17:35:27,316 [INFO] CodeEngine:279 - Generated code: C:\Users\Admin\Documents\GitHub\Drone-RTOS\Source\003SBUS_read_data_f411\MXTmpFiles\license.tmp
2026-07-28 17:35:27,330 [INFO] CodeEngine:255 - oldGeneratedFile, C:\Users\Admin\Documents\GitHub\Drone-RTOS\Source\003SBUS_read_data_f411\MXTmpFiles\gpio.tmp_save
2026-07-28 17:35:27,380 [INFO] CodeEngine:279 - Generated code: C:\Users\Admin\Documents\GitHub\Drone-RTOS\Source\003SBUS_read_data_f411\MXTmpFiles\gpio.tmp
2026-07-28 17:35:27,402 [INFO] CodeEngine:255 - oldGeneratedFile, C:\Users\Admin\Documents\GitHub\Drone-RTOS\Source\003SBUS_read_data_f411\Core\Src\stm32f4xx_it.c_save
2026-07-28 17:35:27,543 [INFO] CodeEngine:279 - Generated code: C:\Users\Admin\Documents\GitHub\Drone-RTOS\Source\003SBUS_read_data_f411\Core\Src\stm32f4xx_it.c
2026-07-28 17:35:27,547 [INFO] CodeEngine:255 - oldGeneratedFile, C:\Users\Admin\Documents\GitHub\Drone-RTOS\Source\003SBUS_read_data_f411\Core\Inc\stm32f4xx_it.h_save
2026-07-28 17:35:27,595 [INFO] CodeEngine:279 - Generated code: C:\Users\Admin\Documents\GitHub\Drone-RTOS\Source\003SBUS_read_data_f411\Core\Inc\stm32f4xx_it.h
2026-07-28 17:35:27,603 [INFO] CodeEngine:255 - oldGeneratedFile, C:\Users\Admin\Documents\GitHub\Drone-RTOS\Source\003SBUS_read_data_f411\Core\Src\stm32f4xx_hal_msp.c_save
2026-07-28 17:35:27,681 [INFO] CodeEngine:279 - Generated code: C:\Users\Admin\Documents\GitHub\Drone-RTOS\Source\003SBUS_read_data_f411\Core\Src\stm32f4xx_hal_msp.c
2026-07-28 17:35:27,685 [INFO] CodeEngine:255 - oldGeneratedFile, C:\Users\Admin\Documents\GitHub\Drone-RTOS\Source\003SBUS_read_data_f411\MXTmpFiles\system.tmp_save
2026-07-28 17:35:27,727 [INFO] CodeEngine:279 - Generated code: C:\Users\Admin\Documents\GitHub\Drone-RTOS\Source\003SBUS_read_data_f411\MXTmpFiles\system.tmp
2026-07-28 17:35:27,732 [INFO] CodeEngine:311 - oldGeneratedFile, C:\Users\Admin\Documents\GitHub\Drone-RTOS\Source\003SBUS_read_data_f411\Core\Inc\stm32f4xx_hal_conf.h_save
2026-07-28 17:35:27,780 [INFO] CodeEngine:335 - Generated code: C:\Users\Admin\Documents\GitHub\Drone-RTOS\Source\003SBUS_read_data_f411\Core\Inc\stm32f4xx_hal_conf.h
2026-07-28 17:35:27,797 [INFO] CodeEngine:255 - oldGeneratedFile, C:\Users\Admin\Documents\GitHub\Drone-RTOS\Source\003SBUS_read_data_f411\Core\Inc\main.h_save
2026-07-28 17:35:27,851 [INFO] CodeEngine:279 - Generated code: C:\Users\Admin\Documents\GitHub\Drone-RTOS\Source\003SBUS_read_data_f411\Core\Inc\main.h
2026-07-28 17:35:27,854 [INFO] CodeEngine:255 - oldGeneratedFile, C:\Users\Admin\Documents\GitHub\Drone-RTOS\Source\003SBUS_read_data_f411\Core\Src\main.c_save
2026-07-28 17:35:27,922 [INFO] CodeEngine:279 - Generated code: C:\Users\Admin\Documents\GitHub\Drone-RTOS\Source\003SBUS_read_data_f411\Core\Src\main.c
2026-07-28 17:35:28,278 [INFO] ProjectBuilder:3064 - Time for Copy HAL[1] : 92mS.
2026-07-28 17:35:28,280 [INFO] ProjectBuilder:4404 - Project Generator version: 4.1.0
2026-07-28 17:35:28,471 [INFO] ConfigFileManager:1457 - The Die is : DIE431
2026-07-28 17:35:29,428 [INFO] ProjectBuilder:4626 - Time for Generating toolchain IDE Files: 1148mS.
2026-07-28 17:35:29,429 [INFO] ProjectBuilder:2935 - Time for Copy CMSIS : 0mS.
2026-07-28 17:35:29,430 [INFO] ProjectBuilder:2935 - Time for Copy CMSIS : 0mS.
2026-07-28 17:56:58,064 [ERROR] ConfigurationRetriever:142 - IOException on connection: sw-center.st.com
2026-07-28 17:56:58,065 [ERROR] ConfigurationRetriever:142 - IOException on connection: sw-center.st.com
2026-07-28 17:56:58,065 [ERROR] ConfigurationRetriever:142 - IOException on connection: sw-center.st.com
2026-07-28 17:56:58,260 [INFO] WebApp:330 - JxBrowser engine has been closed 
2026-07-28 17:56:58,729 [ERROR] LogOutputStream:75 - [STDERR_REDIRECT] 
