2026-07-31 12:51:46,339 [INFO] Activator:176 - 


2026-07-31 12:51:46,344 [INFO] Activator:177 - !SESSION log4j initialized
2026-07-31 12:51:51,376 [INFO] LogOutputStream:77 - [STDOUT_REDIRECT] 
2026-07-31 12:51:52,335 [INFO] ApplicationProperties:184 - Using Application install path: C:\ST\STM32CubeIDE_1.13.1\STM32CubeIDE\plugins\com.st.stm32cube.common.mx_6.9.1.202307191849
2026-07-31 12:51:52,355 [INFO] DbMcusXml:78 - Set database path to: C:\ST\STM32CubeIDE_1.13.1\STM32CubeIDE\plugins\com.st.stm32cube.common.mx_6.9.1.202307191849\\db\/mcu/
2026-07-31 12:51:52,355 [INFO] ApiDb:274 - Set plugin database path to: C:\ST\STM32CubeIDE_1.13.1\STM32CubeIDE\plugins\com.st.stm32cube.common.mx_6.9.1.202307191849\\db\/plugins/boardmanager/
2026-07-31 12:51:52,356 [WARN] ApiDb:259 - Overriding images path with different value:  => C:\ST\STM32CubeIDE_1.13.1\STM32CubeIDE\plugins\com.st.stm32cube.common.mx_6.9.1.202307191849\\db\/plugins/mcufinder/images/
2026-07-31 12:51:52,368 [INFO] ApiDb:250 - Set database path to: C:\Users\Admin\.stmcufinder\plugins\mcufinder//mcu/
2026-07-31 12:51:52,369 [INFO] DbMcusAds:125 - Set database path to: C:\Users\Admin\.stmcufinder\plugins\mcufinder//mcu/
2026-07-31 12:51:52,371 [INFO] CrossReferenceDbSqlite:203 - Set database path to: C:\Users\Admin\.stmcufinder\plugins\mcufinder//mcu/cs/
2026-07-31 12:51:52,457 [INFO] RulesReader:64 - Compatibility file has been processed (293 Rules)
2026-07-31 12:51:52,533 [INFO] DbMcusXml:78 - Set database path to: C:\ST\STM32CubeIDE_1.13.1\STM32CubeIDE\plugins\com.st.stm32cube.common.mx_6.9.1.202307191849\\db\/mcu/
2026-07-31 12:51:52,533 [INFO] ApiDb:274 - Set plugin database path to: C:\ST\STM32CubeIDE_1.13.1\STM32CubeIDE\plugins\com.st.stm32cube.common.mx_6.9.1.202307191849\\db\/plugins/boardmanager/
2026-07-31 12:51:52,533 [INFO] ApiDb:261 - Set plugin images path to: C:\ST\STM32CubeIDE_1.13.1\STM32CubeIDE\plugins\com.st.stm32cube.common.mx_6.9.1.202307191849\\db\/plugins/mcufinder/images/
2026-07-31 12:51:52,534 [WARN] DbFile:41 - Overriding database path with different value: C:\Users\Admin\.stmcufinder\plugins\mcufinder/ => C:\Users\Admin\.stmcufinder\plugins\mcufinder
2026-07-31 12:51:52,534 [INFO] ApiDb:250 - Set database path to: C:\Users\Admin\.stmcufinder\plugins\mcufinder//mcu/
2026-07-31 12:51:52,534 [WARN] DbFile:41 - Overriding database path with different value: C:\Users\Admin\.stmcufinder\plugins\mcufinder/ => C:\Users\Admin\.stmcufinder\plugins\mcufinder
2026-07-31 12:51:52,534 [INFO] DbMcusAds:125 - Set database path to: C:\Users\Admin\.stmcufinder\plugins\mcufinder//mcu/
2026-07-31 12:51:52,534 [WARN] DbFile:41 - Overriding database path with different value: C:\Users\Admin\.stmcufinder\plugins\mcufinder/ => C:\Users\Admin\.stmcufinder\plugins\mcufinder
2026-07-31 12:51:52,534 [WARN] DbFile:41 - Overriding database path with different value: C:\Users\Admin\.stmcufinder\plugins\mcufinder/ => C:\Users\Admin\.stmcufinder\plugins\mcufinder
2026-07-31 12:51:52,534 [INFO] CrossReferenceDbSqlite:203 - Set database path to: C:\Users\Admin\.stmcufinder\plugins\mcufinder//mcu/cs/
2026-07-31 12:51:52,612 [INFO] MainPanel:262 - HeapMemory: 268435456
2026-07-31 12:51:52,694 [INFO] DbMcusXml:78 - Set database path to: C:\ST\STM32CubeIDE_1.13.1\STM32CubeIDE\plugins\com.st.stm32cube.common.mx_6.9.1.202307191849\\db\/mcu/
2026-07-31 12:51:52,694 [INFO] ApiDb:274 - Set plugin database path to: C:\ST\STM32CubeIDE_1.13.1\STM32CubeIDE\plugins\com.st.stm32cube.common.mx_6.9.1.202307191849\\db\/plugins/boardmanager/
2026-07-31 12:51:52,694 [INFO] ApiDb:261 - Set plugin images path to: C:\ST\STM32CubeIDE_1.13.1\STM32CubeIDE\plugins\com.st.stm32cube.common.mx_6.9.1.202307191849\\db\/plugins/mcufinder/images/
2026-07-31 12:51:52,695 [WARN] DbFile:41 - Overriding database path with different value: C:\Users\Admin\.stmcufinder\plugins\mcufinder/ => C:\Users\Admin\.stmcufinder\plugins\mcufinder
2026-07-31 12:51:52,695 [INFO] ApiDb:250 - Set database path to: C:\Users\Admin\.stmcufinder\plugins\mcufinder//mcu/
2026-07-31 12:51:52,695 [WARN] DbFile:41 - Overriding database path with different value: C:\Users\Admin\.stmcufinder\plugins\mcufinder/ => C:\Users\Admin\.stmcufinder\plugins\mcufinder
2026-07-31 12:51:52,695 [INFO] DbMcusAds:125 - Set database path to: C:\Users\Admin\.stmcufinder\plugins\mcufinder//mcu/
2026-07-31 12:51:52,695 [WARN] DbFile:41 - Overriding database path with different value: C:\Users\Admin\.stmcufinder\plugins\mcufinder/ => C:\Users\Admin\.stmcufinder\plugins\mcufinder
2026-07-31 12:51:52,695 [WARN] DbFile:41 - Overriding database path with different value: C:\Users\Admin\.stmcufinder\plugins\mcufinder/ => C:\Users\Admin\.stmcufinder\plugins\mcufinder
2026-07-31 12:51:52,695 [INFO] CrossReferenceDbSqlite:203 - Set database path to: C:\Users\Admin\.stmcufinder\plugins\mcufinder//mcu/cs/
2026-07-31 12:51:52,711 [INFO] ApplicationProperties:184 - Using Application install path: C:\ST\STM32CubeIDE_1.13.1\STM32CubeIDE\plugins\com.st.stm32cube.common.mx_6.9.1.202307191849
2026-07-31 12:51:52,712 [INFO] PluginManage:196 - Search for loadable plugins [exclusion list=, ]
2026-07-31 12:51:52,713 [INFO] PluginManage:310 - Check plugin analytics
2026-07-31 12:51:52,840 [INFO] AnalyticsPlugin:253 - Accepted Software Licenses: STM32CubeMX.6.18.0
2026-07-31 12:51:52,840 [INFO] AnalyticsPlugin:255 - Accepted CMSIS Pack Licenses: 
2026-07-31 12:51:52,841 [INFO] AnalyticsPlugin:257 - Accepted Firmware Licenses: FW.F4.1.27.0,FW.F4.1.28.0,FW.F4.1.28.3
2026-07-31 12:51:52,844 [INFO] PluginManage:359 - Loaded plugin analytics (category:tool,tabindex:-1)
2026-07-31 12:51:52,845 [INFO] PluginManage:310 - Check plugin cadmodel
2026-07-31 12:51:52,851 [INFO] CADModel:105 - Init CAD model plugin
2026-07-31 12:51:52,851 [INFO] PluginManage:359 - Loaded plugin cadmodel (category:power,tabindex:5)
2026-07-31 12:51:52,852 [INFO] PluginManage:310 - Check plugin clock
2026-07-31 12:51:52,862 [INFO] PluginManage:359 - Loaded plugin clock (category:base,tabindex:2)
2026-07-31 12:51:52,863 [INFO] PluginManage:310 - Check plugin ddr
2026-07-31 12:51:52,866 [INFO] PluginManage:359 - Loaded plugin ddr (category:tool,tabindex:6)
2026-07-31 12:51:52,866 [INFO] PluginManage:310 - Check plugin filemanager
2026-07-31 12:51:52,979 [INFO] PluginManage:359 - Loaded plugin filemanager (category:base,tabindex:10)
2026-07-31 12:51:52,980 [INFO] PluginManage:310 - Check plugin ipmanager
2026-07-31 12:51:52,986 [INFO] PluginManage:359 - Loaded plugin ipmanager (category:base,tabindex:5)
2026-07-31 12:51:52,986 [INFO] PluginManage:310 - Check plugin lpbam
2026-07-31 12:51:52,993 [INFO] PluginManage:359 - Loaded plugin lpbam (category:base,tabindex:0)
2026-07-31 12:51:52,993 [INFO] PluginManage:310 - Check plugin memorymap
2026-07-31 12:51:53,005 [INFO] PluginManage:359 - Loaded plugin memorymap (category:base,tabindex:4)
2026-07-31 12:51:53,005 [INFO] PluginManage:310 - Check plugin pinoutandconfiguration
2026-07-31 12:51:53,012 [INFO] PluginManage:359 - Loaded plugin pinoutandconfiguration (category:base,tabindex:1)
2026-07-31 12:51:53,012 [INFO] PluginManage:310 - Check plugin pinoutconfig
2026-07-31 12:51:53,081 [WARN] SupportedApi:132 - Cannot load RTOS API schema: s4s-elt-must-match.1: The content of 'definitions' must match (annotation?, (simpleType | complexType)?, (unique | key | keyref)*)). A problem was found starting at: attribute.
2026-07-31 12:51:53,201 [INFO] PluginManage:359 - Loaded plugin pinoutconfig (category:base,tabindex:0)
2026-07-31 12:51:53,201 [INFO] PluginManage:310 - Check plugin power
2026-07-31 12:51:53,211 [INFO] PluginManage:359 - Loaded plugin power (category:power,tabindex:4)
2026-07-31 12:51:53,211 [INFO] PluginManage:310 - Check plugin projectmanager
2026-07-31 12:51:53,223 [INFO] PluginManage:359 - Loaded plugin projectmanager (category:projectmanager,tabindex:3)
2026-07-31 12:51:53,223 [INFO] PluginManage:310 - Check plugin thirdparty
2026-07-31 12:51:53,336 [WARN] IntegrityCheckThread:84 - waiting for thirdparty lock release [integrity check]
2026-07-31 12:51:53,336 [INFO] IntegrityCheckThread:86 - entering critical section [integrity check]
2026-07-31 12:51:53,336 [INFO] PluginManage:359 - Loaded plugin thirdparty (category:base,tabindex:-1)
2026-07-31 12:51:53,337 [INFO] PluginManage:310 - Check plugin tools
2026-07-31 12:51:53,337 [INFO] ThirdPartyUpdaterWithRetryManager:70 - Updater plugin not ready yet. [1/15]
2026-07-31 12:51:53,339 [INFO] PluginManage:359 - Loaded plugin tools (category:base,tabindex:7)
2026-07-31 12:51:53,339 [INFO] PluginManage:310 - Check plugin tutovideos
2026-07-31 12:51:53,501 [INFO] PluginManage:359 - Loaded plugin tutovideos (category:base,tabindex:-1)
2026-07-31 12:51:53,501 [INFO] PluginManage:310 - Check plugin updater
2026-07-31 12:51:53,511 [INFO] PluginManage:359 - Loaded plugin updater (category:base,tabindex:12)
2026-07-31 12:51:53,511 [INFO] PluginManage:310 - Check plugin userauth
2026-07-31 12:51:53,516 [INFO] UserAuth:113 - Init User Auth plugin
2026-07-31 12:51:53,516 [INFO] PluginManage:359 - Loaded plugin userauth (category:base,tabindex:14)
2026-07-31 12:51:53,516 [INFO] PluginManage:283 - PluginManage : Loaded plugins [17]
2026-07-31 12:51:53,698 [INFO] PinOutPanel:1499 - setPackage(No Configuration,No Configuration)
2026-07-31 12:51:53,791 [INFO] CADModel:165 - CPN selected for project level
2026-07-31 12:51:53,791 [INFO] CADModel:114 - Register for checkConnection events
2026-07-31 12:51:53,808 [INFO] IPUIPlugin:80 - create IPUIPlugin
2026-07-31 12:51:53,808 [INFO] PluginManager:220 - loadIPPluginJar : add adc
2026-07-31 12:51:53,810 [INFO] IPUIPlugin:80 - create IPUIPlugin
2026-07-31 12:51:53,810 [INFO] PluginManager:220 - loadIPPluginJar : add aes
2026-07-31 12:51:53,812 [INFO] IPUIPlugin:80 - create IPUIPlugin
2026-07-31 12:51:53,812 [INFO] PluginManager:220 - loadIPPluginJar : add can
2026-07-31 12:51:53,814 [INFO] IPUIPlugin:80 - create IPUIPlugin
2026-07-31 12:51:53,814 [INFO] PluginManager:220 - loadIPPluginJar : add comp
2026-07-31 12:51:53,816 [INFO] IPUIPlugin:80 - create IPUIPlugin
2026-07-31 12:51:53,817 [INFO] PluginManager:220 - loadIPPluginJar : add cryp
2026-07-31 12:51:53,818 [INFO] IPUIPlugin:80 - create IPUIPlugin
2026-07-31 12:51:53,818 [INFO] PluginManager:220 - loadIPPluginJar : add dfsdm
2026-07-31 12:51:53,823 [INFO] IPUIPlugin:80 - create IPUIPlugin
2026-07-31 12:51:53,824 [INFO] PluginManager:220 - loadIPPluginJar : add dma
2026-07-31 12:51:53,826 [INFO] IPUIPlugin:80 - create IPUIPlugin
2026-07-31 12:51:53,826 [INFO] PluginManager:220 - loadIPPluginJar : add dma3
2026-07-31 12:51:53,827 [INFO] IPUIPlugin:80 - create IPUIPlugin
2026-07-31 12:51:53,827 [INFO] PluginManager:220 - loadIPPluginJar : add fatfs
2026-07-31 12:51:53,831 [INFO] IPUIPlugin:80 - create IPUIPlugin
2026-07-31 12:51:53,831 [INFO] PluginManager:220 - loadIPPluginJar : add fmc
2026-07-31 12:51:53,836 [INFO] IPUIPlugin:80 - create IPUIPlugin
2026-07-31 12:51:53,836 [INFO] PluginManager:220 - loadIPPluginJar : add freertos
2026-07-31 12:51:53,838 [INFO] IPUIPlugin:80 - create IPUIPlugin
2026-07-31 12:51:53,838 [INFO] PluginManager:220 - loadIPPluginJar : add genericplugin
2026-07-31 12:51:53,839 [INFO] IPUIPlugin:80 - create IPUIPlugin
2026-07-31 12:51:53,840 [INFO] PluginManager:220 - loadIPPluginJar : add gfxmmu
2026-07-31 12:51:53,843 [INFO] IPUIPlugin:80 - create IPUIPlugin
2026-07-31 12:51:53,843 [INFO] PluginManager:220 - loadIPPluginJar : add gic
2026-07-31 12:51:53,846 [INFO] IPUIPlugin:80 - create IPUIPlugin
2026-07-31 12:51:53,846 [INFO] PluginManager:220 - loadIPPluginJar : add gpio
2026-07-31 12:51:53,849 [INFO] IPUIPlugin:80 - create IPUIPlugin
2026-07-31 12:51:53,849 [INFO] PluginManager:220 - loadIPPluginJar : add gtzc
2026-07-31 12:51:53,851 [INFO] IPUIPlugin:80 - create IPUIPlugin
2026-07-31 12:51:53,851 [INFO] PluginManager:220 - loadIPPluginJar : add hash
2026-07-31 12:51:53,853 [INFO] IPUIPlugin:80 - create IPUIPlugin
2026-07-31 12:51:53,853 [INFO] PluginManager:220 - loadIPPluginJar : add i2c
2026-07-31 12:51:53,854 [INFO] IPUIPlugin:80 - create IPUIPlugin
2026-07-31 12:51:53,854 [INFO] PluginManager:220 - loadIPPluginJar : add i2s
2026-07-31 12:51:53,856 [INFO] IPUIPlugin:80 - create IPUIPlugin
2026-07-31 12:51:53,856 [INFO] PluginManager:220 - loadIPPluginJar : add i3c
2026-07-31 12:51:53,858 [INFO] IPUIPlugin:80 - create IPUIPlugin
2026-07-31 12:51:53,859 [INFO] PluginManager:220 - loadIPPluginJar : add ipddr
2026-07-31 12:51:53,865 [INFO] IPUIPlugin:80 - create IPUIPlugin
2026-07-31 12:51:53,865 [INFO] PluginManager:220 - loadIPPluginJar : add linkedlist
2026-07-31 12:51:53,867 [INFO] IPUIPlugin:80 - create IPUIPlugin
2026-07-31 12:51:53,867 [INFO] PluginManager:220 - loadIPPluginJar : add lorawan
2026-07-31 12:51:53,868 [INFO] IPUIPlugin:80 - create IPUIPlugin
2026-07-31 12:51:53,869 [INFO] PluginManager:220 - loadIPPluginJar : add ltdc
2026-07-31 12:51:53,873 [INFO] IPUIPlugin:80 - create IPUIPlugin
2026-07-31 12:51:53,873 [INFO] PluginManager:220 - loadIPPluginJar : add mdma
2026-07-31 12:51:53,876 [INFO] IPUIPlugin:80 - create IPUIPlugin
2026-07-31 12:51:53,876 [INFO] PluginManager:220 - loadIPPluginJar : add nvic
2026-07-31 12:51:53,878 [INFO] IPUIPlugin:80 - create IPUIPlugin
2026-07-31 12:51:53,878 [INFO] PluginManager:220 - loadIPPluginJar : add opamp
2026-07-31 12:51:53,881 [INFO] IPUIPlugin:80 - create IPUIPlugin
2026-07-31 12:51:53,881 [INFO] PluginManager:220 - loadIPPluginJar : add openamp
2026-07-31 12:51:53,883 [INFO] IPUIPlugin:80 - create IPUIPlugin
2026-07-31 12:51:53,883 [INFO] PluginManager:220 - loadIPPluginJar : add pdm2pcm
2026-07-31 12:51:53,889 [INFO] IPUIPlugin:80 - create IPUIPlugin
2026-07-31 12:51:53,891 [INFO] PluginManager:220 - loadIPPluginJar : add plateformsettings
2026-07-31 12:51:53,892 [INFO] IPUIPlugin:80 - create IPUIPlugin
2026-07-31 12:51:53,892 [INFO] PluginManager:220 - loadIPPluginJar : add quadspi
2026-07-31 12:51:53,896 [INFO] IPUIPlugin:80 - create IPUIPlugin
2026-07-31 12:51:53,896 [INFO] PluginManager:220 - loadIPPluginJar : add resmgrutility
2026-07-31 12:51:53,898 [INFO] IPUIPlugin:80 - create IPUIPlugin
2026-07-31 12:51:53,898 [INFO] PluginManager:220 - loadIPPluginJar : add sai
2026-07-31 12:51:53,900 [INFO] IPUIPlugin:80 - create IPUIPlugin
2026-07-31 12:51:53,900 [INFO] PluginManager:220 - loadIPPluginJar : add spi
2026-07-31 12:51:53,903 [INFO] IPUIPlugin:80 - create IPUIPlugin
2026-07-31 12:51:53,903 [INFO] PluginManager:220 - loadIPPluginJar : add stm32_wpan
2026-07-31 12:51:53,904 [INFO] IPUIPlugin:80 - create IPUIPlugin
2026-07-31 12:51:53,904 [INFO] PluginManager:220 - loadIPPluginJar : add tim
2026-07-31 12:51:53,906 [INFO] IPUIPlugin:80 - create IPUIPlugin
2026-07-31 12:51:53,906 [INFO] PluginManager:220 - loadIPPluginJar : add touchsensing
2026-07-31 12:51:53,908 [INFO] IPUIPlugin:80 - create IPUIPlugin
2026-07-31 12:51:53,908 [INFO] PluginManager:220 - loadIPPluginJar : add tracer_emb
2026-07-31 12:51:53,909 [INFO] IPUIPlugin:80 - create IPUIPlugin
2026-07-31 12:51:53,909 [INFO] PluginManager:220 - loadIPPluginJar : add ts
2026-07-31 12:51:53,910 [INFO] IPUIPlugin:80 - create IPUIPlugin
2026-07-31 12:51:53,910 [INFO] PluginManager:220 - loadIPPluginJar : add tsc
2026-07-31 12:51:53,912 [INFO] IPUIPlugin:80 - create IPUIPlugin
2026-07-31 12:51:53,912 [INFO] PluginManager:220 - loadIPPluginJar : add ucpd
2026-07-31 12:51:53,914 [INFO] IPUIPlugin:80 - create IPUIPlugin
2026-07-31 12:51:53,914 [INFO] PluginManager:220 - loadIPPluginJar : add usart
2026-07-31 12:51:53,916 [INFO] IPUIPlugin:80 - create IPUIPlugin
2026-07-31 12:51:53,916 [INFO] PluginManager:220 - loadIPPluginJar : add usbx
2026-07-31 12:51:54,030 [INFO] CADModel:165 - CPN selected for project level
2026-07-31 12:51:54,030 [INFO] CADModel:114 - Register for checkConnection events
2026-07-31 12:51:54,030 [FATAL] Updater:308 - Updater called before beeing initialized
2026-07-31 12:51:54,030 [ERROR] CADModel:125 - Updater not yet initialized, retry later 
2026-07-31 12:51:54,172 [INFO] CADModel:165 - CPN selected for project level
2026-07-31 12:51:54,173 [INFO] CADModel:114 - Register for checkConnection events
2026-07-31 12:51:54,173 [FATAL] Updater:308 - Updater called before beeing initialized
2026-07-31 12:51:54,173 [ERROR] CADModel:125 - Updater not yet initialized, retry later 
2026-07-31 12:51:54,176 [FATAL] Updater:308 - Updater called before beeing initialized
2026-07-31 12:51:54,255 [FATAL] Updater:308 - Updater called before beeing initialized
2026-07-31 12:51:54,259 [INFO] DbMcusAds:53 - JSON generation date=Wed Jul 15 16:46:00 GMT+07:00 2026 (1784108760991)
2026-07-31 12:51:54,259 [FATAL] Updater:308 - Updater called before beeing initialized
2026-07-31 12:51:54,291 [WARN] DetailPanel:346 - Failed to get advertising image, set to default
2026-07-31 12:51:54,369 [FATAL] Updater:308 - Updater called before beeing initialized
2026-07-31 12:51:54,370 [FATAL] Updater:308 - Updater called before beeing initialized
2026-07-31 12:51:54,370 [FATAL] Updater:308 - Updater called before beeing initialized
2026-07-31 12:51:54,371 [WARN] DetailPanel:346 - Failed to get advertising image, set to default
2026-07-31 12:51:54,371 [FATAL] Updater:308 - Updater called before beeing initialized
2026-07-31 12:51:54,407 [ERROR] Updater:1120 - MainUpdater not yet initialized. External WinMGr cannot be set.
2026-07-31 12:51:54,409 [INFO] Updater:1056 - Updater Version found : 6.9.1
2026-07-31 12:51:54,427 [INFO] ApplicationProperties:184 - Using Application install path: C:\ST\STM32CubeIDE_1.13.1\STM32CubeIDE\plugins\com.st.stm32cube.common.mx_6.9.1.202307191849
2026-07-31 12:51:54,605 [INFO] MainUpdater:2868 - connection check result : 10
2026-07-31 12:51:54,605 [INFO] MainUpdater:285 - Updater Check For Update Now.
2026-07-31 12:51:54,606 [INFO] MicroXplorer:498 - Change Database Version : DB.6.0.91
2026-07-31 12:51:54,613 [INFO] McuFinderGlobals:63 - Set McuFinder mode to 2 (CubeIDE integrated)
2026-07-31 12:51:54,614 [INFO] UserAuth:179 - activating auth plugin
2026-07-31 12:51:54,616 [INFO] UserAuth:393 - Internet connection configuration mode: 1
2026-07-31 12:51:54,641 [INFO] JxBrowserEngine:151 - Initiate JxBrowser Engine with user profile folder
2026-07-31 12:51:54,789 [INFO] CheckServerUpdateThread:120 - End of CheckServer Thread
2026-07-31 12:51:55,285 [INFO] WebApp:157 - Instantiating new browser for Auth
2026-07-31 12:51:55,730 [INFO] WebApp:753 - Register for checkConnection events
2026-07-31 12:51:55,730 [INFO] WebApp:390 - Apply proxy settings
2026-07-31 12:51:55,731 [INFO] WebApp:475 - Chromium requires no authentication
2026-07-31 12:51:55,739 [INFO] WebApp:418 - Direct internet connection detected
2026-07-31 12:51:55,876 [INFO] WebApp:188 - Starting web application
2026-07-31 12:51:55,876 [INFO] WebApp:520 - Web application path used C:\ST\STM32CubeIDE_1.13.1\STM32CubeIDE\plugins\com.st.stm32cube.common.mx_6.9.1.202307191849\db\plugins\mcufinder\reactClient1\index.html
2026-07-31 12:51:56,497 [WARN] PackLoader:240 - Cannot read IP mode file for STMicroelectronics.FP-ATR-ASTRA1.2.0.3
2026-07-31 12:51:56,500 [WARN] PackLoader:240 - Cannot read IP mode file for STMicroelectronics.FP-ATR-ASTRA1.2.0.2
2026-07-31 12:51:56,505 [ERROR] Engine:466 - C:\Users\Admin\.stm32cubemx\thirdparties\pdsc\STMicroelectronics.X-CUBE-SMBUS.2.1.1.pdsc: PDSC version is not supported
2026-07-31 12:51:56,510 [WARN] PackLoader:240 - Cannot read IP mode file for STMicroelectronics.X-CUBE-SMBUS.2.1.0
2026-07-31 12:51:56,531 [WARN] PackLoader:240 - Cannot read IP mode file for STMicroelectronics.X-CUBE-AZRTOS-F7.1.1.0
2026-07-31 12:51:56,539 [ERROR] Engine:466 - C:\Users\Admin\.stm32cubemx\thirdparties\pdsc\STMicroelectronics.X-CUBE-FREERTOS.1.6.0.pdsc: PDSC version is not supported
2026-07-31 12:51:56,566 [WARN] PackLoader:240 - Cannot read IP mode file for STMicroelectronics.X-CUBE-AZRTOS-H7RS.1.3.0
2026-07-31 12:51:56,578 [ERROR] Engine:466 - C:\Users\Admin\.stm32cubemx\thirdparties\pdsc\WES.I-CUBE-Cesium.1.4.0.pdsc: PDSC version is not supported
2026-07-31 12:51:56,588 [WARN] PackLoader:240 - Cannot read IP mode file for STMicroelectronics.X-CUBE-DISPLAY.3.0.0
2026-07-31 12:51:56,601 [WARN] PackLoader:240 - Cannot read IP mode file for wolfSSL.I-CUBE-wolfSSL.5.9.1
2026-07-31 12:51:56,609 [WARN] PackLoader:240 - Cannot read IP mode file for emotas.I-CUBE-CANOPEN.1.3.0
2026-07-31 12:51:56,612 [ERROR] Engine:466 - C:\Users\Admin\.stm32cubemx\thirdparties\pdsc\STMicroelectronics.X-CUBE-WBA.1.1.0.pdsc: PDSC version is not supported
2026-07-31 12:51:56,621 [INFO] LogOutputStream:77 - [STDOUT_REDIRECT] 1 : Invalid condition id : UX_CORESTACK_Condition cause : null
2026-07-31 12:51:56,621 [INFO] LogOutputStream:77 - [STDOUT_REDIRECT] 1 : Invalid condition id : UX_CORESTACK_Condition cause : null
2026-07-31 12:51:56,622 [INFO] LogOutputStream:77 - [STDOUT_REDIRECT] 1 : Invalid condition id : UX_CORESTACK_Condition cause : null
2026-07-31 12:51:56,624 [INFO] LogOutputStream:77 - [STDOUT_REDIRECT] 1 : Invalid condition id : UX_CORESTACK_Condition cause : null
2026-07-31 12:51:56,624 [INFO] LogOutputStream:77 - [STDOUT_REDIRECT] 1 : Invalid condition id : UX_CORESTACK_Condition cause : null
2026-07-31 12:51:56,627 [WARN] PackLoader:240 - Cannot read IP mode file for STMicroelectronics.X-CUBE-AZRTOS-WL.2.0.0
2026-07-31 12:51:56,648 [WARN] PackLoader:240 - Cannot read IP mode file for STMicroelectronics.X-CUBE-AZRTOS-H7RS.1.2.0
2026-07-31 12:51:56,662 [WARN] PackLoader:240 - Cannot read IP mode file for STMicroelectronics.X-CUBE-BLE2.3.3.0
2026-07-31 12:51:56,665 [ERROR] Engine:466 - C:\Users\Admin\.stm32cubemx\thirdparties\pdsc\Avnet-IOTCONNECT.X-CUBE-iotc-st67-sdk.1.0.0.pdsc: PDSC version is not supported
2026-07-31 12:51:56,669 [ERROR] Engine:466 - C:\Users\Admin\.stm32cubemx\thirdparties\pdsc\Infineon.AIROC-Wi-Fi-Bluetooth-STM32.1.8.0.pdsc: PDSC version is not supported
2026-07-31 12:51:56,673 [WARN] PackLoader:240 - Cannot read IP mode file for wolfSSL.I-CUBE-wolfMQTT.1.19.2
2026-07-31 12:51:56,684 [WARN] PackLoader:240 - Cannot read IP mode file for STMicroelectronics.X-CUBE-AZRTOS-G0.1.1.0
2026-07-31 12:51:56,691 [WARN] PackLoader:240 - Cannot read IP mode file for STMicroelectronics.X-CUBE-NFC4.3.0.0
2026-07-31 12:51:56,694 [ERROR] Engine:466 - C:\Users\Admin\.stm32cubemx\thirdparties\pdsc\EmbeddedOffice.I-CUBE-FS-RTOS.1.0.1.pdsc: PDSC version is not supported
2026-07-31 12:51:56,697 [WARN] PackLoader:240 - Cannot read IP mode file for wolfSSL.I-CUBE-wolfTPM.3.8.0
2026-07-31 12:51:56,700 [ERROR] Engine:466 - C:\Users\Admin\.stm32cubemx\thirdparties\pdsc\RealThread.X-CUBE-RT-Thread_Nano.4.1.1.pdsc: PDSC version is not supported
2026-07-31 12:51:56,704 [WARN] PackLoader:240 - Cannot read IP mode file for STMicroelectronics.FP-ATR-SIGFOX1.3.2.0
2026-07-31 12:51:56,706 [ERROR] Engine:466 - C:\Users\Admin\.stm32cubemx\thirdparties\pdsc\STMicroelectronics.X-CUBE-FREERTOS.1.5.0.pdsc: PDSC version is not supported
2026-07-31 12:51:56,711 [WARN] PackLoader:240 - Cannot read IP mode file for ITTIA_DB.I-CUBE-ITTIADB.8.9.0
2026-07-31 12:51:56,713 [ERROR] Engine:466 - C:\Users\Admin\.stm32cubemx\thirdparties\pdsc\Cesanta.I-CUBE-Mongoose.7.21.7.pdsc: PDSC version is not supported
2026-07-31 12:51:56,717 [WARN] PackLoader:240 - Cannot read IP mode file for STMicroelectronics.X-CUBE-AI.10.2.1
2026-07-31 12:51:56,761 [WARN] PackLoader:240 - Cannot read IP mode file for STMicroelectronics.X-CUBE-MEMS1.12.1.0
2026-07-31 12:51:56,870 [WARN] PackLoader:240 - Cannot read IP mode file for SEGGER.I-CUBE-embOS.1.3.1
2026-07-31 12:51:56,901 [WARN] PackLoader:240 - Cannot read IP mode file for STMicroelectronics.X-CUBE-ALGOBUILD.1.4.0
2026-07-31 12:51:56,907 [WARN] PackLoader:240 - Cannot read IP mode file for STMicroelectronics.X-CUBE-NFC13.1.0.0
2026-07-31 12:51:56,930 [WARN] PackLoader:240 - Cannot read IP mode file for STMicroelectronics.X-CUBE-AZRTOS-F4.1.1.0
2026-07-31 12:51:56,938 [ERROR] Engine:466 - C:\Users\Admin\.stm32cubemx\thirdparties\pdsc\STMicroelectronics.eDS-WB_DPC_TT-BIDIR.2.1.1.pdsc: PDSC version is not supported
2026-07-31 12:51:56,945 [WARN] PackLoader:240 - Cannot read IP mode file for STMicroelectronics.X-CUBE-ALGOBUILD.1.5.0
2026-07-31 12:51:57,013 [WARN] PackLoader:240 - Cannot read IP mode file for STMicroelectronics.X-CUBE-MEMS1.13.0.0
2026-07-31 12:51:57,128 [ERROR] Engine:466 - C:\Users\Admin\.stm32cubemx\thirdparties\pdsc\STMicroelectronics.eDS-WB_DPC_3PH2L-BIDIR.1.1.1.pdsc: PDSC version is not supported
2026-07-31 12:51:57,134 [WARN] PackLoader:240 - Cannot read IP mode file for STMicroelectronics.X-CUBE-TOUCHGFX.4.26.1
2026-07-31 12:51:57,152 [WARN] ConditionMgr:438 - getConditionDescription Invalid condition id : LAN8742 Phy interface Condition cause : null
2026-07-31 12:51:57,152 [WARN] PackLoader:240 - Cannot read IP mode file for STMicroelectronics.X-CUBE-AZRTOS-L4.2.0.0
2026-07-31 12:51:57,154 [WARN] ConditionMgr:1039 - genDependencies : Invalid condition id : LAN8742 Phy interface Condition cause : null
2026-07-31 12:51:57,155 [WARN] ConditionMgr:1039 - genDependencies : Invalid condition id : LAN8742 Phy interface Condition cause : null
2026-07-31 12:51:57,155 [WARN] ConditionMgr:1039 - genDependencies : Invalid condition id : LAN8742 Phy interface Condition cause : null
2026-07-31 12:51:57,165 [WARN] PackLoader:240 - Cannot read IP mode file for STMicroelectronics.X-CUBE-SFXS2LP1.4.0.0
2026-07-31 12:51:57,169 [ERROR] Engine:466 - C:\Users\Admin\.stm32cubemx\thirdparties\pdsc\quantropi.X-CUBE-qispace-sdk-base.2.1.0.pdsc: PDSC version is not supported
2026-07-31 12:51:57,196 [WARN] PackLoader:240 - Cannot read IP mode file for STMicroelectronics.X-CUBE-SUBG2.5.0.0
2026-07-31 12:51:57,217 [WARN] PackLoader:240 - Cannot read IP mode file for STMicroelectronics.X-CUBE-AZRTOS-G4.2.0.0
2026-07-31 12:51:57,225 [WARN] PackLoader:240 - Cannot read IP mode file for wolfSSL.I-CUBE-wolfSSH.1.4.20
2026-07-31 12:51:57,226 [INFO] ThirdParty:978 - Integrity check success = true
2026-07-31 12:51:57,226 [INFO] IntegrityCheckThread:100 - exiting critical section [integrity check]
2026-07-31 12:51:57,226 [INFO] IntegrityCheckThread:103 - End integrity checks thread
2026-07-31 12:52:16,580 [ERROR] LogOutputStream:75 - [STDERR_REDIRECT] SLF4J: Failed to load class "org.slf4j.impl.StaticLoggerBinder".
2026-07-31 12:52:16,581 [ERROR] LogOutputStream:75 - [STDERR_REDIRECT] SLF4J: Defaulting to no-operation (NOP) logger implementation
2026-07-31 12:52:16,582 [ERROR] LogOutputStream:75 - [STDERR_REDIRECT] SLF4J: See http://www.slf4j.org/codes.html#StaticLoggerBinder for further details.
2026-07-31 12:54:09,857 [INFO] WebApp:330 - JxBrowser engine has been closed 
2026-07-31 12:54:11,386 [ERROR] LogOutputStream:75 - [STDERR_REDIRECT] 
2026-07-31 13:59:15,350 [INFO] Activator:176 - 


2026-07-31 13:59:15,354 [INFO] Activator:177 - !SESSION log4j initialized
2026-07-31 13:59:23,091 [INFO] LogOutputStream:77 - [STDOUT_REDIRECT] 
2026-07-31 13:59:24,969 [INFO] ApplicationProperties:184 - Using Application install path: C:\ST\STM32CubeIDE_1.13.1\STM32CubeIDE\plugins\com.st.stm32cube.common.mx_6.9.1.202307191849
2026-07-31 13:59:25,002 [INFO] DbMcusXml:78 - Set database path to: C:\ST\STM32CubeIDE_1.13.1\STM32CubeIDE\plugins\com.st.stm32cube.common.mx_6.9.1.202307191849\\db\/mcu/
2026-07-31 13:59:25,002 [INFO] ApiDb:274 - Set plugin database path to: C:\ST\STM32CubeIDE_1.13.1\STM32CubeIDE\plugins\com.st.stm32cube.common.mx_6.9.1.202307191849\\db\/plugins/boardmanager/
2026-07-31 13:59:25,003 [WARN] ApiDb:259 - Overriding images path with different value:  => C:\ST\STM32CubeIDE_1.13.1\STM32CubeIDE\plugins\com.st.stm32cube.common.mx_6.9.1.202307191849\\db\/plugins/mcufinder/images/
2026-07-31 13:59:25,023 [INFO] ApiDb:250 - Set database path to: C:\Users\Admin\.stmcufinder\plugins\mcufinder//mcu/
2026-07-31 13:59:25,025 [INFO] DbMcusAds:125 - Set database path to: C:\Users\Admin\.stmcufinder\plugins\mcufinder//mcu/
2026-07-31 13:59:25,027 [INFO] CrossReferenceDbSqlite:203 - Set database path to: C:\Users\Admin\.stmcufinder\plugins\mcufinder//mcu/cs/
2026-07-31 13:59:25,176 [INFO] RulesReader:64 - Compatibility file has been processed (293 Rules)
2026-07-31 13:59:25,314 [INFO] DbMcusXml:78 - Set database path to: C:\ST\STM32CubeIDE_1.13.1\STM32CubeIDE\plugins\com.st.stm32cube.common.mx_6.9.1.202307191849\\db\/mcu/
2026-07-31 13:59:25,315 [INFO] ApiDb:274 - Set plugin database path to: C:\ST\STM32CubeIDE_1.13.1\STM32CubeIDE\plugins\com.st.stm32cube.common.mx_6.9.1.202307191849\\db\/plugins/boardmanager/
2026-07-31 13:59:25,315 [INFO] ApiDb:261 - Set plugin images path to: C:\ST\STM32CubeIDE_1.13.1\STM32CubeIDE\plugins\com.st.stm32cube.common.mx_6.9.1.202307191849\\db\/plugins/mcufinder/images/
2026-07-31 13:59:25,316 [WARN] DbFile:41 - Overriding database path with different value: C:\Users\Admin\.stmcufinder\plugins\mcufinder/ => C:\Users\Admin\.stmcufinder\plugins\mcufinder
2026-07-31 13:59:25,316 [INFO] ApiDb:250 - Set database path to: C:\Users\Admin\.stmcufinder\plugins\mcufinder//mcu/
2026-07-31 13:59:25,316 [WARN] DbFile:41 - Overriding database path with different value: C:\Users\Admin\.stmcufinder\plugins\mcufinder/ => C:\Users\Admin\.stmcufinder\plugins\mcufinder
2026-07-31 13:59:25,316 [INFO] DbMcusAds:125 - Set database path to: C:\Users\Admin\.stmcufinder\plugins\mcufinder//mcu/
2026-07-31 13:59:25,316 [WARN] DbFile:41 - Overriding database path with different value: C:\Users\Admin\.stmcufinder\plugins\mcufinder/ => C:\Users\Admin\.stmcufinder\plugins\mcufinder
2026-07-31 13:59:25,317 [WARN] DbFile:41 - Overriding database path with different value: C:\Users\Admin\.stmcufinder\plugins\mcufinder/ => C:\Users\Admin\.stmcufinder\plugins\mcufinder
2026-07-31 13:59:25,317 [INFO] CrossReferenceDbSqlite:203 - Set database path to: C:\Users\Admin\.stmcufinder\plugins\mcufinder//mcu/cs/
2026-07-31 13:59:25,463 [INFO] MainPanel:262 - HeapMemory: 268435456
2026-07-31 13:59:25,589 [INFO] DbMcusXml:78 - Set database path to: C:\ST\STM32CubeIDE_1.13.1\STM32CubeIDE\plugins\com.st.stm32cube.common.mx_6.9.1.202307191849\\db\/mcu/
2026-07-31 13:59:25,589 [INFO] ApiDb:274 - Set plugin database path to: C:\ST\STM32CubeIDE_1.13.1\STM32CubeIDE\plugins\com.st.stm32cube.common.mx_6.9.1.202307191849\\db\/plugins/boardmanager/
2026-07-31 13:59:25,589 [INFO] ApiDb:261 - Set plugin images path to: C:\ST\STM32CubeIDE_1.13.1\STM32CubeIDE\plugins\com.st.stm32cube.common.mx_6.9.1.202307191849\\db\/plugins/mcufinder/images/
2026-07-31 13:59:25,590 [WARN] DbFile:41 - Overriding database path with different value: C:\Users\Admin\.stmcufinder\plugins\mcufinder/ => C:\Users\Admin\.stmcufinder\plugins\mcufinder
2026-07-31 13:59:25,590 [INFO] ApiDb:250 - Set database path to: C:\Users\Admin\.stmcufinder\plugins\mcufinder//mcu/
2026-07-31 13:59:25,590 [WARN] DbFile:41 - Overriding database path with different value: C:\Users\Admin\.stmcufinder\plugins\mcufinder/ => C:\Users\Admin\.stmcufinder\plugins\mcufinder
2026-07-31 13:59:25,590 [INFO] DbMcusAds:125 - Set database path to: C:\Users\Admin\.stmcufinder\plugins\mcufinder//mcu/
2026-07-31 13:59:25,590 [WARN] DbFile:41 - Overriding database path with different value: C:\Users\Admin\.stmcufinder\plugins\mcufinder/ => C:\Users\Admin\.stmcufinder\plugins\mcufinder
2026-07-31 13:59:25,590 [WARN] DbFile:41 - Overriding database path with different value: C:\Users\Admin\.stmcufinder\plugins\mcufinder/ => C:\Users\Admin\.stmcufinder\plugins\mcufinder
2026-07-31 13:59:25,590 [INFO] CrossReferenceDbSqlite:203 - Set database path to: C:\Users\Admin\.stmcufinder\plugins\mcufinder//mcu/cs/
2026-07-31 13:59:25,621 [INFO] ApplicationProperties:184 - Using Application install path: C:\ST\STM32CubeIDE_1.13.1\STM32CubeIDE\plugins\com.st.stm32cube.common.mx_6.9.1.202307191849
2026-07-31 13:59:25,623 [INFO] PluginManage:196 - Search for loadable plugins [exclusion list=, ]
2026-07-31 13:59:25,626 [INFO] PluginManage:310 - Check plugin analytics
2026-07-31 13:59:25,844 [INFO] AnalyticsPlugin:253 - Accepted Software Licenses: STM32CubeMX.6.18.0
2026-07-31 13:59:25,844 [INFO] AnalyticsPlugin:255 - Accepted CMSIS Pack Licenses: 
2026-07-31 13:59:25,845 [INFO] AnalyticsPlugin:257 - Accepted Firmware Licenses: FW.F4.1.27.0,FW.F4.1.28.0,FW.F4.1.28.3
2026-07-31 13:59:25,851 [INFO] PluginManage:359 - Loaded plugin analytics (category:tool,tabindex:-1)
2026-07-31 13:59:25,852 [INFO] PluginManage:310 - Check plugin cadmodel
2026-07-31 13:59:25,861 [INFO] CADModel:105 - Init CAD model plugin
2026-07-31 13:59:25,862 [INFO] PluginManage:359 - Loaded plugin cadmodel (category:power,tabindex:5)
2026-07-31 13:59:25,862 [INFO] PluginManage:310 - Check plugin clock
2026-07-31 13:59:25,878 [INFO] PluginManage:359 - Loaded plugin clock (category:base,tabindex:2)
2026-07-31 13:59:25,878 [INFO] PluginManage:310 - Check plugin ddr
2026-07-31 13:59:25,881 [INFO] PluginManage:359 - Loaded plugin ddr (category:tool,tabindex:6)
2026-07-31 13:59:25,882 [INFO] PluginManage:310 - Check plugin filemanager
2026-07-31 13:59:26,070 [INFO] PluginManage:359 - Loaded plugin filemanager (category:base,tabindex:10)
2026-07-31 13:59:26,070 [INFO] PluginManage:310 - Check plugin ipmanager
2026-07-31 13:59:26,079 [INFO] PluginManage:359 - Loaded plugin ipmanager (category:base,tabindex:5)
2026-07-31 13:59:26,080 [INFO] PluginManage:310 - Check plugin lpbam
2026-07-31 13:59:26,091 [INFO] PluginManage:359 - Loaded plugin lpbam (category:base,tabindex:0)
2026-07-31 13:59:26,091 [INFO] PluginManage:310 - Check plugin memorymap
2026-07-31 13:59:26,111 [INFO] PluginManage:359 - Loaded plugin memorymap (category:base,tabindex:4)
2026-07-31 13:59:26,111 [INFO] PluginManage:310 - Check plugin pinoutandconfiguration
2026-07-31 13:59:26,123 [INFO] PluginManage:359 - Loaded plugin pinoutandconfiguration (category:base,tabindex:1)
2026-07-31 13:59:26,123 [INFO] PluginManage:310 - Check plugin pinoutconfig
2026-07-31 13:59:26,248 [WARN] SupportedApi:132 - Cannot load RTOS API schema: s4s-elt-must-match.1: The content of 'definitions' must match (annotation?, (simpleType | complexType)?, (unique | key | keyref)*)). A problem was found starting at: attribute.
2026-07-31 13:59:26,442 [INFO] PluginManage:359 - Loaded plugin pinoutconfig (category:base,tabindex:0)
2026-07-31 13:59:26,443 [INFO] PluginManage:310 - Check plugin power
2026-07-31 13:59:26,458 [INFO] PluginManage:359 - Loaded plugin power (category:power,tabindex:4)
2026-07-31 13:59:26,459 [INFO] PluginManage:310 - Check plugin projectmanager
2026-07-31 13:59:26,480 [INFO] PluginManage:359 - Loaded plugin projectmanager (category:projectmanager,tabindex:3)
2026-07-31 13:59:26,481 [INFO] PluginManage:310 - Check plugin thirdparty
2026-07-31 13:59:26,665 [INFO] PluginManage:359 - Loaded plugin thirdparty (category:base,tabindex:-1)
2026-07-31 13:59:26,665 [WARN] IntegrityCheckThread:84 - waiting for thirdparty lock release [integrity check]
2026-07-31 13:59:26,665 [INFO] PluginManage:310 - Check plugin tools
2026-07-31 13:59:26,665 [INFO] IntegrityCheckThread:86 - entering critical section [integrity check]
2026-07-31 13:59:26,666 [INFO] ThirdPartyUpdaterWithRetryManager:70 - Updater plugin not ready yet. [1/15]
2026-07-31 13:59:26,670 [INFO] PluginManage:359 - Loaded plugin tools (category:base,tabindex:7)
2026-07-31 13:59:26,670 [INFO] PluginManage:310 - Check plugin tutovideos
2026-07-31 13:59:26,938 [INFO] PluginManage:359 - Loaded plugin tutovideos (category:base,tabindex:-1)
2026-07-31 13:59:26,938 [INFO] PluginManage:310 - Check plugin updater
2026-07-31 13:59:26,954 [INFO] PluginManage:359 - Loaded plugin updater (category:base,tabindex:12)
2026-07-31 13:59:26,954 [INFO] PluginManage:310 - Check plugin userauth
2026-07-31 13:59:26,961 [INFO] UserAuth:113 - Init User Auth plugin
2026-07-31 13:59:26,961 [INFO] PluginManage:359 - Loaded plugin userauth (category:base,tabindex:14)
2026-07-31 13:59:26,962 [INFO] PluginManage:283 - PluginManage : Loaded plugins [17]
2026-07-31 13:59:27,267 [INFO] PinOutPanel:1499 - setPackage(No Configuration,No Configuration)
2026-07-31 13:59:27,419 [INFO] CADModel:165 - CPN selected for project level
2026-07-31 13:59:27,419 [INFO] CADModel:114 - Register for checkConnection events
2026-07-31 13:59:27,444 [INFO] IPUIPlugin:80 - create IPUIPlugin
2026-07-31 13:59:27,444 [INFO] PluginManager:220 - loadIPPluginJar : add adc
2026-07-31 13:59:27,449 [INFO] IPUIPlugin:80 - create IPUIPlugin
2026-07-31 13:59:27,450 [INFO] PluginManager:220 - loadIPPluginJar : add aes
2026-07-31 13:59:27,454 [INFO] IPUIPlugin:80 - create IPUIPlugin
2026-07-31 13:59:27,455 [INFO] PluginManager:220 - loadIPPluginJar : add can
2026-07-31 13:59:27,458 [INFO] IPUIPlugin:80 - create IPUIPlugin
2026-07-31 13:59:27,458 [INFO] PluginManager:220 - loadIPPluginJar : add comp
2026-07-31 13:59:27,462 [INFO] IPUIPlugin:80 - create IPUIPlugin
2026-07-31 13:59:27,463 [INFO] PluginManager:220 - loadIPPluginJar : add cryp
2026-07-31 13:59:27,467 [INFO] IPUIPlugin:80 - create IPUIPlugin
2026-07-31 13:59:27,467 [INFO] PluginManager:220 - loadIPPluginJar : add dfsdm
2026-07-31 13:59:27,477 [INFO] IPUIPlugin:80 - create IPUIPlugin
2026-07-31 13:59:27,478 [INFO] PluginManager:220 - loadIPPluginJar : add dma
2026-07-31 13:59:27,482 [INFO] IPUIPlugin:80 - create IPUIPlugin
2026-07-31 13:59:27,483 [INFO] PluginManager:220 - loadIPPluginJar : add dma3
2026-07-31 13:59:27,485 [INFO] IPUIPlugin:80 - create IPUIPlugin
2026-07-31 13:59:27,485 [INFO] PluginManager:220 - loadIPPluginJar : add fatfs
2026-07-31 13:59:27,492 [INFO] IPUIPlugin:80 - create IPUIPlugin
2026-07-31 13:59:27,492 [INFO] PluginManager:220 - loadIPPluginJar : add fmc
2026-07-31 13:59:27,502 [INFO] IPUIPlugin:80 - create IPUIPlugin
2026-07-31 13:59:27,502 [INFO] PluginManager:220 - loadIPPluginJar : add freertos
2026-07-31 13:59:27,505 [INFO] IPUIPlugin:80 - create IPUIPlugin
2026-07-31 13:59:27,505 [INFO] PluginManager:220 - loadIPPluginJar : add genericplugin
2026-07-31 13:59:27,508 [INFO] IPUIPlugin:80 - create IPUIPlugin
2026-07-31 13:59:27,508 [INFO] PluginManager:220 - loadIPPluginJar : add gfxmmu
2026-07-31 13:59:27,514 [INFO] IPUIPlugin:80 - create IPUIPlugin
2026-07-31 13:59:27,514 [INFO] PluginManager:220 - loadIPPluginJar : add gic
2026-07-31 13:59:27,519 [INFO] IPUIPlugin:80 - create IPUIPlugin
2026-07-31 13:59:27,519 [INFO] PluginManager:220 - loadIPPluginJar : add gpio
2026-07-31 13:59:27,523 [INFO] IPUIPlugin:80 - create IPUIPlugin
2026-07-31 13:59:27,523 [INFO] PluginManager:220 - loadIPPluginJar : add gtzc
2026-07-31 13:59:27,526 [INFO] IPUIPlugin:80 - create IPUIPlugin
2026-07-31 13:59:27,526 [INFO] PluginManager:220 - loadIPPluginJar : add hash
2026-07-31 13:59:27,529 [INFO] IPUIPlugin:80 - create IPUIPlugin
2026-07-31 13:59:27,529 [INFO] PluginManager:220 - loadIPPluginJar : add i2c
2026-07-31 13:59:27,532 [INFO] IPUIPlugin:80 - create IPUIPlugin
2026-07-31 13:59:27,532 [INFO] PluginManager:220 - loadIPPluginJar : add i2s
2026-07-31 13:59:27,535 [INFO] IPUIPlugin:80 - create IPUIPlugin
2026-07-31 13:59:27,535 [INFO] PluginManager:220 - loadIPPluginJar : add i3c
2026-07-31 13:59:27,539 [INFO] IPUIPlugin:80 - create IPUIPlugin
2026-07-31 13:59:27,539 [INFO] PluginManager:220 - loadIPPluginJar : add ipddr
2026-07-31 13:59:27,548 [INFO] IPUIPlugin:80 - create IPUIPlugin
2026-07-31 13:59:27,548 [INFO] PluginManager:220 - loadIPPluginJar : add linkedlist
2026-07-31 13:59:27,552 [INFO] IPUIPlugin:80 - create IPUIPlugin
2026-07-31 13:59:27,552 [INFO] PluginManager:220 - loadIPPluginJar : add lorawan
2026-07-31 13:59:27,554 [INFO] IPUIPlugin:80 - create IPUIPlugin
2026-07-31 13:59:27,554 [INFO] PluginManager:220 - loadIPPluginJar : add ltdc
2026-07-31 13:59:27,562 [INFO] IPUIPlugin:80 - create IPUIPlugin
2026-07-31 13:59:27,562 [INFO] PluginManager:220 - loadIPPluginJar : add mdma
2026-07-31 13:59:27,566 [INFO] IPUIPlugin:80 - create IPUIPlugin
2026-07-31 13:59:27,567 [INFO] PluginManager:220 - loadIPPluginJar : add nvic
2026-07-31 13:59:27,570 [INFO] IPUIPlugin:80 - create IPUIPlugin
2026-07-31 13:59:27,570 [INFO] PluginManager:220 - loadIPPluginJar : add opamp
2026-07-31 13:59:27,574 [INFO] IPUIPlugin:80 - create IPUIPlugin
2026-07-31 13:59:27,574 [INFO] PluginManager:220 - loadIPPluginJar : add openamp
2026-07-31 13:59:27,578 [INFO] IPUIPlugin:80 - create IPUIPlugin
2026-07-31 13:59:27,578 [INFO] PluginManager:220 - loadIPPluginJar : add pdm2pcm
2026-07-31 13:59:27,586 [INFO] IPUIPlugin:80 - create IPUIPlugin
2026-07-31 13:59:27,589 [INFO] PluginManager:220 - loadIPPluginJar : add plateformsettings
2026-07-31 13:59:27,591 [INFO] IPUIPlugin:80 - create IPUIPlugin
2026-07-31 13:59:27,591 [INFO] PluginManager:220 - loadIPPluginJar : add quadspi
2026-07-31 13:59:27,597 [INFO] IPUIPlugin:80 - create IPUIPlugin
2026-07-31 13:59:27,597 [INFO] PluginManager:220 - loadIPPluginJar : add resmgrutility
2026-07-31 13:59:27,600 [INFO] IPUIPlugin:80 - create IPUIPlugin
2026-07-31 13:59:27,600 [INFO] PluginManager:220 - loadIPPluginJar : add sai
2026-07-31 13:59:27,603 [INFO] IPUIPlugin:80 - create IPUIPlugin
2026-07-31 13:59:27,603 [INFO] PluginManager:220 - loadIPPluginJar : add spi
2026-07-31 13:59:27,609 [INFO] IPUIPlugin:80 - create IPUIPlugin
2026-07-31 13:59:27,609 [INFO] PluginManager:220 - loadIPPluginJar : add stm32_wpan
2026-07-31 13:59:27,611 [INFO] IPUIPlugin:80 - create IPUIPlugin
2026-07-31 13:59:27,611 [INFO] PluginManager:220 - loadIPPluginJar : add tim
2026-07-31 13:59:27,615 [INFO] IPUIPlugin:80 - create IPUIPlugin
2026-07-31 13:59:27,616 [INFO] PluginManager:220 - loadIPPluginJar : add touchsensing
2026-07-31 13:59:27,617 [INFO] IPUIPlugin:80 - create IPUIPlugin
2026-07-31 13:59:27,617 [INFO] PluginManager:220 - loadIPPluginJar : add tracer_emb
2026-07-31 13:59:27,620 [INFO] IPUIPlugin:80 - create IPUIPlugin
2026-07-31 13:59:27,620 [INFO] PluginManager:220 - loadIPPluginJar : add ts
2026-07-31 13:59:27,622 [INFO] IPUIPlugin:80 - create IPUIPlugin
2026-07-31 13:59:27,623 [INFO] PluginManager:220 - loadIPPluginJar : add tsc
2026-07-31 13:59:27,624 [INFO] IPUIPlugin:80 - create IPUIPlugin
2026-07-31 13:59:27,624 [INFO] PluginManager:220 - loadIPPluginJar : add ucpd
2026-07-31 13:59:27,628 [INFO] IPUIPlugin:80 - create IPUIPlugin
2026-07-31 13:59:27,628 [INFO] PluginManager:220 - loadIPPluginJar : add usart
2026-07-31 13:59:27,631 [INFO] IPUIPlugin:80 - create IPUIPlugin
2026-07-31 13:59:27,631 [INFO] PluginManager:220 - loadIPPluginJar : add usbx
2026-07-31 13:59:27,782 [INFO] CADModel:165 - CPN selected for project level
2026-07-31 13:59:27,782 [INFO] CADModel:114 - Register for checkConnection events
2026-07-31 13:59:27,783 [FATAL] Updater:308 - Updater called before beeing initialized
2026-07-31 13:59:27,783 [ERROR] CADModel:125 - Updater not yet initialized, retry later 
2026-07-31 13:59:28,055 [INFO] CADModel:165 - CPN selected for project level
2026-07-31 13:59:28,055 [INFO] CADModel:114 - Register for checkConnection events
2026-07-31 13:59:28,055 [FATAL] Updater:308 - Updater called before beeing initialized
2026-07-31 13:59:28,055 [ERROR] CADModel:125 - Updater not yet initialized, retry later 
2026-07-31 13:59:28,060 [FATAL] Updater:308 - Updater called before beeing initialized
2026-07-31 13:59:28,243 [FATAL] Updater:308 - Updater called before beeing initialized
2026-07-31 13:59:28,253 [INFO] DbMcusAds:53 - JSON generation date=Wed Jul 15 16:46:00 GMT+07:00 2026 (1784108760991)
2026-07-31 13:59:28,253 [FATAL] Updater:308 - Updater called before beeing initialized
2026-07-31 13:59:28,314 [WARN] DetailPanel:346 - Failed to get advertising image, set to default
2026-07-31 13:59:28,475 [FATAL] Updater:308 - Updater called before beeing initialized
2026-07-31 13:59:28,478 [FATAL] Updater:308 - Updater called before beeing initialized
2026-07-31 13:59:28,478 [FATAL] Updater:308 - Updater called before beeing initialized
2026-07-31 13:59:28,478 [WARN] DetailPanel:346 - Failed to get advertising image, set to default
2026-07-31 13:59:28,479 [FATAL] Updater:308 - Updater called before beeing initialized
2026-07-31 13:59:28,551 [ERROR] Updater:1120 - MainUpdater not yet initialized. External WinMGr cannot be set.
2026-07-31 13:59:28,554 [INFO] Updater:1056 - Updater Version found : 6.9.1
2026-07-31 13:59:28,582 [INFO] ApplicationProperties:184 - Using Application install path: C:\ST\STM32CubeIDE_1.13.1\STM32CubeIDE\plugins\com.st.stm32cube.common.mx_6.9.1.202307191849
2026-07-31 13:59:28,966 [INFO] MainUpdater:2868 - connection check result : 10
2026-07-31 13:59:28,967 [INFO] MainUpdater:285 - Updater Check For Update Now.
2026-07-31 13:59:28,967 [INFO] MicroXplorer:498 - Change Database Version : DB.6.0.91
2026-07-31 13:59:29,020 [INFO] McuFinderGlobals:63 - Set McuFinder mode to 2 (CubeIDE integrated)
2026-07-31 13:59:29,020 [INFO] UserAuth:179 - activating auth plugin
2026-07-31 13:59:29,024 [INFO] UserAuth:393 - Internet connection configuration mode: 1
2026-07-31 13:59:29,062 [INFO] JxBrowserEngine:151 - Initiate JxBrowser Engine with user profile folder
2026-07-31 13:59:29,241 [INFO] CheckServerUpdateThread:120 - End of CheckServer Thread
2026-07-31 13:59:29,984 [WARN] PackLoader:240 - Cannot read IP mode file for STMicroelectronics.FP-ATR-ASTRA1.2.0.3
2026-07-31 13:59:29,990 [WARN] PackLoader:240 - Cannot read IP mode file for STMicroelectronics.FP-ATR-ASTRA1.2.0.2
2026-07-31 13:59:30,001 [ERROR] Engine:466 - C:\Users\Admin\.stm32cubemx\thirdparties\pdsc\STMicroelectronics.X-CUBE-SMBUS.2.1.1.pdsc: PDSC version is not supported
2026-07-31 13:59:30,008 [WARN] PackLoader:240 - Cannot read IP mode file for STMicroelectronics.X-CUBE-SMBUS.2.1.0
2026-07-31 13:59:30,059 [WARN] PackLoader:240 - Cannot read IP mode file for STMicroelectronics.X-CUBE-AZRTOS-F7.1.1.0
2026-07-31 13:59:30,071 [ERROR] Engine:466 - C:\Users\Admin\.stm32cubemx\thirdparties\pdsc\STMicroelectronics.X-CUBE-FREERTOS.1.6.0.pdsc: PDSC version is not supported
2026-07-31 13:59:30,116 [WARN] PackLoader:240 - Cannot read IP mode file for STMicroelectronics.X-CUBE-AZRTOS-H7RS.1.3.0
2026-07-31 13:59:30,131 [ERROR] Engine:466 - C:\Users\Admin\.stm32cubemx\thirdparties\pdsc\WES.I-CUBE-Cesium.1.4.0.pdsc: PDSC version is not supported
2026-07-31 13:59:30,144 [WARN] PackLoader:240 - Cannot read IP mode file for STMicroelectronics.X-CUBE-DISPLAY.3.0.0
2026-07-31 13:59:30,157 [WARN] PackLoader:240 - Cannot read IP mode file for wolfSSL.I-CUBE-wolfSSL.5.9.1
2026-07-31 13:59:30,166 [WARN] PackLoader:240 - Cannot read IP mode file for emotas.I-CUBE-CANOPEN.1.3.0
2026-07-31 13:59:30,170 [ERROR] Engine:466 - C:\Users\Admin\.stm32cubemx\thirdparties\pdsc\STMicroelectronics.X-CUBE-WBA.1.1.0.pdsc: PDSC version is not supported
2026-07-31 13:59:30,181 [INFO] LogOutputStream:77 - [STDOUT_REDIRECT] 1 : Invalid condition id : UX_CORESTACK_Condition cause : null
2026-07-31 13:59:30,183 [INFO] LogOutputStream:77 - [STDOUT_REDIRECT] 1 : Invalid condition id : UX_CORESTACK_Condition cause : null
2026-07-31 13:59:30,185 [INFO] LogOutputStream:77 - [STDOUT_REDIRECT] 1 : Invalid condition id : UX_CORESTACK_Condition cause : null
2026-07-31 13:59:30,187 [INFO] LogOutputStream:77 - [STDOUT_REDIRECT] 1 : Invalid condition id : UX_CORESTACK_Condition cause : null
2026-07-31 13:59:30,189 [INFO] LogOutputStream:77 - [STDOUT_REDIRECT] 1 : Invalid condition id : UX_CORESTACK_Condition cause : null
2026-07-31 13:59:30,193 [WARN] PackLoader:240 - Cannot read IP mode file for STMicroelectronics.X-CUBE-AZRTOS-WL.2.0.0
2026-07-31 13:59:30,221 [WARN] PackLoader:240 - Cannot read IP mode file for STMicroelectronics.X-CUBE-AZRTOS-H7RS.1.2.0
2026-07-31 13:59:30,246 [WARN] PackLoader:240 - Cannot read IP mode file for STMicroelectronics.X-CUBE-BLE2.3.3.0
2026-07-31 13:59:30,250 [ERROR] Engine:466 - C:\Users\Admin\.stm32cubemx\thirdparties\pdsc\Avnet-IOTCONNECT.X-CUBE-iotc-st67-sdk.1.0.0.pdsc: PDSC version is not supported
2026-07-31 13:59:30,257 [ERROR] Engine:466 - C:\Users\Admin\.stm32cubemx\thirdparties\pdsc\Infineon.AIROC-Wi-Fi-Bluetooth-STM32.1.8.0.pdsc: PDSC version is not supported
2026-07-31 13:59:30,264 [WARN] PackLoader:240 - Cannot read IP mode file for wolfSSL.I-CUBE-wolfMQTT.1.19.2
2026-07-31 13:59:30,288 [WARN] PackLoader:240 - Cannot read IP mode file for STMicroelectronics.X-CUBE-AZRTOS-G0.1.1.0
2026-07-31 13:59:30,299 [WARN] PackLoader:240 - Cannot read IP mode file for STMicroelectronics.X-CUBE-NFC4.3.0.0
2026-07-31 13:59:30,305 [ERROR] Engine:466 - C:\Users\Admin\.stm32cubemx\thirdparties\pdsc\EmbeddedOffice.I-CUBE-FS-RTOS.1.0.1.pdsc: PDSC version is not supported
2026-07-31 13:59:30,311 [WARN] PackLoader:240 - Cannot read IP mode file for wolfSSL.I-CUBE-wolfTPM.3.8.0
2026-07-31 13:59:30,314 [ERROR] Engine:466 - C:\Users\Admin\.stm32cubemx\thirdparties\pdsc\RealThread.X-CUBE-RT-Thread_Nano.4.1.1.pdsc: PDSC version is not supported
2026-07-31 13:59:30,319 [WARN] PackLoader:240 - Cannot read IP mode file for STMicroelectronics.FP-ATR-SIGFOX1.3.2.0
2026-07-31 13:59:30,323 [ERROR] Engine:466 - C:\Users\Admin\.stm32cubemx\thirdparties\pdsc\STMicroelectronics.X-CUBE-FREERTOS.1.5.0.pdsc: PDSC version is not supported
2026-07-31 13:59:30,330 [WARN] PackLoader:240 - Cannot read IP mode file for ITTIA_DB.I-CUBE-ITTIADB.8.9.0
2026-07-31 13:59:30,333 [ERROR] Engine:466 - C:\Users\Admin\.stm32cubemx\thirdparties\pdsc\Cesanta.I-CUBE-Mongoose.7.21.7.pdsc: PDSC version is not supported
2026-07-31 13:59:30,339 [WARN] PackLoader:240 - Cannot read IP mode file for STMicroelectronics.X-CUBE-AI.10.2.1
2026-07-31 13:59:30,377 [INFO] WebApp:157 - Instantiating new browser for Auth
2026-07-31 13:59:30,416 [WARN] PackLoader:240 - Cannot read IP mode file for STMicroelectronics.X-CUBE-MEMS1.12.1.0
2026-07-31 13:59:30,623 [WARN] PackLoader:240 - Cannot read IP mode file for SEGGER.I-CUBE-embOS.1.3.1
2026-07-31 13:59:30,673 [WARN] PackLoader:240 - Cannot read IP mode file for STMicroelectronics.X-CUBE-ALGOBUILD.1.4.0
2026-07-31 13:59:30,682 [WARN] PackLoader:240 - Cannot read IP mode file for STMicroelectronics.X-CUBE-NFC13.1.0.0
2026-07-31 13:59:30,700 [WARN] PackLoader:240 - Cannot read IP mode file for STMicroelectronics.X-CUBE-AZRTOS-F4.1.1.0
2026-07-31 13:59:30,706 [ERROR] Engine:466 - C:\Users\Admin\.stm32cubemx\thirdparties\pdsc\STMicroelectronics.eDS-WB_DPC_TT-BIDIR.2.1.1.pdsc: PDSC version is not supported
2026-07-31 13:59:30,715 [WARN] PackLoader:240 - Cannot read IP mode file for STMicroelectronics.X-CUBE-ALGOBUILD.1.5.0
2026-07-31 13:59:30,770 [WARN] PackLoader:240 - Cannot read IP mode file for STMicroelectronics.X-CUBE-MEMS1.13.0.0
2026-07-31 13:59:30,882 [ERROR] Engine:466 - C:\Users\Admin\.stm32cubemx\thirdparties\pdsc\STMicroelectronics.eDS-WB_DPC_3PH2L-BIDIR.1.1.1.pdsc: PDSC version is not supported
2026-07-31 13:59:30,890 [WARN] PackLoader:240 - Cannot read IP mode file for STMicroelectronics.X-CUBE-TOUCHGFX.4.26.1
2026-07-31 13:59:30,917 [WARN] ConditionMgr:438 - getConditionDescription Invalid condition id : LAN8742 Phy interface Condition cause : null
2026-07-31 13:59:30,918 [WARN] PackLoader:240 - Cannot read IP mode file for STMicroelectronics.X-CUBE-AZRTOS-L4.2.0.0
2026-07-31 13:59:30,920 [WARN] ConditionMgr:1039 - genDependencies : Invalid condition id : LAN8742 Phy interface Condition cause : null
2026-07-31 13:59:30,921 [WARN] ConditionMgr:1039 - genDependencies : Invalid condition id : LAN8742 Phy interface Condition cause : null
2026-07-31 13:59:30,922 [WARN] ConditionMgr:1039 - genDependencies : Invalid condition id : LAN8742 Phy interface Condition cause : null
2026-07-31 13:59:30,932 [WARN] PackLoader:240 - Cannot read IP mode file for STMicroelectronics.X-CUBE-SFXS2LP1.4.0.0
2026-07-31 13:59:30,937 [ERROR] Engine:466 - C:\Users\Admin\.stm32cubemx\thirdparties\pdsc\quantropi.X-CUBE-qispace-sdk-base.2.1.0.pdsc: PDSC version is not supported
2026-07-31 13:59:30,950 [WARN] PackLoader:240 - Cannot read IP mode file for STMicroelectronics.X-CUBE-SUBG2.5.0.0
2026-07-31 13:59:30,975 [WARN] PackLoader:240 - Cannot read IP mode file for STMicroelectronics.X-CUBE-AZRTOS-G4.2.0.0
2026-07-31 13:59:30,984 [WARN] PackLoader:240 - Cannot read IP mode file for wolfSSL.I-CUBE-wolfSSH.1.4.20
2026-07-31 13:59:30,985 [INFO] ThirdParty:978 - Integrity check success = true
2026-07-31 13:59:30,986 [INFO] IntegrityCheckThread:100 - exiting critical section [integrity check]
2026-07-31 13:59:30,986 [INFO] IntegrityCheckThread:103 - End integrity checks thread
2026-07-31 13:59:31,668 [INFO] WebApp:753 - Register for checkConnection events
2026-07-31 13:59:31,668 [INFO] WebApp:390 - Apply proxy settings
2026-07-31 13:59:31,668 [INFO] WebApp:475 - Chromium requires no authentication
2026-07-31 13:59:31,682 [INFO] WebApp:418 - Direct internet connection detected
2026-07-31 13:59:31,988 [INFO] WebApp:188 - Starting web application
2026-07-31 13:59:31,988 [INFO] WebApp:520 - Web application path used C:\ST\STM32CubeIDE_1.13.1\STM32CubeIDE\plugins\com.st.stm32cube.common.mx_6.9.1.202307191849\db\plugins\mcufinder\reactClient1\index.html
2026-07-31 13:59:53,153 [ERROR] LogOutputStream:75 - [STDERR_REDIRECT] SLF4J: Failed to load class "org.slf4j.impl.StaticLoggerBinder".
2026-07-31 13:59:53,154 [ERROR] LogOutputStream:75 - [STDERR_REDIRECT] SLF4J: Defaulting to no-operation (NOP) logger implementation
2026-07-31 13:59:53,155 [ERROR] LogOutputStream:75 - [STDERR_REDIRECT] SLF4J: See http://www.slf4j.org/codes.html#StaticLoggerBinder for further details.
2026-07-31 14:15:48,242 [INFO] McuFinderGlobals:63 - Set McuFinder mode to 2 (CubeIDE integrated)
2026-07-31 14:15:48,248 [INFO] MainUpdater:2868 - connection check result : 10
2026-07-31 14:15:48,251 [INFO] McuFinderGlobals:76 - Set McuFinderConnectedMode to true
2026-07-31 14:15:49,208 [INFO] ServerAccessManage:473 - Download File mcusAds.json._tmp_
2026-07-31 14:15:49,323 [INFO] LoadUrlFilesThread:156 - End of LoadUrlFiles Thread
2026-07-31 14:15:49,655 [INFO] ServerAccessManage:473 - Download File cube-finder-db.zip
2026-07-31 14:16:21,488 [INFO] FileExtend:240 - Unzip File : cube-finder-db.zip
2026-07-31 14:16:21,489 [INFO] FileExtend:255 - Standard Zip Deflate
2026-07-31 14:16:22,882 [INFO] LoadUrlFilesThread:156 - End of LoadUrlFiles Thread
2026-07-31 14:16:44,579 [ERROR] ServerAccessManage:1172 - Problem during Server Connection :  IO error Connection timed out: no further information
2026-07-31 14:16:44,580 [ERROR] ServerAccessManage:651 - Problem during Server Connection :  : crdb.zip.
2026-07-31 14:16:47,304 [INFO] LoadUrlFilesThread:156 - End of LoadUrlFiles Thread
2026-07-31 14:16:48,418 [INFO] DbMcusAds:53 - JSON generation date=Wed Jul 15 16:44:54 GMT+07:00 2026 (1784108694001)
2026-07-31 14:16:48,492 [ERROR] TargetSelectorAdapter:267 - Unable to refresh data
2026-07-31 14:16:48,826 [INFO] ApiDb:581 - Connected to CubeFinder SQLite database (C:\Users\Admin\.stmcufinder\plugins\mcufinder\mcu\cube-finder-db.db)
2026-07-31 14:16:48,989 [INFO] ApiDb:668 - CubeFinder database Data Model version=2.1
2026-07-31 14:16:48,990 [INFO] ApiDb:669 - CubeFinder database Configuration version=3.0.42
2026-07-31 14:16:48,993 [INFO] ApiDb:670 - CubeFinder database generation date=2026-06-23 (1782213372)
2026-07-31 14:16:48,993 [INFO] ApiDb:671 - CubeFinder database FW Pack versions=[FP-ATR-ASTRA1_V2.0.0, FP-SNS-FLIGHT1_V5.1.0, FP-SNS-MOTENV1_V5.1.0, FP-SNS-MOTENVWB1_V1.5.0, FP-SNS-SMARTAG2_V1.2.0, FP-SNS-STBOX1_V2.1.0, STM32Cube_FW_C0_V1.4.0, STM32Cube_FW_F4_V1.28.3, STM32Cube_FW_F7_V1.17.4, STM32Cube_FW_G0_V1.6.3, STM32Cube_FW_G4_V1.6.2, STM32Cube_FW_H5_V1.7.0, STM32Cube_FW_H7RS_V1.3.0, STM32Cube_FW_H7_V1.13.0, STM32Cube_FW_L0_V1.12.2, STM32Cube_FW_L4_V1.18.2, STM32Cube_FW_L5_V1.6.0, STM32Cube_FW_N6_V1.4.0, STM32Cube_FW_U0_V1.3.0, STM32Cube_FW_U3_V1.4.0, STM32Cube_FW_U5_V1.9.0, STM32Cube_FW_WB0_V1.5.0, STM32Cube_FW_WBA_V1.10.0, STM32Cube_FW_WB_V1.24.0, STM32Cube_FW_WL3_V1.5.0, STM32Cube_FW_WL_V1.6.0, X-CUBE-ALGOBUILD_V1.5.0, X-CUBE-ALS_V1.0.2, X-CUBE-AZRTOS-F4_V1.1.0, X-CUBE-AZRTOS-F7_V1.1.0, X-CUBE-AZRTOS-G0_V1.1.0, X-CUBE-AZRTOS-G4_V2.0.0, X-CUBE-AZRTOS-H7RS_V1.1.0, X-CUBE-AZRTOS-H7_V3.5.0, X-CUBE-AZRTOS-L4_V2.0.0, X-CUBE-AZRTOS-L5_V2.0.0, X-CUBE-AZRTOS-WB_V2.0.0, X-CUBE-AZRTOS-WL_V2.0.0, X-CUBE-BLE1_V7.1.0, X-CUBE-BLE2_V3.3.0, X-CUBE-BLEMGR_V4.1.0, X-CUBE-EEPRMA1_V5.2.0, X-CUBE-FREERTOS_V1.5.0, X-CUBE-GNSS1_V7.1.1, X-CUBE-MEMS1_V12.1.0, X-CUBE-NFC4_V3.0.0, X-CUBE-NFC7_V2.0.0, X-CUBE-SFXS2LP1_V4.0.0, X-CUBE-ST67W61_V1.3.0, X-CUBE-SUBG2_V5.0.0, X-CUBE-TOF1_V3.4.3]
2026-07-31 14:16:49,108 [INFO] DbBoardsSqlite:226 - include board P-NUCLEO-WB55-NUCLEO as a kit item of type 'Nucleo-64'
2026-07-31 14:16:49,109 [INFO] DbBoardsSqlite:226 - include board P-NUCLEO-WB55-USBDONGLE as a kit item of type 'Nucleo USB Dongle'
2026-07-31 14:16:49,109 [INFO] DbBoardsSqlite:226 - include board STEVAL-IDP005V1 as a kit item of type 'Evaluation Board'
2026-07-31 14:16:49,109 [INFO] DbBoardsSqlite:226 - include board STEVAL-IDP005V2 as a kit item of type 'Evaluation Board'
2026-07-31 14:16:49,254 [INFO] ApiDb:240 - Found 323 in-development CPN: [B-G473E-ZEST1S, B-WB1M-WPAN1, B-WL5M-SUBG1, NUCLEO-C031C6, NUCLEO-H503RB, NUCLEO-H563ZI, NUCLEO-U545RE-Q, NUCLEO-U5A5ZJ-Q, NUCLEO-WBA52CG, STEVAL-PROTEUS1, STEVAL-SMARTAG2, STEVAL-STWINBX1, STM320518-EVAL, STM32C0116-DK, STM32C011D6Y3TR, STM32C011D6Y6TR, STM32C011F4P3, STM32C011F4P6, STM32C011F4U3, STM32C011F4U6TR, STM32C011F6P3, STM32C011F6P6, STM32C011F6U3, STM32C011F6U6TR, STM32C011J4M3, STM32C011J4M6, STM32C011J6M3, STM32C011J6M6, STM32C0316-DK, STM32C031C4T3, STM32C031C4T6, STM32C031C4U3, STM32C031C4U6, STM32C031C6T3, STM32C031C6T6, STM32C031C6U3, STM32C031C6U6, STM32C031F4P3, STM32C031F4P6, STM32C031F6P3, STM32C031F6P6, STM32C031G4U3, STM32C031G4U6, STM32C031G6U3, STM32C031G6U6, STM32C031K4T3, STM32C031K4T6, STM32C031K4U3, STM32C031K4U6, STM32C031K6T3, STM32C031K6T6, STM32C031K6U3, STM32C031K6U6, STM32G071K8TXN, STM32G071K8UXN, STM32G081GBU6N, STM32G081KBT6N, STM32G081KBUXN, STM32G0B1CCT6N, STM32G0B1KCT6, STM32G0B1NEY6TR, STM32G0B1RCT6N, STM32G0C1CCT6, STM32G0C1CCT6N, STM32G0C1CCU6N, STM32G0C1CET6N, STM32G0C1CEU6N, STM32G0C1KCT6, STM32G0C1NEY6TR, STM32G0C1RCI6N, STM32G0C1RCT6N, STM32G0C1REI6N, STM32G0C1RET6N, STM32G0C1VCI6, STM32G0C1VEI6, STM32G471CCT6, STM32G471CCU6, STM32G471CET3, STM32G471CET6, STM32G471CEU3, STM32G471CEU6, STM32G471MCT6, STM32G471MET3, STM32G471MET6, STM32G471MEY6TR, STM32G471QCT6, STM32G471QET3, STM32G471RCT6, STM32G471RET3, STM32G471RET6, STM32G471VCH6, STM32G471VCI6, STM32G471VCT6, STM32G471VEH3, STM32G471VEH6, STM32G471VEI3, STM32G471VEI6, STM32G471VET3, STM32G471VET6, STM32G474CCT6, STM32H503CBT6, STM32H503CBU6, STM32H503EBY6TR, STM32H503KBU6, STM32H503RBT6, STM32H562AGI6, STM32H562AII6, STM32H562IGK6, STM32H562IGT6, STM32H562IIK6, STM32H562IIT6, STM32H562RGT6, STM32H562RGV6, STM32H562RIT6, STM32H562RIV6, STM32H562VGT6, STM32H562VIT6, STM32H562ZGT6, STM32H562ZIT6, STM32H563AGI6, STM32H563AII3Q, STM32H563AII6, STM32H563IGK6, STM32H563IGT6, STM32H563IIK3Q, STM32H563IIK6, STM32H563IIT3Q, STM32H563IIT6, STM32H563MIY3QTR, STM32H563RGT6, STM32H563RGV6, STM32H563RIT6, STM32H563RIV6, STM32H563VGT6, STM32H563VIT3Q, STM32H563VIT6, STM32H563ZGT6, STM32H563ZIT3Q, STM32H563ZIT6, STM32H573AII3Q, STM32H573AII6, STM32H573I-DK, STM32H573IIK3Q, STM32H573IIK6, STM32H573IIT3Q, STM32H573IIT6, STM32H573MIY3QTR, STM32H573RIT6, STM32H573RIV6, STM32H573VIT3Q, STM32H573VIT6, STM32H573ZIT3Q, STM32H573ZIT6, STM32L4R5QGI6STR, STM32MP131AAE3, STM32MP131AAF3, STM32MP131AAG3, STM32MP131CAE3, STM32MP131CAF3, STM32MP131CAG3, STM32MP131DAE7, STM32MP131DAF7, STM32MP131DAG7, STM32MP131FAE7, STM32MP131FAF7, STM32MP131FAG7, STM32MP133AAE3, STM32MP133AAF3, STM32MP133AAG3, STM32MP133CAE3, STM32MP133CAF3, STM32MP133CAG3, STM32MP133DAE7, STM32MP133DAF7, STM32MP133DAG7, STM32MP133FAE7, STM32MP133FAF7, STM32MP133FAG7, STM32MP135AAE3, STM32MP135AAF3, STM32MP135AAG3, STM32MP135CAE3, STM32MP135CAF3, STM32MP135CAG3, STM32MP135DAE7, STM32MP135DAF7, STM32MP135DAG7, STM32MP135F-DK, STM32MP135FAE7, STM32MP135FAF7, STM32MP135FAF7T, STM32MP135FAF7U, STM32MP135FAG7, STM32U535CBT6, STM32U535CBT6Q, STM32U535CBU6, STM32U535CBU6Q, STM32U535CCT6, STM32U535CCT6Q, STM32U535CCU6, STM32U535CCU6Q, STM32U535CET6, STM32U535CET6Q, STM32U535CEU6, STM32U535CEU6Q, STM32U535JEY6QTR, STM32U535NCY6QTR, STM32U535NEY6QTR, STM32U535RBI6, STM32U535RBI6Q, STM32U535RBT6, STM32U535RBT6Q, STM32U535RCI6, STM32U535RCI6Q, STM32U535RCT6, STM32U535RCT6Q, STM32U535REI6, STM32U535REI6Q, STM32U535RET6, STM32U535RET6Q, STM32U535VCI6, STM32U535VCI6Q, STM32U535VCT6, STM32U535VCT6Q, STM32U535VEI6, STM32U535VEI6Q, STM32U535VET6, STM32U535VET6Q, STM32U545CET6, STM32U545CET6Q, STM32U545CEU6, STM32U545CEU6Q, STM32U545JEY6QTR, STM32U545NEY6QTR, STM32U545REI6, STM32U545REI6Q, STM32U545RET6, STM32U545RET6Q, STM32U545VEI6, STM32U545VEI6Q, STM32U545VET6, STM32U545VET6Q, STM32U595AIH6, STM32U595AIH6Q, STM32U595AJH6, STM32U595AJH6Q, STM32U595QII6, STM32U595QII6Q, STM32U595QJI6, STM32U595QJI6Q, STM32U595RIT6, STM32U595RIT6Q, STM32U595RJT6, STM32U595RJT6Q, STM32U595VIT6, STM32U595VIT6Q, STM32U595VJT6, STM32U595VJT6Q, STM32U595ZIT6, STM32U595ZIT6Q, STM32U595ZIY6QTR, STM32U595ZJT6, STM32U595ZJT6Q, STM32U595ZJY6QTR, STM32U599BJY6QTR, STM32U599NIH6Q, STM32U599NJH6Q, STM32U599VIT6Q, STM32U599VJT6, STM32U599VJT6Q, STM32U599ZIT6Q, STM32U599ZIY6QTR, STM32U599ZJT6Q, STM32U599ZJY6QTR, STM32U5A5AJH6, STM32U5A5AJH6Q, STM32U5A5QJI6, STM32U5A5QJI6Q, STM32U5A5RJT6, STM32U5A5RJT6Q, STM32U5A5VJT6, STM32U5A5VJT6Q, STM32U5A5ZJT6, STM32U5A5ZJT6Q, STM32U5A5ZJY6QTR, STM32U5A9BJY6QTR, STM32U5A9J-DK, STM32U5A9NJH6Q, STM32U5A9VJT6Q, STM32U5A9ZJT6Q, STM32U5A9ZJY6QTR, STM32U5F7VIT6, STM32U5F7VIT6Q, STM32U5F7VJT6, STM32U5F7VJT6Q, STM32U5F9BJY6QTR, STM32U5F9NJH6Q, STM32U5F9VIT6Q, STM32U5F9VJT6Q, STM32U5F9ZIJ6QTR, STM32U5F9ZIT6Q, STM32U5F9ZJJ6QTR, STM32U5F9ZJT6Q, STM32U5G7VJT6, STM32U5G7VJT6Q, STM32U5G9BJY6QTR, STM32U5G9J-DK1, STM32U5G9J-DK2, STM32U5G9NJH6Q, STM32U5G9VJT6Q, STM32U5G9ZJJ6QTR, STM32U5G9ZJT6Q, STM32WB1MMCH6, STM32WBA52CEU6, STM32WBA52CEU6T, STM32WBA52CGU6, STM32WBA52CGU6T, STM32WBA52KEU6, STM32WBA52KEU6T, STM32WBA52KGU6, STM32WBA52KGU6T, STM32WL5MOCH6, STM32WL5MOCH6TR]
2026-07-31 14:16:49,260 [INFO] ApiDb:668 - CubeFinder database Data Model version=2.1
2026-07-31 14:16:49,260 [INFO] ApiDb:669 - CubeFinder database Configuration version=3.0.42
2026-07-31 14:16:49,260 [INFO] ApiDb:670 - CubeFinder database generation date=2026-06-23 (1782213372)
2026-07-31 14:16:49,260 [INFO] ApiDb:671 - CubeFinder database FW Pack versions=[FP-ATR-ASTRA1_V2.0.0, FP-SNS-FLIGHT1_V5.1.0, FP-SNS-MOTENV1_V5.1.0, FP-SNS-MOTENVWB1_V1.5.0, FP-SNS-SMARTAG2_V1.2.0, FP-SNS-STBOX1_V2.1.0, STM32Cube_FW_C0_V1.4.0, STM32Cube_FW_F4_V1.28.3, STM32Cube_FW_F7_V1.17.4, STM32Cube_FW_G0_V1.6.3, STM32Cube_FW_G4_V1.6.2, STM32Cube_FW_H5_V1.7.0, STM32Cube_FW_H7RS_V1.3.0, STM32Cube_FW_H7_V1.13.0, STM32Cube_FW_L0_V1.12.2, STM32Cube_FW_L4_V1.18.2, STM32Cube_FW_L5_V1.6.0, STM32Cube_FW_N6_V1.4.0, STM32Cube_FW_U0_V1.3.0, STM32Cube_FW_U3_V1.4.0, STM32Cube_FW_U5_V1.9.0, STM32Cube_FW_WB0_V1.5.0, STM32Cube_FW_WBA_V1.10.0, STM32Cube_FW_WB_V1.24.0, STM32Cube_FW_WL3_V1.5.0, STM32Cube_FW_WL_V1.6.0, X-CUBE-ALGOBUILD_V1.5.0, X-CUBE-ALS_V1.0.2, X-CUBE-AZRTOS-F4_V1.1.0, X-CUBE-AZRTOS-F7_V1.1.0, X-CUBE-AZRTOS-G0_V1.1.0, X-CUBE-AZRTOS-G4_V2.0.0, X-CUBE-AZRTOS-H7RS_V1.1.0, X-CUBE-AZRTOS-H7_V3.5.0, X-CUBE-AZRTOS-L4_V2.0.0, X-CUBE-AZRTOS-L5_V2.0.0, X-CUBE-AZRTOS-WB_V2.0.0, X-CUBE-AZRTOS-WL_V2.0.0, X-CUBE-BLE1_V7.1.0, X-CUBE-BLE2_V3.3.0, X-CUBE-BLEMGR_V4.1.0, X-CUBE-EEPRMA1_V5.2.0, X-CUBE-FREERTOS_V1.5.0, X-CUBE-GNSS1_V7.1.1, X-CUBE-MEMS1_V12.1.0, X-CUBE-NFC4_V3.0.0, X-CUBE-NFC7_V2.0.0, X-CUBE-SFXS2LP1_V4.0.0, X-CUBE-ST67W61_V1.3.0, X-CUBE-SUBG2_V5.0.0, X-CUBE-TOF1_V3.4.3]
2026-07-31 14:16:54,359 [INFO] ApiDb:240 - Found 323 in-development CPN: [B-G473E-ZEST1S, B-WB1M-WPAN1, B-WL5M-SUBG1, NUCLEO-C031C6, NUCLEO-H503RB, NUCLEO-H563ZI, NUCLEO-U545RE-Q, NUCLEO-U5A5ZJ-Q, NUCLEO-WBA52CG, STEVAL-PROTEUS1, STEVAL-SMARTAG2, STEVAL-STWINBX1, STM320518-EVAL, STM32C0116-DK, STM32C011D6Y3TR, STM32C011D6Y6TR, STM32C011F4P3, STM32C011F4P6, STM32C011F4U3, STM32C011F4U6TR, STM32C011F6P3, STM32C011F6P6, STM32C011F6U3, STM32C011F6U6TR, STM32C011J4M3, STM32C011J4M6, STM32C011J6M3, STM32C011J6M6, STM32C0316-DK, STM32C031C4T3, STM32C031C4T6, STM32C031C4U3, STM32C031C4U6, STM32C031C6T3, STM32C031C6T6, STM32C031C6U3, STM32C031C6U6, STM32C031F4P3, STM32C031F4P6, STM32C031F6P3, STM32C031F6P6, STM32C031G4U3, STM32C031G4U6, STM32C031G6U3, STM32C031G6U6, STM32C031K4T3, STM32C031K4T6, STM32C031K4U3, STM32C031K4U6, STM32C031K6T3, STM32C031K6T6, STM32C031K6U3, STM32C031K6U6, STM32G071K8TXN, STM32G071K8UXN, STM32G081GBU6N, STM32G081KBT6N, STM32G081KBUXN, STM32G0B1CCT6N, STM32G0B1KCT6, STM32G0B1NEY6TR, STM32G0B1RCT6N, STM32G0C1CCT6, STM32G0C1CCT6N, STM32G0C1CCU6N, STM32G0C1CET6N, STM32G0C1CEU6N, STM32G0C1KCT6, STM32G0C1NEY6TR, STM32G0C1RCI6N, STM32G0C1RCT6N, STM32G0C1REI6N, STM32G0C1RET6N, STM32G0C1VCI6, STM32G0C1VEI6, STM32G471CCT6, STM32G471CCU6, STM32G471CET3, STM32G471CET6, STM32G471CEU3, STM32G471CEU6, STM32G471MCT6, STM32G471MET3, STM32G471MET6, STM32G471MEY6TR, STM32G471QCT6, STM32G471QET3, STM32G471RCT6, STM32G471RET3, STM32G471RET6, STM32G471VCH6, STM32G471VCI6, STM32G471VCT6, STM32G471VEH3, STM32G471VEH6, STM32G471VEI3, STM32G471VEI6, STM32G471VET3, STM32G471VET6, STM32G474CCT6, STM32H503CBT6, STM32H503CBU6, STM32H503EBY6TR, STM32H503KBU6, STM32H503RBT6, STM32H562AGI6, STM32H562AII6, STM32H562IGK6, STM32H562IGT6, STM32H562IIK6, STM32H562IIT6, STM32H562RGT6, STM32H562RGV6, STM32H562RIT6, STM32H562RIV6, STM32H562VGT6, STM32H562VIT6, STM32H562ZGT6, STM32H562ZIT6, STM32H563AGI6, STM32H563AII3Q, STM32H563AII6, STM32H563IGK6, STM32H563IGT6, STM32H563IIK3Q, STM32H563IIK6, STM32H563IIT3Q, STM32H563IIT6, STM32H563MIY3QTR, STM32H563RGT6, STM32H563RGV6, STM32H563RIT6, STM32H563RIV6, STM32H563VGT6, STM32H563VIT3Q, STM32H563VIT6, STM32H563ZGT6, STM32H563ZIT3Q, STM32H563ZIT6, STM32H573AII3Q, STM32H573AII6, STM32H573I-DK, STM32H573IIK3Q, STM32H573IIK6, STM32H573IIT3Q, STM32H573IIT6, STM32H573MIY3QTR, STM32H573RIT6, STM32H573RIV6, STM32H573VIT3Q, STM32H573VIT6, STM32H573ZIT3Q, STM32H573ZIT6, STM32L4R5QGI6STR, STM32MP131AAE3, STM32MP131AAF3, STM32MP131AAG3, STM32MP131CAE3, STM32MP131CAF3, STM32MP131CAG3, STM32MP131DAE7, STM32MP131DAF7, STM32MP131DAG7, STM32MP131FAE7, STM32MP131FAF7, STM32MP131FAG7, STM32MP133AAE3, STM32MP133AAF3, STM32MP133AAG3, STM32MP133CAE3, STM32MP133CAF3, STM32MP133CAG3, STM32MP133DAE7, STM32MP133DAF7, STM32MP133DAG7, STM32MP133FAE7, STM32MP133FAF7, STM32MP133FAG7, STM32MP135AAE3, STM32MP135AAF3, STM32MP135AAG3, STM32MP135CAE3, STM32MP135CAF3, STM32MP135CAG3, STM32MP135DAE7, STM32MP135DAF7, STM32MP135DAG7, STM32MP135F-DK, STM32MP135FAE7, STM32MP135FAF7, STM32MP135FAF7T, STM32MP135FAF7U, STM32MP135FAG7, STM32U535CBT6, STM32U535CBT6Q, STM32U535CBU6, STM32U535CBU6Q, STM32U535CCT6, STM32U535CCT6Q, STM32U535CCU6, STM32U535CCU6Q, STM32U535CET6, STM32U535CET6Q, STM32U535CEU6, STM32U535CEU6Q, STM32U535JEY6QTR, STM32U535NCY6QTR, STM32U535NEY6QTR, STM32U535RBI6, STM32U535RBI6Q, STM32U535RBT6, STM32U535RBT6Q, STM32U535RCI6, STM32U535RCI6Q, STM32U535RCT6, STM32U535RCT6Q, STM32U535REI6, STM32U535REI6Q, STM32U535RET6, STM32U535RET6Q, STM32U535VCI6, STM32U535VCI6Q, STM32U535VCT6, STM32U535VCT6Q, STM32U535VEI6, STM32U535VEI6Q, STM32U535VET6, STM32U535VET6Q, STM32U545CET6, STM32U545CET6Q, STM32U545CEU6, STM32U545CEU6Q, STM32U545JEY6QTR, STM32U545NEY6QTR, STM32U545REI6, STM32U545REI6Q, STM32U545RET6, STM32U545RET6Q, STM32U545VEI6, STM32U545VEI6Q, STM32U545VET6, STM32U545VET6Q, STM32U595AIH6, STM32U595AIH6Q, STM32U595AJH6, STM32U595AJH6Q, STM32U595QII6, STM32U595QII6Q, STM32U595QJI6, STM32U595QJI6Q, STM32U595RIT6, STM32U595RIT6Q, STM32U595RJT6, STM32U595RJT6Q, STM32U595VIT6, STM32U595VIT6Q, STM32U595VJT6, STM32U595VJT6Q, STM32U595ZIT6, STM32U595ZIT6Q, STM32U595ZIY6QTR, STM32U595ZJT6, STM32U595ZJT6Q, STM32U595ZJY6QTR, STM32U599BJY6QTR, STM32U599NIH6Q, STM32U599NJH6Q, STM32U599VIT6Q, STM32U599VJT6, STM32U599VJT6Q, STM32U599ZIT6Q, STM32U599ZIY6QTR, STM32U599ZJT6Q, STM32U599ZJY6QTR, STM32U5A5AJH6, STM32U5A5AJH6Q, STM32U5A5QJI6, STM32U5A5QJI6Q, STM32U5A5RJT6, STM32U5A5RJT6Q, STM32U5A5VJT6, STM32U5A5VJT6Q, STM32U5A5ZJT6, STM32U5A5ZJT6Q, STM32U5A5ZJY6QTR, STM32U5A9BJY6QTR, STM32U5A9J-DK, STM32U5A9NJH6Q, STM32U5A9VJT6Q, STM32U5A9ZJT6Q, STM32U5A9ZJY6QTR, STM32U5F7VIT6, STM32U5F7VIT6Q, STM32U5F7VJT6, STM32U5F7VJT6Q, STM32U5F9BJY6QTR, STM32U5F9NJH6Q, STM32U5F9VIT6Q, STM32U5F9VJT6Q, STM32U5F9ZIJ6QTR, STM32U5F9ZIT6Q, STM32U5F9ZJJ6QTR, STM32U5F9ZJT6Q, STM32U5G7VJT6, STM32U5G7VJT6Q, STM32U5G9BJY6QTR, STM32U5G9J-DK1, STM32U5G9J-DK2, STM32U5G9NJH6Q, STM32U5G9VJT6Q, STM32U5G9ZJJ6QTR, STM32U5G9ZJT6Q, STM32WB1MMCH6, STM32WBA52CEU6, STM32WBA52CEU6T, STM32WBA52CGU6, STM32WBA52CGU6T, STM32WBA52KEU6, STM32WBA52KEU6T, STM32WBA52KGU6, STM32WBA52KGU6T, STM32WL5MOCH6, STM32WL5MOCH6TR]
2026-07-31 14:16:54,368 [INFO] DbMcus:217 - Found 5228 MCUs, 5075 are supported
2026-07-31 14:16:54,369 [INFO] ApiDb:423 - Load user favorites file C:\Users\Admin/.stm32cubeide/favorites.mcus.txt: 4 item(s)
2026-07-31 14:16:54,370 [INFO] ApiDb:427 - User favorites MCUs=[STM32F103C8T6, STM32F405RGT6, STM32F411CEU6, STM32H523CET6]
2026-07-31 14:16:54,372 [INFO] DbMcus:223 - Set 4 / 4 favorites MCUs
2026-07-31 14:16:55,543 [INFO] BoardInfo:880 - No configuration file found for board B-WBA5M-WPAN
2026-07-31 14:16:55,544 [INFO] DbBoards:157 - Board is not supported: B-WBA5M-WPAN
2026-07-31 14:16:55,550 [INFO] BoardInfo:880 - No configuration file found for board NUCLEO-C051C8
2026-07-31 14:16:55,550 [INFO] DbBoards:157 - Board is not supported: NUCLEO-C051C8
2026-07-31 14:16:55,552 [INFO] BoardInfo:880 - No configuration file found for board NUCLEO-C071RB
2026-07-31 14:16:55,552 [INFO] DbBoards:157 - Board is not supported: NUCLEO-C071RB
2026-07-31 14:16:55,554 [INFO] BoardInfo:880 - No configuration file found for board NUCLEO-C092RC
2026-07-31 14:16:55,554 [INFO] DbBoards:157 - Board is not supported: NUCLEO-C092RC
2026-07-31 14:16:55,635 [INFO] BoardInfo:880 - No configuration file found for board NUCLEO-H533RE
2026-07-31 14:16:55,635 [INFO] DbBoards:157 - Board is not supported: NUCLEO-H533RE
2026-07-31 14:16:55,639 [INFO] BoardInfo:880 - No configuration file found for board NUCLEO-H5E5ZJ
2026-07-31 14:16:55,639 [INFO] DbBoards:157 - Board is not supported: NUCLEO-H5E5ZJ
2026-07-31 14:16:55,653 [INFO] BoardInfo:880 - No configuration file found for board NUCLEO-H7S3L8
2026-07-31 14:16:55,654 [INFO] DbBoards:157 - Board is not supported: NUCLEO-H7S3L8
2026-07-31 14:16:55,695 [INFO] BoardInfo:880 - No configuration file found for board NUCLEO-N657X0-Q
2026-07-31 14:16:55,695 [INFO] DbBoards:157 - Board is not supported: NUCLEO-N657X0-Q
2026-07-31 14:16:55,696 [INFO] BoardInfo:880 - No configuration file found for board NUCLEO-U031R8
2026-07-31 14:16:55,697 [INFO] DbBoards:157 - Board is not supported: NUCLEO-U031R8
2026-07-31 14:16:55,698 [INFO] BoardInfo:880 - No configuration file found for board NUCLEO-U083RC
2026-07-31 14:16:55,698 [INFO] DbBoards:157 - Board is not supported: NUCLEO-U083RC
2026-07-31 14:16:55,700 [INFO] BoardInfo:880 - No configuration file found for board NUCLEO-U385RG-Q
2026-07-31 14:16:55,700 [INFO] DbBoards:157 - Board is not supported: NUCLEO-U385RG-Q
2026-07-31 14:16:55,704 [INFO] BoardInfo:880 - No configuration file found for board NUCLEO-U3C5ZI-Q
2026-07-31 14:16:55,705 [INFO] DbBoards:157 - Board is not supported: NUCLEO-U3C5ZI-Q
2026-07-31 14:16:55,712 [INFO] BoardInfo:880 - No configuration file found for board NUCLEO-WB05KZ
2026-07-31 14:16:55,712 [INFO] DbBoards:157 - Board is not supported: NUCLEO-WB05KZ
2026-07-31 14:16:55,713 [INFO] BoardInfo:880 - No configuration file found for board NUCLEO-WB07CC
2026-07-31 14:16:55,713 [INFO] DbBoards:157 - Board is not supported: NUCLEO-WB07CC
2026-07-31 14:16:55,715 [INFO] BoardInfo:880 - No configuration file found for board NUCLEO-WB09KE
2026-07-31 14:16:55,715 [INFO] DbBoards:157 - Board is not supported: NUCLEO-WB09KE
2026-07-31 14:16:55,720 [INFO] BoardInfo:880 - No configuration file found for board NUCLEO-WBA25CE1
2026-07-31 14:16:55,720 [INFO] DbBoards:157 - Board is not supported: NUCLEO-WBA25CE1
2026-07-31 14:16:55,724 [INFO] BoardInfo:880 - No configuration file found for board NUCLEO-WBA55CG
2026-07-31 14:16:55,724 [INFO] DbBoards:157 - Board is not supported: NUCLEO-WBA55CG
2026-07-31 14:16:55,726 [INFO] BoardInfo:880 - No configuration file found for board NUCLEO-WBA65RI
2026-07-31 14:16:55,726 [INFO] DbBoards:157 - Board is not supported: NUCLEO-WBA65RI
2026-07-31 14:16:55,727 [INFO] BoardInfo:880 - No configuration file found for board NUCLEO-WL33CC1
2026-07-31 14:16:55,727 [INFO] DbBoards:157 - Board is not supported: NUCLEO-WL33CC1
2026-07-31 14:16:55,729 [INFO] BoardInfo:880 - No configuration file found for board NUCLEO-WL33CC2
2026-07-31 14:16:55,729 [INFO] DbBoards:157 - Board is not supported: NUCLEO-WL33CC2
2026-07-31 14:16:55,731 [INFO] BoardInfo:880 - No configuration file found for board NUCLEO-WL3RKB1
2026-07-31 14:16:55,731 [INFO] DbBoards:157 - Board is not supported: NUCLEO-WL3RKB1
2026-07-31 14:16:55,734 [INFO] BoardInfo:880 - No configuration file found for board NUCLEO-WL3RKB2
2026-07-31 14:16:55,734 [INFO] DbBoards:157 - Board is not supported: NUCLEO-WL3RKB2
2026-07-31 14:16:55,744 [INFO] BoardInfo:880 - No configuration file found for board P-NUCLEO-WB55
2026-07-31 14:16:55,745 [INFO] DbBoards:157 - Kit is not supported: P-NUCLEO-WB55
2026-07-31 14:16:55,752 [INFO] BoardInfo:880 - No configuration file found for board STEVAL-BFA001V1B
2026-07-31 14:16:55,752 [INFO] DbBoards:157 - Kit is not supported: STEVAL-BFA001V1B
2026-07-31 14:16:55,754 [INFO] BoardInfo:880 - No configuration file found for board STEVAL-BFA001V2B
2026-07-31 14:16:55,755 [INFO] DbBoards:157 - Kit is not supported: STEVAL-BFA001V2B
2026-07-31 14:16:55,759 [INFO] BoardInfo:880 - No configuration file found for board STEVAL-MKBOXPRO
2026-07-31 14:16:55,760 [INFO] DbBoards:157 - Board is not supported: STEVAL-MKBOXPRO
2026-07-31 14:16:55,875 [INFO] BoardInfo:880 - No configuration file found for board STM32H5F5J-DK
2026-07-31 14:16:55,876 [INFO] DbBoards:157 - Board is not supported: STM32H5F5J-DK
2026-07-31 14:16:55,903 [INFO] BoardInfo:880 - No configuration file found for board STM32H7S78-DK
2026-07-31 14:16:55,904 [INFO] DbBoards:157 - Board is not supported: STM32H7S78-DK
2026-07-31 14:16:55,943 [INFO] BoardInfo:880 - No configuration file found for board STM32MP215F-DK
2026-07-31 14:16:55,943 [INFO] DbBoards:157 - Board is not supported: STM32MP215F-DK
2026-07-31 14:16:55,945 [INFO] BoardInfo:880 - No configuration file found for board STM32MP257F-DK
2026-07-31 14:16:55,945 [INFO] DbBoards:157 - Board is not supported: STM32MP257F-DK
2026-07-31 14:16:55,947 [INFO] BoardInfo:880 - No configuration file found for board STM32MP257F-EV1
2026-07-31 14:16:55,947 [INFO] DbBoards:157 - Board is not supported: STM32MP257F-EV1
2026-07-31 14:16:55,949 [INFO] BoardInfo:880 - No configuration file found for board STM32N6570-DK
2026-07-31 14:16:55,949 [INFO] DbBoards:157 - Board is not supported: STM32N6570-DK
2026-07-31 14:16:55,952 [INFO] BoardInfo:880 - No configuration file found for board STM32U083C-DK
2026-07-31 14:16:55,952 [INFO] DbBoards:157 - Board is not supported: STM32U083C-DK
2026-07-31 14:16:55,964 [INFO] BoardInfo:880 - No configuration file found for board STM32WBA55G-DK1
2026-07-31 14:16:55,964 [INFO] DbBoards:157 - Board is not supported: STM32WBA55G-DK1
2026-07-31 14:16:55,965 [INFO] BoardInfo:880 - No configuration file found for board STM32WBA65I-DK1
2026-07-31 14:16:55,966 [INFO] DbBoards:157 - Board is not supported: STM32WBA65I-DK1
2026-07-31 14:16:55,966 [INFO] DbBoards:161 - Found 218 boards, 183 are supported
2026-07-31 14:16:55,975 [INFO] ApiDb:423 - Load user favorites file C:\Users\Admin/.stm32cubeide/favorites.boards.txt: 0 item(s)
2026-07-31 14:16:55,975 [INFO] ApiDb:427 - User favorites Boards=[]
2026-07-31 14:16:55,976 [INFO] DbBoards:190 - Set 0 / 0 favorites Boards
2026-07-31 14:16:55,977 [INFO] McuFinderGlobals:76 - Set McuFinderConnectedMode to true
2026-07-31 14:16:56,027 [INFO] MultiScanPanel:200 - Auto-refresh data requested => check proxy status ongoing
2026-07-31 14:16:56,032 [INFO] FinderPluginLoader:95 - Searching for filters in installed packs
2026-07-31 14:16:58,722 [INFO] LoadUrlFilesThread:185 - End of LoadServerUrlFiles without Thread
2026-07-31 14:16:58,747 [INFO] DetailPanel:341 - Set advertising image to C:/Users/Admin/STM32Cube/Repository/\en.stm32h5cubemxbanner.png
2026-07-31 14:18:24,412 [INFO] MainUpdater:2868 - connection check result : 10
2026-07-31 14:18:24,413 [INFO] MainUpdater:2868 - connection check result : 10
2026-07-31 14:18:24,440 [INFO] MicroXplorer:468 - Change Database Path : 
2026-07-31 14:18:24,440 [INFO] MicroXplorer:498 - Change Database Version : DB.6.0.91
2026-07-31 14:18:24,445 [WARN] ThirdParty:871 - waiting for thirdparty lock release [close project]
2026-07-31 14:18:24,446 [INFO] ThirdParty:873 - entering critical section [close project]
2026-07-31 14:18:24,447 [INFO] ThirdParty:883 - exiting critical section [close project]
2026-07-31 14:18:24,449 [INFO] PinOutPanel:1499 - setPackage(No Configuration,No Configuration)
2026-07-31 14:18:24,459 [INFO] UtilMem:75 - Begin LoadConfig() Used Memory: 760274856 Bytes (1073741824)
2026-07-31 14:18:24,462 [INFO] MicroXplorer:468 - Change Database Path : 
2026-07-31 14:18:24,462 [INFO] MicroXplorer:498 - Change Database Version : DB.6.0.91
2026-07-31 14:18:24,462 [INFO] OpenFileManager:308 - Change cursor
2026-07-31 14:18:24,507 [INFO] Mcu:1946 - Initializing MCU STM32F405RGTx STM32F405RGTx STM32F405RGT6
2026-07-31 14:18:27,060 [INFO] Context:659 - Trying to add GPIOservice into a context  which must be forbidden
2026-07-31 14:18:27,753 [INFO] ImportTextPane:194 - (OptionalMessage_ERROR) Unable to find key (Mcu.ThirdPartyNb) in loaded IOC file
2026-07-31 14:18:27,753 [INFO] ImportTextPane:194 - (OptionalMessage_ERROR) Unable to find key (Mcu.PinsNb) in loaded IOC file
2026-07-31 14:18:27,753 [INFO] ImportTextPane:194 - (OptionalMessage_ERROR) Unable to find key (Mcu.IPNb) in loaded IOC file
2026-07-31 14:18:27,879 [INFO] RtosManager:555 - Registered RTOS mode: class=CMSIS, group=RTOS, mode=CMSIS_V1, owner=FREERTOS
2026-07-31 14:18:27,880 [INFO] RtosManager:555 - Registered RTOS mode: class=CMSIS, group=RTOS2, mode=CMSIS_V2, owner=FREERTOS
2026-07-31 14:18:27,880 [INFO] RtosManager:555 - Registered RTOS mode: class=RTOS, group=Core, mode=CMSIS_V1, owner=FREERTOS
2026-07-31 14:18:27,880 [INFO] RtosManager:555 - Registered RTOS mode: class=RTOS, group=Core, mode=CMSIS_V2, owner=FREERTOS
2026-07-31 14:18:27,881 [WARN] ModelIntegratedComponent:184 - Missing modes for component STMicroelectronics:FreeRTOS:0.0.1:STMicroelectronics:RTOS:FreeRTOS:Core:::10.2.0:
2026-07-31 14:18:28,025 [WARN] ModelIntegratedComponent:63 - No mode defined for component null
2026-07-31 14:18:28,025 [WARN] ModelIntegratedComponent:63 - No mode defined for component null
2026-07-31 14:18:28,025 [WARN] ModelIntegratedComponent:63 - No mode defined for component null
2026-07-31 14:18:28,025 [WARN] ModelIntegratedComponent:63 - No mode defined for component null
2026-07-31 14:18:28,025 [WARN] ModelIntegratedComponent:63 - No mode defined for component null
2026-07-31 14:18:28,025 [WARN] ModelIntegratedComponent:63 - No mode defined for component null
2026-07-31 14:18:28,026 [WARN] ModelIntegratedComponent:63 - No mode defined for component null
2026-07-31 14:18:28,026 [WARN] ModelIntegratedComponent:63 - No mode defined for component null
2026-07-31 14:18:28,026 [WARN] ModelIntegratedComponent:63 - No mode defined for component null
2026-07-31 14:18:28,026 [WARN] ModelIntegratedComponent:63 - No mode defined for component null
2026-07-31 14:18:28,026 [WARN] ModelIntegratedComponent:63 - No mode defined for component null
2026-07-31 14:18:28,026 [WARN] ModelIntegratedComponent:63 - No mode defined for component null
2026-07-31 14:18:28,026 [WARN] ModelIntegratedComponent:63 - No mode defined for component null
2026-07-31 14:18:28,026 [WARN] ModelIntegratedComponent:63 - No mode defined for component null
2026-07-31 14:18:28,026 [WARN] ModelIntegratedComponent:63 - No mode defined for component null
2026-07-31 14:18:28,026 [WARN] ModelIntegratedComponent:63 - No mode defined for component null
2026-07-31 14:18:28,026 [WARN] ModelIntegratedComponent:63 - No mode defined for component null
2026-07-31 14:18:28,026 [WARN] ModelIntegratedComponent:63 - No mode defined for component null
2026-07-31 14:18:28,026 [WARN] ModelIntegratedComponent:63 - No mode defined for component null
2026-07-31 14:18:28,026 [WARN] ModelIntegratedComponent:63 - No mode defined for component null
2026-07-31 14:18:28,026 [WARN] ModelIntegratedComponent:63 - No mode defined for component null
2026-07-31 14:18:28,027 [WARN] ModelIntegratedComponent:63 - No mode defined for component null
2026-07-31 14:18:28,027 [WARN] ModelIntegratedComponent:63 - No mode defined for component null
2026-07-31 14:18:28,027 [WARN] ModelIntegratedComponent:63 - No mode defined for component null
2026-07-31 14:18:28,027 [WARN] ModelIntegratedComponent:63 - No mode defined for component null
2026-07-31 14:18:28,027 [WARN] ModelIntegratedComponent:63 - No mode defined for component null
2026-07-31 14:18:28,027 [WARN] ModelIntegratedComponent:63 - No mode defined for component null
2026-07-31 14:18:28,027 [WARN] ModelIntegratedComponent:63 - No mode defined for component null
2026-07-31 14:18:28,027 [WARN] ModelIntegratedComponent:63 - No mode defined for component null
2026-07-31 14:18:28,027 [WARN] ModelIntegratedComponent:63 - No mode defined for component null
2026-07-31 14:18:28,027 [WARN] ModelIntegratedComponent:63 - No mode defined for component null
2026-07-31 14:18:28,028 [WARN] ModelIntegratedComponent:63 - No mode defined for component null
2026-07-31 14:18:28,028 [WARN] ModelIntegratedComponent:63 - No mode defined for component null
2026-07-31 14:18:28,141 [INFO] ThirdPartyModel:298 - Start build external matchings
2026-07-31 14:18:28,654 [INFO] ThirdPartyModel:316 - End build external matchings
2026-07-31 14:18:29,133 [INFO] UtilMem:75 - End LoadConfig() Used Memory: 902741936 Bytes (1073741824)
2026-07-31 14:18:29,327 [WARN] ThirdParty:833 - waiting for thirdparty lock release [change project]
2026-07-31 14:18:29,327 [INFO] ThirdParty:835 - entering critical section [change project]
2026-07-31 14:18:29,327 [INFO] ThirdParty:1030 - CMSIS Pack Vendor :STMicroelectronics USBPD 4.1
2026-07-31 14:18:29,328 [INFO] ThirdParty:1030 - CMSIS Pack Vendor :STMicroelectronics USB_HOST 2.0.0
2026-07-31 14:18:29,328 [INFO] ThirdParty:1030 - CMSIS Pack Vendor :STMicroelectronics FP-ATR-ASTRA1 2.0.3
2026-07-31 14:18:29,328 [INFO] ThirdParty:1030 - CMSIS Pack Vendor :STMicroelectronics X-CUBE-AZRTOS-F4 1.1.0
2026-07-31 14:18:29,328 [INFO] ThirdParty:1030 - CMSIS Pack Vendor :STMicroelectronics LIBJPEG 8.0.0
2026-07-31 14:18:29,328 [INFO] ThirdParty:1030 - CMSIS Pack Vendor :STMicroelectronics FP-ATR-ASTRA1 2.0.2
2026-07-31 14:18:29,328 [INFO] ThirdParty:1030 - CMSIS Pack Vendor :STMicroelectronics X-CUBE-SMBUS 2.1.0
2026-07-31 14:18:29,328 [INFO] ThirdParty:1030 - CMSIS Pack Vendor :wolfSSL I-CUBE-wolfMQTT 1.19.2
2026-07-31 14:18:29,328 [INFO] ThirdParty:1030 - CMSIS Pack Vendor :STMicroelectronics USB_DEVICE 3.0.0
2026-07-31 14:18:29,328 [INFO] ThirdParty:1030 - CMSIS Pack Vendor :STMicroelectronics X-CUBE-AZRTOS-F7 1.1.0
2026-07-31 14:18:29,328 [INFO] ThirdParty:1030 - CMSIS Pack Vendor :STMicroelectronics USB_DEVICE 2.0.0
2026-07-31 14:18:29,328 [INFO] ThirdParty:1030 - CMSIS Pack Vendor :STMicroelectronics X-CUBE-ALGOBUILD 1.5.0
2026-07-31 14:18:29,328 [INFO] ThirdParty:1030 - CMSIS Pack Vendor :STMicroelectronics FreeRTOS 0.0.1
2026-07-31 14:18:29,328 [INFO] ThirdParty:1030 - CMSIS Pack Vendor :STMicroelectronics X-CUBE-AZRTOS-H7RS 1.3.0
2026-07-31 14:18:29,328 [INFO] ThirdParty:1030 - CMSIS Pack Vendor :STMicroelectronics X-CUBE-AZRTOS-G0 1.1.0
2026-07-31 14:18:29,328 [INFO] ThirdParty:1030 - CMSIS Pack Vendor :STMicroelectronics X-CUBE-NFC4 3.0.0
2026-07-31 14:18:29,328 [INFO] ThirdParty:1030 - CMSIS Pack Vendor :STMicroelectronics X-CUBE-SUBG2 5.0.0
2026-07-31 14:18:29,328 [INFO] ThirdParty:1030 - CMSIS Pack Vendor :STMicroelectronics STM32_WPAN 1.0.0
2026-07-31 14:18:29,328 [INFO] ThirdParty:1030 - CMSIS Pack Vendor :STMicroelectronics lwIP 2.0.3
2026-07-31 14:18:29,329 [INFO] ThirdParty:1030 - CMSIS Pack Vendor :STMicroelectronics X-CUBE-MEMS1 13.0.0
2026-07-31 14:18:29,329 [INFO] ThirdParty:1030 - CMSIS Pack Vendor :STMicroelectronics USB_HOST 1.0.0
2026-07-31 14:18:29,329 [INFO] ThirdParty:1030 - CMSIS Pack Vendor :STMicroelectronics X-CUBE-AZRTOS-G4 2.0.0
2026-07-31 14:18:29,329 [INFO] ThirdParty:1030 - CMSIS Pack Vendor :STMicroelectronics PDM2PCM 3.1.0
2026-07-31 14:18:29,329 [INFO] ThirdParty:1030 - CMSIS Pack Vendor :STMicroelectronics PDM2PCM 3.3.0
2026-07-31 14:18:29,329 [INFO] ThirdParty:1030 - CMSIS Pack Vendor :wolfSSL I-CUBE-wolfTPM 3.8.0
2026-07-31 14:18:29,329 [INFO] ThirdParty:1030 - CMSIS Pack Vendor :STMicroelectronics X-CUBE-DISPLAY 3.0.0
2026-07-31 14:18:29,329 [INFO] ThirdParty:1030 - CMSIS Pack Vendor :wolfSSL I-CUBE-wolfSSH 1.4.20
2026-07-31 14:18:29,329 [INFO] ThirdParty:1030 - CMSIS Pack Vendor :wolfSSL I-CUBE-wolfSSL 5.9.1
2026-07-31 14:18:29,329 [INFO] ThirdParty:1030 - CMSIS Pack Vendor :STMicroelectronics FP-ATR-SIGFOX1 3.2.0
2026-07-31 14:18:29,329 [INFO] ThirdParty:1030 - CMSIS Pack Vendor :STMicroelectronics HAL Drivers 0.0.0
2026-07-31 14:18:29,329 [INFO] ThirdParty:1030 - CMSIS Pack Vendor :STMicroelectronics MBEDTLS 2.16.2
2026-07-31 14:18:29,329 [INFO] ThirdParty:1030 - CMSIS Pack Vendor :emotas I-CUBE-CANOPEN 1.3.0
2026-07-31 14:18:29,329 [INFO] ThirdParty:1030 - CMSIS Pack Vendor :STMicroelectronics MBEDTLS 2.14.1
2026-07-31 14:18:29,329 [INFO] ThirdParty:1030 - CMSIS Pack Vendor :ITTIA_DB I-CUBE-ITTIADB 8.9.0
2026-07-31 14:18:29,330 [INFO] ThirdParty:1030 - CMSIS Pack Vendor :STMicroelectronics X-CUBE-TOUCHGFX 4.26.1
2026-07-31 14:18:29,330 [INFO] ThirdParty:1030 - CMSIS Pack Vendor :STMicroelectronics X-CUBE-AI 10.2.1
2026-07-31 14:18:29,330 [INFO] ThirdParty:1030 - CMSIS Pack Vendor :STMicroelectronics ThreadX 1.0.0
2026-07-31 14:18:29,330 [INFO] ThirdParty:1030 - CMSIS Pack Vendor :STMicroelectronics X-CUBE-MEMS1 12.1.0
2026-07-31 14:18:29,330 [INFO] ThirdParty:1030 - CMSIS Pack Vendor :STMicroelectronics X-CUBE-AZRTOS-WL 2.0.0
2026-07-31 14:18:29,330 [INFO] ThirdParty:1030 - CMSIS Pack Vendor :SEGGER I-CUBE-embOS 1.3.1
2026-07-31 14:18:29,330 [INFO] ThirdParty:1030 - CMSIS Pack Vendor :STMicroelectronics X-CUBE-ALGOBUILD 1.4.0
2026-07-31 14:18:29,330 [INFO] ThirdParty:1030 - CMSIS Pack Vendor :STMicroelectronics USB_DEVICE 1.0.0
2026-07-31 14:18:29,330 [INFO] ThirdParty:1030 - CMSIS Pack Vendor :STMicroelectronics X-CUBE-AZRTOS-H7RS 1.2.0
2026-07-31 14:18:29,330 [INFO] ThirdParty:1030 - CMSIS Pack Vendor :STMicroelectronics X-CUBE-AZRTOS-L4 2.0.0
2026-07-31 14:18:29,330 [INFO] ThirdParty:1030 - CMSIS Pack Vendor :STMicroelectronics ThreadX 0.0.2
2026-07-31 14:18:29,330 [INFO] ThirdParty:1030 - CMSIS Pack Vendor :STMicroelectronics lwIP 2.1.2
2026-07-31 14:18:29,330 [INFO] ThirdParty:1030 - CMSIS Pack Vendor :STMicroelectronics X-CUBE-SFXS2LP1 4.0.0
2026-07-31 14:18:29,330 [INFO] ThirdParty:1030 - CMSIS Pack Vendor :STMicroelectronics X-CUBE-BLE2 3.3.0
2026-07-31 14:18:29,330 [INFO] ThirdParty:1030 - CMSIS Pack Vendor :STMicroelectronics X-CUBE-NFC13 1.0.0
2026-07-31 14:18:29,330 [INFO] ThirdParty:1030 - CMSIS Pack Vendor :STMicroelectronics PDM2PCM 3.2.0
2026-07-31 14:18:29,330 [INFO] ThirdParty:841 - exiting critical section [change project]
2026-07-31 14:18:29,991 [INFO] PinOutPanel:1499 - setPackage(No Configuration,No Configuration)
2026-07-31 14:18:29,992 [INFO] PinOutPanel:1499 - setPackage(STM32F405RGTx,LQFP64)
2026-07-31 14:18:30,824 [INFO] UtilMem:75 - Before build in PCC Used Memory: 742976240 Bytes (1073741824)
2026-07-31 14:18:32,416 [INFO] UtilMem:75 - After build in PCC Used Memory: 813628904 Bytes (1073741824)
2026-07-31 14:18:32,462 [INFO] IPUIPlugin:80 - create IPUIPlugin
2026-07-31 14:18:32,463 [INFO] IPUIPlugin:80 - create IPUIPlugin
2026-07-31 14:18:32,463 [INFO] IPUIPlugin:80 - create IPUIPlugin
2026-07-31 14:18:32,463 [INFO] IPUIPlugin:80 - create IPUIPlugin
2026-07-31 14:18:32,463 [INFO] IPUIPlugin:80 - create IPUIPlugin
2026-07-31 14:18:32,463 [INFO] IPUIPlugin:80 - create IPUIPlugin
2026-07-31 14:18:32,464 [INFO] IPUIPlugin:80 - create IPUIPlugin
2026-07-31 14:18:32,464 [INFO] IPUIPlugin:80 - create IPUIPlugin
2026-07-31 14:18:32,464 [INFO] IPUIPlugin:80 - create IPUIPlugin
2026-07-31 14:18:32,464 [INFO] IPUIPlugin:80 - create IPUIPlugin
2026-07-31 14:18:32,464 [INFO] IPUIPlugin:80 - create IPUIPlugin
2026-07-31 14:18:32,465 [INFO] IPUIPlugin:80 - create IPUIPlugin
2026-07-31 14:18:32,465 [INFO] IPUIPlugin:80 - create IPUIPlugin
2026-07-31 14:18:32,465 [INFO] IPUIPlugin:80 - create IPUIPlugin
2026-07-31 14:18:32,465 [INFO] IPUIPlugin:80 - create IPUIPlugin
2026-07-31 14:18:32,465 [INFO] IPUIPlugin:80 - create IPUIPlugin
2026-07-31 14:18:32,466 [INFO] IPUIPlugin:80 - create IPUIPlugin
2026-07-31 14:18:32,466 [INFO] IPUIPlugin:80 - create IPUIPlugin
2026-07-31 14:18:32,466 [INFO] IPUIPlugin:80 - create IPUIPlugin
2026-07-31 14:18:32,467 [INFO] IPUIPlugin:80 - create IPUIPlugin
2026-07-31 14:18:32,467 [INFO] IPUIPlugin:80 - create IPUIPlugin
2026-07-31 14:18:32,467 [INFO] IPUIPlugin:80 - create IPUIPlugin
2026-07-31 14:18:32,468 [INFO] IPUIPlugin:80 - create IPUIPlugin
2026-07-31 14:18:32,468 [INFO] IPUIPlugin:80 - create IPUIPlugin
2026-07-31 14:18:32,469 [INFO] IPUIPlugin:80 - create IPUIPlugin
2026-07-31 14:18:32,469 [INFO] IPUIPlugin:80 - create IPUIPlugin
2026-07-31 14:18:32,469 [INFO] IPUIPlugin:80 - create IPUIPlugin
2026-07-31 14:18:32,470 [INFO] IPUIPlugin:80 - create IPUIPlugin
2026-07-31 14:18:32,470 [INFO] IPUIPlugin:80 - create IPUIPlugin
2026-07-31 14:18:32,471 [INFO] IPUIPlugin:80 - create IPUIPlugin
2026-07-31 14:18:32,471 [INFO] IPUIPlugin:80 - create IPUIPlugin
2026-07-31 14:18:32,472 [INFO] IPUIPlugin:80 - create IPUIPlugin
2026-07-31 14:18:32,472 [INFO] IPUIPlugin:80 - create IPUIPlugin
2026-07-31 14:18:32,472 [INFO] IPUIPlugin:80 - create IPUIPlugin
2026-07-31 14:18:32,474 [INFO] IPUIPlugin:80 - create IPUIPlugin
2026-07-31 14:18:32,474 [INFO] IPUIPlugin:80 - create IPUIPlugin
2026-07-31 14:18:32,475 [INFO] IPUIPlugin:80 - create IPUIPlugin
2026-07-31 14:18:32,475 [INFO] IPUIPlugin:80 - create IPUIPlugin
2026-07-31 14:18:32,476 [INFO] IPUIPlugin:80 - create IPUIPlugin
2026-07-31 14:18:32,476 [INFO] IPUIPlugin:80 - create IPUIPlugin
2026-07-31 14:18:32,477 [INFO] IPUIPlugin:80 - create IPUIPlugin
2026-07-31 14:18:32,477 [INFO] IPUIPlugin:80 - create IPUIPlugin
2026-07-31 14:18:32,478 [INFO] IPUIPlugin:80 - create IPUIPlugin
2026-07-31 14:18:32,479 [INFO] IPUIPlugin:80 - create IPUIPlugin
2026-07-31 14:18:32,479 [INFO] IPUIPlugin:80 - create IPUIPlugin
2026-07-31 14:18:32,480 [INFO] IPUIPlugin:80 - create IPUIPlugin
2026-07-31 14:18:32,480 [INFO] IPUIPlugin:80 - create IPUIPlugin
2026-07-31 14:18:32,481 [INFO] IPUIPlugin:80 - create IPUIPlugin
2026-07-31 14:18:32,482 [INFO] IPUIPlugin:80 - create IPUIPlugin
2026-07-31 14:18:32,483 [INFO] IPUIPlugin:80 - create IPUIPlugin
2026-07-31 14:18:32,484 [INFO] IPUIPlugin:80 - create IPUIPlugin
2026-07-31 14:18:32,486 [INFO] IPUIPlugin:80 - create IPUIPlugin
2026-07-31 14:18:32,486 [INFO] IPUIPlugin:80 - create IPUIPlugin
2026-07-31 14:18:32,487 [INFO] IPUIPlugin:80 - create IPUIPlugin
2026-07-31 14:18:32,677 [INFO] ApiDbMcu:507 - Load IP Config File for PDM2PCM
2026-07-31 14:18:32,994 [INFO] CADModel:165 - CPN selected for project levelSTM32F405RGT6
2026-07-31 14:18:32,994 [INFO] CADModel:114 - Register for checkConnection events
2026-07-31 14:18:33,048 [INFO] OpenFileManager:328 - Restore cursor
2026-07-31 14:18:34,120 [INFO] UtilMem:75 - End SaveConfig() Used Memory: 934604272 Bytes (1073741824)
2026-07-31 14:18:34,234 [INFO] UtilMem:75 - End SaveConfig() Used Memory: 753100528 Bytes (1073741824)
2026-07-31 14:18:35,031 [INFO] BlockDiagram:2759 - set Specific Code input for plugin: RCC
2026-07-31 14:18:35,031 [INFO] BlockDiagram:2759 - set Specific Code input for plugin: NVIC
2026-07-31 14:18:35,033 [INFO] CodeGenerator:799 - code generatio: config db path: C:\ST\STM32CubeIDE_1.13.1\STM32CubeIDE\plugins\com.st.stm32cube.common.mx_6.9.1.202307191849\\db\
2026-07-31 14:18:35,569 [INFO] CodeEngine:255 - oldGeneratedFile, C:\Users\Admin\Documents\GitHub\Drone-RTOS\Source\006MPU_Interrupt\MXTmpFiles\license.tmp_save
2026-07-31 14:18:36,166 [INFO] CodeEngine:279 - Generated code: C:\Users\Admin\Documents\GitHub\Drone-RTOS\Source\006MPU_Interrupt\MXTmpFiles\license.tmp
2026-07-31 14:18:36,230 [INFO] CodeEngine:255 - oldGeneratedFile, C:\Users\Admin\Documents\GitHub\Drone-RTOS\Source\006MPU_Interrupt\Core\Src\stm32f4xx_it.c_save
2026-07-31 14:18:36,536 [INFO] CodeEngine:279 - Generated code: C:\Users\Admin\Documents\GitHub\Drone-RTOS\Source\006MPU_Interrupt\Core\Src\stm32f4xx_it.c
2026-07-31 14:18:36,543 [INFO] CodeEngine:255 - oldGeneratedFile, C:\Users\Admin\Documents\GitHub\Drone-RTOS\Source\006MPU_Interrupt\Core\Inc\stm32f4xx_it.h_save
2026-07-31 14:18:36,752 [INFO] CodeEngine:279 - Generated code: C:\Users\Admin\Documents\GitHub\Drone-RTOS\Source\006MPU_Interrupt\Core\Inc\stm32f4xx_it.h
2026-07-31 14:18:36,914 [INFO] CodeEngine:255 - oldGeneratedFile, C:\Users\Admin\Documents\GitHub\Drone-RTOS\Source\006MPU_Interrupt\Core\Src\stm32f4xx_hal_msp.c_save
2026-07-31 14:18:37,240 [INFO] CodeEngine:279 - Generated code: C:\Users\Admin\Documents\GitHub\Drone-RTOS\Source\006MPU_Interrupt\Core\Src\stm32f4xx_hal_msp.c
2026-07-31 14:18:37,248 [INFO] CodeEngine:255 - oldGeneratedFile, C:\Users\Admin\Documents\GitHub\Drone-RTOS\Source\006MPU_Interrupt\MXTmpFiles\system.tmp_save
2026-07-31 14:18:37,402 [INFO] CodeEngine:279 - Generated code: C:\Users\Admin\Documents\GitHub\Drone-RTOS\Source\006MPU_Interrupt\MXTmpFiles\system.tmp
2026-07-31 14:18:37,424 [INFO] CodeEngine:311 - oldGeneratedFile, C:\Users\Admin\Documents\GitHub\Drone-RTOS\Source\006MPU_Interrupt\Core\Inc\stm32f4xx_hal_conf.h_save
2026-07-31 14:18:37,623 [INFO] CodeEngine:335 - Generated code: C:\Users\Admin\Documents\GitHub\Drone-RTOS\Source\006MPU_Interrupt\Core\Inc\stm32f4xx_hal_conf.h
2026-07-31 14:18:37,734 [INFO] CodeEngine:255 - oldGeneratedFile, C:\Users\Admin\Documents\GitHub\Drone-RTOS\Source\006MPU_Interrupt\Core\Inc\main.h_save
2026-07-31 14:18:37,899 [INFO] CodeEngine:279 - Generated code: C:\Users\Admin\Documents\GitHub\Drone-RTOS\Source\006MPU_Interrupt\Core\Inc\main.h
2026-07-31 14:18:37,947 [INFO] CodeEngine:255 - oldGeneratedFile, C:\Users\Admin\Documents\GitHub\Drone-RTOS\Source\006MPU_Interrupt\Core\Src\main.c_save
2026-07-31 14:18:38,222 [INFO] CodeEngine:279 - Generated code: C:\Users\Admin\Documents\GitHub\Drone-RTOS\Source\006MPU_Interrupt\Core\Src\main.c
2026-07-31 14:18:39,203 [INFO] ProjectBuilder:3064 - Time for Copy HAL[1] : 335mS.
2026-07-31 14:18:39,214 [INFO] ProjectBuilder:4404 - Project Generator version: 4.1.0
2026-07-31 14:18:39,556 [INFO] ConfigFileManager:1457 - The Die is : DIE413
2026-07-31 14:18:39,572 [INFO] ApiDbMcu:507 - Load IP Config File for FATFS
2026-07-31 14:18:39,585 [INFO] ApiDbMcu:507 - Load IP Config File for FREERTOS
2026-07-31 14:18:39,590 [INFO] ApiDbMcu:507 - Load IP Config File for LIBJPEG
2026-07-31 14:18:39,599 [INFO] ApiDbMcu:507 - Load IP Config File for MBEDTLS
2026-07-31 14:18:39,646 [INFO] ApiDbMcu:507 - Load IP Config File for USB_DEVICE
2026-07-31 14:18:39,655 [INFO] ApiDbMcu:507 - Load IP Config File for USB_HOST
2026-07-31 14:18:41,213 [INFO] LogOutputStream:77 - [STDOUT_REDIRECT] 
2026-07-31 14:18:43,707 [INFO] ProjectBuilder:4626 - Time for Generating toolchain IDE Files: 4491mS.
2026-07-31 14:18:43,708 [INFO] ProjectBuilder:2935 - Time for Copy CMSIS : 1mS.
2026-07-31 14:18:43,712 [INFO] ProjectBuilder:2935 - Time for Copy CMSIS : 0mS.
2026-07-31 14:18:45,805 [INFO] McuFinderGlobals:76 - Set McuFinderConnectedMode to true
2026-07-31 14:18:45,833 [INFO] ApiDb:448 - Save user favorites file C:\Users\Admin/.stm32cubeide/favorites.mcus.txt: 4 item(s)
2026-07-31 14:18:45,833 [INFO] ApiDb:452 - User favorites MCUs=[STM32F103C8T6, STM32F405RGT6, STM32F411CEU6, STM32H523CET6]
2026-07-31 14:19:29,815 [WARN] IP:2114 - I2C_Coeff_DF not found: check if there is a RefParameter without a condition.
2026-07-31 14:19:29,815 [WARN] IP:2114 - Analog_Filter not found: check if there is a RefParameter without a condition.
2026-07-31 14:19:29,843 [WARN] IP:2114 - I2C_Coeff_DF not found: check if there is a RefParameter without a condition.
2026-07-31 14:19:29,843 [WARN] IP:2114 - Analog_Filter not found: check if there is a RefParameter without a condition.
2026-07-31 14:19:29,844 [WARN] IP:2114 - I2C_Coeff_DF not found: check if there is a RefParameter without a condition.
2026-07-31 14:19:29,844 [WARN] IP:2114 - Analog_Filter not found: check if there is a RefParameter without a condition.
2026-07-31 14:19:29,941 [WARN] IP:2114 - I2C_Coeff_DF not found: check if there is a RefParameter without a condition.
2026-07-31 14:19:29,941 [WARN] IP:2114 - Analog_Filter not found: check if there is a RefParameter without a condition.
2026-07-31 14:19:29,944 [WARN] IP:2114 - I2C_Coeff_DF not found: check if there is a RefParameter without a condition.
2026-07-31 14:19:29,944 [WARN] IP:2114 - Analog_Filter not found: check if there is a RefParameter without a condition.
2026-07-31 14:19:43,392 [WARN] IP:2114 - I2C_Coeff_DF not found: check if there is a RefParameter without a condition.
2026-07-31 14:19:43,392 [WARN] IP:2114 - Analog_Filter not found: check if there is a RefParameter without a condition.
2026-07-31 14:19:43,393 [WARN] IP:2114 - I2C_Coeff_DF not found: check if there is a RefParameter without a condition.
2026-07-31 14:19:43,393 [WARN] IP:2114 - Analog_Filter not found: check if there is a RefParameter without a condition.
2026-07-31 14:19:53,273 [WARN] IP:2114 - I2C_Coeff_DF not found: check if there is a RefParameter without a condition.
2026-07-31 14:19:53,273 [WARN] IP:2114 - Analog_Filter not found: check if there is a RefParameter without a condition.
2026-07-31 14:19:53,273 [WARN] IP:2114 - I2C_Coeff_DF not found: check if there is a RefParameter without a condition.
2026-07-31 14:19:53,273 [WARN] IP:2114 - Analog_Filter not found: check if there is a RefParameter without a condition.
2026-07-31 14:19:59,228 [INFO] UtilMem:75 - End SaveConfig() Used Memory: 911551608 Bytes (1073741824)
2026-07-31 14:20:06,669 [INFO] UtilMem:75 - End SaveConfig() Used Memory: 805339880 Bytes (1073741824)
2026-07-31 14:20:07,059 [INFO] BlockDiagram:2759 - set Specific Code input for plugin: SYS
2026-07-31 14:20:07,059 [INFO] BlockDiagram:2759 - set Specific Code input for plugin: RCC
2026-07-31 14:20:07,060 [INFO] BlockDiagram:2759 - set Specific Code input for plugin: I2C
2026-07-31 14:20:07,060 [INFO] BlockDiagram:2759 - set Specific Code input for plugin: NVIC
2026-07-31 14:20:07,060 [INFO] BlockDiagram:2759 - set Specific Code input for plugin: GPIO
2026-07-31 14:20:07,061 [INFO] CodeGenerator:799 - code generatio: config db path: C:\ST\STM32CubeIDE_1.13.1\STM32CubeIDE\plugins\com.st.stm32cube.common.mx_6.9.1.202307191849\\db\
2026-07-31 14:20:07,063 [WARN] IP:2114 - I2C_Coeff_DF not found: check if there is a RefParameter without a condition.
2026-07-31 14:20:07,063 [WARN] IP:2114 - Analog_Filter not found: check if there is a RefParameter without a condition.
2026-07-31 14:20:07,312 [INFO] CodeEngine:255 - oldGeneratedFile, C:\Users\Admin\Documents\GitHub\Drone-RTOS\Source\006MPU_Interrupt\MXTmpFiles\license.tmp_save
2026-07-31 14:20:07,546 [INFO] CodeEngine:279 - Generated code: C:\Users\Admin\Documents\GitHub\Drone-RTOS\Source\006MPU_Interrupt\MXTmpFiles\license.tmp
2026-07-31 14:20:07,636 [INFO] CodeEngine:255 - oldGeneratedFile, C:\Users\Admin\Documents\GitHub\Drone-RTOS\Source\006MPU_Interrupt\MXTmpFiles\gpio.tmp_save
2026-07-31 14:20:07,870 [INFO] CodeEngine:279 - Generated code: C:\Users\Admin\Documents\GitHub\Drone-RTOS\Source\006MPU_Interrupt\MXTmpFiles\gpio.tmp
2026-07-31 14:20:08,014 [INFO] CodeEngine:255 - oldGeneratedFile, C:\Users\Admin\Documents\GitHub\Drone-RTOS\Source\006MPU_Interrupt\Core\Src\stm32f4xx_it.c_save
2026-07-31 14:20:08,445 [INFO] CodeEngine:279 - Generated code: C:\Users\Admin\Documents\GitHub\Drone-RTOS\Source\006MPU_Interrupt\Core\Src\stm32f4xx_it.c
2026-07-31 14:20:08,455 [INFO] CodeEngine:255 - oldGeneratedFile, C:\Users\Admin\Documents\GitHub\Drone-RTOS\Source\006MPU_Interrupt\Core\Inc\stm32f4xx_it.h_save
2026-07-31 14:20:08,586 [INFO] CodeEngine:279 - Generated code: C:\Users\Admin\Documents\GitHub\Drone-RTOS\Source\006MPU_Interrupt\Core\Inc\stm32f4xx_it.h
2026-07-31 14:20:08,604 [INFO] CodeEngine:255 - oldGeneratedFile, C:\Users\Admin\Documents\GitHub\Drone-RTOS\Source\006MPU_Interrupt\Core\Src\stm32f4xx_hal_msp.c_save
2026-07-31 14:20:08,804 [INFO] CodeEngine:279 - Generated code: C:\Users\Admin\Documents\GitHub\Drone-RTOS\Source\006MPU_Interrupt\Core\Src\stm32f4xx_hal_msp.c
2026-07-31 14:20:08,812 [INFO] CodeEngine:255 - oldGeneratedFile, C:\Users\Admin\Documents\GitHub\Drone-RTOS\Source\006MPU_Interrupt\MXTmpFiles\system.tmp_save
2026-07-31 14:20:08,918 [INFO] CodeEngine:279 - Generated code: C:\Users\Admin\Documents\GitHub\Drone-RTOS\Source\006MPU_Interrupt\MXTmpFiles\system.tmp
2026-07-31 14:20:08,933 [INFO] CodeEngine:311 - oldGeneratedFile, C:\Users\Admin\Documents\GitHub\Drone-RTOS\Source\006MPU_Interrupt\Core\Inc\stm32f4xx_hal_conf.h_save
2026-07-31 14:20:09,056 [INFO] CodeEngine:335 - Generated code: C:\Users\Admin\Documents\GitHub\Drone-RTOS\Source\006MPU_Interrupt\Core\Inc\stm32f4xx_hal_conf.h
2026-07-31 14:20:09,094 [INFO] CodeEngine:255 - oldGeneratedFile, C:\Users\Admin\Documents\GitHub\Drone-RTOS\Source\006MPU_Interrupt\Core\Inc\main.h_save
2026-07-31 14:20:09,230 [INFO] CodeEngine:279 - Generated code: C:\Users\Admin\Documents\GitHub\Drone-RTOS\Source\006MPU_Interrupt\Core\Inc\main.h
2026-07-31 14:20:09,239 [INFO] CodeEngine:255 - oldGeneratedFile, C:\Users\Admin\Documents\GitHub\Drone-RTOS\Source\006MPU_Interrupt\Core\Src\main.c_save
2026-07-31 14:20:09,417 [INFO] CodeEngine:279 - Generated code: C:\Users\Admin\Documents\GitHub\Drone-RTOS\Source\006MPU_Interrupt\Core\Src\main.c
2026-07-31 14:20:10,458 [INFO] ProjectBuilder:3064 - Time for Copy HAL[1] : 303mS.
2026-07-31 14:20:10,464 [INFO] ProjectBuilder:4404 - Project Generator version: 4.1.0
2026-07-31 14:20:10,767 [INFO] ConfigFileManager:1457 - The Die is : DIE413
2026-07-31 14:20:13,337 [INFO] ProjectBuilder:4626 - Time for Generating toolchain IDE Files: 2874mS.
2026-07-31 14:20:13,338 [INFO] ProjectBuilder:2935 - Time for Copy CMSIS : 1mS.
2026-07-31 14:20:13,343 [INFO] ProjectBuilder:2935 - Time for Copy CMSIS : 0mS.
2026-07-31 16:11:32,139 [INFO] MainUpdater:2868 - connection check result : 10
2026-07-31 16:11:32,140 [INFO] MainUpdater:2868 - connection check result : 10
2026-07-31 16:11:32,180 [INFO] MicroXplorer:468 - Change Database Path : 
2026-07-31 16:11:32,180 [INFO] MicroXplorer:498 - Change Database Version : DB.6.0.91
2026-07-31 16:11:32,198 [WARN] ThirdParty:871 - waiting for thirdparty lock release [close project]
2026-07-31 16:11:32,198 [INFO] ThirdParty:873 - entering critical section [close project]
2026-07-31 16:11:32,198 [INFO] ThirdParty:883 - exiting critical section [close project]
2026-07-31 16:11:32,200 [INFO] PinOutPanel:1499 - setPackage(No Configuration,No Configuration)
2026-07-31 16:11:32,207 [WARN] IpParametersView:151 - Warning: This peripheral hasn't parameters
2026-07-31 16:11:32,211 [WARN] MainPanel:272 - <html><b><center>Warning: This peripheral has no parameters to be configured<br></b></html>
2026-07-31 16:11:32,215 [INFO] UtilMem:75 - Begin LoadConfig() Used Memory: 892690280 Bytes (1073741824)
2026-07-31 16:11:32,215 [INFO] MicroXplorer:468 - Change Database Path : 
2026-07-31 16:11:32,215 [INFO] MicroXplorer:498 - Change Database Version : DB.6.0.91
2026-07-31 16:11:32,215 [INFO] OpenFileManager:308 - Change cursor
2026-07-31 16:11:32,225 [INFO] RulesReader:64 - Compatibility file has been processed (293 Rules)
2026-07-31 16:11:32,228 [INFO] Mcu:1946 - Initializing MCU STM32F405RGTx STM32F405RGTx STM32F405RGT6
2026-07-31 16:11:33,039 [INFO] Context:659 - Trying to add GPIOservice into a context  which must be forbidden
2026-07-31 16:11:33,236 [INFO] RtosManager:555 - Registered RTOS mode: class=CMSIS, group=RTOS, mode=CMSIS_V1, owner=FREERTOS
2026-07-31 16:11:33,236 [INFO] RtosManager:555 - Registered RTOS mode: class=CMSIS, group=RTOS2, mode=CMSIS_V2, owner=FREERTOS
2026-07-31 16:11:33,236 [INFO] RtosManager:555 - Registered RTOS mode: class=RTOS, group=Core, mode=CMSIS_V1, owner=FREERTOS
2026-07-31 16:11:33,236 [INFO] RtosManager:555 - Registered RTOS mode: class=RTOS, group=Core, mode=CMSIS_V2, owner=FREERTOS
2026-07-31 16:11:33,236 [WARN] ModelIntegratedComponent:184 - Missing modes for component STMicroelectronics:FreeRTOS:0.0.1:STMicroelectronics:RTOS:FreeRTOS:Core:::10.2.0:
2026-07-31 16:11:33,279 [WARN] ModelIntegratedComponent:63 - No mode defined for component null
2026-07-31 16:11:33,279 [WARN] ModelIntegratedComponent:63 - No mode defined for component null
2026-07-31 16:11:33,279 [WARN] ModelIntegratedComponent:63 - No mode defined for component null
2026-07-31 16:11:33,279 [WARN] ModelIntegratedComponent:63 - No mode defined for component null
2026-07-31 16:11:33,279 [WARN] ModelIntegratedComponent:63 - No mode defined for component null
2026-07-31 16:11:33,279 [WARN] ModelIntegratedComponent:63 - No mode defined for component null
2026-07-31 16:11:33,279 [WARN] ModelIntegratedComponent:63 - No mode defined for component null
2026-07-31 16:11:33,279 [WARN] ModelIntegratedComponent:63 - No mode defined for component null
2026-07-31 16:11:33,279 [WARN] ModelIntegratedComponent:63 - No mode defined for component null
2026-07-31 16:11:33,279 [WARN] ModelIntegratedComponent:63 - No mode defined for component null
2026-07-31 16:11:33,279 [WARN] ModelIntegratedComponent:63 - No mode defined for component null
2026-07-31 16:11:33,279 [WARN] ModelIntegratedComponent:63 - No mode defined for component null
2026-07-31 16:11:33,279 [WARN] ModelIntegratedComponent:63 - No mode defined for component null
2026-07-31 16:11:33,279 [WARN] ModelIntegratedComponent:63 - No mode defined for component null
2026-07-31 16:11:33,279 [WARN] ModelIntegratedComponent:63 - No mode defined for component null
2026-07-31 16:11:33,279 [WARN] ModelIntegratedComponent:63 - No mode defined for component null
2026-07-31 16:11:33,279 [WARN] ModelIntegratedComponent:63 - No mode defined for component null
2026-07-31 16:11:33,279 [WARN] ModelIntegratedComponent:63 - No mode defined for component null
2026-07-31 16:11:33,279 [WARN] ModelIntegratedComponent:63 - No mode defined for component null
2026-07-31 16:11:33,279 [WARN] ModelIntegratedComponent:63 - No mode defined for component null
2026-07-31 16:11:33,280 [WARN] ModelIntegratedComponent:63 - No mode defined for component null
2026-07-31 16:11:33,280 [WARN] ModelIntegratedComponent:63 - No mode defined for component null
2026-07-31 16:11:33,280 [WARN] ModelIntegratedComponent:63 - No mode defined for component null
2026-07-31 16:11:33,280 [WARN] ModelIntegratedComponent:63 - No mode defined for component null
2026-07-31 16:11:33,280 [WARN] ModelIntegratedComponent:63 - No mode defined for component null
2026-07-31 16:11:33,280 [WARN] ModelIntegratedComponent:63 - No mode defined for component null
2026-07-31 16:11:33,280 [WARN] ModelIntegratedComponent:63 - No mode defined for component null
2026-07-31 16:11:33,280 [WARN] ModelIntegratedComponent:63 - No mode defined for component null
2026-07-31 16:11:33,280 [WARN] ModelIntegratedComponent:63 - No mode defined for component null
2026-07-31 16:11:33,280 [WARN] ModelIntegratedComponent:63 - No mode defined for component null
2026-07-31 16:11:33,280 [WARN] ModelIntegratedComponent:63 - No mode defined for component null
2026-07-31 16:11:33,280 [WARN] ModelIntegratedComponent:63 - No mode defined for component null
2026-07-31 16:11:33,280 [WARN] ModelIntegratedComponent:63 - No mode defined for component null
2026-07-31 16:11:33,327 [INFO] ThirdPartyModel:298 - Start build external matchings
2026-07-31 16:11:33,536 [INFO] ThirdPartyModel:316 - End build external matchings
2026-07-31 16:11:33,544 [WARN] IP:2114 - I2C_Coeff_DF not found: check if there is a RefParameter without a condition.
2026-07-31 16:11:33,544 [WARN] IP:2114 - Analog_Filter not found: check if there is a RefParameter without a condition.
2026-07-31 16:11:33,546 [INFO] ImportTextPane:194 - (OptionalMessage_ERROR) IP (RCC) : Parameter (48MHZClocksFreq_Value) has invalid value (84000000)
2026-07-31 16:11:33,547 [INFO] ImportTextPane:194 - (OptionalMessage_ERROR) IP (RCC) : Parameter (RTCHSEDivFreq_Value) has invalid value (4000000)
2026-07-31 16:11:33,775 [INFO] UtilMem:75 - End LoadConfig() Used Memory: 941006840 Bytes (1073741824)
2026-07-31 16:11:33,810 [WARN] ThirdParty:833 - waiting for thirdparty lock release [change project]
2026-07-31 16:11:33,810 [INFO] ThirdParty:835 - entering critical section [change project]
2026-07-31 16:11:33,810 [INFO] ThirdParty:1030 - CMSIS Pack Vendor :STMicroelectronics USBPD 4.1
2026-07-31 16:11:33,810 [INFO] ThirdParty:1030 - CMSIS Pack Vendor :STMicroelectronics USB_HOST 2.0.0
2026-07-31 16:11:33,810 [INFO] ThirdParty:1030 - CMSIS Pack Vendor :STMicroelectronics FP-ATR-ASTRA1 2.0.3
2026-07-31 16:11:33,810 [INFO] ThirdParty:1030 - CMSIS Pack Vendor :STMicroelectronics X-CUBE-AZRTOS-F4 1.1.0
2026-07-31 16:11:33,810 [INFO] ThirdParty:1030 - CMSIS Pack Vendor :STMicroelectronics LIBJPEG 8.0.0
2026-07-31 16:11:33,810 [INFO] ThirdParty:1030 - CMSIS Pack Vendor :STMicroelectronics FP-ATR-ASTRA1 2.0.2
2026-07-31 16:11:33,810 [INFO] ThirdParty:1030 - CMSIS Pack Vendor :STMicroelectronics X-CUBE-SMBUS 2.1.0
2026-07-31 16:11:33,810 [INFO] ThirdParty:1030 - CMSIS Pack Vendor :wolfSSL I-CUBE-wolfMQTT 1.19.2
2026-07-31 16:11:33,810 [INFO] ThirdParty:1030 - CMSIS Pack Vendor :STMicroelectronics USB_DEVICE 3.0.0
2026-07-31 16:11:33,810 [INFO] ThirdParty:1030 - CMSIS Pack Vendor :STMicroelectronics X-CUBE-AZRTOS-F7 1.1.0
2026-07-31 16:11:33,810 [INFO] ThirdParty:1030 - CMSIS Pack Vendor :STMicroelectronics USB_DEVICE 2.0.0
2026-07-31 16:11:33,810 [INFO] ThirdParty:1030 - CMSIS Pack Vendor :STMicroelectronics X-CUBE-ALGOBUILD 1.5.0
2026-07-31 16:11:33,810 [INFO] ThirdParty:1030 - CMSIS Pack Vendor :STMicroelectronics FreeRTOS 0.0.1
2026-07-31 16:11:33,810 [INFO] ThirdParty:1030 - CMSIS Pack Vendor :STMicroelectronics X-CUBE-AZRTOS-H7RS 1.3.0
2026-07-31 16:11:33,810 [INFO] ThirdParty:1030 - CMSIS Pack Vendor :STMicroelectronics X-CUBE-AZRTOS-G0 1.1.0
2026-07-31 16:11:33,810 [INFO] ThirdParty:1030 - CMSIS Pack Vendor :STMicroelectronics X-CUBE-NFC4 3.0.0
2026-07-31 16:11:33,810 [INFO] ThirdParty:1030 - CMSIS Pack Vendor :STMicroelectronics X-CUBE-SUBG2 5.0.0
2026-07-31 16:11:33,810 [INFO] ThirdParty:1030 - CMSIS Pack Vendor :STMicroelectronics STM32_WPAN 1.0.0
2026-07-31 16:11:33,810 [INFO] ThirdParty:1030 - CMSIS Pack Vendor :STMicroelectronics lwIP 2.0.3
2026-07-31 16:11:33,810 [INFO] ThirdParty:1030 - CMSIS Pack Vendor :STMicroelectronics X-CUBE-MEMS1 13.0.0
2026-07-31 16:11:33,810 [INFO] ThirdParty:1030 - CMSIS Pack Vendor :STMicroelectronics USB_HOST 1.0.0
2026-07-31 16:11:33,810 [INFO] ThirdParty:1030 - CMSIS Pack Vendor :STMicroelectronics X-CUBE-AZRTOS-G4 2.0.0
2026-07-31 16:11:33,810 [INFO] ThirdParty:1030 - CMSIS Pack Vendor :STMicroelectronics PDM2PCM 3.1.0
2026-07-31 16:11:33,810 [INFO] ThirdParty:1030 - CMSIS Pack Vendor :STMicroelectronics PDM2PCM 3.3.0
2026-07-31 16:11:33,810 [INFO] ThirdParty:1030 - CMSIS Pack Vendor :wolfSSL I-CUBE-wolfTPM 3.8.0
2026-07-31 16:11:33,810 [INFO] ThirdParty:1030 - CMSIS Pack Vendor :STMicroelectronics X-CUBE-DISPLAY 3.0.0
2026-07-31 16:11:33,810 [INFO] ThirdParty:1030 - CMSIS Pack Vendor :wolfSSL I-CUBE-wolfSSH 1.4.20
2026-07-31 16:11:33,810 [INFO] ThirdParty:1030 - CMSIS Pack Vendor :wolfSSL I-CUBE-wolfSSL 5.9.1
2026-07-31 16:11:33,810 [INFO] ThirdParty:1030 - CMSIS Pack Vendor :STMicroelectronics FP-ATR-SIGFOX1 3.2.0
2026-07-31 16:11:33,810 [INFO] ThirdParty:1030 - CMSIS Pack Vendor :STMicroelectronics HAL Drivers 0.0.0
2026-07-31 16:11:33,810 [INFO] ThirdParty:1030 - CMSIS Pack Vendor :STMicroelectronics MBEDTLS 2.16.2
2026-07-31 16:11:33,811 [INFO] ThirdParty:1030 - CMSIS Pack Vendor :emotas I-CUBE-CANOPEN 1.3.0
2026-07-31 16:11:33,811 [INFO] ThirdParty:1030 - CMSIS Pack Vendor :STMicroelectronics MBEDTLS 2.14.1
2026-07-31 16:11:33,811 [INFO] ThirdParty:1030 - CMSIS Pack Vendor :ITTIA_DB I-CUBE-ITTIADB 8.9.0
2026-07-31 16:11:33,811 [INFO] ThirdParty:1030 - CMSIS Pack Vendor :STMicroelectronics X-CUBE-TOUCHGFX 4.26.1
2026-07-31 16:11:33,811 [INFO] ThirdParty:1030 - CMSIS Pack Vendor :STMicroelectronics X-CUBE-AI 10.2.1
2026-07-31 16:11:33,811 [INFO] ThirdParty:1030 - CMSIS Pack Vendor :STMicroelectronics ThreadX 1.0.0
2026-07-31 16:11:33,811 [INFO] ThirdParty:1030 - CMSIS Pack Vendor :STMicroelectronics X-CUBE-MEMS1 12.1.0
2026-07-31 16:11:33,811 [INFO] ThirdParty:1030 - CMSIS Pack Vendor :STMicroelectronics X-CUBE-AZRTOS-WL 2.0.0
2026-07-31 16:11:33,811 [INFO] ThirdParty:1030 - CMSIS Pack Vendor :SEGGER I-CUBE-embOS 1.3.1
2026-07-31 16:11:33,811 [INFO] ThirdParty:1030 - CMSIS Pack Vendor :STMicroelectronics X-CUBE-ALGOBUILD 1.4.0
2026-07-31 16:11:33,811 [INFO] ThirdParty:1030 - CMSIS Pack Vendor :STMicroelectronics USB_DEVICE 1.0.0
2026-07-31 16:11:33,811 [INFO] ThirdParty:1030 - CMSIS Pack Vendor :STMicroelectronics X-CUBE-AZRTOS-H7RS 1.2.0
2026-07-31 16:11:33,811 [INFO] ThirdParty:1030 - CMSIS Pack Vendor :STMicroelectronics X-CUBE-AZRTOS-L4 2.0.0
2026-07-31 16:11:33,811 [INFO] ThirdParty:1030 - CMSIS Pack Vendor :STMicroelectronics ThreadX 0.0.2
2026-07-31 16:11:33,811 [INFO] ThirdParty:1030 - CMSIS Pack Vendor :STMicroelectronics lwIP 2.1.2
2026-07-31 16:11:33,811 [INFO] ThirdParty:1030 - CMSIS Pack Vendor :STMicroelectronics X-CUBE-SFXS2LP1 4.0.0
2026-07-31 16:11:33,811 [INFO] ThirdParty:1030 - CMSIS Pack Vendor :STMicroelectronics X-CUBE-BLE2 3.3.0
2026-07-31 16:11:33,811 [INFO] ThirdParty:1030 - CMSIS Pack Vendor :STMicroelectronics X-CUBE-NFC13 1.0.0
2026-07-31 16:11:33,811 [INFO] ThirdParty:1030 - CMSIS Pack Vendor :STMicroelectronics PDM2PCM 3.2.0
2026-07-31 16:11:33,811 [INFO] ThirdParty:841 - exiting critical section [change project]
2026-07-31 16:11:33,938 [INFO] PinOutPanel:1499 - setPackage(No Configuration,No Configuration)
2026-07-31 16:11:33,938 [INFO] PinOutPanel:1499 - setPackage(STM32F405RGTx,LQFP64)
2026-07-31 16:11:34,076 [INFO] UtilMem:75 - Before build in PCC Used Memory: 854627312 Bytes (1073741824)
2026-07-31 16:11:34,207 [INFO] UtilMem:75 - After build in PCC Used Memory: 854341160 Bytes (1073741824)
2026-07-31 16:11:34,220 [INFO] IPUIPlugin:80 - create IPUIPlugin
2026-07-31 16:11:34,221 [INFO] IPUIPlugin:80 - create IPUIPlugin
2026-07-31 16:11:34,221 [INFO] IPUIPlugin:80 - create IPUIPlugin
2026-07-31 16:11:34,221 [INFO] IPUIPlugin:80 - create IPUIPlugin
2026-07-31 16:11:34,221 [INFO] IPUIPlugin:80 - create IPUIPlugin
2026-07-31 16:11:34,221 [INFO] IPUIPlugin:80 - create IPUIPlugin
2026-07-31 16:11:34,221 [INFO] IPUIPlugin:80 - create IPUIPlugin
2026-07-31 16:11:34,221 [INFO] IPUIPlugin:80 - create IPUIPlugin
2026-07-31 16:11:34,221 [INFO] IPUIPlugin:80 - create IPUIPlugin
2026-07-31 16:11:34,221 [INFO] IPUIPlugin:80 - create IPUIPlugin
2026-07-31 16:11:34,221 [INFO] IPUIPlugin:80 - create IPUIPlugin
2026-07-31 16:11:34,221 [INFO] IPUIPlugin:80 - create IPUIPlugin
2026-07-31 16:11:34,221 [INFO] IPUIPlugin:80 - create IPUIPlugin
2026-07-31 16:11:34,221 [INFO] IPUIPlugin:80 - create IPUIPlugin
2026-07-31 16:11:34,221 [INFO] IPUIPlugin:80 - create IPUIPlugin
2026-07-31 16:11:34,221 [INFO] IPUIPlugin:80 - create IPUIPlugin
2026-07-31 16:11:34,221 [INFO] IPUIPlugin:80 - create IPUIPlugin
2026-07-31 16:11:34,221 [INFO] IPUIPlugin:80 - create IPUIPlugin
2026-07-31 16:11:34,221 [INFO] IPUIPlugin:80 - create IPUIPlugin
2026-07-31 16:11:34,222 [INFO] IPUIPlugin:80 - create IPUIPlugin
2026-07-31 16:11:34,222 [INFO] IPUIPlugin:80 - create IPUIPlugin
2026-07-31 16:11:34,222 [INFO] IPUIPlugin:80 - create IPUIPlugin
2026-07-31 16:11:34,222 [INFO] IPUIPlugin:80 - create IPUIPlugin
2026-07-31 16:11:34,222 [INFO] IPUIPlugin:80 - create IPUIPlugin
2026-07-31 16:11:34,222 [INFO] IPUIPlugin:80 - create IPUIPlugin
2026-07-31 16:11:34,222 [INFO] IPUIPlugin:80 - create IPUIPlugin
2026-07-31 16:11:34,222 [INFO] IPUIPlugin:80 - create IPUIPlugin
2026-07-31 16:11:34,222 [INFO] IPUIPlugin:80 - create IPUIPlugin
2026-07-31 16:11:34,222 [INFO] IPUIPlugin:80 - create IPUIPlugin
2026-07-31 16:11:34,222 [INFO] IPUIPlugin:80 - create IPUIPlugin
2026-07-31 16:11:34,223 [INFO] IPUIPlugin:80 - create IPUIPlugin
2026-07-31 16:11:34,223 [INFO] IPUIPlugin:80 - create IPUIPlugin
2026-07-31 16:11:34,223 [INFO] IPUIPlugin:80 - create IPUIPlugin
2026-07-31 16:11:34,223 [INFO] IPUIPlugin:80 - create IPUIPlugin
2026-07-31 16:11:34,223 [INFO] IPUIPlugin:80 - create IPUIPlugin
2026-07-31 16:11:34,223 [INFO] IPUIPlugin:80 - create IPUIPlugin
2026-07-31 16:11:34,223 [INFO] IPUIPlugin:80 - create IPUIPlugin
2026-07-31 16:11:34,223 [INFO] IPUIPlugin:80 - create IPUIPlugin
2026-07-31 16:11:34,224 [INFO] IPUIPlugin:80 - create IPUIPlugin
2026-07-31 16:11:34,224 [INFO] IPUIPlugin:80 - create IPUIPlugin
2026-07-31 16:11:34,224 [INFO] IPUIPlugin:80 - create IPUIPlugin
2026-07-31 16:11:34,224 [INFO] IPUIPlugin:80 - create IPUIPlugin
2026-07-31 16:11:34,224 [INFO] IPUIPlugin:80 - create IPUIPlugin
2026-07-31 16:11:34,224 [INFO] IPUIPlugin:80 - create IPUIPlugin
2026-07-31 16:11:34,224 [INFO] IPUIPlugin:80 - create IPUIPlugin
2026-07-31 16:11:34,225 [INFO] IPUIPlugin:80 - create IPUIPlugin
2026-07-31 16:11:34,225 [INFO] IPUIPlugin:80 - create IPUIPlugin
2026-07-31 16:11:34,225 [INFO] IPUIPlugin:80 - create IPUIPlugin
2026-07-31 16:11:34,225 [INFO] IPUIPlugin:80 - create IPUIPlugin
2026-07-31 16:11:34,225 [INFO] IPUIPlugin:80 - create IPUIPlugin
2026-07-31 16:11:34,225 [INFO] IPUIPlugin:80 - create IPUIPlugin
2026-07-31 16:11:34,226 [INFO] IPUIPlugin:80 - create IPUIPlugin
2026-07-31 16:11:34,226 [INFO] IPUIPlugin:80 - create IPUIPlugin
2026-07-31 16:11:34,226 [INFO] IPUIPlugin:80 - create IPUIPlugin
2026-07-31 16:11:34,230 [INFO] ApiDbMcu:507 - Load IP Config File for PDM2PCM
2026-07-31 16:11:34,231 [WARN] IP:2114 - I2C_Coeff_DF not found: check if there is a RefParameter without a condition.
2026-07-31 16:11:34,231 [WARN] IP:2114 - Analog_Filter not found: check if there is a RefParameter without a condition.
2026-07-31 16:11:34,268 [INFO] CADModel:165 - CPN selected for project levelSTM32F405RGT6
2026-07-31 16:11:34,268 [INFO] CADModel:114 - Register for checkConnection events
2026-07-31 16:11:34,320 [INFO] OpenFileManager:328 - Restore cursor
2026-07-31 16:11:34,441 [WARN] IP:2114 - I2C_Coeff_DF not found: check if there is a RefParameter without a condition.
2026-07-31 16:11:34,441 [WARN] IP:2114 - Analog_Filter not found: check if there is a RefParameter without a condition.
2026-07-31 16:11:34,442 [WARN] IP:2114 - I2C_Coeff_DF not found: check if there is a RefParameter without a condition.
2026-07-31 16:11:34,442 [WARN] IP:2114 - Analog_Filter not found: check if there is a RefParameter without a condition.
2026-07-31 18:13:08,184 [INFO] WebApp:330 - JxBrowser engine has been closed 
2026-07-31 18:13:09,670 [ERROR] LogOutputStream:75 - [STDERR_REDIRECT] 
