2026-08-01 00:07:44,120 [INFO] Activator:176 - 


2026-08-01 00:07:44,132 [INFO] Activator:177 - !SESSION log4j initialized
2026-08-01 00:07:50,923 [INFO] LogOutputStream:77 - [STDOUT_REDIRECT] 
2026-08-01 00:07:52,494 [INFO] ApplicationProperties:184 - Using Application install path: C:\ST\STM32CubeIDE_1.13.1\STM32CubeIDE\plugins\com.st.stm32cube.common.mx_6.9.1.202307191849
2026-08-01 00:07:52,515 [INFO] DbMcusXml:78 - Set database path to: C:\ST\STM32CubeIDE_1.13.1\STM32CubeIDE\plugins\com.st.stm32cube.common.mx_6.9.1.202307191849\\db\/mcu/
2026-08-01 00:07:52,515 [INFO] ApiDb:274 - Set plugin database path to: C:\ST\STM32CubeIDE_1.13.1\STM32CubeIDE\plugins\com.st.stm32cube.common.mx_6.9.1.202307191849\\db\/plugins/boardmanager/
2026-08-01 00:07:52,516 [WARN] ApiDb:259 - Overriding images path with different value:  => C:\ST\STM32CubeIDE_1.13.1\STM32CubeIDE\plugins\com.st.stm32cube.common.mx_6.9.1.202307191849\\db\/plugins/mcufinder/images/
2026-08-01 00:07:52,532 [INFO] ApiDb:250 - Set database path to: C:\Users\Admin\.stmcufinder\plugins\mcufinder//mcu/
2026-08-01 00:07:52,533 [INFO] DbMcusAds:125 - Set database path to: C:\Users\Admin\.stmcufinder\plugins\mcufinder//mcu/
2026-08-01 00:07:52,535 [INFO] CrossReferenceDbSqlite:203 - Set database path to: C:\Users\Admin\.stmcufinder\plugins\mcufinder//mcu/cs/
2026-08-01 00:07:52,644 [INFO] RulesReader:64 - Compatibility file has been processed (293 Rules)
2026-08-01 00:07:52,734 [INFO] DbMcusXml:78 - Set database path to: C:\ST\STM32CubeIDE_1.13.1\STM32CubeIDE\plugins\com.st.stm32cube.common.mx_6.9.1.202307191849\\db\/mcu/
2026-08-01 00:07:52,734 [INFO] ApiDb:274 - Set plugin database path to: C:\ST\STM32CubeIDE_1.13.1\STM32CubeIDE\plugins\com.st.stm32cube.common.mx_6.9.1.202307191849\\db\/plugins/boardmanager/
2026-08-01 00:07:52,734 [INFO] ApiDb:261 - Set plugin images path to: C:\ST\STM32CubeIDE_1.13.1\STM32CubeIDE\plugins\com.st.stm32cube.common.mx_6.9.1.202307191849\\db\/plugins/mcufinder/images/
2026-08-01 00:07:52,734 [WARN] DbFile:41 - Overriding database path with different value: C:\Users\Admin\.stmcufinder\plugins\mcufinder/ => C:\Users\Admin\.stmcufinder\plugins\mcufinder
2026-08-01 00:07:52,735 [INFO] ApiDb:250 - Set database path to: C:\Users\Admin\.stmcufinder\plugins\mcufinder//mcu/
2026-08-01 00:07:52,735 [WARN] DbFile:41 - Overriding database path with different value: C:\Users\Admin\.stmcufinder\plugins\mcufinder/ => C:\Users\Admin\.stmcufinder\plugins\mcufinder
2026-08-01 00:07:52,735 [INFO] DbMcusAds:125 - Set database path to: C:\Users\Admin\.stmcufinder\plugins\mcufinder//mcu/
2026-08-01 00:07:52,735 [WARN] DbFile:41 - Overriding database path with different value: C:\Users\Admin\.stmcufinder\plugins\mcufinder/ => C:\Users\Admin\.stmcufinder\plugins\mcufinder
2026-08-01 00:07:52,735 [WARN] DbFile:41 - Overriding database path with different value: C:\Users\Admin\.stmcufinder\plugins\mcufinder/ => C:\Users\Admin\.stmcufinder\plugins\mcufinder
2026-08-01 00:07:52,735 [INFO] CrossReferenceDbSqlite:203 - Set database path to: C:\Users\Admin\.stmcufinder\plugins\mcufinder//mcu/cs/
2026-08-01 00:07:52,809 [INFO] MainPanel:262 - HeapMemory: 268435456
2026-08-01 00:07:52,912 [INFO] DbMcusXml:78 - Set database path to: C:\ST\STM32CubeIDE_1.13.1\STM32CubeIDE\plugins\com.st.stm32cube.common.mx_6.9.1.202307191849\\db\/mcu/
2026-08-01 00:07:52,913 [INFO] ApiDb:274 - Set plugin database path to: C:\ST\STM32CubeIDE_1.13.1\STM32CubeIDE\plugins\com.st.stm32cube.common.mx_6.9.1.202307191849\\db\/plugins/boardmanager/
2026-08-01 00:07:52,913 [INFO] ApiDb:261 - Set plugin images path to: C:\ST\STM32CubeIDE_1.13.1\STM32CubeIDE\plugins\com.st.stm32cube.common.mx_6.9.1.202307191849\\db\/plugins/mcufinder/images/
2026-08-01 00:07:52,913 [WARN] DbFile:41 - Overriding database path with different value: C:\Users\Admin\.stmcufinder\plugins\mcufinder/ => C:\Users\Admin\.stmcufinder\plugins\mcufinder
2026-08-01 00:07:52,913 [INFO] ApiDb:250 - Set database path to: C:\Users\Admin\.stmcufinder\plugins\mcufinder//mcu/
2026-08-01 00:07:52,913 [WARN] DbFile:41 - Overriding database path with different value: C:\Users\Admin\.stmcufinder\plugins\mcufinder/ => C:\Users\Admin\.stmcufinder\plugins\mcufinder
2026-08-01 00:07:52,914 [INFO] DbMcusAds:125 - Set database path to: C:\Users\Admin\.stmcufinder\plugins\mcufinder//mcu/
2026-08-01 00:07:52,914 [WARN] DbFile:41 - Overriding database path with different value: C:\Users\Admin\.stmcufinder\plugins\mcufinder/ => C:\Users\Admin\.stmcufinder\plugins\mcufinder
2026-08-01 00:07:52,914 [WARN] DbFile:41 - Overriding database path with different value: C:\Users\Admin\.stmcufinder\plugins\mcufinder/ => C:\Users\Admin\.stmcufinder\plugins\mcufinder
2026-08-01 00:07:52,914 [INFO] CrossReferenceDbSqlite:203 - Set database path to: C:\Users\Admin\.stmcufinder\plugins\mcufinder//mcu/cs/
2026-08-01 00:07:52,932 [INFO] ApplicationProperties:184 - Using Application install path: C:\ST\STM32CubeIDE_1.13.1\STM32CubeIDE\plugins\com.st.stm32cube.common.mx_6.9.1.202307191849
2026-08-01 00:07:52,933 [INFO] PluginManage:196 - Search for loadable plugins [exclusion list=, ]
2026-08-01 00:07:52,935 [INFO] PluginManage:310 - Check plugin analytics
2026-08-01 00:07:53,077 [INFO] AnalyticsPlugin:253 - Accepted Software Licenses: STM32CubeMX.6.18.0
2026-08-01 00:07:53,078 [INFO] AnalyticsPlugin:255 - Accepted CMSIS Pack Licenses: 
2026-08-01 00:07:53,078 [INFO] AnalyticsPlugin:257 - Accepted Firmware Licenses: FW.F4.1.27.0,FW.F4.1.28.0,FW.F4.1.28.3
2026-08-01 00:07:53,080 [INFO] PluginManage:359 - Loaded plugin analytics (category:tool,tabindex:-1)
2026-08-01 00:07:53,081 [INFO] PluginManage:310 - Check plugin cadmodel
2026-08-01 00:07:53,087 [INFO] CADModel:105 - Init CAD model plugin
2026-08-01 00:07:53,088 [INFO] PluginManage:359 - Loaded plugin cadmodel (category:power,tabindex:5)
2026-08-01 00:07:53,088 [INFO] PluginManage:310 - Check plugin clock
2026-08-01 00:07:53,101 [INFO] PluginManage:359 - Loaded plugin clock (category:base,tabindex:2)
2026-08-01 00:07:53,101 [INFO] PluginManage:310 - Check plugin ddr
2026-08-01 00:07:53,104 [INFO] PluginManage:359 - Loaded plugin ddr (category:tool,tabindex:6)
2026-08-01 00:07:53,104 [INFO] PluginManage:310 - Check plugin filemanager
2026-08-01 00:07:53,225 [INFO] PluginManage:359 - Loaded plugin filemanager (category:base,tabindex:10)
2026-08-01 00:07:53,226 [INFO] PluginManage:310 - Check plugin ipmanager
2026-08-01 00:07:53,233 [INFO] PluginManage:359 - Loaded plugin ipmanager (category:base,tabindex:5)
2026-08-01 00:07:53,233 [INFO] PluginManage:310 - Check plugin lpbam
2026-08-01 00:07:53,240 [INFO] PluginManage:359 - Loaded plugin lpbam (category:base,tabindex:0)
2026-08-01 00:07:53,241 [INFO] PluginManage:310 - Check plugin memorymap
2026-08-01 00:07:53,251 [INFO] PluginManage:359 - Loaded plugin memorymap (category:base,tabindex:4)
2026-08-01 00:07:53,251 [INFO] PluginManage:310 - Check plugin pinoutandconfiguration
2026-08-01 00:07:53,258 [INFO] PluginManage:359 - Loaded plugin pinoutandconfiguration (category:base,tabindex:1)
2026-08-01 00:07:53,258 [INFO] PluginManage:310 - Check plugin pinoutconfig
2026-08-01 00:07:53,335 [WARN] SupportedApi:132 - Cannot load RTOS API schema: s4s-elt-must-match.1: The content of 'definitions' must match (annotation?, (simpleType | complexType)?, (unique | key | keyref)*)). A problem was found starting at: attribute.
2026-08-01 00:07:53,446 [INFO] PluginManage:359 - Loaded plugin pinoutconfig (category:base,tabindex:0)
2026-08-01 00:07:53,447 [INFO] PluginManage:310 - Check plugin power
2026-08-01 00:07:53,458 [INFO] PluginManage:359 - Loaded plugin power (category:power,tabindex:4)
2026-08-01 00:07:53,458 [INFO] PluginManage:310 - Check plugin projectmanager
2026-08-01 00:07:53,473 [INFO] PluginManage:359 - Loaded plugin projectmanager (category:projectmanager,tabindex:3)
2026-08-01 00:07:53,474 [INFO] PluginManage:310 - Check plugin thirdparty
2026-08-01 00:07:53,609 [WARN] IntegrityCheckThread:84 - waiting for thirdparty lock release [integrity check]
2026-08-01 00:07:53,609 [INFO] PluginManage:359 - Loaded plugin thirdparty (category:base,tabindex:-1)
2026-08-01 00:07:53,609 [INFO] IntegrityCheckThread:86 - entering critical section [integrity check]
2026-08-01 00:07:53,609 [INFO] PluginManage:310 - Check plugin tools
2026-08-01 00:07:53,610 [INFO] ThirdPartyUpdaterWithRetryManager:70 - Updater plugin not ready yet. [1/15]
2026-08-01 00:07:53,613 [INFO] PluginManage:359 - Loaded plugin tools (category:base,tabindex:7)
2026-08-01 00:07:53,613 [INFO] PluginManage:310 - Check plugin tutovideos
2026-08-01 00:07:53,818 [INFO] PluginManage:359 - Loaded plugin tutovideos (category:base,tabindex:-1)
2026-08-01 00:07:53,818 [INFO] PluginManage:310 - Check plugin updater
2026-08-01 00:07:53,831 [INFO] PluginManage:359 - Loaded plugin updater (category:base,tabindex:12)
2026-08-01 00:07:53,831 [INFO] PluginManage:310 - Check plugin userauth
2026-08-01 00:07:53,838 [INFO] UserAuth:113 - Init User Auth plugin
2026-08-01 00:07:53,838 [INFO] PluginManage:359 - Loaded plugin userauth (category:base,tabindex:14)
2026-08-01 00:07:53,839 [INFO] PluginManage:283 - PluginManage : Loaded plugins [17]
2026-08-01 00:07:54,058 [INFO] PinOutPanel:1499 - setPackage(No Configuration,No Configuration)
2026-08-01 00:07:54,151 [INFO] CADModel:165 - CPN selected for project level
2026-08-01 00:07:54,151 [INFO] CADModel:114 - Register for checkConnection events
2026-08-01 00:07:54,166 [INFO] IPUIPlugin:80 - create IPUIPlugin
2026-08-01 00:07:54,166 [INFO] PluginManager:220 - loadIPPluginJar : add adc
2026-08-01 00:07:54,168 [INFO] IPUIPlugin:80 - create IPUIPlugin
2026-08-01 00:07:54,168 [INFO] PluginManager:220 - loadIPPluginJar : add aes
2026-08-01 00:07:54,171 [INFO] IPUIPlugin:80 - create IPUIPlugin
2026-08-01 00:07:54,171 [INFO] PluginManager:220 - loadIPPluginJar : add can
2026-08-01 00:07:54,172 [INFO] IPUIPlugin:80 - create IPUIPlugin
2026-08-01 00:07:54,172 [INFO] PluginManager:220 - loadIPPluginJar : add comp
2026-08-01 00:07:54,175 [INFO] IPUIPlugin:80 - create IPUIPlugin
2026-08-01 00:07:54,175 [INFO] PluginManager:220 - loadIPPluginJar : add cryp
2026-08-01 00:07:54,176 [INFO] IPUIPlugin:80 - create IPUIPlugin
2026-08-01 00:07:54,176 [INFO] PluginManager:220 - loadIPPluginJar : add dfsdm
2026-08-01 00:07:54,180 [INFO] IPUIPlugin:80 - create IPUIPlugin
2026-08-01 00:07:54,181 [INFO] PluginManager:220 - loadIPPluginJar : add dma
2026-08-01 00:07:54,183 [INFO] IPUIPlugin:80 - create IPUIPlugin
2026-08-01 00:07:54,183 [INFO] PluginManager:220 - loadIPPluginJar : add dma3
2026-08-01 00:07:54,184 [INFO] IPUIPlugin:80 - create IPUIPlugin
2026-08-01 00:07:54,185 [INFO] PluginManager:220 - loadIPPluginJar : add fatfs
2026-08-01 00:07:54,188 [INFO] IPUIPlugin:80 - create IPUIPlugin
2026-08-01 00:07:54,188 [INFO] PluginManager:220 - loadIPPluginJar : add fmc
2026-08-01 00:07:54,193 [INFO] IPUIPlugin:80 - create IPUIPlugin
2026-08-01 00:07:54,194 [INFO] PluginManager:220 - loadIPPluginJar : add freertos
2026-08-01 00:07:54,196 [INFO] IPUIPlugin:80 - create IPUIPlugin
2026-08-01 00:07:54,196 [INFO] PluginManager:220 - loadIPPluginJar : add genericplugin
2026-08-01 00:07:54,198 [INFO] IPUIPlugin:80 - create IPUIPlugin
2026-08-01 00:07:54,198 [INFO] PluginManager:220 - loadIPPluginJar : add gfxmmu
2026-08-01 00:07:54,202 [INFO] IPUIPlugin:80 - create IPUIPlugin
2026-08-01 00:07:54,202 [INFO] PluginManager:220 - loadIPPluginJar : add gic
2026-08-01 00:07:54,206 [INFO] IPUIPlugin:80 - create IPUIPlugin
2026-08-01 00:07:54,206 [INFO] PluginManager:220 - loadIPPluginJar : add gpio
2026-08-01 00:07:54,209 [INFO] IPUIPlugin:80 - create IPUIPlugin
2026-08-01 00:07:54,209 [INFO] PluginManager:220 - loadIPPluginJar : add gtzc
2026-08-01 00:07:54,211 [INFO] IPUIPlugin:80 - create IPUIPlugin
2026-08-01 00:07:54,212 [INFO] PluginManager:220 - loadIPPluginJar : add hash
2026-08-01 00:07:54,214 [INFO] IPUIPlugin:80 - create IPUIPlugin
2026-08-01 00:07:54,214 [INFO] PluginManager:220 - loadIPPluginJar : add i2c
2026-08-01 00:07:54,215 [INFO] IPUIPlugin:80 - create IPUIPlugin
2026-08-01 00:07:54,215 [INFO] PluginManager:220 - loadIPPluginJar : add i2s
2026-08-01 00:07:54,218 [INFO] IPUIPlugin:80 - create IPUIPlugin
2026-08-01 00:07:54,218 [INFO] PluginManager:220 - loadIPPluginJar : add i3c
2026-08-01 00:07:54,220 [INFO] IPUIPlugin:80 - create IPUIPlugin
2026-08-01 00:07:54,220 [INFO] PluginManager:220 - loadIPPluginJar : add ipddr
2026-08-01 00:07:54,227 [INFO] IPUIPlugin:80 - create IPUIPlugin
2026-08-01 00:07:54,227 [INFO] PluginManager:220 - loadIPPluginJar : add linkedlist
2026-08-01 00:07:54,231 [INFO] IPUIPlugin:80 - create IPUIPlugin
2026-08-01 00:07:54,231 [INFO] PluginManager:220 - loadIPPluginJar : add lorawan
2026-08-01 00:07:54,233 [INFO] IPUIPlugin:80 - create IPUIPlugin
2026-08-01 00:07:54,233 [INFO] PluginManager:220 - loadIPPluginJar : add ltdc
2026-08-01 00:07:54,238 [INFO] IPUIPlugin:80 - create IPUIPlugin
2026-08-01 00:07:54,238 [INFO] PluginManager:220 - loadIPPluginJar : add mdma
2026-08-01 00:07:54,242 [INFO] IPUIPlugin:80 - create IPUIPlugin
2026-08-01 00:07:54,242 [INFO] PluginManager:220 - loadIPPluginJar : add nvic
2026-08-01 00:07:54,243 [INFO] IPUIPlugin:80 - create IPUIPlugin
2026-08-01 00:07:54,243 [INFO] PluginManager:220 - loadIPPluginJar : add opamp
2026-08-01 00:07:54,246 [INFO] IPUIPlugin:80 - create IPUIPlugin
2026-08-01 00:07:54,246 [INFO] PluginManager:220 - loadIPPluginJar : add openamp
2026-08-01 00:07:54,249 [INFO] IPUIPlugin:80 - create IPUIPlugin
2026-08-01 00:07:54,249 [INFO] PluginManager:220 - loadIPPluginJar : add pdm2pcm
2026-08-01 00:07:54,254 [INFO] IPUIPlugin:80 - create IPUIPlugin
2026-08-01 00:07:54,256 [INFO] PluginManager:220 - loadIPPluginJar : add plateformsettings
2026-08-01 00:07:54,257 [INFO] IPUIPlugin:80 - create IPUIPlugin
2026-08-01 00:07:54,257 [INFO] PluginManager:220 - loadIPPluginJar : add quadspi
2026-08-01 00:07:54,262 [INFO] IPUIPlugin:80 - create IPUIPlugin
2026-08-01 00:07:54,262 [INFO] PluginManager:220 - loadIPPluginJar : add resmgrutility
2026-08-01 00:07:54,263 [INFO] IPUIPlugin:80 - create IPUIPlugin
2026-08-01 00:07:54,264 [INFO] PluginManager:220 - loadIPPluginJar : add sai
2026-08-01 00:07:54,266 [INFO] IPUIPlugin:80 - create IPUIPlugin
2026-08-01 00:07:54,266 [INFO] PluginManager:220 - loadIPPluginJar : add spi
2026-08-01 00:07:54,269 [INFO] IPUIPlugin:80 - create IPUIPlugin
2026-08-01 00:07:54,269 [INFO] PluginManager:220 - loadIPPluginJar : add stm32_wpan
2026-08-01 00:07:54,271 [INFO] IPUIPlugin:80 - create IPUIPlugin
2026-08-01 00:07:54,271 [INFO] PluginManager:220 - loadIPPluginJar : add tim
2026-08-01 00:07:54,273 [INFO] IPUIPlugin:80 - create IPUIPlugin
2026-08-01 00:07:54,273 [INFO] PluginManager:220 - loadIPPluginJar : add touchsensing
2026-08-01 00:07:54,275 [INFO] IPUIPlugin:80 - create IPUIPlugin
2026-08-01 00:07:54,275 [INFO] PluginManager:220 - loadIPPluginJar : add tracer_emb
2026-08-01 00:07:54,276 [INFO] IPUIPlugin:80 - create IPUIPlugin
2026-08-01 00:07:54,276 [INFO] PluginManager:220 - loadIPPluginJar : add ts
2026-08-01 00:07:54,278 [INFO] IPUIPlugin:80 - create IPUIPlugin
2026-08-01 00:07:54,278 [INFO] PluginManager:220 - loadIPPluginJar : add tsc
2026-08-01 00:07:54,279 [INFO] IPUIPlugin:80 - create IPUIPlugin
2026-08-01 00:07:54,279 [INFO] PluginManager:220 - loadIPPluginJar : add ucpd
2026-08-01 00:07:54,281 [INFO] IPUIPlugin:80 - create IPUIPlugin
2026-08-01 00:07:54,282 [INFO] PluginManager:220 - loadIPPluginJar : add usart
2026-08-01 00:07:54,284 [INFO] IPUIPlugin:80 - create IPUIPlugin
2026-08-01 00:07:54,284 [INFO] PluginManager:220 - loadIPPluginJar : add usbx
2026-08-01 00:07:54,406 [INFO] CADModel:165 - CPN selected for project level
2026-08-01 00:07:54,406 [INFO] CADModel:114 - Register for checkConnection events
2026-08-01 00:07:54,406 [FATAL] Updater:308 - Updater called before beeing initialized
2026-08-01 00:07:54,406 [ERROR] CADModel:125 - Updater not yet initialized, retry later 
2026-08-01 00:07:54,580 [INFO] CADModel:165 - CPN selected for project level
2026-08-01 00:07:54,581 [INFO] CADModel:114 - Register for checkConnection events
2026-08-01 00:07:54,581 [FATAL] Updater:308 - Updater called before beeing initialized
2026-08-01 00:07:54,581 [ERROR] CADModel:125 - Updater not yet initialized, retry later 
2026-08-01 00:07:54,585 [FATAL] Updater:308 - Updater called before beeing initialized
2026-08-01 00:07:54,701 [FATAL] Updater:308 - Updater called before beeing initialized
2026-08-01 00:07:54,706 [INFO] DbMcusAds:53 - JSON generation date=Wed Jul 15 16:44:54 GMT+07:00 2026 (1784108694001)
2026-08-01 00:07:54,706 [FATAL] Updater:308 - Updater called before beeing initialized
2026-08-01 00:07:54,744 [WARN] DetailPanel:346 - Failed to get advertising image, set to default
2026-08-01 00:07:54,841 [FATAL] Updater:308 - Updater called before beeing initialized
2026-08-01 00:07:54,843 [FATAL] Updater:308 - Updater called before beeing initialized
2026-08-01 00:07:54,843 [FATAL] Updater:308 - Updater called before beeing initialized
2026-08-01 00:07:54,843 [WARN] DetailPanel:346 - Failed to get advertising image, set to default
2026-08-01 00:07:54,844 [FATAL] Updater:308 - Updater called before beeing initialized
2026-08-01 00:07:54,888 [ERROR] Updater:1120 - MainUpdater not yet initialized. External WinMGr cannot be set.
2026-08-01 00:07:54,890 [INFO] Updater:1056 - Updater Version found : 6.9.1
2026-08-01 00:07:54,907 [INFO] ApplicationProperties:184 - Using Application install path: C:\ST\STM32CubeIDE_1.13.1\STM32CubeIDE\plugins\com.st.stm32cube.common.mx_6.9.1.202307191849
2026-08-01 00:07:55,939 [INFO] MainUpdater:2868 - connection check result : 10
2026-08-01 00:07:55,940 [INFO] MainUpdater:285 - Updater Check For Update Now.
2026-08-01 00:07:55,940 [INFO] MicroXplorer:498 - Change Database Version : DB.6.0.91
2026-08-01 00:07:55,951 [INFO] McuFinderGlobals:63 - Set McuFinder mode to 2 (CubeIDE integrated)
2026-08-01 00:07:55,951 [INFO] UserAuth:179 - activating auth plugin
2026-08-01 00:07:55,953 [INFO] UserAuth:393 - Internet connection configuration mode: 1
2026-08-01 00:07:55,969 [INFO] JxBrowserEngine:151 - Initiate JxBrowser Engine with user profile folder
2026-08-01 00:07:56,143 [INFO] CheckServerUpdateThread:120 - End of CheckServer Thread
2026-08-01 00:07:56,755 [INFO] WebApp:157 - Instantiating new browser for Auth
2026-08-01 00:07:56,878 [WARN] PackLoader:240 - Cannot read IP mode file for STMicroelectronics.FP-ATR-ASTRA1.2.0.3
2026-08-01 00:07:56,884 [WARN] PackLoader:240 - Cannot read IP mode file for STMicroelectronics.FP-ATR-ASTRA1.2.0.2
2026-08-01 00:07:56,890 [ERROR] Engine:466 - C:\Users\Admin\.stm32cubemx\thirdparties\pdsc\STMicroelectronics.X-CUBE-SMBUS.2.1.1.pdsc: PDSC version is not supported
2026-08-01 00:07:56,896 [WARN] PackLoader:240 - Cannot read IP mode file for STMicroelectronics.X-CUBE-SMBUS.2.1.0
2026-08-01 00:07:56,939 [WARN] PackLoader:240 - Cannot read IP mode file for STMicroelectronics.X-CUBE-AZRTOS-F7.1.1.0
2026-08-01 00:07:56,952 [ERROR] Engine:466 - C:\Users\Admin\.stm32cubemx\thirdparties\pdsc\STMicroelectronics.X-CUBE-FREERTOS.1.6.0.pdsc: PDSC version is not supported
2026-08-01 00:07:56,995 [WARN] PackLoader:240 - Cannot read IP mode file for STMicroelectronics.X-CUBE-AZRTOS-H7RS.1.3.0
2026-08-01 00:07:57,011 [ERROR] Engine:466 - C:\Users\Admin\.stm32cubemx\thirdparties\pdsc\WES.I-CUBE-Cesium.1.4.0.pdsc: PDSC version is not supported
2026-08-01 00:07:57,024 [WARN] PackLoader:240 - Cannot read IP mode file for STMicroelectronics.X-CUBE-DISPLAY.3.0.0
2026-08-01 00:07:57,041 [WARN] PackLoader:240 - Cannot read IP mode file for wolfSSL.I-CUBE-wolfSSL.5.9.1
2026-08-01 00:07:57,051 [WARN] PackLoader:240 - Cannot read IP mode file for emotas.I-CUBE-CANOPEN.1.3.0
2026-08-01 00:07:57,057 [ERROR] Engine:466 - C:\Users\Admin\.stm32cubemx\thirdparties\pdsc\STMicroelectronics.X-CUBE-WBA.1.1.0.pdsc: PDSC version is not supported
2026-08-01 00:07:57,072 [INFO] LogOutputStream:77 - [STDOUT_REDIRECT] 1 : Invalid condition id : UX_CORESTACK_Condition cause : null
2026-08-01 00:07:57,073 [INFO] LogOutputStream:77 - [STDOUT_REDIRECT] 1 : Invalid condition id : UX_CORESTACK_Condition cause : null
2026-08-01 00:07:57,075 [INFO] LogOutputStream:77 - [STDOUT_REDIRECT] 1 : Invalid condition id : UX_CORESTACK_Condition cause : null
2026-08-01 00:07:57,077 [INFO] LogOutputStream:77 - [STDOUT_REDIRECT] 1 : Invalid condition id : UX_CORESTACK_Condition cause : null
2026-08-01 00:07:57,080 [INFO] LogOutputStream:77 - [STDOUT_REDIRECT] 1 : Invalid condition id : UX_CORESTACK_Condition cause : null
2026-08-01 00:07:57,085 [WARN] PackLoader:240 - Cannot read IP mode file for STMicroelectronics.X-CUBE-AZRTOS-WL.2.0.0
2026-08-01 00:07:57,117 [WARN] PackLoader:240 - Cannot read IP mode file for STMicroelectronics.X-CUBE-AZRTOS-H7RS.1.2.0
2026-08-01 00:07:57,140 [WARN] PackLoader:240 - Cannot read IP mode file for STMicroelectronics.X-CUBE-BLE2.3.3.0
2026-08-01 00:07:57,145 [ERROR] Engine:466 - C:\Users\Admin\.stm32cubemx\thirdparties\pdsc\Avnet-IOTCONNECT.X-CUBE-iotc-st67-sdk.1.0.0.pdsc: PDSC version is not supported
2026-08-01 00:07:57,153 [ERROR] Engine:466 - C:\Users\Admin\.stm32cubemx\thirdparties\pdsc\Infineon.AIROC-Wi-Fi-Bluetooth-STM32.1.8.0.pdsc: PDSC version is not supported
2026-08-01 00:07:57,159 [WARN] PackLoader:240 - Cannot read IP mode file for wolfSSL.I-CUBE-wolfMQTT.1.19.2
2026-08-01 00:07:57,186 [WARN] PackLoader:240 - Cannot read IP mode file for STMicroelectronics.X-CUBE-AZRTOS-G0.1.1.0
2026-08-01 00:07:57,199 [WARN] PackLoader:240 - Cannot read IP mode file for STMicroelectronics.X-CUBE-NFC4.3.0.0
2026-08-01 00:07:57,204 [ERROR] Engine:466 - C:\Users\Admin\.stm32cubemx\thirdparties\pdsc\EmbeddedOffice.I-CUBE-FS-RTOS.1.0.1.pdsc: PDSC version is not supported
2026-08-01 00:07:57,209 [WARN] PackLoader:240 - Cannot read IP mode file for wolfSSL.I-CUBE-wolfTPM.3.8.0
2026-08-01 00:07:57,212 [ERROR] Engine:466 - C:\Users\Admin\.stm32cubemx\thirdparties\pdsc\RealThread.X-CUBE-RT-Thread_Nano.4.1.1.pdsc: PDSC version is not supported
2026-08-01 00:07:57,217 [WARN] PackLoader:240 - Cannot read IP mode file for STMicroelectronics.FP-ATR-SIGFOX1.3.2.0
2026-08-01 00:07:57,220 [ERROR] Engine:466 - C:\Users\Admin\.stm32cubemx\thirdparties\pdsc\STMicroelectronics.X-CUBE-FREERTOS.1.5.0.pdsc: PDSC version is not supported
2026-08-01 00:07:57,230 [WARN] PackLoader:240 - Cannot read IP mode file for ITTIA_DB.I-CUBE-ITTIADB.8.9.0
2026-08-01 00:07:57,234 [ERROR] Engine:466 - C:\Users\Admin\.stm32cubemx\thirdparties\pdsc\Cesanta.I-CUBE-Mongoose.7.21.7.pdsc: PDSC version is not supported
2026-08-01 00:07:57,240 [WARN] PackLoader:240 - Cannot read IP mode file for STMicroelectronics.X-CUBE-AI.10.2.1
2026-08-01 00:07:57,318 [WARN] PackLoader:240 - Cannot read IP mode file for STMicroelectronics.X-CUBE-MEMS1.12.1.0
2026-08-01 00:07:57,499 [WARN] PackLoader:240 - Cannot read IP mode file for SEGGER.I-CUBE-embOS.1.3.1
2026-08-01 00:07:57,569 [WARN] PackLoader:240 - Cannot read IP mode file for STMicroelectronics.X-CUBE-ALGOBUILD.1.4.0
2026-08-01 00:07:57,587 [WARN] PackLoader:240 - Cannot read IP mode file for STMicroelectronics.X-CUBE-NFC13.1.0.0
2026-08-01 00:07:57,614 [WARN] PackLoader:240 - Cannot read IP mode file for STMicroelectronics.X-CUBE-AZRTOS-F4.1.1.0
2026-08-01 00:07:57,624 [ERROR] Engine:466 - C:\Users\Admin\.stm32cubemx\thirdparties\pdsc\STMicroelectronics.eDS-WB_DPC_TT-BIDIR.2.1.1.pdsc: PDSC version is not supported
2026-08-01 00:07:57,641 [WARN] PackLoader:240 - Cannot read IP mode file for STMicroelectronics.X-CUBE-ALGOBUILD.1.5.0
2026-08-01 00:07:57,717 [WARN] PackLoader:240 - Cannot read IP mode file for STMicroelectronics.X-CUBE-MEMS1.13.0.0
2026-08-01 00:07:57,824 [ERROR] Engine:466 - C:\Users\Admin\.stm32cubemx\thirdparties\pdsc\STMicroelectronics.eDS-WB_DPC_3PH2L-BIDIR.1.1.1.pdsc: PDSC version is not supported
2026-08-01 00:07:57,833 [WARN] PackLoader:240 - Cannot read IP mode file for STMicroelectronics.X-CUBE-TOUCHGFX.4.26.1
2026-08-01 00:07:57,852 [WARN] ConditionMgr:438 - getConditionDescription Invalid condition id : LAN8742 Phy interface Condition cause : null
2026-08-01 00:07:57,853 [WARN] PackLoader:240 - Cannot read IP mode file for STMicroelectronics.X-CUBE-AZRTOS-L4.2.0.0
2026-08-01 00:07:57,856 [WARN] ConditionMgr:1039 - genDependencies : Invalid condition id : LAN8742 Phy interface Condition cause : null
2026-08-01 00:07:57,857 [WARN] ConditionMgr:1039 - genDependencies : Invalid condition id : LAN8742 Phy interface Condition cause : null
2026-08-01 00:07:57,858 [WARN] ConditionMgr:1039 - genDependencies : Invalid condition id : LAN8742 Phy interface Condition cause : null
2026-08-01 00:07:57,871 [WARN] PackLoader:240 - Cannot read IP mode file for STMicroelectronics.X-CUBE-SFXS2LP1.4.0.0
2026-08-01 00:07:57,877 [ERROR] Engine:466 - C:\Users\Admin\.stm32cubemx\thirdparties\pdsc\quantropi.X-CUBE-qispace-sdk-base.2.1.0.pdsc: PDSC version is not supported
2026-08-01 00:07:57,890 [WARN] PackLoader:240 - Cannot read IP mode file for STMicroelectronics.X-CUBE-SUBG2.5.0.0
2026-08-01 00:07:57,926 [WARN] PackLoader:240 - Cannot read IP mode file for STMicroelectronics.X-CUBE-AZRTOS-G4.2.0.0
2026-08-01 00:07:57,941 [WARN] PackLoader:240 - Cannot read IP mode file for wolfSSL.I-CUBE-wolfSSH.1.4.20
2026-08-01 00:07:57,943 [INFO] ThirdParty:978 - Integrity check success = true
2026-08-01 00:07:57,943 [INFO] IntegrityCheckThread:100 - exiting critical section [integrity check]
2026-08-01 00:07:57,943 [INFO] IntegrityCheckThread:103 - End integrity checks thread
2026-08-01 00:07:58,090 [INFO] WebApp:753 - Register for checkConnection events
2026-08-01 00:07:58,090 [INFO] WebApp:390 - Apply proxy settings
2026-08-01 00:07:58,091 [INFO] WebApp:475 - Chromium requires no authentication
2026-08-01 00:07:58,109 [INFO] WebApp:418 - Direct internet connection detected
2026-08-01 00:07:58,486 [INFO] WebApp:188 - Starting web application
2026-08-01 00:07:58,486 [INFO] WebApp:520 - Web application path used C:\ST\STM32CubeIDE_1.13.1\STM32CubeIDE\plugins\com.st.stm32cube.common.mx_6.9.1.202307191849\db\plugins\mcufinder\reactClient1\index.html
2026-08-01 00:08:19,230 [ERROR] LogOutputStream:75 - [STDERR_REDIRECT] SLF4J: Failed to load class "org.slf4j.impl.StaticLoggerBinder".
2026-08-01 00:08:19,231 [ERROR] LogOutputStream:75 - [STDERR_REDIRECT] SLF4J: Defaulting to no-operation (NOP) logger implementation
2026-08-01 00:08:19,232 [ERROR] LogOutputStream:75 - [STDERR_REDIRECT] SLF4J: See http://www.slf4j.org/codes.html#StaticLoggerBinder for further details.
2026-08-01 00:09:03,488 [INFO] McuFinderGlobals:63 - Set McuFinder mode to 2 (CubeIDE integrated)
2026-08-01 00:09:03,492 [INFO] MainUpdater:2868 - connection check result : 10
2026-08-01 00:09:03,492 [INFO] MainUpdater:2868 - connection check result : 10
2026-08-01 00:09:03,516 [INFO] MicroXplorer:468 - Change Database Path : 
2026-08-01 00:09:03,517 [INFO] MicroXplorer:498 - Change Database Version : DB.6.0.91
2026-08-01 00:09:03,520 [WARN] ThirdParty:871 - waiting for thirdparty lock release [close project]
2026-08-01 00:09:03,520 [INFO] ThirdParty:873 - entering critical section [close project]
2026-08-01 00:09:03,521 [INFO] ThirdParty:883 - exiting critical section [close project]
2026-08-01 00:09:03,523 [INFO] PinOutPanel:1499 - setPackage(No Configuration,No Configuration)
2026-08-01 00:09:03,527 [INFO] UtilMem:75 - Begin LoadConfig() Used Memory: 489708184 Bytes (650117120)
2026-08-01 00:09:03,528 [INFO] MicroXplorer:468 - Change Database Path : 
2026-08-01 00:09:03,528 [INFO] MicroXplorer:498 - Change Database Version : DB.6.0.91
2026-08-01 00:09:03,528 [INFO] OpenFileManager:308 - Change cursor
2026-08-01 00:09:03,546 [INFO] Mcu:1946 - Initializing MCU STM32F405RGTx STM32F405RGTx STM32F405RGT6
2026-08-01 00:09:04,904 [INFO] Context:659 - Trying to add GPIOservice into a context  which must be forbidden
2026-08-01 00:09:05,455 [INFO] RtosManager:555 - Registered RTOS mode: class=CMSIS, group=RTOS, mode=CMSIS_V1, owner=FREERTOS
2026-08-01 00:09:05,455 [INFO] RtosManager:555 - Registered RTOS mode: class=CMSIS, group=RTOS2, mode=CMSIS_V2, owner=FREERTOS
2026-08-01 00:09:05,455 [INFO] RtosManager:555 - Registered RTOS mode: class=RTOS, group=Core, mode=CMSIS_V1, owner=FREERTOS
2026-08-01 00:09:05,455 [INFO] RtosManager:555 - Registered RTOS mode: class=RTOS, group=Core, mode=CMSIS_V2, owner=FREERTOS
2026-08-01 00:09:05,456 [WARN] ModelIntegratedComponent:184 - Missing modes for component STMicroelectronics:FreeRTOS:0.0.1:STMicroelectronics:RTOS:FreeRTOS:Core:::10.2.0:
2026-08-01 00:09:05,549 [WARN] ModelIntegratedComponent:63 - No mode defined for component null
2026-08-01 00:09:05,549 [WARN] ModelIntegratedComponent:63 - No mode defined for component null
2026-08-01 00:09:05,549 [WARN] ModelIntegratedComponent:63 - No mode defined for component null
2026-08-01 00:09:05,549 [WARN] ModelIntegratedComponent:63 - No mode defined for component null
2026-08-01 00:09:05,549 [WARN] ModelIntegratedComponent:63 - No mode defined for component null
2026-08-01 00:09:05,549 [WARN] ModelIntegratedComponent:63 - No mode defined for component null
2026-08-01 00:09:05,549 [WARN] ModelIntegratedComponent:63 - No mode defined for component null
2026-08-01 00:09:05,549 [WARN] ModelIntegratedComponent:63 - No mode defined for component null
2026-08-01 00:09:05,549 [WARN] ModelIntegratedComponent:63 - No mode defined for component null
2026-08-01 00:09:05,549 [WARN] ModelIntegratedComponent:63 - No mode defined for component null
2026-08-01 00:09:05,549 [WARN] ModelIntegratedComponent:63 - No mode defined for component null
2026-08-01 00:09:05,550 [WARN] ModelIntegratedComponent:63 - No mode defined for component null
2026-08-01 00:09:05,550 [WARN] ModelIntegratedComponent:63 - No mode defined for component null
2026-08-01 00:09:05,550 [WARN] ModelIntegratedComponent:63 - No mode defined for component null
2026-08-01 00:09:05,550 [WARN] ModelIntegratedComponent:63 - No mode defined for component null
2026-08-01 00:09:05,550 [WARN] ModelIntegratedComponent:63 - No mode defined for component null
2026-08-01 00:09:05,550 [WARN] ModelIntegratedComponent:63 - No mode defined for component null
2026-08-01 00:09:05,550 [WARN] ModelIntegratedComponent:63 - No mode defined for component null
2026-08-01 00:09:05,550 [WARN] ModelIntegratedComponent:63 - No mode defined for component null
2026-08-01 00:09:05,550 [WARN] ModelIntegratedComponent:63 - No mode defined for component null
2026-08-01 00:09:05,550 [WARN] ModelIntegratedComponent:63 - No mode defined for component null
2026-08-01 00:09:05,550 [WARN] ModelIntegratedComponent:63 - No mode defined for component null
2026-08-01 00:09:05,550 [WARN] ModelIntegratedComponent:63 - No mode defined for component null
2026-08-01 00:09:05,550 [WARN] ModelIntegratedComponent:63 - No mode defined for component null
2026-08-01 00:09:05,550 [WARN] ModelIntegratedComponent:63 - No mode defined for component null
2026-08-01 00:09:05,550 [WARN] ModelIntegratedComponent:63 - No mode defined for component null
2026-08-01 00:09:05,550 [WARN] ModelIntegratedComponent:63 - No mode defined for component null
2026-08-01 00:09:05,550 [WARN] ModelIntegratedComponent:63 - No mode defined for component null
2026-08-01 00:09:05,550 [WARN] ModelIntegratedComponent:63 - No mode defined for component null
2026-08-01 00:09:05,551 [WARN] ModelIntegratedComponent:63 - No mode defined for component null
2026-08-01 00:09:05,551 [WARN] ModelIntegratedComponent:63 - No mode defined for component null
2026-08-01 00:09:05,551 [WARN] ModelIntegratedComponent:63 - No mode defined for component null
2026-08-01 00:09:05,551 [WARN] ModelIntegratedComponent:63 - No mode defined for component null
2026-08-01 00:09:05,622 [INFO] ThirdPartyModel:298 - Start build external matchings
2026-08-01 00:09:05,831 [INFO] ThirdPartyModel:316 - End build external matchings
2026-08-01 00:09:05,842 [INFO] ImportTextPane:194 - (OptionalMessage_ERROR) IP (RCC) : Parameter (48MHZClocksFreq_Value) has invalid value (84000000)
2026-08-01 00:09:05,843 [INFO] ImportTextPane:194 - (OptionalMessage_ERROR) IP (RCC) : Parameter (RTCHSEDivFreq_Value) has invalid value (4000000)
2026-08-01 00:09:06,116 [INFO] UtilMem:75 - End LoadConfig() Used Memory: 708253936 Bytes (956301312)
2026-08-01 00:09:06,180 [INFO] ApiDb:581 - Connected to CubeFinder SQLite database (C:\Users\Admin\.stmcufinder\plugins\mcufinder\mcu\cube-finder-db.db)
2026-08-01 00:09:06,282 [INFO] ApiDb:668 - CubeFinder database Data Model version=2.1
2026-08-01 00:09:06,282 [INFO] ApiDb:669 - CubeFinder database Configuration version=3.0.42
2026-08-01 00:09:06,283 [INFO] ApiDb:670 - CubeFinder database generation date=2026-06-23 (1782213372)
2026-08-01 00:09:06,283 [INFO] ApiDb:671 - CubeFinder database FW Pack versions=[FP-ATR-ASTRA1_V2.0.0, FP-SNS-FLIGHT1_V5.1.0, FP-SNS-MOTENV1_V5.1.0, FP-SNS-MOTENVWB1_V1.5.0, FP-SNS-SMARTAG2_V1.2.0, FP-SNS-STBOX1_V2.1.0, STM32Cube_FW_C0_V1.4.0, STM32Cube_FW_F4_V1.28.3, STM32Cube_FW_F7_V1.17.4, STM32Cube_FW_G0_V1.6.3, STM32Cube_FW_G4_V1.6.2, STM32Cube_FW_H5_V1.7.0, STM32Cube_FW_H7RS_V1.3.0, STM32Cube_FW_H7_V1.13.0, STM32Cube_FW_L0_V1.12.2, STM32Cube_FW_L4_V1.18.2, STM32Cube_FW_L5_V1.6.0, STM32Cube_FW_N6_V1.4.0, STM32Cube_FW_U0_V1.3.0, STM32Cube_FW_U3_V1.4.0, STM32Cube_FW_U5_V1.9.0, STM32Cube_FW_WB0_V1.5.0, STM32Cube_FW_WBA_V1.10.0, STM32Cube_FW_WB_V1.24.0, STM32Cube_FW_WL3_V1.5.0, STM32Cube_FW_WL_V1.6.0, X-CUBE-ALGOBUILD_V1.5.0, X-CUBE-ALS_V1.0.2, X-CUBE-AZRTOS-F4_V1.1.0, X-CUBE-AZRTOS-F7_V1.1.0, X-CUBE-AZRTOS-G0_V1.1.0, X-CUBE-AZRTOS-G4_V2.0.0, X-CUBE-AZRTOS-H7RS_V1.1.0, X-CUBE-AZRTOS-H7_V3.5.0, X-CUBE-AZRTOS-L4_V2.0.0, X-CUBE-AZRTOS-L5_V2.0.0, X-CUBE-AZRTOS-WB_V2.0.0, X-CUBE-AZRTOS-WL_V2.0.0, X-CUBE-BLE1_V7.1.0, X-CUBE-BLE2_V3.3.0, X-CUBE-BLEMGR_V4.1.0, X-CUBE-EEPRMA1_V5.2.0, X-CUBE-FREERTOS_V1.5.0, X-CUBE-GNSS1_V7.1.1, X-CUBE-MEMS1_V12.1.0, X-CUBE-NFC4_V3.0.0, X-CUBE-NFC7_V2.0.0, X-CUBE-SFXS2LP1_V4.0.0, X-CUBE-ST67W61_V1.3.0, X-CUBE-SUBG2_V5.0.0, X-CUBE-TOF1_V3.4.3]
2026-08-01 00:09:09,490 [INFO] ApiDb:240 - Found 323 in-development CPN: [B-G473E-ZEST1S, B-WB1M-WPAN1, B-WL5M-SUBG1, NUCLEO-C031C6, NUCLEO-H503RB, NUCLEO-H563ZI, NUCLEO-U545RE-Q, NUCLEO-U5A5ZJ-Q, NUCLEO-WBA52CG, STEVAL-PROTEUS1, STEVAL-SMARTAG2, STEVAL-STWINBX1, STM320518-EVAL, STM32C0116-DK, STM32C011D6Y3TR, STM32C011D6Y6TR, STM32C011F4P3, STM32C011F4P6, STM32C011F4U3, STM32C011F4U6TR, STM32C011F6P3, STM32C011F6P6, STM32C011F6U3, STM32C011F6U6TR, STM32C011J4M3, STM32C011J4M6, STM32C011J6M3, STM32C011J6M6, STM32C0316-DK, STM32C031C4T3, STM32C031C4T6, STM32C031C4U3, STM32C031C4U6, STM32C031C6T3, STM32C031C6T6, STM32C031C6U3, STM32C031C6U6, STM32C031F4P3, STM32C031F4P6, STM32C031F6P3, STM32C031F6P6, STM32C031G4U3, STM32C031G4U6, STM32C031G6U3, STM32C031G6U6, STM32C031K4T3, STM32C031K4T6, STM32C031K4U3, STM32C031K4U6, STM32C031K6T3, STM32C031K6T6, STM32C031K6U3, STM32C031K6U6, STM32G071K8TXN, STM32G071K8UXN, STM32G081GBU6N, STM32G081KBT6N, STM32G081KBUXN, STM32G0B1CCT6N, STM32G0B1KCT6, STM32G0B1NEY6TR, STM32G0B1RCT6N, STM32G0C1CCT6, STM32G0C1CCT6N, STM32G0C1CCU6N, STM32G0C1CET6N, STM32G0C1CEU6N, STM32G0C1KCT6, STM32G0C1NEY6TR, STM32G0C1RCI6N, STM32G0C1RCT6N, STM32G0C1REI6N, STM32G0C1RET6N, STM32G0C1VCI6, STM32G0C1VEI6, STM32G471CCT6, STM32G471CCU6, STM32G471CET3, STM32G471CET6, STM32G471CEU3, STM32G471CEU6, STM32G471MCT6, STM32G471MET3, STM32G471MET6, STM32G471MEY6TR, STM32G471QCT6, STM32G471QET3, STM32G471RCT6, STM32G471RET3, STM32G471RET6, STM32G471VCH6, STM32G471VCI6, STM32G471VCT6, STM32G471VEH3, STM32G471VEH6, STM32G471VEI3, STM32G471VEI6, STM32G471VET3, STM32G471VET6, STM32G474CCT6, STM32H503CBT6, STM32H503CBU6, STM32H503EBY6TR, STM32H503KBU6, STM32H503RBT6, STM32H562AGI6, STM32H562AII6, STM32H562IGK6, STM32H562IGT6, STM32H562IIK6, STM32H562IIT6, STM32H562RGT6, STM32H562RGV6, STM32H562RIT6, STM32H562RIV6, STM32H562VGT6, STM32H562VIT6, STM32H562ZGT6, STM32H562ZIT6, STM32H563AGI6, STM32H563AII3Q, STM32H563AII6, STM32H563IGK6, STM32H563IGT6, STM32H563IIK3Q, STM32H563IIK6, STM32H563IIT3Q, STM32H563IIT6, STM32H563MIY3QTR, STM32H563RGT6, STM32H563RGV6, STM32H563RIT6, STM32H563RIV6, STM32H563VGT6, STM32H563VIT3Q, STM32H563VIT6, STM32H563ZGT6, STM32H563ZIT3Q, STM32H563ZIT6, STM32H573AII3Q, STM32H573AII6, STM32H573I-DK, STM32H573IIK3Q, STM32H573IIK6, STM32H573IIT3Q, STM32H573IIT6, STM32H573MIY3QTR, STM32H573RIT6, STM32H573RIV6, STM32H573VIT3Q, STM32H573VIT6, STM32H573ZIT3Q, STM32H573ZIT6, STM32L4R5QGI6STR, STM32MP131AAE3, STM32MP131AAF3, STM32MP131AAG3, STM32MP131CAE3, STM32MP131CAF3, STM32MP131CAG3, STM32MP131DAE7, STM32MP131DAF7, STM32MP131DAG7, STM32MP131FAE7, STM32MP131FAF7, STM32MP131FAG7, STM32MP133AAE3, STM32MP133AAF3, STM32MP133AAG3, STM32MP133CAE3, STM32MP133CAF3, STM32MP133CAG3, STM32MP133DAE7, STM32MP133DAF7, STM32MP133DAG7, STM32MP133FAE7, STM32MP133FAF7, STM32MP133FAG7, STM32MP135AAE3, STM32MP135AAF3, STM32MP135AAG3, STM32MP135CAE3, STM32MP135CAF3, STM32MP135CAG3, STM32MP135DAE7, STM32MP135DAF7, STM32MP135DAG7, STM32MP135F-DK, STM32MP135FAE7, STM32MP135FAF7, STM32MP135FAF7T, STM32MP135FAF7U, STM32MP135FAG7, STM32U535CBT6, STM32U535CBT6Q, STM32U535CBU6, STM32U535CBU6Q, STM32U535CCT6, STM32U535CCT6Q, STM32U535CCU6, STM32U535CCU6Q, STM32U535CET6, STM32U535CET6Q, STM32U535CEU6, STM32U535CEU6Q, STM32U535JEY6QTR, STM32U535NCY6QTR, STM32U535NEY6QTR, STM32U535RBI6, STM32U535RBI6Q, STM32U535RBT6, STM32U535RBT6Q, STM32U535RCI6, STM32U535RCI6Q, STM32U535RCT6, STM32U535RCT6Q, STM32U535REI6, STM32U535REI6Q, STM32U535RET6, STM32U535RET6Q, STM32U535VCI6, STM32U535VCI6Q, STM32U535VCT6, STM32U535VCT6Q, STM32U535VEI6, STM32U535VEI6Q, STM32U535VET6, STM32U535VET6Q, STM32U545CET6, STM32U545CET6Q, STM32U545CEU6, STM32U545CEU6Q, STM32U545JEY6QTR, STM32U545NEY6QTR, STM32U545REI6, STM32U545REI6Q, STM32U545RET6, STM32U545RET6Q, STM32U545VEI6, STM32U545VEI6Q, STM32U545VET6, STM32U545VET6Q, STM32U595AIH6, STM32U595AIH6Q, STM32U595AJH6, STM32U595AJH6Q, STM32U595QII6, STM32U595QII6Q, STM32U595QJI6, STM32U595QJI6Q, STM32U595RIT6, STM32U595RIT6Q, STM32U595RJT6, STM32U595RJT6Q, STM32U595VIT6, STM32U595VIT6Q, STM32U595VJT6, STM32U595VJT6Q, STM32U595ZIT6, STM32U595ZIT6Q, STM32U595ZIY6QTR, STM32U595ZJT6, STM32U595ZJT6Q, STM32U595ZJY6QTR, STM32U599BJY6QTR, STM32U599NIH6Q, STM32U599NJH6Q, STM32U599VIT6Q, STM32U599VJT6, STM32U599VJT6Q, STM32U599ZIT6Q, STM32U599ZIY6QTR, STM32U599ZJT6Q, STM32U599ZJY6QTR, STM32U5A5AJH6, STM32U5A5AJH6Q, STM32U5A5QJI6, STM32U5A5QJI6Q, STM32U5A5RJT6, STM32U5A5RJT6Q, STM32U5A5VJT6, STM32U5A5VJT6Q, STM32U5A5ZJT6, STM32U5A5ZJT6Q, STM32U5A5ZJY6QTR, STM32U5A9BJY6QTR, STM32U5A9J-DK, STM32U5A9NJH6Q, STM32U5A9VJT6Q, STM32U5A9ZJT6Q, STM32U5A9ZJY6QTR, STM32U5F7VIT6, STM32U5F7VIT6Q, STM32U5F7VJT6, STM32U5F7VJT6Q, STM32U5F9BJY6QTR, STM32U5F9NJH6Q, STM32U5F9VIT6Q, STM32U5F9VJT6Q, STM32U5F9ZIJ6QTR, STM32U5F9ZIT6Q, STM32U5F9ZJJ6QTR, STM32U5F9ZJT6Q, STM32U5G7VJT6, STM32U5G7VJT6Q, STM32U5G9BJY6QTR, STM32U5G9J-DK1, STM32U5G9J-DK2, STM32U5G9NJH6Q, STM32U5G9VJT6Q, STM32U5G9ZJJ6QTR, STM32U5G9ZJT6Q, STM32WB1MMCH6, STM32WBA52CEU6, STM32WBA52CEU6T, STM32WBA52CGU6, STM32WBA52CGU6T, STM32WBA52KEU6, STM32WBA52KEU6T, STM32WBA52KGU6, STM32WBA52KGU6T, STM32WL5MOCH6, STM32WL5MOCH6TR]
2026-08-01 00:09:09,494 [INFO] DbMcus:217 - Found 5228 MCUs, 5075 are supported
2026-08-01 00:09:09,494 [INFO] ApiDb:423 - Load user favorites file C:\Users\Admin/.stm32cubeide/favorites.mcus.txt: 4 item(s)
2026-08-01 00:09:09,494 [INFO] ApiDb:427 - User favorites MCUs=[STM32F103C8T6, STM32F405RGT6, STM32F411CEU6, STM32H523CET6]
2026-08-01 00:09:09,494 [INFO] DbMcus:223 - Set 4 / 4 favorites MCUs
2026-08-01 00:09:10,007 [WARN] ThirdParty:833 - waiting for thirdparty lock release [change project]
2026-08-01 00:09:10,007 [INFO] ThirdParty:835 - entering critical section [change project]
2026-08-01 00:09:10,007 [INFO] ThirdParty:1030 - CMSIS Pack Vendor :STMicroelectronics USBPD 4.1
2026-08-01 00:09:10,007 [INFO] ThirdParty:1030 - CMSIS Pack Vendor :STMicroelectronics USB_HOST 2.0.0
2026-08-01 00:09:10,007 [INFO] ThirdParty:1030 - CMSIS Pack Vendor :STMicroelectronics FP-ATR-ASTRA1 2.0.3
2026-08-01 00:09:10,007 [INFO] ThirdParty:1030 - CMSIS Pack Vendor :STMicroelectronics X-CUBE-AZRTOS-F4 1.1.0
2026-08-01 00:09:10,007 [INFO] ThirdParty:1030 - CMSIS Pack Vendor :STMicroelectronics LIBJPEG 8.0.0
2026-08-01 00:09:10,008 [INFO] ThirdParty:1030 - CMSIS Pack Vendor :STMicroelectronics FP-ATR-ASTRA1 2.0.2
2026-08-01 00:09:10,008 [INFO] ThirdParty:1030 - CMSIS Pack Vendor :STMicroelectronics X-CUBE-SMBUS 2.1.0
2026-08-01 00:09:10,008 [INFO] ThirdParty:1030 - CMSIS Pack Vendor :wolfSSL I-CUBE-wolfMQTT 1.19.2
2026-08-01 00:09:10,008 [INFO] ThirdParty:1030 - CMSIS Pack Vendor :STMicroelectronics USB_DEVICE 3.0.0
2026-08-01 00:09:10,008 [INFO] ThirdParty:1030 - CMSIS Pack Vendor :STMicroelectronics X-CUBE-AZRTOS-F7 1.1.0
2026-08-01 00:09:10,008 [INFO] ThirdParty:1030 - CMSIS Pack Vendor :STMicroelectronics USB_DEVICE 2.0.0
2026-08-01 00:09:10,008 [INFO] ThirdParty:1030 - CMSIS Pack Vendor :STMicroelectronics X-CUBE-ALGOBUILD 1.5.0
2026-08-01 00:09:10,008 [INFO] ThirdParty:1030 - CMSIS Pack Vendor :STMicroelectronics FreeRTOS 0.0.1
2026-08-01 00:09:10,008 [INFO] ThirdParty:1030 - CMSIS Pack Vendor :STMicroelectronics X-CUBE-AZRTOS-H7RS 1.3.0
2026-08-01 00:09:10,008 [INFO] ThirdParty:1030 - CMSIS Pack Vendor :STMicroelectronics X-CUBE-AZRTOS-G0 1.1.0
2026-08-01 00:09:10,008 [INFO] ThirdParty:1030 - CMSIS Pack Vendor :STMicroelectronics X-CUBE-NFC4 3.0.0
2026-08-01 00:09:10,008 [INFO] ThirdParty:1030 - CMSIS Pack Vendor :STMicroelectronics X-CUBE-SUBG2 5.0.0
2026-08-01 00:09:10,008 [INFO] ThirdParty:1030 - CMSIS Pack Vendor :STMicroelectronics STM32_WPAN 1.0.0
2026-08-01 00:09:10,008 [INFO] ThirdParty:1030 - CMSIS Pack Vendor :STMicroelectronics lwIP 2.0.3
2026-08-01 00:09:10,008 [INFO] ThirdParty:1030 - CMSIS Pack Vendor :STMicroelectronics X-CUBE-MEMS1 13.0.0
2026-08-01 00:09:10,008 [INFO] ThirdParty:1030 - CMSIS Pack Vendor :STMicroelectronics USB_HOST 1.0.0
2026-08-01 00:09:10,008 [INFO] ThirdParty:1030 - CMSIS Pack Vendor :STMicroelectronics X-CUBE-AZRTOS-G4 2.0.0
2026-08-01 00:09:10,008 [INFO] ThirdParty:1030 - CMSIS Pack Vendor :STMicroelectronics PDM2PCM 3.1.0
2026-08-01 00:09:10,008 [INFO] ThirdParty:1030 - CMSIS Pack Vendor :STMicroelectronics PDM2PCM 3.3.0
2026-08-01 00:09:10,008 [INFO] ThirdParty:1030 - CMSIS Pack Vendor :wolfSSL I-CUBE-wolfTPM 3.8.0
2026-08-01 00:09:10,008 [INFO] ThirdParty:1030 - CMSIS Pack Vendor :STMicroelectronics X-CUBE-DISPLAY 3.0.0
2026-08-01 00:09:10,008 [INFO] ThirdParty:1030 - CMSIS Pack Vendor :wolfSSL I-CUBE-wolfSSH 1.4.20
2026-08-01 00:09:10,008 [INFO] ThirdParty:1030 - CMSIS Pack Vendor :wolfSSL I-CUBE-wolfSSL 5.9.1
2026-08-01 00:09:10,008 [INFO] ThirdParty:1030 - CMSIS Pack Vendor :STMicroelectronics FP-ATR-SIGFOX1 3.2.0
2026-08-01 00:09:10,008 [INFO] ThirdParty:1030 - CMSIS Pack Vendor :STMicroelectronics HAL Drivers 0.0.0
2026-08-01 00:09:10,008 [INFO] ThirdParty:1030 - CMSIS Pack Vendor :STMicroelectronics MBEDTLS 2.16.2
2026-08-01 00:09:10,008 [INFO] ThirdParty:1030 - CMSIS Pack Vendor :emotas I-CUBE-CANOPEN 1.3.0
2026-08-01 00:09:10,008 [INFO] ThirdParty:1030 - CMSIS Pack Vendor :STMicroelectronics MBEDTLS 2.14.1
2026-08-01 00:09:10,008 [INFO] ThirdParty:1030 - CMSIS Pack Vendor :ITTIA_DB I-CUBE-ITTIADB 8.9.0
2026-08-01 00:09:10,008 [INFO] ThirdParty:1030 - CMSIS Pack Vendor :STMicroelectronics X-CUBE-TOUCHGFX 4.26.1
2026-08-01 00:09:10,009 [INFO] ThirdParty:1030 - CMSIS Pack Vendor :STMicroelectronics X-CUBE-AI 10.2.1
2026-08-01 00:09:10,009 [INFO] ThirdParty:1030 - CMSIS Pack Vendor :STMicroelectronics ThreadX 1.0.0
2026-08-01 00:09:10,009 [INFO] ThirdParty:1030 - CMSIS Pack Vendor :STMicroelectronics X-CUBE-MEMS1 12.1.0
2026-08-01 00:09:10,009 [INFO] ThirdParty:1030 - CMSIS Pack Vendor :STMicroelectronics X-CUBE-AZRTOS-WL 2.0.0
2026-08-01 00:09:10,009 [INFO] ThirdParty:1030 - CMSIS Pack Vendor :SEGGER I-CUBE-embOS 1.3.1
2026-08-01 00:09:10,009 [INFO] ThirdParty:1030 - CMSIS Pack Vendor :STMicroelectronics X-CUBE-ALGOBUILD 1.4.0
2026-08-01 00:09:10,009 [INFO] ThirdParty:1030 - CMSIS Pack Vendor :STMicroelectronics USB_DEVICE 1.0.0
2026-08-01 00:09:10,009 [INFO] ThirdParty:1030 - CMSIS Pack Vendor :STMicroelectronics X-CUBE-AZRTOS-H7RS 1.2.0
2026-08-01 00:09:10,009 [INFO] ThirdParty:1030 - CMSIS Pack Vendor :STMicroelectronics X-CUBE-AZRTOS-L4 2.0.0
2026-08-01 00:09:10,009 [INFO] ThirdParty:1030 - CMSIS Pack Vendor :STMicroelectronics ThreadX 0.0.2
2026-08-01 00:09:10,009 [INFO] ThirdParty:1030 - CMSIS Pack Vendor :STMicroelectronics lwIP 2.1.2
2026-08-01 00:09:10,009 [INFO] ThirdParty:1030 - CMSIS Pack Vendor :STMicroelectronics X-CUBE-SFXS2LP1 4.0.0
2026-08-01 00:09:10,009 [INFO] ThirdParty:1030 - CMSIS Pack Vendor :STMicroelectronics X-CUBE-BLE2 3.3.0
2026-08-01 00:09:10,009 [INFO] ThirdParty:1030 - CMSIS Pack Vendor :STMicroelectronics X-CUBE-NFC13 1.0.0
2026-08-01 00:09:10,009 [INFO] ThirdParty:1030 - CMSIS Pack Vendor :STMicroelectronics PDM2PCM 3.2.0
2026-08-01 00:09:10,009 [INFO] ThirdParty:841 - exiting critical section [change project]
2026-08-01 00:09:10,427 [INFO] PinOutPanel:1499 - setPackage(No Configuration,No Configuration)
2026-08-01 00:09:10,429 [INFO] PinOutPanel:1499 - setPackage(STM32F405RGTx,LQFP64)
2026-08-01 00:09:11,029 [INFO] UtilMem:75 - Before build in PCC Used Memory: 777096312 Bytes (956301312)
2026-08-01 00:09:12,285 [INFO] UtilMem:75 - After build in PCC Used Memory: 465285800 Bytes (956301312)
2026-08-01 00:09:12,330 [INFO] IPUIPlugin:80 - create IPUIPlugin
2026-08-01 00:09:12,330 [INFO] IPUIPlugin:80 - create IPUIPlugin
2026-08-01 00:09:12,331 [INFO] IPUIPlugin:80 - create IPUIPlugin
2026-08-01 00:09:12,331 [INFO] IPUIPlugin:80 - create IPUIPlugin
2026-08-01 00:09:12,331 [INFO] IPUIPlugin:80 - create IPUIPlugin
2026-08-01 00:09:12,331 [INFO] IPUIPlugin:80 - create IPUIPlugin
2026-08-01 00:09:12,332 [INFO] IPUIPlugin:80 - create IPUIPlugin
2026-08-01 00:09:12,332 [INFO] IPUIPlugin:80 - create IPUIPlugin
2026-08-01 00:09:12,332 [INFO] IPUIPlugin:80 - create IPUIPlugin
2026-08-01 00:09:12,332 [INFO] IPUIPlugin:80 - create IPUIPlugin
2026-08-01 00:09:12,333 [INFO] IPUIPlugin:80 - create IPUIPlugin
2026-08-01 00:09:12,333 [INFO] IPUIPlugin:80 - create IPUIPlugin
2026-08-01 00:09:12,333 [INFO] IPUIPlugin:80 - create IPUIPlugin
2026-08-01 00:09:12,333 [INFO] IPUIPlugin:80 - create IPUIPlugin
2026-08-01 00:09:12,333 [INFO] IPUIPlugin:80 - create IPUIPlugin
2026-08-01 00:09:12,334 [INFO] IPUIPlugin:80 - create IPUIPlugin
2026-08-01 00:09:12,334 [INFO] IPUIPlugin:80 - create IPUIPlugin
2026-08-01 00:09:12,334 [INFO] IPUIPlugin:80 - create IPUIPlugin
2026-08-01 00:09:12,335 [INFO] IPUIPlugin:80 - create IPUIPlugin
2026-08-01 00:09:12,335 [INFO] IPUIPlugin:80 - create IPUIPlugin
2026-08-01 00:09:12,335 [INFO] IPUIPlugin:80 - create IPUIPlugin
2026-08-01 00:09:12,336 [INFO] IPUIPlugin:80 - create IPUIPlugin
2026-08-01 00:09:12,336 [INFO] IPUIPlugin:80 - create IPUIPlugin
2026-08-01 00:09:12,337 [INFO] IPUIPlugin:80 - create IPUIPlugin
2026-08-01 00:09:12,337 [INFO] IPUIPlugin:80 - create IPUIPlugin
2026-08-01 00:09:12,338 [INFO] IPUIPlugin:80 - create IPUIPlugin
2026-08-01 00:09:12,338 [INFO] IPUIPlugin:80 - create IPUIPlugin
2026-08-01 00:09:12,338 [INFO] IPUIPlugin:80 - create IPUIPlugin
2026-08-01 00:09:12,339 [INFO] IPUIPlugin:80 - create IPUIPlugin
2026-08-01 00:09:12,339 [INFO] IPUIPlugin:80 - create IPUIPlugin
2026-08-01 00:09:12,339 [INFO] IPUIPlugin:80 - create IPUIPlugin
2026-08-01 00:09:12,340 [INFO] IPUIPlugin:80 - create IPUIPlugin
2026-08-01 00:09:12,340 [INFO] IPUIPlugin:80 - create IPUIPlugin
2026-08-01 00:09:12,341 [INFO] IPUIPlugin:80 - create IPUIPlugin
2026-08-01 00:09:12,341 [INFO] IPUIPlugin:80 - create IPUIPlugin
2026-08-01 00:09:12,341 [INFO] IPUIPlugin:80 - create IPUIPlugin
2026-08-01 00:09:12,342 [INFO] IPUIPlugin:80 - create IPUIPlugin
2026-08-01 00:09:12,342 [INFO] IPUIPlugin:80 - create IPUIPlugin
2026-08-01 00:09:12,342 [INFO] IPUIPlugin:80 - create IPUIPlugin
2026-08-01 00:09:12,343 [INFO] IPUIPlugin:80 - create IPUIPlugin
2026-08-01 00:09:12,343 [INFO] IPUIPlugin:80 - create IPUIPlugin
2026-08-01 00:09:12,344 [INFO] IPUIPlugin:80 - create IPUIPlugin
2026-08-01 00:09:12,344 [INFO] IPUIPlugin:80 - create IPUIPlugin
2026-08-01 00:09:12,345 [INFO] IPUIPlugin:80 - create IPUIPlugin
2026-08-01 00:09:12,345 [INFO] IPUIPlugin:80 - create IPUIPlugin
2026-08-01 00:09:12,346 [INFO] IPUIPlugin:80 - create IPUIPlugin
2026-08-01 00:09:12,346 [INFO] IPUIPlugin:80 - create IPUIPlugin
2026-08-01 00:09:12,347 [INFO] IPUIPlugin:80 - create IPUIPlugin
2026-08-01 00:09:12,347 [INFO] IPUIPlugin:80 - create IPUIPlugin
2026-08-01 00:09:12,348 [INFO] IPUIPlugin:80 - create IPUIPlugin
2026-08-01 00:09:12,349 [INFO] IPUIPlugin:80 - create IPUIPlugin
2026-08-01 00:09:12,349 [INFO] IPUIPlugin:80 - create IPUIPlugin
2026-08-01 00:09:12,350 [INFO] IPUIPlugin:80 - create IPUIPlugin
2026-08-01 00:09:12,351 [INFO] IPUIPlugin:80 - create IPUIPlugin
2026-08-01 00:09:12,459 [INFO] ApiDbMcu:507 - Load IP Config File for PDM2PCM
2026-08-01 00:09:12,471 [WARN] IP:2114 - I2C_Coeff_DF not found: check if there is a RefParameter without a condition.
2026-08-01 00:09:12,471 [WARN] IP:2114 - Analog_Filter not found: check if there is a RefParameter without a condition.
2026-08-01 00:09:12,749 [INFO] CADModel:165 - CPN selected for project levelSTM32F405RGT6
2026-08-01 00:09:12,749 [INFO] CADModel:114 - Register for checkConnection events
2026-08-01 00:09:12,789 [INFO] OpenFileManager:328 - Restore cursor
2026-08-01 00:09:12,964 [WARN] IP:2114 - I2C_Coeff_DF not found: check if there is a RefParameter without a condition.
2026-08-01 00:09:12,964 [WARN] IP:2114 - Analog_Filter not found: check if there is a RefParameter without a condition.
2026-08-01 00:09:12,965 [WARN] IP:2114 - I2C_Coeff_DF not found: check if there is a RefParameter without a condition.
2026-08-01 00:09:12,965 [WARN] IP:2114 - Analog_Filter not found: check if there is a RefParameter without a condition.
2026-08-01 00:09:20,129 [INFO] RtosManager:919 - Current active RTOS is FREERTOS [Cortex-M4NS]
2026-08-01 00:09:20,351 [INFO] ApiDbMcu:507 - Load IP Config File for FREERTOS
2026-08-01 00:09:20,492 [WARN] FreeRTOS:563 - Case being investigated as it may cause exception (when called to early by set config state
2026-08-01 00:09:20,757 [ERROR] RtosPanel:558 - Can not restore the selected Tab for FREERTOS(A reason can be that the tab is no more available.)
2026-08-01 00:09:20,862 [ERROR] RtosPanel:558 - Can not restore the selected Tab for FREERTOS(A reason can be that the tab is no more available.)
2026-08-01 00:10:00,617 [INFO] UtilMem:75 - End SaveConfig() Used Memory: 631880208 Bytes (1073741824)
2026-08-01 00:10:06,318 [INFO] UtilMem:75 - End SaveConfig() Used Memory: 638976440 Bytes (1073741824)
2026-08-01 00:10:10,410 [INFO] BlockDiagram:2759 - set Specific Code input for plugin: FREERTOS
2026-08-01 00:10:10,410 [INFO] BlockDiagram:2759 - set Specific Code input for plugin: SYS
2026-08-01 00:10:10,410 [INFO] BlockDiagram:2759 - set Specific Code input for plugin: RCC
2026-08-01 00:10:10,410 [INFO] BlockDiagram:2759 - set Specific Code input for plugin: I2C
2026-08-01 00:10:10,410 [INFO] BlockDiagram:2759 - set Specific Code input for plugin: NVIC
2026-08-01 00:10:10,410 [INFO] BlockDiagram:2759 - set Specific Code input for plugin: GPIO
2026-08-01 00:10:10,411 [INFO] CodeGenerator:799 - code generatio: config db path: C:\ST\STM32CubeIDE_1.13.1\STM32CubeIDE\plugins\com.st.stm32cube.common.mx_6.9.1.202307191849\\db\
2026-08-01 00:10:10,418 [WARN] IP:2114 - I2C_Coeff_DF not found: check if there is a RefParameter without a condition.
2026-08-01 00:10:10,418 [WARN] IP:2114 - Analog_Filter not found: check if there is a RefParameter without a condition.
2026-08-01 00:10:10,668 [INFO] CodeEngine:255 - oldGeneratedFile, C:\Users\Admin\Documents\GitHub\Drone-RTOS\Source\006MPU_Interrupt\MXTmpFiles\license.tmp_save
2026-08-01 00:10:10,986 [INFO] CodeEngine:279 - Generated code: C:\Users\Admin\Documents\GitHub\Drone-RTOS\Source\006MPU_Interrupt\MXTmpFiles\license.tmp
2026-08-01 00:10:11,064 [INFO] CodeEngine:255 - oldGeneratedFile, C:\Users\Admin\Documents\GitHub\Drone-RTOS\Source\006MPU_Interrupt\MXTmpFiles\gpio.tmp_save
2026-08-01 00:10:11,227 [INFO] CodeEngine:279 - Generated code: C:\Users\Admin\Documents\GitHub\Drone-RTOS\Source\006MPU_Interrupt\MXTmpFiles\gpio.tmp
2026-08-01 00:10:11,360 [INFO] Middleware:1439 - No code input for Bsp Dependency
2026-08-01 00:10:11,369 [INFO] CodeEngine:255 - oldGeneratedFile, C:\Users\Admin\Documents\GitHub\Drone-RTOS\Source\006MPU_Interrupt\MXTmpFiles\rtos_inc.tmp_save
2026-08-01 00:10:11,484 [INFO] CodeEngine:279 - Generated code: C:\Users\Admin\Documents\GitHub\Drone-RTOS\Source\006MPU_Interrupt\MXTmpFiles\rtos_inc.tmp
2026-08-01 00:10:11,491 [INFO] CodeEngine:255 - oldGeneratedFile, C:\Users\Admin\Documents\GitHub\Drone-RTOS\Source\006MPU_Interrupt\MXTmpFiles\rtos_kernelInit.tmp_save
2026-08-01 00:10:11,599 [INFO] CodeEngine:279 - Generated code: C:\Users\Admin\Documents\GitHub\Drone-RTOS\Source\006MPU_Interrupt\MXTmpFiles\rtos_kernelInit.tmp
2026-08-01 00:10:11,606 [INFO] CodeEngine:255 - oldGeneratedFile, C:\Users\Admin\Documents\GitHub\Drone-RTOS\Source\006MPU_Interrupt\MXTmpFiles\rtos_kernelStart.tmp_save
2026-08-01 00:10:11,715 [INFO] CodeEngine:279 - Generated code: C:\Users\Admin\Documents\GitHub\Drone-RTOS\Source\006MPU_Interrupt\MXTmpFiles\rtos_kernelStart.tmp
2026-08-01 00:10:11,721 [INFO] CodeEngine:255 - oldGeneratedFile, C:\Users\Admin\Documents\GitHub\Drone-RTOS\Source\006MPU_Interrupt\MXTmpFiles\rtos_typedefs.tmp_save
2026-08-01 00:10:11,807 [INFO] CodeEngine:279 - Generated code: C:\Users\Admin\Documents\GitHub\Drone-RTOS\Source\006MPU_Interrupt\MXTmpFiles\rtos_typedefs.tmp
2026-08-01 00:10:11,814 [INFO] CodeEngine:255 - oldGeneratedFile, C:\Users\Admin\Documents\GitHub\Drone-RTOS\Source\006MPU_Interrupt\MXTmpFiles\rtos_vars.tmp_save
2026-08-01 00:10:11,906 [INFO] CodeEngine:279 - Generated code: C:\Users\Admin\Documents\GitHub\Drone-RTOS\Source\006MPU_Interrupt\MXTmpFiles\rtos_vars.tmp
2026-08-01 00:10:11,911 [INFO] CodeEngine:255 - oldGeneratedFile, C:\Users\Admin\Documents\GitHub\Drone-RTOS\Source\006MPU_Interrupt\MXTmpFiles\rtos_pfp.tmp_save
2026-08-01 00:10:11,980 [INFO] CodeEngine:279 - Generated code: C:\Users\Admin\Documents\GitHub\Drone-RTOS\Source\006MPU_Interrupt\MXTmpFiles\rtos_pfp.tmp
2026-08-01 00:10:11,984 [INFO] CodeEngine:255 - oldGeneratedFile, C:\Users\Admin\Documents\GitHub\Drone-RTOS\Source\006MPU_Interrupt\MXTmpFiles\rtos_obj_creat.tmp_save
2026-08-01 00:10:12,045 [INFO] CodeEngine:279 - Generated code: C:\Users\Admin\Documents\GitHub\Drone-RTOS\Source\006MPU_Interrupt\MXTmpFiles\rtos_obj_creat.tmp
2026-08-01 00:10:12,049 [INFO] CodeEngine:255 - oldGeneratedFile, C:\Users\Admin\Documents\GitHub\Drone-RTOS\Source\006MPU_Interrupt\MXTmpFiles\rtos_default_thread.tmp_save
2026-08-01 00:10:12,102 [INFO] CodeEngine:279 - Generated code: C:\Users\Admin\Documents\GitHub\Drone-RTOS\Source\006MPU_Interrupt\MXTmpFiles\rtos_default_thread.tmp
2026-08-01 00:10:12,106 [INFO] CodeEngine:255 - oldGeneratedFile, C:\Users\Admin\Documents\GitHub\Drone-RTOS\Source\006MPU_Interrupt\MXTmpFiles\rtos_threads.tmp_save
2026-08-01 00:10:12,154 [INFO] CodeEngine:279 - Generated code: C:\Users\Admin\Documents\GitHub\Drone-RTOS\Source\006MPU_Interrupt\MXTmpFiles\rtos_threads.tmp
2026-08-01 00:10:12,162 [INFO] Middleware:1439 - No code input for Bsp Dependency
2026-08-01 00:10:12,168 [INFO] CodeEngine:255 - oldGeneratedFile, C:\Users\Admin\Documents\GitHub\Drone-RTOS\Source\006MPU_Interrupt\MXTmpFiles\rtos_inc.tmp_save
2026-08-01 00:10:12,220 [INFO] CodeEngine:279 - Generated code: C:\Users\Admin\Documents\GitHub\Drone-RTOS\Source\006MPU_Interrupt\MXTmpFiles\rtos_inc.tmp
2026-08-01 00:10:12,224 [INFO] CodeEngine:255 - oldGeneratedFile, C:\Users\Admin\Documents\GitHub\Drone-RTOS\Source\006MPU_Interrupt\MXTmpFiles\rtos_kernelInit.tmp_save
2026-08-01 00:10:12,271 [INFO] CodeEngine:279 - Generated code: C:\Users\Admin\Documents\GitHub\Drone-RTOS\Source\006MPU_Interrupt\MXTmpFiles\rtos_kernelInit.tmp
2026-08-01 00:10:12,275 [INFO] CodeEngine:255 - oldGeneratedFile, C:\Users\Admin\Documents\GitHub\Drone-RTOS\Source\006MPU_Interrupt\MXTmpFiles\rtos_kernelStart.tmp_save
2026-08-01 00:10:12,361 [INFO] CodeEngine:279 - Generated code: C:\Users\Admin\Documents\GitHub\Drone-RTOS\Source\006MPU_Interrupt\MXTmpFiles\rtos_kernelStart.tmp
2026-08-01 00:10:12,366 [INFO] CodeEngine:255 - oldGeneratedFile, C:\Users\Admin\Documents\GitHub\Drone-RTOS\Source\006MPU_Interrupt\MXTmpFiles\rtos_typedefs.tmp_save
2026-08-01 00:10:12,422 [INFO] CodeEngine:279 - Generated code: C:\Users\Admin\Documents\GitHub\Drone-RTOS\Source\006MPU_Interrupt\MXTmpFiles\rtos_typedefs.tmp
2026-08-01 00:10:12,426 [INFO] CodeEngine:255 - oldGeneratedFile, C:\Users\Admin\Documents\GitHub\Drone-RTOS\Source\006MPU_Interrupt\MXTmpFiles\rtos_vars.tmp_save
2026-08-01 00:10:12,501 [INFO] CodeEngine:279 - Generated code: C:\Users\Admin\Documents\GitHub\Drone-RTOS\Source\006MPU_Interrupt\MXTmpFiles\rtos_vars.tmp
2026-08-01 00:10:12,508 [INFO] CodeEngine:255 - oldGeneratedFile, C:\Users\Admin\Documents\GitHub\Drone-RTOS\Source\006MPU_Interrupt\MXTmpFiles\rtos_pfp.tmp_save
2026-08-01 00:10:12,568 [INFO] CodeEngine:279 - Generated code: C:\Users\Admin\Documents\GitHub\Drone-RTOS\Source\006MPU_Interrupt\MXTmpFiles\rtos_pfp.tmp
2026-08-01 00:10:12,574 [INFO] CodeEngine:255 - oldGeneratedFile, C:\Users\Admin\Documents\GitHub\Drone-RTOS\Source\006MPU_Interrupt\MXTmpFiles\rtos_obj_creat.tmp_save
2026-08-01 00:10:12,629 [INFO] CodeEngine:279 - Generated code: C:\Users\Admin\Documents\GitHub\Drone-RTOS\Source\006MPU_Interrupt\MXTmpFiles\rtos_obj_creat.tmp
2026-08-01 00:10:12,633 [INFO] CodeEngine:255 - oldGeneratedFile, C:\Users\Admin\Documents\GitHub\Drone-RTOS\Source\006MPU_Interrupt\MXTmpFiles\rtos_default_thread.tmp_save
2026-08-01 00:10:12,683 [INFO] CodeEngine:279 - Generated code: C:\Users\Admin\Documents\GitHub\Drone-RTOS\Source\006MPU_Interrupt\MXTmpFiles\rtos_default_thread.tmp
2026-08-01 00:10:12,687 [INFO] CodeEngine:255 - oldGeneratedFile, C:\Users\Admin\Documents\GitHub\Drone-RTOS\Source\006MPU_Interrupt\MXTmpFiles\rtos_threads.tmp_save
2026-08-01 00:10:12,733 [INFO] CodeEngine:279 - Generated code: C:\Users\Admin\Documents\GitHub\Drone-RTOS\Source\006MPU_Interrupt\MXTmpFiles\rtos_threads.tmp
2026-08-01 00:10:12,749 [INFO] CodeEngine:255 - oldGeneratedFile, C:\Users\Admin\Documents\GitHub\Drone-RTOS\Source\006MPU_Interrupt\Core\Inc\FreeRTOSConfig.h_save
2026-08-01 00:10:12,813 [INFO] CodeEngine:279 - Generated code: C:\Users\Admin\Documents\GitHub\Drone-RTOS\Source\006MPU_Interrupt\Core\Inc\FreeRTOSConfig.h
2026-08-01 00:10:12,817 [INFO] CodeEngine:255 - oldGeneratedFile, C:\Users\Admin\Documents\GitHub\Drone-RTOS\Source\006MPU_Interrupt\Core\Src\freertos.c_save
2026-08-01 00:10:12,905 [INFO] CodeEngine:279 - Generated code: C:\Users\Admin\Documents\GitHub\Drone-RTOS\Source\006MPU_Interrupt\Core\Src\freertos.c
2026-08-01 00:10:12,920 [INFO] CodeEngine:255 - oldGeneratedFile, C:\Users\Admin\Documents\GitHub\Drone-RTOS\Source\006MPU_Interrupt\Core\Src\stm32f4xx_it.c_save
2026-08-01 00:10:13,015 [INFO] CodeEngine:279 - Generated code: C:\Users\Admin\Documents\GitHub\Drone-RTOS\Source\006MPU_Interrupt\Core\Src\stm32f4xx_it.c
2026-08-01 00:10:13,022 [INFO] CodeEngine:255 - oldGeneratedFile, C:\Users\Admin\Documents\GitHub\Drone-RTOS\Source\006MPU_Interrupt\Core\Inc\stm32f4xx_it.h_save
2026-08-01 00:10:13,084 [INFO] CodeEngine:279 - Generated code: C:\Users\Admin\Documents\GitHub\Drone-RTOS\Source\006MPU_Interrupt\Core\Inc\stm32f4xx_it.h
2026-08-01 00:10:13,098 [INFO] CodeEngine:255 - oldGeneratedFile, C:\Users\Admin\Documents\GitHub\Drone-RTOS\Source\006MPU_Interrupt\Core\Src\stm32f4xx_hal_msp.c_save
2026-08-01 00:10:13,222 [INFO] CodeEngine:279 - Generated code: C:\Users\Admin\Documents\GitHub\Drone-RTOS\Source\006MPU_Interrupt\Core\Src\stm32f4xx_hal_msp.c
2026-08-01 00:10:13,228 [INFO] CodeEngine:255 - oldGeneratedFile, C:\Users\Admin\Documents\GitHub\Drone-RTOS\Source\006MPU_Interrupt\MXTmpFiles\system.tmp_save
2026-08-01 00:10:13,307 [INFO] CodeEngine:279 - Generated code: C:\Users\Admin\Documents\GitHub\Drone-RTOS\Source\006MPU_Interrupt\MXTmpFiles\system.tmp
2026-08-01 00:10:13,313 [INFO] CodeEngine:255 - oldGeneratedFile, C:\Users\Admin\Documents\GitHub\Drone-RTOS\Source\006MPU_Interrupt\Core\Src\stm32f4xx_hal_timebase_tim.c_save
2026-08-01 00:10:13,392 [INFO] CodeEngine:279 - Generated code: C:\Users\Admin\Documents\GitHub\Drone-RTOS\Source\006MPU_Interrupt\Core\Src\stm32f4xx_hal_timebase_tim.c
2026-08-01 00:10:13,405 [INFO] CodeEngine:311 - oldGeneratedFile, C:\Users\Admin\Documents\GitHub\Drone-RTOS\Source\006MPU_Interrupt\Core\Inc\stm32f4xx_hal_conf.h_save
2026-08-01 00:10:13,488 [INFO] CodeEngine:335 - Generated code: C:\Users\Admin\Documents\GitHub\Drone-RTOS\Source\006MPU_Interrupt\Core\Inc\stm32f4xx_hal_conf.h
2026-08-01 00:10:13,540 [INFO] CodeEngine:255 - oldGeneratedFile, C:\Users\Admin\Documents\GitHub\Drone-RTOS\Source\006MPU_Interrupt\Core\Inc\main.h_save
2026-08-01 00:10:13,649 [INFO] CodeEngine:279 - Generated code: C:\Users\Admin\Documents\GitHub\Drone-RTOS\Source\006MPU_Interrupt\Core\Inc\main.h
2026-08-01 00:10:13,656 [INFO] CodeEngine:255 - oldGeneratedFile, C:\Users\Admin\Documents\GitHub\Drone-RTOS\Source\006MPU_Interrupt\Core\Src\main.c_save
2026-08-01 00:10:13,873 [INFO] CodeEngine:279 - Generated code: C:\Users\Admin\Documents\GitHub\Drone-RTOS\Source\006MPU_Interrupt\Core\Src\main.c
2026-08-01 00:10:14,463 [INFO] ProjectBuilder:3064 - Time for Copy HAL[1] : 192mS.
2026-08-01 00:10:14,469 [INFO] ProjectBuilder:4404 - Project Generator version: 4.1.0
2026-08-01 00:10:14,754 [INFO] ConfigFileManager:1457 - The Die is : DIE413
2026-08-01 00:10:14,766 [INFO] ApiDbMcu:507 - Load IP Config File for FATFS
2026-08-01 00:10:14,772 [INFO] ApiDbMcu:507 - Load IP Config File for LIBJPEG
2026-08-01 00:10:14,782 [INFO] ApiDbMcu:507 - Load IP Config File for MBEDTLS
2026-08-01 00:10:14,794 [INFO] ApiDbMcu:507 - Load IP Config File for USB_DEVICE
2026-08-01 00:10:14,801 [INFO] ApiDbMcu:507 - Load IP Config File for USB_HOST
2026-08-01 00:10:15,548 [INFO] LogOutputStream:77 - [STDOUT_REDIRECT] 
2026-08-01 00:10:17,178 [INFO] ProjectBuilder:4626 - Time for Generating toolchain IDE Files: 2709mS.
2026-08-01 00:10:17,180 [INFO] ProjectBuilder:2935 - Time for Copy CMSIS : 1mS.
2026-08-01 00:10:17,192 [INFO] ProjectBuilder:2935 - Time for Copy CMSIS : 0mS.
2026-08-01 00:10:25,128 [ERROR] RtosPanel:558 - Can not restore the selected Tab for FREERTOS(A reason can be that the tab is no more available.)
2026-08-01 00:10:32,944 [INFO] UtilMem:75 - End SaveConfig() Used Memory: 729314648 Bytes (1073741824)
2026-08-01 00:10:40,065 [INFO] UtilMem:75 - End SaveConfig() Used Memory: 846354024 Bytes (1073741824)
2026-08-01 00:10:40,199 [INFO] BlockDiagram:2759 - set Specific Code input for plugin: FREERTOS
2026-08-01 00:10:40,199 [INFO] BlockDiagram:2759 - set Specific Code input for plugin: SYS
2026-08-01 00:10:40,199 [INFO] BlockDiagram:2759 - set Specific Code input for plugin: RCC
2026-08-01 00:10:40,199 [INFO] BlockDiagram:2759 - set Specific Code input for plugin: I2C
2026-08-01 00:10:40,199 [INFO] BlockDiagram:2759 - set Specific Code input for plugin: NVIC
2026-08-01 00:10:40,199 [INFO] BlockDiagram:2759 - set Specific Code input for plugin: GPIO
2026-08-01 00:10:40,200 [INFO] CodeGenerator:799 - code generatio: config db path: C:\ST\STM32CubeIDE_1.13.1\STM32CubeIDE\plugins\com.st.stm32cube.common.mx_6.9.1.202307191849\\db\
2026-08-01 00:10:40,203 [WARN] IP:2114 - I2C_Coeff_DF not found: check if there is a RefParameter without a condition.
2026-08-01 00:10:40,203 [WARN] IP:2114 - Analog_Filter not found: check if there is a RefParameter without a condition.
2026-08-01 00:10:40,283 [INFO] CodeEngine:255 - oldGeneratedFile, C:\Users\Admin\Documents\GitHub\Drone-RTOS\Source\006MPU_Interrupt\MXTmpFiles\license.tmp_save
2026-08-01 00:10:40,388 [INFO] CodeEngine:279 - Generated code: C:\Users\Admin\Documents\GitHub\Drone-RTOS\Source\006MPU_Interrupt\MXTmpFiles\license.tmp
2026-08-01 00:10:40,401 [INFO] CodeEngine:255 - oldGeneratedFile, C:\Users\Admin\Documents\GitHub\Drone-RTOS\Source\006MPU_Interrupt\MXTmpFiles\gpio.tmp_save
2026-08-01 00:10:40,489 [INFO] CodeEngine:279 - Generated code: C:\Users\Admin\Documents\GitHub\Drone-RTOS\Source\006MPU_Interrupt\MXTmpFiles\gpio.tmp
2026-08-01 00:10:40,526 [INFO] Middleware:1439 - No code input for Bsp Dependency
2026-08-01 00:10:40,533 [INFO] CodeEngine:255 - oldGeneratedFile, C:\Users\Admin\Documents\GitHub\Drone-RTOS\Source\006MPU_Interrupt\MXTmpFiles\rtos_inc.tmp_save
2026-08-01 00:10:40,598 [INFO] CodeEngine:279 - Generated code: C:\Users\Admin\Documents\GitHub\Drone-RTOS\Source\006MPU_Interrupt\MXTmpFiles\rtos_inc.tmp
2026-08-01 00:10:40,602 [INFO] CodeEngine:255 - oldGeneratedFile, C:\Users\Admin\Documents\GitHub\Drone-RTOS\Source\006MPU_Interrupt\MXTmpFiles\rtos_kernelInit.tmp_save
2026-08-01 00:10:40,677 [INFO] CodeEngine:279 - Generated code: C:\Users\Admin\Documents\GitHub\Drone-RTOS\Source\006MPU_Interrupt\MXTmpFiles\rtos_kernelInit.tmp
2026-08-01 00:10:40,680 [INFO] CodeEngine:255 - oldGeneratedFile, C:\Users\Admin\Documents\GitHub\Drone-RTOS\Source\006MPU_Interrupt\MXTmpFiles\rtos_kernelStart.tmp_save
2026-08-01 00:10:40,732 [INFO] CodeEngine:279 - Generated code: C:\Users\Admin\Documents\GitHub\Drone-RTOS\Source\006MPU_Interrupt\MXTmpFiles\rtos_kernelStart.tmp
2026-08-01 00:10:40,735 [INFO] CodeEngine:255 - oldGeneratedFile, C:\Users\Admin\Documents\GitHub\Drone-RTOS\Source\006MPU_Interrupt\MXTmpFiles\rtos_typedefs.tmp_save
2026-08-01 00:10:40,785 [INFO] CodeEngine:279 - Generated code: C:\Users\Admin\Documents\GitHub\Drone-RTOS\Source\006MPU_Interrupt\MXTmpFiles\rtos_typedefs.tmp
2026-08-01 00:10:40,789 [INFO] CodeEngine:255 - oldGeneratedFile, C:\Users\Admin\Documents\GitHub\Drone-RTOS\Source\006MPU_Interrupt\MXTmpFiles\rtos_vars.tmp_save
2026-08-01 00:10:40,835 [INFO] CodeEngine:279 - Generated code: C:\Users\Admin\Documents\GitHub\Drone-RTOS\Source\006MPU_Interrupt\MXTmpFiles\rtos_vars.tmp
2026-08-01 00:10:40,838 [INFO] CodeEngine:255 - oldGeneratedFile, C:\Users\Admin\Documents\GitHub\Drone-RTOS\Source\006MPU_Interrupt\MXTmpFiles\rtos_pfp.tmp_save
2026-08-01 00:10:40,882 [INFO] CodeEngine:279 - Generated code: C:\Users\Admin\Documents\GitHub\Drone-RTOS\Source\006MPU_Interrupt\MXTmpFiles\rtos_pfp.tmp
2026-08-01 00:10:40,885 [INFO] CodeEngine:255 - oldGeneratedFile, C:\Users\Admin\Documents\GitHub\Drone-RTOS\Source\006MPU_Interrupt\MXTmpFiles\rtos_obj_creat.tmp_save
2026-08-01 00:10:40,932 [INFO] CodeEngine:279 - Generated code: C:\Users\Admin\Documents\GitHub\Drone-RTOS\Source\006MPU_Interrupt\MXTmpFiles\rtos_obj_creat.tmp
2026-08-01 00:10:40,935 [INFO] CodeEngine:255 - oldGeneratedFile, C:\Users\Admin\Documents\GitHub\Drone-RTOS\Source\006MPU_Interrupt\MXTmpFiles\rtos_default_thread.tmp_save
2026-08-01 00:10:40,987 [INFO] CodeEngine:279 - Generated code: C:\Users\Admin\Documents\GitHub\Drone-RTOS\Source\006MPU_Interrupt\MXTmpFiles\rtos_default_thread.tmp
2026-08-01 00:10:40,990 [INFO] CodeEngine:255 - oldGeneratedFile, C:\Users\Admin\Documents\GitHub\Drone-RTOS\Source\006MPU_Interrupt\MXTmpFiles\rtos_threads.tmp_save
2026-08-01 00:10:41,068 [INFO] CodeEngine:279 - Generated code: C:\Users\Admin\Documents\GitHub\Drone-RTOS\Source\006MPU_Interrupt\MXTmpFiles\rtos_threads.tmp
2026-08-01 00:10:41,076 [INFO] Middleware:1439 - No code input for Bsp Dependency
2026-08-01 00:10:41,084 [INFO] CodeEngine:255 - oldGeneratedFile, C:\Users\Admin\Documents\GitHub\Drone-RTOS\Source\006MPU_Interrupt\MXTmpFiles\rtos_inc.tmp_save
2026-08-01 00:10:41,150 [INFO] CodeEngine:279 - Generated code: C:\Users\Admin\Documents\GitHub\Drone-RTOS\Source\006MPU_Interrupt\MXTmpFiles\rtos_inc.tmp
2026-08-01 00:10:41,155 [INFO] CodeEngine:255 - oldGeneratedFile, C:\Users\Admin\Documents\GitHub\Drone-RTOS\Source\006MPU_Interrupt\MXTmpFiles\rtos_kernelInit.tmp_save
2026-08-01 00:10:41,221 [INFO] CodeEngine:279 - Generated code: C:\Users\Admin\Documents\GitHub\Drone-RTOS\Source\006MPU_Interrupt\MXTmpFiles\rtos_kernelInit.tmp
2026-08-01 00:10:41,226 [INFO] CodeEngine:255 - oldGeneratedFile, C:\Users\Admin\Documents\GitHub\Drone-RTOS\Source\006MPU_Interrupt\MXTmpFiles\rtos_kernelStart.tmp_save
2026-08-01 00:10:41,294 [INFO] CodeEngine:279 - Generated code: C:\Users\Admin\Documents\GitHub\Drone-RTOS\Source\006MPU_Interrupt\MXTmpFiles\rtos_kernelStart.tmp
2026-08-01 00:10:41,299 [INFO] CodeEngine:255 - oldGeneratedFile, C:\Users\Admin\Documents\GitHub\Drone-RTOS\Source\006MPU_Interrupt\MXTmpFiles\rtos_typedefs.tmp_save
2026-08-01 00:10:41,377 [INFO] CodeEngine:279 - Generated code: C:\Users\Admin\Documents\GitHub\Drone-RTOS\Source\006MPU_Interrupt\MXTmpFiles\rtos_typedefs.tmp
2026-08-01 00:10:41,382 [INFO] CodeEngine:255 - oldGeneratedFile, C:\Users\Admin\Documents\GitHub\Drone-RTOS\Source\006MPU_Interrupt\MXTmpFiles\rtos_vars.tmp_save
2026-08-01 00:10:41,447 [INFO] CodeEngine:279 - Generated code: C:\Users\Admin\Documents\GitHub\Drone-RTOS\Source\006MPU_Interrupt\MXTmpFiles\rtos_vars.tmp
2026-08-01 00:10:41,452 [INFO] CodeEngine:255 - oldGeneratedFile, C:\Users\Admin\Documents\GitHub\Drone-RTOS\Source\006MPU_Interrupt\MXTmpFiles\rtos_pfp.tmp_save
2026-08-01 00:10:41,515 [INFO] CodeEngine:279 - Generated code: C:\Users\Admin\Documents\GitHub\Drone-RTOS\Source\006MPU_Interrupt\MXTmpFiles\rtos_pfp.tmp
2026-08-01 00:10:41,521 [INFO] CodeEngine:255 - oldGeneratedFile, C:\Users\Admin\Documents\GitHub\Drone-RTOS\Source\006MPU_Interrupt\MXTmpFiles\rtos_obj_creat.tmp_save
2026-08-01 00:10:41,581 [INFO] CodeEngine:279 - Generated code: C:\Users\Admin\Documents\GitHub\Drone-RTOS\Source\006MPU_Interrupt\MXTmpFiles\rtos_obj_creat.tmp
2026-08-01 00:10:41,585 [INFO] CodeEngine:255 - oldGeneratedFile, C:\Users\Admin\Documents\GitHub\Drone-RTOS\Source\006MPU_Interrupt\MXTmpFiles\rtos_default_thread.tmp_save
2026-08-01 00:10:41,630 [INFO] CodeEngine:279 - Generated code: C:\Users\Admin\Documents\GitHub\Drone-RTOS\Source\006MPU_Interrupt\MXTmpFiles\rtos_default_thread.tmp
2026-08-01 00:10:41,634 [INFO] CodeEngine:255 - oldGeneratedFile, C:\Users\Admin\Documents\GitHub\Drone-RTOS\Source\006MPU_Interrupt\MXTmpFiles\rtos_threads.tmp_save
2026-08-01 00:10:41,679 [INFO] CodeEngine:279 - Generated code: C:\Users\Admin\Documents\GitHub\Drone-RTOS\Source\006MPU_Interrupt\MXTmpFiles\rtos_threads.tmp
2026-08-01 00:10:41,682 [INFO] CodeEngine:255 - oldGeneratedFile, C:\Users\Admin\Documents\GitHub\Drone-RTOS\Source\006MPU_Interrupt\Core\Inc\FreeRTOSConfig.h_save
2026-08-01 00:10:41,738 [INFO] CodeEngine:279 - Generated code: C:\Users\Admin\Documents\GitHub\Drone-RTOS\Source\006MPU_Interrupt\Core\Inc\FreeRTOSConfig.h
2026-08-01 00:10:41,743 [INFO] CodeEngine:255 - oldGeneratedFile, C:\Users\Admin\Documents\GitHub\Drone-RTOS\Source\006MPU_Interrupt\Core\Src\freertos.c_save
2026-08-01 00:10:41,799 [INFO] CodeEngine:279 - Generated code: C:\Users\Admin\Documents\GitHub\Drone-RTOS\Source\006MPU_Interrupt\Core\Src\freertos.c
2026-08-01 00:10:41,810 [INFO] CodeEngine:255 - oldGeneratedFile, C:\Users\Admin\Documents\GitHub\Drone-RTOS\Source\006MPU_Interrupt\Core\Src\stm32f4xx_it.c_save
2026-08-01 00:10:41,886 [INFO] CodeEngine:279 - Generated code: C:\Users\Admin\Documents\GitHub\Drone-RTOS\Source\006MPU_Interrupt\Core\Src\stm32f4xx_it.c
2026-08-01 00:10:41,891 [INFO] CodeEngine:255 - oldGeneratedFile, C:\Users\Admin\Documents\GitHub\Drone-RTOS\Source\006MPU_Interrupt\Core\Inc\stm32f4xx_it.h_save
2026-08-01 00:10:41,941 [INFO] CodeEngine:279 - Generated code: C:\Users\Admin\Documents\GitHub\Drone-RTOS\Source\006MPU_Interrupt\Core\Inc\stm32f4xx_it.h
2026-08-01 00:10:41,949 [INFO] CodeEngine:255 - oldGeneratedFile, C:\Users\Admin\Documents\GitHub\Drone-RTOS\Source\006MPU_Interrupt\Core\Src\stm32f4xx_hal_msp.c_save
2026-08-01 00:10:42,016 [INFO] CodeEngine:279 - Generated code: C:\Users\Admin\Documents\GitHub\Drone-RTOS\Source\006MPU_Interrupt\Core\Src\stm32f4xx_hal_msp.c
2026-08-01 00:10:42,019 [INFO] CodeEngine:255 - oldGeneratedFile, C:\Users\Admin\Documents\GitHub\Drone-RTOS\Source\006MPU_Interrupt\MXTmpFiles\system.tmp_save
2026-08-01 00:10:42,067 [INFO] CodeEngine:279 - Generated code: C:\Users\Admin\Documents\GitHub\Drone-RTOS\Source\006MPU_Interrupt\MXTmpFiles\system.tmp
2026-08-01 00:10:42,071 [INFO] CodeEngine:255 - oldGeneratedFile, C:\Users\Admin\Documents\GitHub\Drone-RTOS\Source\006MPU_Interrupt\Core\Src\stm32f4xx_hal_timebase_tim.c_save
2026-08-01 00:10:42,121 [INFO] CodeEngine:279 - Generated code: C:\Users\Admin\Documents\GitHub\Drone-RTOS\Source\006MPU_Interrupt\Core\Src\stm32f4xx_hal_timebase_tim.c
2026-08-01 00:10:42,128 [INFO] CodeEngine:311 - oldGeneratedFile, C:\Users\Admin\Documents\GitHub\Drone-RTOS\Source\006MPU_Interrupt\Core\Inc\stm32f4xx_hal_conf.h_save
2026-08-01 00:10:42,188 [INFO] CodeEngine:335 - Generated code: C:\Users\Admin\Documents\GitHub\Drone-RTOS\Source\006MPU_Interrupt\Core\Inc\stm32f4xx_hal_conf.h
2026-08-01 00:10:42,205 [INFO] CodeEngine:255 - oldGeneratedFile, C:\Users\Admin\Documents\GitHub\Drone-RTOS\Source\006MPU_Interrupt\Core\Inc\main.h_save
2026-08-01 00:10:42,259 [INFO] CodeEngine:279 - Generated code: C:\Users\Admin\Documents\GitHub\Drone-RTOS\Source\006MPU_Interrupt\Core\Inc\main.h
2026-08-01 00:10:42,263 [INFO] CodeEngine:255 - oldGeneratedFile, C:\Users\Admin\Documents\GitHub\Drone-RTOS\Source\006MPU_Interrupt\Core\Src\main.c_save
2026-08-01 00:10:42,340 [INFO] CodeEngine:279 - Generated code: C:\Users\Admin\Documents\GitHub\Drone-RTOS\Source\006MPU_Interrupt\Core\Src\main.c
2026-08-01 00:10:42,859 [INFO] ProjectBuilder:3064 - Time for Copy HAL[1] : 214mS.
2026-08-01 00:10:42,864 [INFO] ProjectBuilder:4404 - Project Generator version: 4.1.0
2026-08-01 00:10:43,114 [INFO] ConfigFileManager:1457 - The Die is : DIE413
2026-08-01 00:10:44,539 [INFO] ProjectBuilder:4626 - Time for Generating toolchain IDE Files: 1676mS.
2026-08-01 00:10:44,540 [INFO] ProjectBuilder:2935 - Time for Copy CMSIS : 1mS.
2026-08-01 00:10:44,554 [INFO] ProjectBuilder:2935 - Time for Copy CMSIS : 0mS.
2026-08-01 01:35:25,256 [INFO] TasksAndQueuesTab:757 - Dynamic
2026-08-01 01:35:25,257 [WARN] TasksAndQueuesTab:763 - 128 128
2026-08-01 01:35:25,258 [WARN] TasksAndQueuesTab:775 - max value is: 3840.0
2026-08-01 01:35:28,842 [INFO] EditThreadDialog:704 - RAM SIZE (in KB): 128
2026-08-01 01:35:28,842 [INFO] EditThreadDialog:706 - RAM SIZE (in words): 32768
2026-08-01 01:36:01,145 [INFO] EditThreadDialog:704 - RAM SIZE (in KB): 128
2026-08-01 01:36:01,145 [INFO] EditThreadDialog:706 - RAM SIZE (in words): 32768
2026-08-01 01:37:53,915 [INFO] TasksAndQueuesTab:757 - Dynamic
2026-08-01 01:37:53,915 [WARN] TasksAndQueuesTab:763 - 128 128
2026-08-01 01:37:53,915 [WARN] TasksAndQueuesTab:775 - max value is: 3840.0
2026-08-01 01:37:53,915 [INFO] TasksAndQueuesTab:757 - Dynamic
2026-08-01 01:37:53,915 [WARN] TasksAndQueuesTab:763 - 128 128
2026-08-01 01:37:53,915 [WARN] TasksAndQueuesTab:775 - max value is: 3840.0
2026-08-01 01:38:08,025 [INFO] EditThreadDialog:704 - RAM SIZE (in KB): 128
2026-08-01 01:38:08,025 [INFO] EditThreadDialog:706 - RAM SIZE (in words): 32768
2026-08-01 01:39:29,819 [INFO] TasksAndQueuesTab:757 - Dynamic
2026-08-01 01:39:29,819 [WARN] TasksAndQueuesTab:763 - 128 128
2026-08-01 01:39:29,819 [WARN] TasksAndQueuesTab:775 - max value is: 3840.0
2026-08-01 01:39:29,819 [INFO] TasksAndQueuesTab:757 - Dynamic
2026-08-01 01:39:29,819 [WARN] TasksAndQueuesTab:763 - 128 128
2026-08-01 01:39:29,819 [WARN] TasksAndQueuesTab:775 - max value is: 3840.0
2026-08-01 01:39:29,819 [INFO] TasksAndQueuesTab:757 - Dynamic
2026-08-01 01:39:29,819 [WARN] TasksAndQueuesTab:763 - 128 128
2026-08-01 01:39:29,819 [WARN] TasksAndQueuesTab:775 - max value is: 3840.0
2026-08-01 01:39:46,626 [INFO] EditThreadDialog:704 - RAM SIZE (in KB): 128
2026-08-01 01:39:46,626 [INFO] EditThreadDialog:706 - RAM SIZE (in words): 32768
2026-08-01 01:40:46,493 [INFO] TasksAndQueuesTab:757 - Dynamic
2026-08-01 01:40:46,493 [WARN] TasksAndQueuesTab:763 - 128 128
2026-08-01 01:40:46,493 [WARN] TasksAndQueuesTab:775 - max value is: 3840.0
2026-08-01 01:40:46,493 [INFO] TasksAndQueuesTab:757 - Dynamic
2026-08-01 01:40:46,493 [WARN] TasksAndQueuesTab:763 - 128 128
2026-08-01 01:40:46,493 [WARN] TasksAndQueuesTab:775 - max value is: 3840.0
2026-08-01 01:40:46,493 [INFO] TasksAndQueuesTab:757 - Dynamic
2026-08-01 01:40:46,493 [WARN] TasksAndQueuesTab:763 - 128 128
2026-08-01 01:40:46,493 [WARN] TasksAndQueuesTab:775 - max value is: 3840.0
2026-08-01 01:40:46,493 [INFO] TasksAndQueuesTab:757 - Dynamic
2026-08-01 01:40:46,493 [WARN] TasksAndQueuesTab:763 - 128 128
2026-08-01 01:40:46,493 [WARN] TasksAndQueuesTab:775 - max value is: 3840.0
2026-08-01 01:40:51,834 [INFO] EditThreadDialog:704 - RAM SIZE (in KB): 128
2026-08-01 01:40:51,834 [INFO] EditThreadDialog:706 - RAM SIZE (in words): 32768
2026-08-01 01:41:29,370 [INFO] UtilMem:75 - End SaveConfig() Used Memory: 929978296 Bytes (1073741824)
2026-08-01 01:41:33,994 [INFO] UtilMem:75 - End SaveConfig() Used Memory: 834621456 Bytes (1073741824)
2026-08-01 01:41:34,152 [INFO] BlockDiagram:2759 - set Specific Code input for plugin: FREERTOS
2026-08-01 01:41:34,153 [INFO] BlockDiagram:2759 - set Specific Code input for plugin: SYS
2026-08-01 01:41:34,153 [INFO] BlockDiagram:2759 - set Specific Code input for plugin: RCC
2026-08-01 01:41:34,153 [INFO] BlockDiagram:2759 - set Specific Code input for plugin: I2C
2026-08-01 01:41:34,153 [INFO] BlockDiagram:2759 - set Specific Code input for plugin: NVIC
2026-08-01 01:41:34,153 [INFO] BlockDiagram:2759 - set Specific Code input for plugin: GPIO
2026-08-01 01:41:34,154 [INFO] CodeGenerator:799 - code generatio: config db path: C:\ST\STM32CubeIDE_1.13.1\STM32CubeIDE\plugins\com.st.stm32cube.common.mx_6.9.1.202307191849\\db\
2026-08-01 01:41:34,157 [WARN] IP:2114 - I2C_Coeff_DF not found: check if there is a RefParameter without a condition.
2026-08-01 01:41:34,157 [WARN] IP:2114 - Analog_Filter not found: check if there is a RefParameter without a condition.
2026-08-01 01:41:34,324 [INFO] CodeEngine:255 - oldGeneratedFile, C:\Users\Admin\Documents\GitHub\Drone-RTOS\Source\006MPU_Interrupt\MXTmpFiles\license.tmp_save
2026-08-01 01:41:34,448 [INFO] CodeEngine:279 - Generated code: C:\Users\Admin\Documents\GitHub\Drone-RTOS\Source\006MPU_Interrupt\MXTmpFiles\license.tmp
2026-08-01 01:41:34,463 [INFO] CodeEngine:255 - oldGeneratedFile, C:\Users\Admin\Documents\GitHub\Drone-RTOS\Source\006MPU_Interrupt\MXTmpFiles\gpio.tmp_save
2026-08-01 01:41:34,546 [INFO] CodeEngine:279 - Generated code: C:\Users\Admin\Documents\GitHub\Drone-RTOS\Source\006MPU_Interrupt\MXTmpFiles\gpio.tmp
2026-08-01 01:41:34,622 [INFO] Middleware:1439 - No code input for Bsp Dependency
2026-08-01 01:41:34,632 [INFO] CodeEngine:255 - oldGeneratedFile, C:\Users\Admin\Documents\GitHub\Drone-RTOS\Source\006MPU_Interrupt\MXTmpFiles\rtos_inc.tmp_save
2026-08-01 01:41:34,704 [INFO] CodeEngine:279 - Generated code: C:\Users\Admin\Documents\GitHub\Drone-RTOS\Source\006MPU_Interrupt\MXTmpFiles\rtos_inc.tmp
2026-08-01 01:41:34,708 [INFO] CodeEngine:255 - oldGeneratedFile, C:\Users\Admin\Documents\GitHub\Drone-RTOS\Source\006MPU_Interrupt\MXTmpFiles\rtos_kernelInit.tmp_save
2026-08-01 01:41:34,786 [INFO] CodeEngine:279 - Generated code: C:\Users\Admin\Documents\GitHub\Drone-RTOS\Source\006MPU_Interrupt\MXTmpFiles\rtos_kernelInit.tmp
2026-08-01 01:41:34,790 [INFO] CodeEngine:255 - oldGeneratedFile, C:\Users\Admin\Documents\GitHub\Drone-RTOS\Source\006MPU_Interrupt\MXTmpFiles\rtos_kernelStart.tmp_save
2026-08-01 01:41:34,850 [INFO] CodeEngine:279 - Generated code: C:\Users\Admin\Documents\GitHub\Drone-RTOS\Source\006MPU_Interrupt\MXTmpFiles\rtos_kernelStart.tmp
2026-08-01 01:41:34,854 [INFO] CodeEngine:255 - oldGeneratedFile, C:\Users\Admin\Documents\GitHub\Drone-RTOS\Source\006MPU_Interrupt\MXTmpFiles\rtos_typedefs.tmp_save
2026-08-01 01:41:34,934 [INFO] CodeEngine:279 - Generated code: C:\Users\Admin\Documents\GitHub\Drone-RTOS\Source\006MPU_Interrupt\MXTmpFiles\rtos_typedefs.tmp
2026-08-01 01:41:34,937 [INFO] CodeEngine:255 - oldGeneratedFile, C:\Users\Admin\Documents\GitHub\Drone-RTOS\Source\006MPU_Interrupt\MXTmpFiles\rtos_vars.tmp_save
2026-08-01 01:41:35,005 [INFO] CodeEngine:279 - Generated code: C:\Users\Admin\Documents\GitHub\Drone-RTOS\Source\006MPU_Interrupt\MXTmpFiles\rtos_vars.tmp
2026-08-01 01:41:35,008 [INFO] CodeEngine:255 - oldGeneratedFile, C:\Users\Admin\Documents\GitHub\Drone-RTOS\Source\006MPU_Interrupt\MXTmpFiles\rtos_pfp.tmp_save
2026-08-01 01:41:35,075 [INFO] CodeEngine:279 - Generated code: C:\Users\Admin\Documents\GitHub\Drone-RTOS\Source\006MPU_Interrupt\MXTmpFiles\rtos_pfp.tmp
2026-08-01 01:41:35,078 [INFO] CodeEngine:255 - oldGeneratedFile, C:\Users\Admin\Documents\GitHub\Drone-RTOS\Source\006MPU_Interrupt\MXTmpFiles\rtos_obj_creat.tmp_save
2026-08-01 01:41:35,135 [INFO] CodeEngine:279 - Generated code: C:\Users\Admin\Documents\GitHub\Drone-RTOS\Source\006MPU_Interrupt\MXTmpFiles\rtos_obj_creat.tmp
2026-08-01 01:41:35,138 [INFO] CodeEngine:255 - oldGeneratedFile, C:\Users\Admin\Documents\GitHub\Drone-RTOS\Source\006MPU_Interrupt\MXTmpFiles\rtos_default_thread.tmp_save
2026-08-01 01:41:35,186 [INFO] CodeEngine:279 - Generated code: C:\Users\Admin\Documents\GitHub\Drone-RTOS\Source\006MPU_Interrupt\MXTmpFiles\rtos_default_thread.tmp
2026-08-01 01:41:35,188 [INFO] CodeEngine:255 - oldGeneratedFile, C:\Users\Admin\Documents\GitHub\Drone-RTOS\Source\006MPU_Interrupt\MXTmpFiles\rtos_threads.tmp_save
2026-08-01 01:41:35,235 [INFO] CodeEngine:279 - Generated code: C:\Users\Admin\Documents\GitHub\Drone-RTOS\Source\006MPU_Interrupt\MXTmpFiles\rtos_threads.tmp
2026-08-01 01:41:35,242 [INFO] Middleware:1439 - No code input for Bsp Dependency
2026-08-01 01:41:35,248 [INFO] CodeEngine:255 - oldGeneratedFile, C:\Users\Admin\Documents\GitHub\Drone-RTOS\Source\006MPU_Interrupt\MXTmpFiles\rtos_inc.tmp_save
2026-08-01 01:41:35,296 [INFO] CodeEngine:279 - Generated code: C:\Users\Admin\Documents\GitHub\Drone-RTOS\Source\006MPU_Interrupt\MXTmpFiles\rtos_inc.tmp
2026-08-01 01:41:35,301 [INFO] CodeEngine:255 - oldGeneratedFile, C:\Users\Admin\Documents\GitHub\Drone-RTOS\Source\006MPU_Interrupt\MXTmpFiles\rtos_kernelInit.tmp_save
2026-08-01 01:41:35,350 [INFO] CodeEngine:279 - Generated code: C:\Users\Admin\Documents\GitHub\Drone-RTOS\Source\006MPU_Interrupt\MXTmpFiles\rtos_kernelInit.tmp
2026-08-01 01:41:35,354 [INFO] CodeEngine:255 - oldGeneratedFile, C:\Users\Admin\Documents\GitHub\Drone-RTOS\Source\006MPU_Interrupt\MXTmpFiles\rtos_kernelStart.tmp_save
2026-08-01 01:41:35,401 [INFO] CodeEngine:279 - Generated code: C:\Users\Admin\Documents\GitHub\Drone-RTOS\Source\006MPU_Interrupt\MXTmpFiles\rtos_kernelStart.tmp
2026-08-01 01:41:35,405 [INFO] CodeEngine:255 - oldGeneratedFile, C:\Users\Admin\Documents\GitHub\Drone-RTOS\Source\006MPU_Interrupt\MXTmpFiles\rtos_typedefs.tmp_save
2026-08-01 01:41:35,453 [INFO] CodeEngine:279 - Generated code: C:\Users\Admin\Documents\GitHub\Drone-RTOS\Source\006MPU_Interrupt\MXTmpFiles\rtos_typedefs.tmp
2026-08-01 01:41:35,457 [INFO] CodeEngine:255 - oldGeneratedFile, C:\Users\Admin\Documents\GitHub\Drone-RTOS\Source\006MPU_Interrupt\MXTmpFiles\rtos_vars.tmp_save
2026-08-01 01:41:35,511 [INFO] CodeEngine:279 - Generated code: C:\Users\Admin\Documents\GitHub\Drone-RTOS\Source\006MPU_Interrupt\MXTmpFiles\rtos_vars.tmp
2026-08-01 01:41:35,515 [INFO] CodeEngine:255 - oldGeneratedFile, C:\Users\Admin\Documents\GitHub\Drone-RTOS\Source\006MPU_Interrupt\MXTmpFiles\rtos_pfp.tmp_save
2026-08-01 01:41:35,561 [INFO] CodeEngine:279 - Generated code: C:\Users\Admin\Documents\GitHub\Drone-RTOS\Source\006MPU_Interrupt\MXTmpFiles\rtos_pfp.tmp
2026-08-01 01:41:35,565 [INFO] CodeEngine:255 - oldGeneratedFile, C:\Users\Admin\Documents\GitHub\Drone-RTOS\Source\006MPU_Interrupt\MXTmpFiles\rtos_obj_creat.tmp_save
2026-08-01 01:41:35,617 [INFO] CodeEngine:279 - Generated code: C:\Users\Admin\Documents\GitHub\Drone-RTOS\Source\006MPU_Interrupt\MXTmpFiles\rtos_obj_creat.tmp
2026-08-01 01:41:35,621 [INFO] CodeEngine:255 - oldGeneratedFile, C:\Users\Admin\Documents\GitHub\Drone-RTOS\Source\006MPU_Interrupt\MXTmpFiles\rtos_default_thread.tmp_save
2026-08-01 01:41:35,670 [INFO] CodeEngine:279 - Generated code: C:\Users\Admin\Documents\GitHub\Drone-RTOS\Source\006MPU_Interrupt\MXTmpFiles\rtos_default_thread.tmp
2026-08-01 01:41:35,674 [INFO] CodeEngine:255 - oldGeneratedFile, C:\Users\Admin\Documents\GitHub\Drone-RTOS\Source\006MPU_Interrupt\MXTmpFiles\rtos_threads.tmp_save
2026-08-01 01:41:35,720 [INFO] CodeEngine:279 - Generated code: C:\Users\Admin\Documents\GitHub\Drone-RTOS\Source\006MPU_Interrupt\MXTmpFiles\rtos_threads.tmp
2026-08-01 01:41:35,724 [INFO] CodeEngine:255 - oldGeneratedFile, C:\Users\Admin\Documents\GitHub\Drone-RTOS\Source\006MPU_Interrupt\Core\Inc\FreeRTOSConfig.h_save
2026-08-01 01:41:35,792 [INFO] CodeEngine:279 - Generated code: C:\Users\Admin\Documents\GitHub\Drone-RTOS\Source\006MPU_Interrupt\Core\Inc\FreeRTOSConfig.h
2026-08-01 01:41:35,797 [INFO] CodeEngine:255 - oldGeneratedFile, C:\Users\Admin\Documents\GitHub\Drone-RTOS\Source\006MPU_Interrupt\Core\Src\freertos.c_save
2026-08-01 01:41:35,854 [INFO] CodeEngine:279 - Generated code: C:\Users\Admin\Documents\GitHub\Drone-RTOS\Source\006MPU_Interrupt\Core\Src\freertos.c
2026-08-01 01:41:35,864 [INFO] CodeEngine:255 - oldGeneratedFile, C:\Users\Admin\Documents\GitHub\Drone-RTOS\Source\006MPU_Interrupt\Core\Src\stm32f4xx_it.c_save
2026-08-01 01:41:35,986 [INFO] CodeEngine:279 - Generated code: C:\Users\Admin\Documents\GitHub\Drone-RTOS\Source\006MPU_Interrupt\Core\Src\stm32f4xx_it.c
2026-08-01 01:41:35,995 [INFO] CodeEngine:255 - oldGeneratedFile, C:\Users\Admin\Documents\GitHub\Drone-RTOS\Source\006MPU_Interrupt\Core\Inc\stm32f4xx_it.h_save
2026-08-01 01:41:36,060 [INFO] CodeEngine:279 - Generated code: C:\Users\Admin\Documents\GitHub\Drone-RTOS\Source\006MPU_Interrupt\Core\Inc\stm32f4xx_it.h
2026-08-01 01:41:36,074 [INFO] CodeEngine:255 - oldGeneratedFile, C:\Users\Admin\Documents\GitHub\Drone-RTOS\Source\006MPU_Interrupt\Core\Src\stm32f4xx_hal_msp.c_save
2026-08-01 01:41:36,193 [INFO] CodeEngine:279 - Generated code: C:\Users\Admin\Documents\GitHub\Drone-RTOS\Source\006MPU_Interrupt\Core\Src\stm32f4xx_hal_msp.c
2026-08-01 01:41:36,196 [INFO] CodeEngine:255 - oldGeneratedFile, C:\Users\Admin\Documents\GitHub\Drone-RTOS\Source\006MPU_Interrupt\MXTmpFiles\system.tmp_save
2026-08-01 01:41:36,253 [INFO] CodeEngine:279 - Generated code: C:\Users\Admin\Documents\GitHub\Drone-RTOS\Source\006MPU_Interrupt\MXTmpFiles\system.tmp
2026-08-01 01:41:36,257 [INFO] CodeEngine:255 - oldGeneratedFile, C:\Users\Admin\Documents\GitHub\Drone-RTOS\Source\006MPU_Interrupt\Core\Src\stm32f4xx_hal_timebase_tim.c_save
2026-08-01 01:41:36,323 [INFO] CodeEngine:279 - Generated code: C:\Users\Admin\Documents\GitHub\Drone-RTOS\Source\006MPU_Interrupt\Core\Src\stm32f4xx_hal_timebase_tim.c
2026-08-01 01:41:36,333 [INFO] CodeEngine:311 - oldGeneratedFile, C:\Users\Admin\Documents\GitHub\Drone-RTOS\Source\006MPU_Interrupt\Core\Inc\stm32f4xx_hal_conf.h_save
2026-08-01 01:41:36,396 [INFO] CodeEngine:335 - Generated code: C:\Users\Admin\Documents\GitHub\Drone-RTOS\Source\006MPU_Interrupt\Core\Inc\stm32f4xx_hal_conf.h
2026-08-01 01:41:36,418 [INFO] CodeEngine:255 - oldGeneratedFile, C:\Users\Admin\Documents\GitHub\Drone-RTOS\Source\006MPU_Interrupt\Core\Inc\main.h_save
2026-08-01 01:41:36,512 [INFO] CodeEngine:279 - Generated code: C:\Users\Admin\Documents\GitHub\Drone-RTOS\Source\006MPU_Interrupt\Core\Inc\main.h
2026-08-01 01:41:36,519 [INFO] CodeEngine:255 - oldGeneratedFile, C:\Users\Admin\Documents\GitHub\Drone-RTOS\Source\006MPU_Interrupt\Core\Src\main.c_save
2026-08-01 01:41:36,637 [INFO] CodeEngine:279 - Generated code: C:\Users\Admin\Documents\GitHub\Drone-RTOS\Source\006MPU_Interrupt\Core\Src\main.c
2026-08-01 01:41:37,165 [INFO] ProjectBuilder:3064 - Time for Copy HAL[1] : 198mS.
2026-08-01 01:41:37,168 [INFO] ProjectBuilder:4404 - Project Generator version: 4.1.0
2026-08-01 01:41:37,393 [INFO] ConfigFileManager:1457 - The Die is : DIE413
2026-08-01 01:41:39,134 [INFO] ProjectBuilder:4626 - Time for Generating toolchain IDE Files: 1966mS.
2026-08-01 01:41:39,136 [INFO] ProjectBuilder:2935 - Time for Copy CMSIS : 1mS.
2026-08-01 01:41:39,144 [INFO] ProjectBuilder:2935 - Time for Copy CMSIS : 0mS.
2026-08-01 05:18:27,575 [WARN] IP:2114 - I2C_Coeff_DF not found: check if there is a RefParameter without a condition.
2026-08-01 05:18:27,575 [WARN] IP:2114 - Analog_Filter not found: check if there is a RefParameter without a condition.
2026-08-01 05:18:27,575 [WARN] IP:2114 - I2C_Coeff_DF not found: check if there is a RefParameter without a condition.
2026-08-01 05:18:27,575 [WARN] IP:2114 - Analog_Filter not found: check if there is a RefParameter without a condition.
2026-08-01 05:18:27,588 [WARN] IP:2114 - I2C_Coeff_DF not found: check if there is a RefParameter without a condition.
2026-08-01 05:18:27,588 [WARN] IP:2114 - Analog_Filter not found: check if there is a RefParameter without a condition.
2026-08-01 05:18:27,601 [WARN] IP:2114 - I2C_Coeff_DF not found: check if there is a RefParameter without a condition.
2026-08-01 05:18:27,601 [WARN] IP:2114 - Analog_Filter not found: check if there is a RefParameter without a condition.
2026-08-01 05:18:27,645 [ERROR] RtosPanel:558 - Can not restore the selected Tab for FREERTOS(A reason can be that the tab is no more available.)
2026-08-01 05:18:40,185 [WARN] IP:2114 - I2C_Coeff_DF not found: check if there is a RefParameter without a condition.
2026-08-01 05:18:40,186 [WARN] IP:2114 - Analog_Filter not found: check if there is a RefParameter without a condition.
2026-08-01 05:18:40,186 [WARN] IP:2114 - I2C_Coeff_DF not found: check if there is a RefParameter without a condition.
2026-08-01 05:18:40,186 [WARN] IP:2114 - Analog_Filter not found: check if there is a RefParameter without a condition.
2026-08-01 05:18:40,198 [WARN] IP:2114 - I2C_Coeff_DF not found: check if there is a RefParameter without a condition.
2026-08-01 05:18:40,198 [WARN] IP:2114 - Analog_Filter not found: check if there is a RefParameter without a condition.
2026-08-01 05:18:40,212 [WARN] IP:2114 - I2C_Coeff_DF not found: check if there is a RefParameter without a condition.
2026-08-01 05:18:40,212 [WARN] IP:2114 - Analog_Filter not found: check if there is a RefParameter without a condition.
2026-08-01 05:18:40,257 [ERROR] RtosPanel:558 - Can not restore the selected Tab for FREERTOS(A reason can be that the tab is no more available.)
2026-08-01 05:18:45,881 [INFO] DmaTabbedPanel:205 - Cannot restore the selected Tab for DMA
2026-08-01 05:18:46,304 [INFO] Gpio:273 - dependency for GPIO [I2C1, RCC, SYS]
2026-08-01 05:20:07,921 [INFO] Gpio:273 - dependency for GPIO [I2C1, RCC, SYS]
2026-08-01 05:20:48,142 [INFO] UtilMem:75 - End SaveConfig() Used Memory: 860092288 Bytes (1073741824)
2026-08-01 05:21:04,548 [INFO] UtilMem:75 - End SaveConfig() Used Memory: 829495008 Bytes (1073741824)
2026-08-01 05:21:04,716 [INFO] BlockDiagram:2759 - set Specific Code input for plugin: FREERTOS
2026-08-01 05:21:04,716 [INFO] BlockDiagram:2759 - set Specific Code input for plugin: SYS
2026-08-01 05:21:04,716 [INFO] BlockDiagram:2759 - set Specific Code input for plugin: RCC
2026-08-01 05:21:04,716 [INFO] BlockDiagram:2759 - set Specific Code input for plugin: I2C
2026-08-01 05:21:04,716 [INFO] BlockDiagram:2759 - set Specific Code input for plugin: NVIC
2026-08-01 05:21:04,717 [INFO] BlockDiagram:2759 - set Specific Code input for plugin: GPIO
2026-08-01 05:21:04,718 [INFO] CodeGenerator:799 - code generatio: config db path: C:\ST\STM32CubeIDE_1.13.1\STM32CubeIDE\plugins\com.st.stm32cube.common.mx_6.9.1.202307191849\\db\
2026-08-01 05:21:04,721 [WARN] IP:2114 - I2C_Coeff_DF not found: check if there is a RefParameter without a condition.
2026-08-01 05:21:04,722 [WARN] IP:2114 - Analog_Filter not found: check if there is a RefParameter without a condition.
2026-08-01 05:21:04,903 [INFO] CodeEngine:255 - oldGeneratedFile, C:\Users\Admin\Documents\GitHub\Drone-RTOS\Source\006MPU_Interrupt\MXTmpFiles\license.tmp_save
2026-08-01 05:21:04,969 [INFO] CodeEngine:279 - Generated code: C:\Users\Admin\Documents\GitHub\Drone-RTOS\Source\006MPU_Interrupt\MXTmpFiles\license.tmp
2026-08-01 05:21:04,983 [INFO] CodeEngine:255 - oldGeneratedFile, C:\Users\Admin\Documents\GitHub\Drone-RTOS\Source\006MPU_Interrupt\MXTmpFiles\gpio.tmp_save
2026-08-01 05:21:05,037 [INFO] CodeEngine:279 - Generated code: C:\Users\Admin\Documents\GitHub\Drone-RTOS\Source\006MPU_Interrupt\MXTmpFiles\gpio.tmp
2026-08-01 05:21:05,083 [INFO] Middleware:1439 - No code input for Bsp Dependency
2026-08-01 05:21:05,090 [INFO] CodeEngine:255 - oldGeneratedFile, C:\Users\Admin\Documents\GitHub\Drone-RTOS\Source\006MPU_Interrupt\MXTmpFiles\rtos_inc.tmp_save
2026-08-01 05:21:05,144 [INFO] CodeEngine:279 - Generated code: C:\Users\Admin\Documents\GitHub\Drone-RTOS\Source\006MPU_Interrupt\MXTmpFiles\rtos_inc.tmp
2026-08-01 05:21:05,147 [INFO] CodeEngine:255 - oldGeneratedFile, C:\Users\Admin\Documents\GitHub\Drone-RTOS\Source\006MPU_Interrupt\MXTmpFiles\rtos_kernelInit.tmp_save
2026-08-01 05:21:05,211 [INFO] CodeEngine:279 - Generated code: C:\Users\Admin\Documents\GitHub\Drone-RTOS\Source\006MPU_Interrupt\MXTmpFiles\rtos_kernelInit.tmp
2026-08-01 05:21:05,213 [INFO] CodeEngine:255 - oldGeneratedFile, C:\Users\Admin\Documents\GitHub\Drone-RTOS\Source\006MPU_Interrupt\MXTmpFiles\rtos_kernelStart.tmp_save
2026-08-01 05:21:05,259 [INFO] CodeEngine:279 - Generated code: C:\Users\Admin\Documents\GitHub\Drone-RTOS\Source\006MPU_Interrupt\MXTmpFiles\rtos_kernelStart.tmp
2026-08-01 05:21:05,262 [INFO] CodeEngine:255 - oldGeneratedFile, C:\Users\Admin\Documents\GitHub\Drone-RTOS\Source\006MPU_Interrupt\MXTmpFiles\rtos_typedefs.tmp_save
2026-08-01 05:21:05,308 [INFO] CodeEngine:279 - Generated code: C:\Users\Admin\Documents\GitHub\Drone-RTOS\Source\006MPU_Interrupt\MXTmpFiles\rtos_typedefs.tmp
2026-08-01 05:21:05,311 [INFO] CodeEngine:255 - oldGeneratedFile, C:\Users\Admin\Documents\GitHub\Drone-RTOS\Source\006MPU_Interrupt\MXTmpFiles\rtos_vars.tmp_save
2026-08-01 05:21:05,361 [INFO] CodeEngine:279 - Generated code: C:\Users\Admin\Documents\GitHub\Drone-RTOS\Source\006MPU_Interrupt\MXTmpFiles\rtos_vars.tmp
2026-08-01 05:21:05,363 [INFO] CodeEngine:255 - oldGeneratedFile, C:\Users\Admin\Documents\GitHub\Drone-RTOS\Source\006MPU_Interrupt\MXTmpFiles\rtos_pfp.tmp_save
2026-08-01 05:21:05,408 [INFO] CodeEngine:279 - Generated code: C:\Users\Admin\Documents\GitHub\Drone-RTOS\Source\006MPU_Interrupt\MXTmpFiles\rtos_pfp.tmp
2026-08-01 05:21:05,411 [INFO] CodeEngine:255 - oldGeneratedFile, C:\Users\Admin\Documents\GitHub\Drone-RTOS\Source\006MPU_Interrupt\MXTmpFiles\rtos_obj_creat.tmp_save
2026-08-01 05:21:05,460 [INFO] CodeEngine:279 - Generated code: C:\Users\Admin\Documents\GitHub\Drone-RTOS\Source\006MPU_Interrupt\MXTmpFiles\rtos_obj_creat.tmp
2026-08-01 05:21:05,462 [INFO] CodeEngine:255 - oldGeneratedFile, C:\Users\Admin\Documents\GitHub\Drone-RTOS\Source\006MPU_Interrupt\MXTmpFiles\rtos_default_thread.tmp_save
2026-08-01 05:21:05,511 [INFO] CodeEngine:279 - Generated code: C:\Users\Admin\Documents\GitHub\Drone-RTOS\Source\006MPU_Interrupt\MXTmpFiles\rtos_default_thread.tmp
2026-08-01 05:21:05,514 [INFO] CodeEngine:255 - oldGeneratedFile, C:\Users\Admin\Documents\GitHub\Drone-RTOS\Source\006MPU_Interrupt\MXTmpFiles\rtos_threads.tmp_save
2026-08-01 05:21:05,565 [INFO] CodeEngine:279 - Generated code: C:\Users\Admin\Documents\GitHub\Drone-RTOS\Source\006MPU_Interrupt\MXTmpFiles\rtos_threads.tmp
2026-08-01 05:21:05,573 [INFO] Middleware:1439 - No code input for Bsp Dependency
2026-08-01 05:21:05,579 [INFO] CodeEngine:255 - oldGeneratedFile, C:\Users\Admin\Documents\GitHub\Drone-RTOS\Source\006MPU_Interrupt\MXTmpFiles\rtos_inc.tmp_save
2026-08-01 05:21:05,626 [INFO] CodeEngine:279 - Generated code: C:\Users\Admin\Documents\GitHub\Drone-RTOS\Source\006MPU_Interrupt\MXTmpFiles\rtos_inc.tmp
2026-08-01 05:21:05,631 [INFO] CodeEngine:255 - oldGeneratedFile, C:\Users\Admin\Documents\GitHub\Drone-RTOS\Source\006MPU_Interrupt\MXTmpFiles\rtos_kernelInit.tmp_save
2026-08-01 05:21:05,676 [INFO] CodeEngine:279 - Generated code: C:\Users\Admin\Documents\GitHub\Drone-RTOS\Source\006MPU_Interrupt\MXTmpFiles\rtos_kernelInit.tmp
2026-08-01 05:21:05,681 [INFO] CodeEngine:255 - oldGeneratedFile, C:\Users\Admin\Documents\GitHub\Drone-RTOS\Source\006MPU_Interrupt\MXTmpFiles\rtos_kernelStart.tmp_save
2026-08-01 05:21:05,726 [INFO] CodeEngine:279 - Generated code: C:\Users\Admin\Documents\GitHub\Drone-RTOS\Source\006MPU_Interrupt\MXTmpFiles\rtos_kernelStart.tmp
2026-08-01 05:21:05,731 [INFO] CodeEngine:255 - oldGeneratedFile, C:\Users\Admin\Documents\GitHub\Drone-RTOS\Source\006MPU_Interrupt\MXTmpFiles\rtos_typedefs.tmp_save
2026-08-01 05:21:05,780 [INFO] CodeEngine:279 - Generated code: C:\Users\Admin\Documents\GitHub\Drone-RTOS\Source\006MPU_Interrupt\MXTmpFiles\rtos_typedefs.tmp
2026-08-01 05:21:05,783 [INFO] CodeEngine:255 - oldGeneratedFile, C:\Users\Admin\Documents\GitHub\Drone-RTOS\Source\006MPU_Interrupt\MXTmpFiles\rtos_vars.tmp_save
2026-08-01 05:21:05,831 [INFO] CodeEngine:279 - Generated code: C:\Users\Admin\Documents\GitHub\Drone-RTOS\Source\006MPU_Interrupt\MXTmpFiles\rtos_vars.tmp
2026-08-01 05:21:05,835 [INFO] CodeEngine:255 - oldGeneratedFile, C:\Users\Admin\Documents\GitHub\Drone-RTOS\Source\006MPU_Interrupt\MXTmpFiles\rtos_pfp.tmp_save
2026-08-01 05:21:05,884 [INFO] CodeEngine:279 - Generated code: C:\Users\Admin\Documents\GitHub\Drone-RTOS\Source\006MPU_Interrupt\MXTmpFiles\rtos_pfp.tmp
2026-08-01 05:21:05,888 [INFO] CodeEngine:255 - oldGeneratedFile, C:\Users\Admin\Documents\GitHub\Drone-RTOS\Source\006MPU_Interrupt\MXTmpFiles\rtos_obj_creat.tmp_save
2026-08-01 05:21:05,949 [INFO] CodeEngine:279 - Generated code: C:\Users\Admin\Documents\GitHub\Drone-RTOS\Source\006MPU_Interrupt\MXTmpFiles\rtos_obj_creat.tmp
2026-08-01 05:21:05,953 [INFO] CodeEngine:255 - oldGeneratedFile, C:\Users\Admin\Documents\GitHub\Drone-RTOS\Source\006MPU_Interrupt\MXTmpFiles\rtos_default_thread.tmp_save
2026-08-01 05:21:06,001 [INFO] CodeEngine:279 - Generated code: C:\Users\Admin\Documents\GitHub\Drone-RTOS\Source\006MPU_Interrupt\MXTmpFiles\rtos_default_thread.tmp
2026-08-01 05:21:06,006 [INFO] CodeEngine:255 - oldGeneratedFile, C:\Users\Admin\Documents\GitHub\Drone-RTOS\Source\006MPU_Interrupt\MXTmpFiles\rtos_threads.tmp_save
2026-08-01 05:21:06,065 [INFO] CodeEngine:279 - Generated code: C:\Users\Admin\Documents\GitHub\Drone-RTOS\Source\006MPU_Interrupt\MXTmpFiles\rtos_threads.tmp
2026-08-01 05:21:06,070 [INFO] CodeEngine:255 - oldGeneratedFile, C:\Users\Admin\Documents\GitHub\Drone-RTOS\Source\006MPU_Interrupt\Core\Inc\FreeRTOSConfig.h_save
2026-08-01 05:21:06,146 [INFO] CodeEngine:279 - Generated code: C:\Users\Admin\Documents\GitHub\Drone-RTOS\Source\006MPU_Interrupt\Core\Inc\FreeRTOSConfig.h
2026-08-01 05:21:06,151 [INFO] CodeEngine:255 - oldGeneratedFile, C:\Users\Admin\Documents\GitHub\Drone-RTOS\Source\006MPU_Interrupt\Core\Src\freertos.c_save
2026-08-01 05:21:06,212 [INFO] CodeEngine:279 - Generated code: C:\Users\Admin\Documents\GitHub\Drone-RTOS\Source\006MPU_Interrupt\Core\Src\freertos.c
2026-08-01 05:21:06,222 [INFO] CodeEngine:255 - oldGeneratedFile, C:\Users\Admin\Documents\GitHub\Drone-RTOS\Source\006MPU_Interrupt\Core\Src\stm32f4xx_it.c_save
2026-08-01 05:21:06,376 [INFO] CodeEngine:279 - Generated code: C:\Users\Admin\Documents\GitHub\Drone-RTOS\Source\006MPU_Interrupt\Core\Src\stm32f4xx_it.c
2026-08-01 05:21:06,382 [INFO] CodeEngine:255 - oldGeneratedFile, C:\Users\Admin\Documents\GitHub\Drone-RTOS\Source\006MPU_Interrupt\Core\Inc\stm32f4xx_it.h_save
2026-08-01 05:21:06,444 [INFO] CodeEngine:279 - Generated code: C:\Users\Admin\Documents\GitHub\Drone-RTOS\Source\006MPU_Interrupt\Core\Inc\stm32f4xx_it.h
2026-08-01 05:21:06,469 [INFO] CodeEngine:255 - oldGeneratedFile, C:\Users\Admin\Documents\GitHub\Drone-RTOS\Source\006MPU_Interrupt\Core\Src\stm32f4xx_hal_msp.c_save
2026-08-01 05:21:06,569 [INFO] CodeEngine:279 - Generated code: C:\Users\Admin\Documents\GitHub\Drone-RTOS\Source\006MPU_Interrupt\Core\Src\stm32f4xx_hal_msp.c
2026-08-01 05:21:06,573 [INFO] CodeEngine:255 - oldGeneratedFile, C:\Users\Admin\Documents\GitHub\Drone-RTOS\Source\006MPU_Interrupt\MXTmpFiles\system.tmp_save
2026-08-01 05:21:06,630 [INFO] CodeEngine:279 - Generated code: C:\Users\Admin\Documents\GitHub\Drone-RTOS\Source\006MPU_Interrupt\MXTmpFiles\system.tmp
2026-08-01 05:21:06,633 [INFO] CodeEngine:255 - oldGeneratedFile, C:\Users\Admin\Documents\GitHub\Drone-RTOS\Source\006MPU_Interrupt\Core\Src\stm32f4xx_hal_timebase_tim.c_save
2026-08-01 05:21:06,687 [INFO] CodeEngine:279 - Generated code: C:\Users\Admin\Documents\GitHub\Drone-RTOS\Source\006MPU_Interrupt\Core\Src\stm32f4xx_hal_timebase_tim.c
2026-08-01 05:21:06,693 [INFO] CodeEngine:311 - oldGeneratedFile, C:\Users\Admin\Documents\GitHub\Drone-RTOS\Source\006MPU_Interrupt\Core\Inc\stm32f4xx_hal_conf.h_save
2026-08-01 05:21:06,753 [INFO] CodeEngine:335 - Generated code: C:\Users\Admin\Documents\GitHub\Drone-RTOS\Source\006MPU_Interrupt\Core\Inc\stm32f4xx_hal_conf.h
2026-08-01 05:21:06,768 [INFO] CodeEngine:255 - oldGeneratedFile, C:\Users\Admin\Documents\GitHub\Drone-RTOS\Source\006MPU_Interrupt\Core\Inc\main.h_save
2026-08-01 05:21:06,831 [INFO] CodeEngine:279 - Generated code: C:\Users\Admin\Documents\GitHub\Drone-RTOS\Source\006MPU_Interrupt\Core\Inc\main.h
2026-08-01 05:21:06,835 [INFO] CodeEngine:255 - oldGeneratedFile, C:\Users\Admin\Documents\GitHub\Drone-RTOS\Source\006MPU_Interrupt\Core\Src\main.c_save
2026-08-01 05:21:06,932 [INFO] CodeEngine:279 - Generated code: C:\Users\Admin\Documents\GitHub\Drone-RTOS\Source\006MPU_Interrupt\Core\Src\main.c
2026-08-01 05:21:07,466 [INFO] ProjectBuilder:3064 - Time for Copy HAL[1] : 173mS.
2026-08-01 05:21:07,469 [INFO] ProjectBuilder:4404 - Project Generator version: 4.1.0
2026-08-01 05:21:07,700 [INFO] ConfigFileManager:1457 - The Die is : DIE413
2026-08-01 05:21:09,168 [INFO] ProjectBuilder:4626 - Time for Generating toolchain IDE Files: 1698mS.
2026-08-01 05:21:09,169 [INFO] ProjectBuilder:2935 - Time for Copy CMSIS : 1mS.
2026-08-01 05:21:09,175 [INFO] ProjectBuilder:2935 - Time for Copy CMSIS : 0mS.
2026-08-01 06:57:38,572 [INFO] WebApp:330 - JxBrowser engine has been closed 
2026-08-01 06:57:40,818 [ERROR] LogOutputStream:75 - [STDERR_REDIRECT] 
2026-08-01 07:55:45,438 [INFO] Activator:176 - 


2026-08-01 07:55:45,441 [INFO] Activator:177 - !SESSION log4j initialized
2026-08-01 07:55:53,279 [INFO] LogOutputStream:77 - [STDOUT_REDIRECT] 
2026-08-01 07:55:55,187 [INFO] ApplicationProperties:184 - Using Application install path: C:\ST\STM32CubeIDE_1.13.1\STM32CubeIDE\plugins\com.st.stm32cube.common.mx_6.9.1.202307191849
2026-08-01 07:55:55,217 [INFO] DbMcusXml:78 - Set database path to: C:\ST\STM32CubeIDE_1.13.1\STM32CubeIDE\plugins\com.st.stm32cube.common.mx_6.9.1.202307191849\\db\/mcu/
2026-08-01 07:55:55,218 [INFO] ApiDb:274 - Set plugin database path to: C:\ST\STM32CubeIDE_1.13.1\STM32CubeIDE\plugins\com.st.stm32cube.common.mx_6.9.1.202307191849\\db\/plugins/boardmanager/
2026-08-01 07:55:55,218 [WARN] ApiDb:259 - Overriding images path with different value:  => C:\ST\STM32CubeIDE_1.13.1\STM32CubeIDE\plugins\com.st.stm32cube.common.mx_6.9.1.202307191849\\db\/plugins/mcufinder/images/
2026-08-01 07:55:55,241 [INFO] ApiDb:250 - Set database path to: C:\Users\Admin\.stmcufinder\plugins\mcufinder//mcu/
2026-08-01 07:55:55,243 [INFO] DbMcusAds:125 - Set database path to: C:\Users\Admin\.stmcufinder\plugins\mcufinder//mcu/
2026-08-01 07:55:55,247 [INFO] CrossReferenceDbSqlite:203 - Set database path to: C:\Users\Admin\.stmcufinder\plugins\mcufinder//mcu/cs/
2026-08-01 07:55:55,423 [INFO] RulesReader:64 - Compatibility file has been processed (293 Rules)
2026-08-01 07:55:55,566 [INFO] DbMcusXml:78 - Set database path to: C:\ST\STM32CubeIDE_1.13.1\STM32CubeIDE\plugins\com.st.stm32cube.common.mx_6.9.1.202307191849\\db\/mcu/
2026-08-01 07:55:55,566 [INFO] ApiDb:274 - Set plugin database path to: C:\ST\STM32CubeIDE_1.13.1\STM32CubeIDE\plugins\com.st.stm32cube.common.mx_6.9.1.202307191849\\db\/plugins/boardmanager/
2026-08-01 07:55:55,566 [INFO] ApiDb:261 - Set plugin images path to: C:\ST\STM32CubeIDE_1.13.1\STM32CubeIDE\plugins\com.st.stm32cube.common.mx_6.9.1.202307191849\\db\/plugins/mcufinder/images/
2026-08-01 07:55:55,567 [WARN] DbFile:41 - Overriding database path with different value: C:\Users\Admin\.stmcufinder\plugins\mcufinder/ => C:\Users\Admin\.stmcufinder\plugins\mcufinder
2026-08-01 07:55:55,567 [INFO] ApiDb:250 - Set database path to: C:\Users\Admin\.stmcufinder\plugins\mcufinder//mcu/
2026-08-01 07:55:55,567 [WARN] DbFile:41 - Overriding database path with different value: C:\Users\Admin\.stmcufinder\plugins\mcufinder/ => C:\Users\Admin\.stmcufinder\plugins\mcufinder
2026-08-01 07:55:55,567 [INFO] DbMcusAds:125 - Set database path to: C:\Users\Admin\.stmcufinder\plugins\mcufinder//mcu/
2026-08-01 07:55:55,568 [WARN] DbFile:41 - Overriding database path with different value: C:\Users\Admin\.stmcufinder\plugins\mcufinder/ => C:\Users\Admin\.stmcufinder\plugins\mcufinder
2026-08-01 07:55:55,568 [WARN] DbFile:41 - Overriding database path with different value: C:\Users\Admin\.stmcufinder\plugins\mcufinder/ => C:\Users\Admin\.stmcufinder\plugins\mcufinder
2026-08-01 07:55:55,568 [INFO] CrossReferenceDbSqlite:203 - Set database path to: C:\Users\Admin\.stmcufinder\plugins\mcufinder//mcu/cs/
2026-08-01 07:55:55,688 [INFO] MainPanel:262 - HeapMemory: 268435456
2026-08-01 07:55:55,823 [INFO] DbMcusXml:78 - Set database path to: C:\ST\STM32CubeIDE_1.13.1\STM32CubeIDE\plugins\com.st.stm32cube.common.mx_6.9.1.202307191849\\db\/mcu/
2026-08-01 07:55:55,823 [INFO] ApiDb:274 - Set plugin database path to: C:\ST\STM32CubeIDE_1.13.1\STM32CubeIDE\plugins\com.st.stm32cube.common.mx_6.9.1.202307191849\\db\/plugins/boardmanager/
2026-08-01 07:55:55,823 [INFO] ApiDb:261 - Set plugin images path to: C:\ST\STM32CubeIDE_1.13.1\STM32CubeIDE\plugins\com.st.stm32cube.common.mx_6.9.1.202307191849\\db\/plugins/mcufinder/images/
2026-08-01 07:55:55,824 [WARN] DbFile:41 - Overriding database path with different value: C:\Users\Admin\.stmcufinder\plugins\mcufinder/ => C:\Users\Admin\.stmcufinder\plugins\mcufinder
2026-08-01 07:55:55,824 [INFO] ApiDb:250 - Set database path to: C:\Users\Admin\.stmcufinder\plugins\mcufinder//mcu/
2026-08-01 07:55:55,824 [WARN] DbFile:41 - Overriding database path with different value: C:\Users\Admin\.stmcufinder\plugins\mcufinder/ => C:\Users\Admin\.stmcufinder\plugins\mcufinder
2026-08-01 07:55:55,824 [INFO] DbMcusAds:125 - Set database path to: C:\Users\Admin\.stmcufinder\plugins\mcufinder//mcu/
2026-08-01 07:55:55,825 [WARN] DbFile:41 - Overriding database path with different value: C:\Users\Admin\.stmcufinder\plugins\mcufinder/ => C:\Users\Admin\.stmcufinder\plugins\mcufinder
2026-08-01 07:55:55,825 [WARN] DbFile:41 - Overriding database path with different value: C:\Users\Admin\.stmcufinder\plugins\mcufinder/ => C:\Users\Admin\.stmcufinder\plugins\mcufinder
2026-08-01 07:55:55,825 [INFO] CrossReferenceDbSqlite:203 - Set database path to: C:\Users\Admin\.stmcufinder\plugins\mcufinder//mcu/cs/
2026-08-01 07:55:55,851 [INFO] ApplicationProperties:184 - Using Application install path: C:\ST\STM32CubeIDE_1.13.1\STM32CubeIDE\plugins\com.st.stm32cube.common.mx_6.9.1.202307191849
2026-08-01 07:55:55,853 [INFO] PluginManage:196 - Search for loadable plugins [exclusion list=, ]
2026-08-01 07:55:55,855 [INFO] PluginManage:310 - Check plugin analytics
2026-08-01 07:55:56,117 [INFO] AnalyticsPlugin:253 - Accepted Software Licenses: STM32CubeMX.6.18.0
2026-08-01 07:55:56,117 [INFO] AnalyticsPlugin:255 - Accepted CMSIS Pack Licenses: 
2026-08-01 07:55:56,118 [INFO] AnalyticsPlugin:257 - Accepted Firmware Licenses: FW.F4.1.27.0,FW.F4.1.28.0,FW.F4.1.28.3
2026-08-01 07:55:56,122 [INFO] PluginManage:359 - Loaded plugin analytics (category:tool,tabindex:-1)
2026-08-01 07:55:56,129 [INFO] PluginManage:310 - Check plugin cadmodel
2026-08-01 07:55:56,138 [INFO] CADModel:105 - Init CAD model plugin
2026-08-01 07:55:56,139 [INFO] PluginManage:359 - Loaded plugin cadmodel (category:power,tabindex:5)
2026-08-01 07:55:56,139 [INFO] PluginManage:310 - Check plugin clock
2026-08-01 07:55:56,157 [INFO] PluginManage:359 - Loaded plugin clock (category:base,tabindex:2)
2026-08-01 07:55:56,157 [INFO] PluginManage:310 - Check plugin ddr
2026-08-01 07:55:56,161 [INFO] PluginManage:359 - Loaded plugin ddr (category:tool,tabindex:6)
2026-08-01 07:55:56,162 [INFO] PluginManage:310 - Check plugin filemanager
2026-08-01 07:55:56,379 [INFO] PluginManage:359 - Loaded plugin filemanager (category:base,tabindex:10)
2026-08-01 07:55:56,379 [INFO] PluginManage:310 - Check plugin ipmanager
2026-08-01 07:55:56,394 [INFO] PluginManage:359 - Loaded plugin ipmanager (category:base,tabindex:5)
2026-08-01 07:55:56,394 [INFO] PluginManage:310 - Check plugin lpbam
2026-08-01 07:55:56,407 [INFO] PluginManage:359 - Loaded plugin lpbam (category:base,tabindex:0)
2026-08-01 07:55:56,407 [INFO] PluginManage:310 - Check plugin memorymap
2026-08-01 07:55:56,428 [INFO] PluginManage:359 - Loaded plugin memorymap (category:base,tabindex:4)
2026-08-01 07:55:56,428 [INFO] PluginManage:310 - Check plugin pinoutandconfiguration
2026-08-01 07:55:56,440 [INFO] PluginManage:359 - Loaded plugin pinoutandconfiguration (category:base,tabindex:1)
2026-08-01 07:55:56,440 [INFO] PluginManage:310 - Check plugin pinoutconfig
2026-08-01 07:55:56,573 [WARN] SupportedApi:132 - Cannot load RTOS API schema: s4s-elt-must-match.1: The content of 'definitions' must match (annotation?, (simpleType | complexType)?, (unique | key | keyref)*)). A problem was found starting at: attribute.
2026-08-01 07:55:56,779 [INFO] PluginManage:359 - Loaded plugin pinoutconfig (category:base,tabindex:0)
2026-08-01 07:55:56,780 [INFO] PluginManage:310 - Check plugin power
2026-08-01 07:55:56,798 [INFO] PluginManage:359 - Loaded plugin power (category:power,tabindex:4)
2026-08-01 07:55:56,799 [INFO] PluginManage:310 - Check plugin projectmanager
2026-08-01 07:55:56,820 [INFO] PluginManage:359 - Loaded plugin projectmanager (category:projectmanager,tabindex:3)
2026-08-01 07:55:56,820 [INFO] PluginManage:310 - Check plugin thirdparty
2026-08-01 07:55:57,017 [WARN] IntegrityCheckThread:84 - waiting for thirdparty lock release [integrity check]
2026-08-01 07:55:57,018 [INFO] PluginManage:359 - Loaded plugin thirdparty (category:base,tabindex:-1)
2026-08-01 07:55:57,018 [INFO] IntegrityCheckThread:86 - entering critical section [integrity check]
2026-08-01 07:55:57,018 [INFO] PluginManage:310 - Check plugin tools
2026-08-01 07:55:57,019 [INFO] ThirdPartyUpdaterWithRetryManager:70 - Updater plugin not ready yet. [1/15]
2026-08-01 07:55:57,022 [INFO] PluginManage:359 - Loaded plugin tools (category:base,tabindex:7)
2026-08-01 07:55:57,022 [INFO] PluginManage:310 - Check plugin tutovideos
2026-08-01 07:55:57,307 [INFO] PluginManage:359 - Loaded plugin tutovideos (category:base,tabindex:-1)
2026-08-01 07:55:57,307 [INFO] PluginManage:310 - Check plugin updater
2026-08-01 07:55:57,323 [INFO] PluginManage:359 - Loaded plugin updater (category:base,tabindex:12)
2026-08-01 07:55:57,323 [INFO] PluginManage:310 - Check plugin userauth
2026-08-01 07:55:57,330 [INFO] UserAuth:113 - Init User Auth plugin
2026-08-01 07:55:57,331 [INFO] PluginManage:359 - Loaded plugin userauth (category:base,tabindex:14)
2026-08-01 07:55:57,331 [INFO] PluginManage:283 - PluginManage : Loaded plugins [17]
2026-08-01 07:55:57,659 [INFO] PinOutPanel:1499 - setPackage(No Configuration,No Configuration)
2026-08-01 07:55:57,822 [INFO] CADModel:165 - CPN selected for project level
2026-08-01 07:55:57,822 [INFO] CADModel:114 - Register for checkConnection events
2026-08-01 07:55:57,847 [INFO] IPUIPlugin:80 - create IPUIPlugin
2026-08-01 07:55:57,847 [INFO] PluginManager:220 - loadIPPluginJar : add adc
2026-08-01 07:55:57,851 [INFO] IPUIPlugin:80 - create IPUIPlugin
2026-08-01 07:55:57,851 [INFO] PluginManager:220 - loadIPPluginJar : add aes
2026-08-01 07:55:57,855 [INFO] IPUIPlugin:80 - create IPUIPlugin
2026-08-01 07:55:57,855 [INFO] PluginManager:220 - loadIPPluginJar : add can
2026-08-01 07:55:57,858 [INFO] IPUIPlugin:80 - create IPUIPlugin
2026-08-01 07:55:57,858 [INFO] PluginManager:220 - loadIPPluginJar : add comp
2026-08-01 07:55:57,862 [INFO] IPUIPlugin:80 - create IPUIPlugin
2026-08-01 07:55:57,862 [INFO] PluginManager:220 - loadIPPluginJar : add cryp
2026-08-01 07:55:57,866 [INFO] IPUIPlugin:80 - create IPUIPlugin
2026-08-01 07:55:57,866 [INFO] PluginManager:220 - loadIPPluginJar : add dfsdm
2026-08-01 07:55:57,874 [INFO] IPUIPlugin:80 - create IPUIPlugin
2026-08-01 07:55:57,875 [INFO] PluginManager:220 - loadIPPluginJar : add dma
2026-08-01 07:55:57,878 [INFO] IPUIPlugin:80 - create IPUIPlugin
2026-08-01 07:55:57,879 [INFO] PluginManager:220 - loadIPPluginJar : add dma3
2026-08-01 07:55:57,881 [INFO] IPUIPlugin:80 - create IPUIPlugin
2026-08-01 07:55:57,881 [INFO] PluginManager:220 - loadIPPluginJar : add fatfs
2026-08-01 07:55:57,886 [INFO] IPUIPlugin:80 - create IPUIPlugin
2026-08-01 07:55:57,887 [INFO] PluginManager:220 - loadIPPluginJar : add fmc
2026-08-01 07:55:57,895 [INFO] IPUIPlugin:80 - create IPUIPlugin
2026-08-01 07:55:57,895 [INFO] PluginManager:220 - loadIPPluginJar : add freertos
2026-08-01 07:55:57,898 [INFO] IPUIPlugin:80 - create IPUIPlugin
2026-08-01 07:55:57,898 [INFO] PluginManager:220 - loadIPPluginJar : add genericplugin
2026-08-01 07:55:57,901 [INFO] IPUIPlugin:80 - create IPUIPlugin
2026-08-01 07:55:57,902 [INFO] PluginManager:220 - loadIPPluginJar : add gfxmmu
2026-08-01 07:55:57,908 [INFO] IPUIPlugin:80 - create IPUIPlugin
2026-08-01 07:55:57,909 [INFO] PluginManager:220 - loadIPPluginJar : add gic
2026-08-01 07:55:57,916 [INFO] IPUIPlugin:80 - create IPUIPlugin
2026-08-01 07:55:57,916 [INFO] PluginManager:220 - loadIPPluginJar : add gpio
2026-08-01 07:55:57,920 [INFO] IPUIPlugin:80 - create IPUIPlugin
2026-08-01 07:55:57,920 [INFO] PluginManager:220 - loadIPPluginJar : add gtzc
2026-08-01 07:55:57,924 [INFO] IPUIPlugin:80 - create IPUIPlugin
2026-08-01 07:55:57,924 [INFO] PluginManager:220 - loadIPPluginJar : add hash
2026-08-01 07:55:57,927 [INFO] IPUIPlugin:80 - create IPUIPlugin
2026-08-01 07:55:57,928 [INFO] PluginManager:220 - loadIPPluginJar : add i2c
2026-08-01 07:55:57,931 [INFO] IPUIPlugin:80 - create IPUIPlugin
2026-08-01 07:55:57,931 [INFO] PluginManager:220 - loadIPPluginJar : add i2s
2026-08-01 07:55:57,934 [INFO] IPUIPlugin:80 - create IPUIPlugin
2026-08-01 07:55:57,935 [INFO] PluginManager:220 - loadIPPluginJar : add i3c
2026-08-01 07:55:57,939 [INFO] IPUIPlugin:80 - create IPUIPlugin
2026-08-01 07:55:57,939 [INFO] PluginManager:220 - loadIPPluginJar : add ipddr
2026-08-01 07:55:57,949 [INFO] IPUIPlugin:80 - create IPUIPlugin
2026-08-01 07:55:57,949 [INFO] PluginManager:220 - loadIPPluginJar : add linkedlist
2026-08-01 07:55:57,953 [INFO] IPUIPlugin:80 - create IPUIPlugin
2026-08-01 07:55:57,953 [INFO] PluginManager:220 - loadIPPluginJar : add lorawan
2026-08-01 07:55:57,956 [INFO] IPUIPlugin:80 - create IPUIPlugin
2026-08-01 07:55:57,956 [INFO] PluginManager:220 - loadIPPluginJar : add ltdc
2026-08-01 07:55:57,964 [INFO] IPUIPlugin:80 - create IPUIPlugin
2026-08-01 07:55:57,965 [INFO] PluginManager:220 - loadIPPluginJar : add mdma
2026-08-01 07:55:57,970 [INFO] IPUIPlugin:80 - create IPUIPlugin
2026-08-01 07:55:57,971 [INFO] PluginManager:220 - loadIPPluginJar : add nvic
2026-08-01 07:55:57,977 [INFO] IPUIPlugin:80 - create IPUIPlugin
2026-08-01 07:55:57,977 [INFO] PluginManager:220 - loadIPPluginJar : add opamp
2026-08-01 07:55:57,982 [INFO] IPUIPlugin:80 - create IPUIPlugin
2026-08-01 07:55:57,982 [INFO] PluginManager:220 - loadIPPluginJar : add openamp
2026-08-01 07:55:57,987 [INFO] IPUIPlugin:80 - create IPUIPlugin
2026-08-01 07:55:57,987 [INFO] PluginManager:220 - loadIPPluginJar : add pdm2pcm
2026-08-01 07:55:57,995 [INFO] IPUIPlugin:80 - create IPUIPlugin
2026-08-01 07:55:57,998 [INFO] PluginManager:220 - loadIPPluginJar : add plateformsettings
2026-08-01 07:55:58,000 [INFO] IPUIPlugin:80 - create IPUIPlugin
2026-08-01 07:55:58,000 [INFO] PluginManager:220 - loadIPPluginJar : add quadspi
2026-08-01 07:55:58,006 [INFO] IPUIPlugin:80 - create IPUIPlugin
2026-08-01 07:55:58,006 [INFO] PluginManager:220 - loadIPPluginJar : add resmgrutility
2026-08-01 07:55:58,010 [INFO] IPUIPlugin:80 - create IPUIPlugin
2026-08-01 07:55:58,010 [INFO] PluginManager:220 - loadIPPluginJar : add sai
2026-08-01 07:55:58,014 [INFO] IPUIPlugin:80 - create IPUIPlugin
2026-08-01 07:55:58,014 [INFO] PluginManager:220 - loadIPPluginJar : add spi
2026-08-01 07:55:58,020 [INFO] IPUIPlugin:80 - create IPUIPlugin
2026-08-01 07:55:58,020 [INFO] PluginManager:220 - loadIPPluginJar : add stm32_wpan
2026-08-01 07:55:58,023 [INFO] IPUIPlugin:80 - create IPUIPlugin
2026-08-01 07:55:58,023 [INFO] PluginManager:220 - loadIPPluginJar : add tim
2026-08-01 07:55:58,027 [INFO] IPUIPlugin:80 - create IPUIPlugin
2026-08-01 07:55:58,027 [INFO] PluginManager:220 - loadIPPluginJar : add touchsensing
2026-08-01 07:55:58,029 [INFO] IPUIPlugin:80 - create IPUIPlugin
2026-08-01 07:55:58,029 [INFO] PluginManager:220 - loadIPPluginJar : add tracer_emb
2026-08-01 07:55:58,032 [INFO] IPUIPlugin:80 - create IPUIPlugin
2026-08-01 07:55:58,032 [INFO] PluginManager:220 - loadIPPluginJar : add ts
2026-08-01 07:55:58,034 [INFO] IPUIPlugin:80 - create IPUIPlugin
2026-08-01 07:55:58,034 [INFO] PluginManager:220 - loadIPPluginJar : add tsc
2026-08-01 07:55:58,037 [INFO] IPUIPlugin:80 - create IPUIPlugin
2026-08-01 07:55:58,037 [INFO] PluginManager:220 - loadIPPluginJar : add ucpd
2026-08-01 07:55:58,041 [INFO] IPUIPlugin:80 - create IPUIPlugin
2026-08-01 07:55:58,042 [INFO] PluginManager:220 - loadIPPluginJar : add usart
2026-08-01 07:55:58,046 [INFO] IPUIPlugin:80 - create IPUIPlugin
2026-08-01 07:55:58,046 [INFO] PluginManager:220 - loadIPPluginJar : add usbx
2026-08-01 07:55:58,209 [INFO] CADModel:165 - CPN selected for project level
2026-08-01 07:55:58,209 [INFO] CADModel:114 - Register for checkConnection events
2026-08-01 07:55:58,209 [FATAL] Updater:308 - Updater called before beeing initialized
2026-08-01 07:55:58,209 [ERROR] CADModel:125 - Updater not yet initialized, retry later 
2026-08-01 07:55:58,546 [INFO] CADModel:165 - CPN selected for project level
2026-08-01 07:55:58,546 [INFO] CADModel:114 - Register for checkConnection events
2026-08-01 07:55:58,547 [FATAL] Updater:308 - Updater called before beeing initialized
2026-08-01 07:55:58,547 [ERROR] CADModel:125 - Updater not yet initialized, retry later 
2026-08-01 07:55:58,552 [FATAL] Updater:308 - Updater called before beeing initialized
2026-08-01 07:55:58,711 [FATAL] Updater:308 - Updater called before beeing initialized
2026-08-01 07:55:58,718 [INFO] DbMcusAds:53 - JSON generation date=Wed Jul 15 16:44:54 GMT+07:00 2026 (1784108694001)
2026-08-01 07:55:58,718 [FATAL] Updater:308 - Updater called before beeing initialized
2026-08-01 07:55:58,780 [WARN] DetailPanel:346 - Failed to get advertising image, set to default
2026-08-01 07:55:58,948 [FATAL] Updater:308 - Updater called before beeing initialized
2026-08-01 07:55:58,950 [FATAL] Updater:308 - Updater called before beeing initialized
2026-08-01 07:55:58,950 [FATAL] Updater:308 - Updater called before beeing initialized
2026-08-01 07:55:58,951 [WARN] DetailPanel:346 - Failed to get advertising image, set to default
2026-08-01 07:55:58,952 [FATAL] Updater:308 - Updater called before beeing initialized
2026-08-01 07:55:59,035 [ERROR] Updater:1120 - MainUpdater not yet initialized. External WinMGr cannot be set.
2026-08-01 07:55:59,039 [INFO] Updater:1056 - Updater Version found : 6.9.1
2026-08-01 07:55:59,067 [INFO] ApplicationProperties:184 - Using Application install path: C:\ST\STM32CubeIDE_1.13.1\STM32CubeIDE\plugins\com.st.stm32cube.common.mx_6.9.1.202307191849
2026-08-01 07:56:00,022 [INFO] ThirdPartyUpdaterWithRetryManager:70 - Updater plugin not ready yet. [2/15]
2026-08-01 07:56:00,382 [INFO] MainUpdater:2868 - connection check result : 10
2026-08-01 07:56:00,384 [INFO] MainUpdater:285 - Updater Check For Update Now.
2026-08-01 07:56:00,384 [INFO] MicroXplorer:498 - Change Database Version : DB.6.0.91
2026-08-01 07:56:00,434 [INFO] McuFinderGlobals:63 - Set McuFinder mode to 2 (CubeIDE integrated)
2026-08-01 07:56:00,434 [INFO] UserAuth:179 - activating auth plugin
2026-08-01 07:56:00,438 [INFO] UserAuth:393 - Internet connection configuration mode: 1
2026-08-01 07:56:00,498 [INFO] JxBrowserEngine:151 - Initiate JxBrowser Engine with user profile folder
2026-08-01 07:56:00,724 [INFO] CheckServerUpdateThread:120 - End of CheckServer Thread
2026-08-01 07:56:01,713 [INFO] WebApp:157 - Instantiating new browser for Auth
2026-08-01 07:56:02,555 [INFO] WebApp:753 - Register for checkConnection events
2026-08-01 07:56:02,555 [INFO] WebApp:390 - Apply proxy settings
2026-08-01 07:56:02,555 [INFO] WebApp:475 - Chromium requires no authentication
2026-08-01 07:56:02,567 [INFO] WebApp:418 - Direct internet connection detected
2026-08-01 07:56:02,828 [INFO] WebApp:188 - Starting web application
2026-08-01 07:56:02,828 [INFO] WebApp:520 - Web application path used C:\ST\STM32CubeIDE_1.13.1\STM32CubeIDE\plugins\com.st.stm32cube.common.mx_6.9.1.202307191849\db\plugins\mcufinder\reactClient1\index.html
2026-08-01 07:56:03,424 [WARN] PackLoader:240 - Cannot read IP mode file for STMicroelectronics.FP-ATR-ASTRA1.2.0.3
2026-08-01 07:56:03,433 [WARN] PackLoader:240 - Cannot read IP mode file for STMicroelectronics.FP-ATR-ASTRA1.2.0.2
2026-08-01 07:56:03,456 [ERROR] Engine:466 - C:\Users\Admin\.stm32cubemx\thirdparties\pdsc\STMicroelectronics.X-CUBE-SMBUS.2.1.1.pdsc: PDSC version is not supported
2026-08-01 07:56:03,463 [WARN] PackLoader:240 - Cannot read IP mode file for STMicroelectronics.X-CUBE-SMBUS.2.1.0
2026-08-01 07:56:03,529 [WARN] PackLoader:240 - Cannot read IP mode file for STMicroelectronics.X-CUBE-AZRTOS-F7.1.1.0
2026-08-01 07:56:03,547 [ERROR] Engine:466 - C:\Users\Admin\.stm32cubemx\thirdparties\pdsc\STMicroelectronics.X-CUBE-FREERTOS.1.6.0.pdsc: PDSC version is not supported
2026-08-01 07:56:03,615 [WARN] PackLoader:240 - Cannot read IP mode file for STMicroelectronics.X-CUBE-AZRTOS-H7RS.1.3.0
2026-08-01 07:56:03,636 [ERROR] Engine:466 - C:\Users\Admin\.stm32cubemx\thirdparties\pdsc\WES.I-CUBE-Cesium.1.4.0.pdsc: PDSC version is not supported
2026-08-01 07:56:03,654 [WARN] PackLoader:240 - Cannot read IP mode file for STMicroelectronics.X-CUBE-DISPLAY.3.0.0
2026-08-01 07:56:03,677 [WARN] PackLoader:240 - Cannot read IP mode file for wolfSSL.I-CUBE-wolfSSL.5.9.1
2026-08-01 07:56:03,688 [WARN] PackLoader:240 - Cannot read IP mode file for emotas.I-CUBE-CANOPEN.1.3.0
2026-08-01 07:56:03,692 [ERROR] Engine:466 - C:\Users\Admin\.stm32cubemx\thirdparties\pdsc\STMicroelectronics.X-CUBE-WBA.1.1.0.pdsc: PDSC version is not supported
2026-08-01 07:56:03,706 [INFO] LogOutputStream:77 - [STDOUT_REDIRECT] 1 : Invalid condition id : UX_CORESTACK_Condition cause : null
2026-08-01 07:56:03,708 [INFO] LogOutputStream:77 - [STDOUT_REDIRECT] 1 : Invalid condition id : UX_CORESTACK_Condition cause : null
2026-08-01 07:56:03,709 [INFO] LogOutputStream:77 - [STDOUT_REDIRECT] 1 : Invalid condition id : UX_CORESTACK_Condition cause : null
2026-08-01 07:56:03,711 [INFO] LogOutputStream:77 - [STDOUT_REDIRECT] 1 : Invalid condition id : UX_CORESTACK_Condition cause : null
2026-08-01 07:56:03,713 [INFO] LogOutputStream:77 - [STDOUT_REDIRECT] 1 : Invalid condition id : UX_CORESTACK_Condition cause : null
2026-08-01 07:56:03,718 [WARN] PackLoader:240 - Cannot read IP mode file for STMicroelectronics.X-CUBE-AZRTOS-WL.2.0.0
2026-08-01 07:56:03,754 [WARN] PackLoader:240 - Cannot read IP mode file for STMicroelectronics.X-CUBE-AZRTOS-H7RS.1.2.0
2026-08-01 07:56:03,774 [WARN] PackLoader:240 - Cannot read IP mode file for STMicroelectronics.X-CUBE-BLE2.3.3.0
2026-08-01 07:56:03,778 [ERROR] Engine:466 - C:\Users\Admin\.stm32cubemx\thirdparties\pdsc\Avnet-IOTCONNECT.X-CUBE-iotc-st67-sdk.1.0.0.pdsc: PDSC version is not supported
2026-08-01 07:56:03,786 [ERROR] Engine:466 - C:\Users\Admin\.stm32cubemx\thirdparties\pdsc\Infineon.AIROC-Wi-Fi-Bluetooth-STM32.1.8.0.pdsc: PDSC version is not supported
2026-08-01 07:56:03,791 [WARN] PackLoader:240 - Cannot read IP mode file for wolfSSL.I-CUBE-wolfMQTT.1.19.2
2026-08-01 07:56:03,813 [WARN] PackLoader:240 - Cannot read IP mode file for STMicroelectronics.X-CUBE-AZRTOS-G0.1.1.0
2026-08-01 07:56:03,824 [WARN] PackLoader:240 - Cannot read IP mode file for STMicroelectronics.X-CUBE-NFC4.3.0.0
2026-08-01 07:56:03,830 [ERROR] Engine:466 - C:\Users\Admin\.stm32cubemx\thirdparties\pdsc\EmbeddedOffice.I-CUBE-FS-RTOS.1.0.1.pdsc: PDSC version is not supported
2026-08-01 07:56:03,836 [WARN] PackLoader:240 - Cannot read IP mode file for wolfSSL.I-CUBE-wolfTPM.3.8.0
2026-08-01 07:56:03,840 [ERROR] Engine:466 - C:\Users\Admin\.stm32cubemx\thirdparties\pdsc\RealThread.X-CUBE-RT-Thread_Nano.4.1.1.pdsc: PDSC version is not supported
2026-08-01 07:56:03,845 [WARN] PackLoader:240 - Cannot read IP mode file for STMicroelectronics.FP-ATR-SIGFOX1.3.2.0
2026-08-01 07:56:03,848 [ERROR] Engine:466 - C:\Users\Admin\.stm32cubemx\thirdparties\pdsc\STMicroelectronics.X-CUBE-FREERTOS.1.5.0.pdsc: PDSC version is not supported
2026-08-01 07:56:03,855 [WARN] PackLoader:240 - Cannot read IP mode file for ITTIA_DB.I-CUBE-ITTIADB.8.9.0
2026-08-01 07:56:03,858 [ERROR] Engine:466 - C:\Users\Admin\.stm32cubemx\thirdparties\pdsc\Cesanta.I-CUBE-Mongoose.7.21.7.pdsc: PDSC version is not supported
2026-08-01 07:56:03,863 [WARN] PackLoader:240 - Cannot read IP mode file for STMicroelectronics.X-CUBE-AI.10.2.1
2026-08-01 07:56:03,929 [WARN] PackLoader:240 - Cannot read IP mode file for STMicroelectronics.X-CUBE-MEMS1.12.1.0
2026-08-01 07:56:04,189 [WARN] PackLoader:240 - Cannot read IP mode file for SEGGER.I-CUBE-embOS.1.3.1
2026-08-01 07:56:04,294 [WARN] PackLoader:240 - Cannot read IP mode file for STMicroelectronics.X-CUBE-ALGOBUILD.1.4.0
2026-08-01 07:56:04,305 [WARN] PackLoader:240 - Cannot read IP mode file for STMicroelectronics.X-CUBE-NFC13.1.0.0
2026-08-01 07:56:04,336 [WARN] PackLoader:240 - Cannot read IP mode file for STMicroelectronics.X-CUBE-AZRTOS-F4.1.1.0
2026-08-01 07:56:04,345 [ERROR] Engine:466 - C:\Users\Admin\.stm32cubemx\thirdparties\pdsc\STMicroelectronics.eDS-WB_DPC_TT-BIDIR.2.1.1.pdsc: PDSC version is not supported
2026-08-01 07:56:04,380 [WARN] PackLoader:240 - Cannot read IP mode file for STMicroelectronics.X-CUBE-ALGOBUILD.1.5.0
2026-08-01 07:56:04,449 [WARN] PackLoader:240 - Cannot read IP mode file for STMicroelectronics.X-CUBE-MEMS1.13.0.0
2026-08-01 07:56:04,650 [ERROR] Engine:466 - C:\Users\Admin\.stm32cubemx\thirdparties\pdsc\STMicroelectronics.eDS-WB_DPC_3PH2L-BIDIR.1.1.1.pdsc: PDSC version is not supported
2026-08-01 07:56:04,658 [WARN] PackLoader:240 - Cannot read IP mode file for STMicroelectronics.X-CUBE-TOUCHGFX.4.26.1
2026-08-01 07:56:04,675 [WARN] ConditionMgr:438 - getConditionDescription Invalid condition id : LAN8742 Phy interface Condition cause : null
2026-08-01 07:56:04,676 [WARN] PackLoader:240 - Cannot read IP mode file for STMicroelectronics.X-CUBE-AZRTOS-L4.2.0.0
2026-08-01 07:56:04,678 [WARN] ConditionMgr:1039 - genDependencies : Invalid condition id : LAN8742 Phy interface Condition cause : null
2026-08-01 07:56:04,679 [WARN] ConditionMgr:1039 - genDependencies : Invalid condition id : LAN8742 Phy interface Condition cause : null
2026-08-01 07:56:04,680 [WARN] ConditionMgr:1039 - genDependencies : Invalid condition id : LAN8742 Phy interface Condition cause : null
2026-08-01 07:56:04,689 [WARN] PackLoader:240 - Cannot read IP mode file for STMicroelectronics.X-CUBE-SFXS2LP1.4.0.0
2026-08-01 07:56:04,694 [ERROR] Engine:466 - C:\Users\Admin\.stm32cubemx\thirdparties\pdsc\quantropi.X-CUBE-qispace-sdk-base.2.1.0.pdsc: PDSC version is not supported
2026-08-01 07:56:04,707 [WARN] PackLoader:240 - Cannot read IP mode file for STMicroelectronics.X-CUBE-SUBG2.5.0.0
2026-08-01 07:56:04,727 [WARN] PackLoader:240 - Cannot read IP mode file for STMicroelectronics.X-CUBE-AZRTOS-G4.2.0.0
2026-08-01 07:56:04,735 [WARN] PackLoader:240 - Cannot read IP mode file for wolfSSL.I-CUBE-wolfSSH.1.4.20
2026-08-01 07:56:04,737 [INFO] ThirdParty:978 - Integrity check success = true
2026-08-01 07:56:04,737 [INFO] IntegrityCheckThread:100 - exiting critical section [integrity check]
2026-08-01 07:56:04,738 [INFO] IntegrityCheckThread:103 - End integrity checks thread
2026-08-01 07:56:24,062 [ERROR] LogOutputStream:75 - [STDERR_REDIRECT] SLF4J: Failed to load class "org.slf4j.impl.StaticLoggerBinder".
2026-08-01 07:56:24,063 [ERROR] LogOutputStream:75 - [STDERR_REDIRECT] SLF4J: Defaulting to no-operation (NOP) logger implementation
2026-08-01 07:56:24,064 [ERROR] LogOutputStream:75 - [STDERR_REDIRECT] SLF4J: See http://www.slf4j.org/codes.html#StaticLoggerBinder for further details.
2026-08-01 09:02:13,463 [INFO] McuFinderGlobals:63 - Set McuFinder mode to 2 (CubeIDE integrated)
2026-08-01 09:02:13,467 [INFO] MainUpdater:2868 - connection check result : 10
2026-08-01 09:02:13,468 [INFO] MainUpdater:2868 - connection check result : 10
2026-08-01 09:02:13,491 [INFO] MicroXplorer:468 - Change Database Path : 
2026-08-01 09:02:13,491 [INFO] MicroXplorer:498 - Change Database Version : DB.6.0.91
2026-08-01 09:02:13,494 [WARN] ThirdParty:871 - waiting for thirdparty lock release [close project]
2026-08-01 09:02:13,494 [INFO] ThirdParty:873 - entering critical section [close project]
2026-08-01 09:02:13,495 [INFO] ThirdParty:883 - exiting critical section [close project]
2026-08-01 09:02:13,496 [INFO] PinOutPanel:1499 - setPackage(No Configuration,No Configuration)
2026-08-01 09:02:13,501 [INFO] UtilMem:75 - Begin LoadConfig() Used Memory: 713329720 Bytes (1073741824)
2026-08-01 09:02:13,502 [INFO] MicroXplorer:468 - Change Database Path : 
2026-08-01 09:02:13,502 [INFO] MicroXplorer:498 - Change Database Version : DB.6.0.91
2026-08-01 09:02:13,502 [INFO] OpenFileManager:308 - Change cursor
2026-08-01 09:02:13,525 [INFO] Mcu:1946 - Initializing MCU STM32F405RGTx STM32F405RGTx STM32F405RGT6
2026-08-01 09:02:14,504 [INFO] Context:659 - Trying to add GPIOservice into a context  which must be forbidden
2026-08-01 09:02:14,967 [INFO] RtosManager:555 - Registered RTOS mode: class=CMSIS, group=RTOS, mode=CMSIS_V1, owner=FREERTOS
2026-08-01 09:02:14,967 [INFO] RtosManager:555 - Registered RTOS mode: class=CMSIS, group=RTOS2, mode=CMSIS_V2, owner=FREERTOS
2026-08-01 09:02:14,968 [INFO] RtosManager:555 - Registered RTOS mode: class=RTOS, group=Core, mode=CMSIS_V1, owner=FREERTOS
2026-08-01 09:02:14,968 [INFO] RtosManager:555 - Registered RTOS mode: class=RTOS, group=Core, mode=CMSIS_V2, owner=FREERTOS
2026-08-01 09:02:14,968 [WARN] ModelIntegratedComponent:184 - Missing modes for component STMicroelectronics:FreeRTOS:0.0.1:STMicroelectronics:RTOS:FreeRTOS:Core:::10.2.0:
2026-08-01 09:02:15,069 [WARN] ModelIntegratedComponent:63 - No mode defined for component null
2026-08-01 09:02:15,069 [WARN] ModelIntegratedComponent:63 - No mode defined for component null
2026-08-01 09:02:15,069 [WARN] ModelIntegratedComponent:63 - No mode defined for component null
2026-08-01 09:02:15,069 [WARN] ModelIntegratedComponent:63 - No mode defined for component null
2026-08-01 09:02:15,069 [WARN] ModelIntegratedComponent:63 - No mode defined for component null
2026-08-01 09:02:15,069 [WARN] ModelIntegratedComponent:63 - No mode defined for component null
2026-08-01 09:02:15,069 [WARN] ModelIntegratedComponent:63 - No mode defined for component null
2026-08-01 09:02:15,069 [WARN] ModelIntegratedComponent:63 - No mode defined for component null
2026-08-01 09:02:15,069 [WARN] ModelIntegratedComponent:63 - No mode defined for component null
2026-08-01 09:02:15,069 [WARN] ModelIntegratedComponent:63 - No mode defined for component null
2026-08-01 09:02:15,069 [WARN] ModelIntegratedComponent:63 - No mode defined for component null
2026-08-01 09:02:15,069 [WARN] ModelIntegratedComponent:63 - No mode defined for component null
2026-08-01 09:02:15,069 [WARN] ModelIntegratedComponent:63 - No mode defined for component null
2026-08-01 09:02:15,069 [WARN] ModelIntegratedComponent:63 - No mode defined for component null
2026-08-01 09:02:15,069 [WARN] ModelIntegratedComponent:63 - No mode defined for component null
2026-08-01 09:02:15,069 [WARN] ModelIntegratedComponent:63 - No mode defined for component null
2026-08-01 09:02:15,069 [WARN] ModelIntegratedComponent:63 - No mode defined for component null
2026-08-01 09:02:15,070 [WARN] ModelIntegratedComponent:63 - No mode defined for component null
2026-08-01 09:02:15,070 [WARN] ModelIntegratedComponent:63 - No mode defined for component null
2026-08-01 09:02:15,070 [WARN] ModelIntegratedComponent:63 - No mode defined for component null
2026-08-01 09:02:15,070 [WARN] ModelIntegratedComponent:63 - No mode defined for component null
2026-08-01 09:02:15,070 [WARN] ModelIntegratedComponent:63 - No mode defined for component null
2026-08-01 09:02:15,070 [WARN] ModelIntegratedComponent:63 - No mode defined for component null
2026-08-01 09:02:15,070 [WARN] ModelIntegratedComponent:63 - No mode defined for component null
2026-08-01 09:02:15,070 [WARN] ModelIntegratedComponent:63 - No mode defined for component null
2026-08-01 09:02:15,070 [WARN] ModelIntegratedComponent:63 - No mode defined for component null
2026-08-01 09:02:15,070 [WARN] ModelIntegratedComponent:63 - No mode defined for component null
2026-08-01 09:02:15,070 [WARN] ModelIntegratedComponent:63 - No mode defined for component null
2026-08-01 09:02:15,070 [WARN] ModelIntegratedComponent:63 - No mode defined for component null
2026-08-01 09:02:15,070 [WARN] ModelIntegratedComponent:63 - No mode defined for component null
2026-08-01 09:02:15,070 [WARN] ModelIntegratedComponent:63 - No mode defined for component null
2026-08-01 09:02:15,070 [WARN] ModelIntegratedComponent:63 - No mode defined for component null
2026-08-01 09:02:15,070 [WARN] ModelIntegratedComponent:63 - No mode defined for component null
2026-08-01 09:02:15,151 [INFO] ThirdPartyModel:298 - Start build external matchings
2026-08-01 09:02:15,326 [INFO] ThirdPartyModel:316 - End build external matchings
2026-08-01 09:02:15,336 [WARN] IP:2114 - I2C_Coeff_DF not found: check if there is a RefParameter without a condition.
2026-08-01 09:02:15,336 [WARN] IP:2114 - Analog_Filter not found: check if there is a RefParameter without a condition.
2026-08-01 09:02:15,337 [INFO] ImportTextPane:194 - (OptionalMessage_ERROR) IP (RCC) : Parameter (48MHZClocksFreq_Value) has invalid value (84000000)
2026-08-01 09:02:15,337 [INFO] ImportTextPane:194 - (OptionalMessage_ERROR) IP (RCC) : Parameter (RTCHSEDivFreq_Value) has invalid value (4000000)
2026-08-01 09:02:15,575 [INFO] UtilMem:75 - End LoadConfig() Used Memory: 792596160 Bytes (1073741824)
2026-08-01 09:02:15,632 [INFO] ApiDb:581 - Connected to CubeFinder SQLite database (C:\Users\Admin\.stmcufinder\plugins\mcufinder\mcu\cube-finder-db.db)
2026-08-01 09:02:15,717 [INFO] ApiDb:668 - CubeFinder database Data Model version=2.1
2026-08-01 09:02:15,717 [INFO] ApiDb:669 - CubeFinder database Configuration version=3.0.42
2026-08-01 09:02:15,718 [INFO] ApiDb:670 - CubeFinder database generation date=2026-06-23 (1782213372)
2026-08-01 09:02:15,718 [INFO] ApiDb:671 - CubeFinder database FW Pack versions=[FP-ATR-ASTRA1_V2.0.0, FP-SNS-FLIGHT1_V5.1.0, FP-SNS-MOTENV1_V5.1.0, FP-SNS-MOTENVWB1_V1.5.0, FP-SNS-SMARTAG2_V1.2.0, FP-SNS-STBOX1_V2.1.0, STM32Cube_FW_C0_V1.4.0, STM32Cube_FW_F4_V1.28.3, STM32Cube_FW_F7_V1.17.4, STM32Cube_FW_G0_V1.6.3, STM32Cube_FW_G4_V1.6.2, STM32Cube_FW_H5_V1.7.0, STM32Cube_FW_H7RS_V1.3.0, STM32Cube_FW_H7_V1.13.0, STM32Cube_FW_L0_V1.12.2, STM32Cube_FW_L4_V1.18.2, STM32Cube_FW_L5_V1.6.0, STM32Cube_FW_N6_V1.4.0, STM32Cube_FW_U0_V1.3.0, STM32Cube_FW_U3_V1.4.0, STM32Cube_FW_U5_V1.9.0, STM32Cube_FW_WB0_V1.5.0, STM32Cube_FW_WBA_V1.10.0, STM32Cube_FW_WB_V1.24.0, STM32Cube_FW_WL3_V1.5.0, STM32Cube_FW_WL_V1.6.0, X-CUBE-ALGOBUILD_V1.5.0, X-CUBE-ALS_V1.0.2, X-CUBE-AZRTOS-F4_V1.1.0, X-CUBE-AZRTOS-F7_V1.1.0, X-CUBE-AZRTOS-G0_V1.1.0, X-CUBE-AZRTOS-G4_V2.0.0, X-CUBE-AZRTOS-H7RS_V1.1.0, X-CUBE-AZRTOS-H7_V3.5.0, X-CUBE-AZRTOS-L4_V2.0.0, X-CUBE-AZRTOS-L5_V2.0.0, X-CUBE-AZRTOS-WB_V2.0.0, X-CUBE-AZRTOS-WL_V2.0.0, X-CUBE-BLE1_V7.1.0, X-CUBE-BLE2_V3.3.0, X-CUBE-BLEMGR_V4.1.0, X-CUBE-EEPRMA1_V5.2.0, X-CUBE-FREERTOS_V1.5.0, X-CUBE-GNSS1_V7.1.1, X-CUBE-MEMS1_V12.1.0, X-CUBE-NFC4_V3.0.0, X-CUBE-NFC7_V2.0.0, X-CUBE-SFXS2LP1_V4.0.0, X-CUBE-ST67W61_V1.3.0, X-CUBE-SUBG2_V5.0.0, X-CUBE-TOF1_V3.4.3]
2026-08-01 09:02:18,242 [INFO] ApiDb:240 - Found 323 in-development CPN: [B-G473E-ZEST1S, B-WB1M-WPAN1, B-WL5M-SUBG1, NUCLEO-C031C6, NUCLEO-H503RB, NUCLEO-H563ZI, NUCLEO-U545RE-Q, NUCLEO-U5A5ZJ-Q, NUCLEO-WBA52CG, STEVAL-PROTEUS1, STEVAL-SMARTAG2, STEVAL-STWINBX1, STM320518-EVAL, STM32C0116-DK, STM32C011D6Y3TR, STM32C011D6Y6TR, STM32C011F4P3, STM32C011F4P6, STM32C011F4U3, STM32C011F4U6TR, STM32C011F6P3, STM32C011F6P6, STM32C011F6U3, STM32C011F6U6TR, STM32C011J4M3, STM32C011J4M6, STM32C011J6M3, STM32C011J6M6, STM32C0316-DK, STM32C031C4T3, STM32C031C4T6, STM32C031C4U3, STM32C031C4U6, STM32C031C6T3, STM32C031C6T6, STM32C031C6U3, STM32C031C6U6, STM32C031F4P3, STM32C031F4P6, STM32C031F6P3, STM32C031F6P6, STM32C031G4U3, STM32C031G4U6, STM32C031G6U3, STM32C031G6U6, STM32C031K4T3, STM32C031K4T6, STM32C031K4U3, STM32C031K4U6, STM32C031K6T3, STM32C031K6T6, STM32C031K6U3, STM32C031K6U6, STM32G071K8TXN, STM32G071K8UXN, STM32G081GBU6N, STM32G081KBT6N, STM32G081KBUXN, STM32G0B1CCT6N, STM32G0B1KCT6, STM32G0B1NEY6TR, STM32G0B1RCT6N, STM32G0C1CCT6, STM32G0C1CCT6N, STM32G0C1CCU6N, STM32G0C1CET6N, STM32G0C1CEU6N, STM32G0C1KCT6, STM32G0C1NEY6TR, STM32G0C1RCI6N, STM32G0C1RCT6N, STM32G0C1REI6N, STM32G0C1RET6N, STM32G0C1VCI6, STM32G0C1VEI6, STM32G471CCT6, STM32G471CCU6, STM32G471CET3, STM32G471CET6, STM32G471CEU3, STM32G471CEU6, STM32G471MCT6, STM32G471MET3, STM32G471MET6, STM32G471MEY6TR, STM32G471QCT6, STM32G471QET3, STM32G471RCT6, STM32G471RET3, STM32G471RET6, STM32G471VCH6, STM32G471VCI6, STM32G471VCT6, STM32G471VEH3, STM32G471VEH6, STM32G471VEI3, STM32G471VEI6, STM32G471VET3, STM32G471VET6, STM32G474CCT6, STM32H503CBT6, STM32H503CBU6, STM32H503EBY6TR, STM32H503KBU6, STM32H503RBT6, STM32H562AGI6, STM32H562AII6, STM32H562IGK6, STM32H562IGT6, STM32H562IIK6, STM32H562IIT6, STM32H562RGT6, STM32H562RGV6, STM32H562RIT6, STM32H562RIV6, STM32H562VGT6, STM32H562VIT6, STM32H562ZGT6, STM32H562ZIT6, STM32H563AGI6, STM32H563AII3Q, STM32H563AII6, STM32H563IGK6, STM32H563IGT6, STM32H563IIK3Q, STM32H563IIK6, STM32H563IIT3Q, STM32H563IIT6, STM32H563MIY3QTR, STM32H563RGT6, STM32H563RGV6, STM32H563RIT6, STM32H563RIV6, STM32H563VGT6, STM32H563VIT3Q, STM32H563VIT6, STM32H563ZGT6, STM32H563ZIT3Q, STM32H563ZIT6, STM32H573AII3Q, STM32H573AII6, STM32H573I-DK, STM32H573IIK3Q, STM32H573IIK6, STM32H573IIT3Q, STM32H573IIT6, STM32H573MIY3QTR, STM32H573RIT6, STM32H573RIV6, STM32H573VIT3Q, STM32H573VIT6, STM32H573ZIT3Q, STM32H573ZIT6, STM32L4R5QGI6STR, STM32MP131AAE3, STM32MP131AAF3, STM32MP131AAG3, STM32MP131CAE3, STM32MP131CAF3, STM32MP131CAG3, STM32MP131DAE7, STM32MP131DAF7, STM32MP131DAG7, STM32MP131FAE7, STM32MP131FAF7, STM32MP131FAG7, STM32MP133AAE3, STM32MP133AAF3, STM32MP133AAG3, STM32MP133CAE3, STM32MP133CAF3, STM32MP133CAG3, STM32MP133DAE7, STM32MP133DAF7, STM32MP133DAG7, STM32MP133FAE7, STM32MP133FAF7, STM32MP133FAG7, STM32MP135AAE3, STM32MP135AAF3, STM32MP135AAG3, STM32MP135CAE3, STM32MP135CAF3, STM32MP135CAG3, STM32MP135DAE7, STM32MP135DAF7, STM32MP135DAG7, STM32MP135F-DK, STM32MP135FAE7, STM32MP135FAF7, STM32MP135FAF7T, STM32MP135FAF7U, STM32MP135FAG7, STM32U535CBT6, STM32U535CBT6Q, STM32U535CBU6, STM32U535CBU6Q, STM32U535CCT6, STM32U535CCT6Q, STM32U535CCU6, STM32U535CCU6Q, STM32U535CET6, STM32U535CET6Q, STM32U535CEU6, STM32U535CEU6Q, STM32U535JEY6QTR, STM32U535NCY6QTR, STM32U535NEY6QTR, STM32U535RBI6, STM32U535RBI6Q, STM32U535RBT6, STM32U535RBT6Q, STM32U535RCI6, STM32U535RCI6Q, STM32U535RCT6, STM32U535RCT6Q, STM32U535REI6, STM32U535REI6Q, STM32U535RET6, STM32U535RET6Q, STM32U535VCI6, STM32U535VCI6Q, STM32U535VCT6, STM32U535VCT6Q, STM32U535VEI6, STM32U535VEI6Q, STM32U535VET6, STM32U535VET6Q, STM32U545CET6, STM32U545CET6Q, STM32U545CEU6, STM32U545CEU6Q, STM32U545JEY6QTR, STM32U545NEY6QTR, STM32U545REI6, STM32U545REI6Q, STM32U545RET6, STM32U545RET6Q, STM32U545VEI6, STM32U545VEI6Q, STM32U545VET6, STM32U545VET6Q, STM32U595AIH6, STM32U595AIH6Q, STM32U595AJH6, STM32U595AJH6Q, STM32U595QII6, STM32U595QII6Q, STM32U595QJI6, STM32U595QJI6Q, STM32U595RIT6, STM32U595RIT6Q, STM32U595RJT6, STM32U595RJT6Q, STM32U595VIT6, STM32U595VIT6Q, STM32U595VJT6, STM32U595VJT6Q, STM32U595ZIT6, STM32U595ZIT6Q, STM32U595ZIY6QTR, STM32U595ZJT6, STM32U595ZJT6Q, STM32U595ZJY6QTR, STM32U599BJY6QTR, STM32U599NIH6Q, STM32U599NJH6Q, STM32U599VIT6Q, STM32U599VJT6, STM32U599VJT6Q, STM32U599ZIT6Q, STM32U599ZIY6QTR, STM32U599ZJT6Q, STM32U599ZJY6QTR, STM32U5A5AJH6, STM32U5A5AJH6Q, STM32U5A5QJI6, STM32U5A5QJI6Q, STM32U5A5RJT6, STM32U5A5RJT6Q, STM32U5A5VJT6, STM32U5A5VJT6Q, STM32U5A5ZJT6, STM32U5A5ZJT6Q, STM32U5A5ZJY6QTR, STM32U5A9BJY6QTR, STM32U5A9J-DK, STM32U5A9NJH6Q, STM32U5A9VJT6Q, STM32U5A9ZJT6Q, STM32U5A9ZJY6QTR, STM32U5F7VIT6, STM32U5F7VIT6Q, STM32U5F7VJT6, STM32U5F7VJT6Q, STM32U5F9BJY6QTR, STM32U5F9NJH6Q, STM32U5F9VIT6Q, STM32U5F9VJT6Q, STM32U5F9ZIJ6QTR, STM32U5F9ZIT6Q, STM32U5F9ZJJ6QTR, STM32U5F9ZJT6Q, STM32U5G7VJT6, STM32U5G7VJT6Q, STM32U5G9BJY6QTR, STM32U5G9J-DK1, STM32U5G9J-DK2, STM32U5G9NJH6Q, STM32U5G9VJT6Q, STM32U5G9ZJJ6QTR, STM32U5G9ZJT6Q, STM32WB1MMCH6, STM32WBA52CEU6, STM32WBA52CEU6T, STM32WBA52CGU6, STM32WBA52CGU6T, STM32WBA52KEU6, STM32WBA52KEU6T, STM32WBA52KGU6, STM32WBA52KGU6T, STM32WL5MOCH6, STM32WL5MOCH6TR]
2026-08-01 09:02:18,247 [INFO] DbMcus:217 - Found 5228 MCUs, 5075 are supported
2026-08-01 09:02:18,248 [INFO] ApiDb:423 - Load user favorites file C:\Users\Admin/.stm32cubeide/favorites.mcus.txt: 4 item(s)
2026-08-01 09:02:18,248 [INFO] ApiDb:427 - User favorites MCUs=[STM32F103C8T6, STM32F405RGT6, STM32F411CEU6, STM32H523CET6]
2026-08-01 09:02:18,248 [INFO] DbMcus:223 - Set 4 / 4 favorites MCUs
2026-08-01 09:02:18,651 [WARN] ThirdParty:833 - waiting for thirdparty lock release [change project]
2026-08-01 09:02:18,651 [INFO] ThirdParty:835 - entering critical section [change project]
2026-08-01 09:02:18,652 [INFO] ThirdParty:1030 - CMSIS Pack Vendor :STMicroelectronics USBPD 4.1
2026-08-01 09:02:18,652 [INFO] ThirdParty:1030 - CMSIS Pack Vendor :STMicroelectronics USB_HOST 2.0.0
2026-08-01 09:02:18,652 [INFO] ThirdParty:1030 - CMSIS Pack Vendor :STMicroelectronics FP-ATR-ASTRA1 2.0.3
2026-08-01 09:02:18,652 [INFO] ThirdParty:1030 - CMSIS Pack Vendor :STMicroelectronics X-CUBE-AZRTOS-F4 1.1.0
2026-08-01 09:02:18,652 [INFO] ThirdParty:1030 - CMSIS Pack Vendor :STMicroelectronics LIBJPEG 8.0.0
2026-08-01 09:02:18,652 [INFO] ThirdParty:1030 - CMSIS Pack Vendor :STMicroelectronics FP-ATR-ASTRA1 2.0.2
2026-08-01 09:02:18,652 [INFO] ThirdParty:1030 - CMSIS Pack Vendor :STMicroelectronics X-CUBE-SMBUS 2.1.0
2026-08-01 09:02:18,652 [INFO] ThirdParty:1030 - CMSIS Pack Vendor :wolfSSL I-CUBE-wolfMQTT 1.19.2
2026-08-01 09:02:18,652 [INFO] ThirdParty:1030 - CMSIS Pack Vendor :STMicroelectronics USB_DEVICE 3.0.0
2026-08-01 09:02:18,652 [INFO] ThirdParty:1030 - CMSIS Pack Vendor :STMicroelectronics X-CUBE-AZRTOS-F7 1.1.0
2026-08-01 09:02:18,652 [INFO] ThirdParty:1030 - CMSIS Pack Vendor :STMicroelectronics USB_DEVICE 2.0.0
2026-08-01 09:02:18,652 [INFO] ThirdParty:1030 - CMSIS Pack Vendor :STMicroelectronics X-CUBE-ALGOBUILD 1.5.0
2026-08-01 09:02:18,652 [INFO] ThirdParty:1030 - CMSIS Pack Vendor :STMicroelectronics FreeRTOS 0.0.1
2026-08-01 09:02:18,652 [INFO] ThirdParty:1030 - CMSIS Pack Vendor :STMicroelectronics X-CUBE-AZRTOS-H7RS 1.3.0
2026-08-01 09:02:18,652 [INFO] ThirdParty:1030 - CMSIS Pack Vendor :STMicroelectronics X-CUBE-AZRTOS-G0 1.1.0
2026-08-01 09:02:18,652 [INFO] ThirdParty:1030 - CMSIS Pack Vendor :STMicroelectronics X-CUBE-NFC4 3.0.0
2026-08-01 09:02:18,652 [INFO] ThirdParty:1030 - CMSIS Pack Vendor :STMicroelectronics X-CUBE-SUBG2 5.0.0
2026-08-01 09:02:18,652 [INFO] ThirdParty:1030 - CMSIS Pack Vendor :STMicroelectronics STM32_WPAN 1.0.0
2026-08-01 09:02:18,652 [INFO] ThirdParty:1030 - CMSIS Pack Vendor :STMicroelectronics lwIP 2.0.3
2026-08-01 09:02:18,652 [INFO] ThirdParty:1030 - CMSIS Pack Vendor :STMicroelectronics X-CUBE-MEMS1 13.0.0
2026-08-01 09:02:18,652 [INFO] ThirdParty:1030 - CMSIS Pack Vendor :STMicroelectronics USB_HOST 1.0.0
2026-08-01 09:02:18,652 [INFO] ThirdParty:1030 - CMSIS Pack Vendor :STMicroelectronics X-CUBE-AZRTOS-G4 2.0.0
2026-08-01 09:02:18,652 [INFO] ThirdParty:1030 - CMSIS Pack Vendor :STMicroelectronics PDM2PCM 3.1.0
2026-08-01 09:02:18,652 [INFO] ThirdParty:1030 - CMSIS Pack Vendor :STMicroelectronics PDM2PCM 3.3.0
2026-08-01 09:02:18,652 [INFO] ThirdParty:1030 - CMSIS Pack Vendor :wolfSSL I-CUBE-wolfTPM 3.8.0
2026-08-01 09:02:18,652 [INFO] ThirdParty:1030 - CMSIS Pack Vendor :STMicroelectronics X-CUBE-DISPLAY 3.0.0
2026-08-01 09:02:18,652 [INFO] ThirdParty:1030 - CMSIS Pack Vendor :wolfSSL I-CUBE-wolfSSH 1.4.20
2026-08-01 09:02:18,652 [INFO] ThirdParty:1030 - CMSIS Pack Vendor :wolfSSL I-CUBE-wolfSSL 5.9.1
2026-08-01 09:02:18,652 [INFO] ThirdParty:1030 - CMSIS Pack Vendor :STMicroelectronics FP-ATR-SIGFOX1 3.2.0
2026-08-01 09:02:18,652 [INFO] ThirdParty:1030 - CMSIS Pack Vendor :STMicroelectronics HAL Drivers 0.0.0
2026-08-01 09:02:18,652 [INFO] ThirdParty:1030 - CMSIS Pack Vendor :STMicroelectronics MBEDTLS 2.16.2
2026-08-01 09:02:18,652 [INFO] ThirdParty:1030 - CMSIS Pack Vendor :emotas I-CUBE-CANOPEN 1.3.0
2026-08-01 09:02:18,653 [INFO] ThirdParty:1030 - CMSIS Pack Vendor :STMicroelectronics MBEDTLS 2.14.1
2026-08-01 09:02:18,653 [INFO] ThirdParty:1030 - CMSIS Pack Vendor :ITTIA_DB I-CUBE-ITTIADB 8.9.0
2026-08-01 09:02:18,653 [INFO] ThirdParty:1030 - CMSIS Pack Vendor :STMicroelectronics X-CUBE-TOUCHGFX 4.26.1
2026-08-01 09:02:18,653 [INFO] ThirdParty:1030 - CMSIS Pack Vendor :STMicroelectronics X-CUBE-AI 10.2.1
2026-08-01 09:02:18,653 [INFO] ThirdParty:1030 - CMSIS Pack Vendor :STMicroelectronics ThreadX 1.0.0
2026-08-01 09:02:18,653 [INFO] ThirdParty:1030 - CMSIS Pack Vendor :STMicroelectronics X-CUBE-MEMS1 12.1.0
2026-08-01 09:02:18,653 [INFO] ThirdParty:1030 - CMSIS Pack Vendor :STMicroelectronics X-CUBE-AZRTOS-WL 2.0.0
2026-08-01 09:02:18,653 [INFO] ThirdParty:1030 - CMSIS Pack Vendor :SEGGER I-CUBE-embOS 1.3.1
2026-08-01 09:02:18,653 [INFO] ThirdParty:1030 - CMSIS Pack Vendor :STMicroelectronics X-CUBE-ALGOBUILD 1.4.0
2026-08-01 09:02:18,653 [INFO] ThirdParty:1030 - CMSIS Pack Vendor :STMicroelectronics USB_DEVICE 1.0.0
2026-08-01 09:02:18,653 [INFO] ThirdParty:1030 - CMSIS Pack Vendor :STMicroelectronics X-CUBE-AZRTOS-H7RS 1.2.0
2026-08-01 09:02:18,653 [INFO] ThirdParty:1030 - CMSIS Pack Vendor :STMicroelectronics X-CUBE-AZRTOS-L4 2.0.0
2026-08-01 09:02:18,653 [INFO] ThirdParty:1030 - CMSIS Pack Vendor :STMicroelectronics ThreadX 0.0.2
2026-08-01 09:02:18,653 [INFO] ThirdParty:1030 - CMSIS Pack Vendor :STMicroelectronics lwIP 2.1.2
2026-08-01 09:02:18,653 [INFO] ThirdParty:1030 - CMSIS Pack Vendor :STMicroelectronics X-CUBE-SFXS2LP1 4.0.0
2026-08-01 09:02:18,653 [INFO] ThirdParty:1030 - CMSIS Pack Vendor :STMicroelectronics X-CUBE-BLE2 3.3.0
2026-08-01 09:02:18,653 [INFO] ThirdParty:1030 - CMSIS Pack Vendor :STMicroelectronics X-CUBE-NFC13 1.0.0
2026-08-01 09:02:18,653 [INFO] ThirdParty:1030 - CMSIS Pack Vendor :STMicroelectronics PDM2PCM 3.2.0
2026-08-01 09:02:18,653 [INFO] ThirdParty:841 - exiting critical section [change project]
2026-08-01 09:02:18,926 [INFO] PinOutPanel:1499 - setPackage(No Configuration,No Configuration)
2026-08-01 09:02:18,927 [INFO] PinOutPanel:1499 - setPackage(STM32F405RGTx,LQFP64)
2026-08-01 09:02:19,313 [INFO] UtilMem:75 - Before build in PCC Used Memory: 765964584 Bytes (1073741824)
2026-08-01 09:02:20,108 [INFO] UtilMem:75 - After build in PCC Used Memory: 841462056 Bytes (1073741824)
2026-08-01 09:02:20,137 [INFO] IPUIPlugin:80 - create IPUIPlugin
2026-08-01 09:02:20,137 [INFO] IPUIPlugin:80 - create IPUIPlugin
2026-08-01 09:02:20,138 [INFO] IPUIPlugin:80 - create IPUIPlugin
2026-08-01 09:02:20,138 [INFO] IPUIPlugin:80 - create IPUIPlugin
2026-08-01 09:02:20,138 [INFO] IPUIPlugin:80 - create IPUIPlugin
2026-08-01 09:02:20,138 [INFO] IPUIPlugin:80 - create IPUIPlugin
2026-08-01 09:02:20,138 [INFO] IPUIPlugin:80 - create IPUIPlugin
2026-08-01 09:02:20,138 [INFO] IPUIPlugin:80 - create IPUIPlugin
2026-08-01 09:02:20,138 [INFO] IPUIPlugin:80 - create IPUIPlugin
2026-08-01 09:02:20,139 [INFO] IPUIPlugin:80 - create IPUIPlugin
2026-08-01 09:02:20,139 [INFO] IPUIPlugin:80 - create IPUIPlugin
2026-08-01 09:02:20,139 [INFO] IPUIPlugin:80 - create IPUIPlugin
2026-08-01 09:02:20,139 [INFO] IPUIPlugin:80 - create IPUIPlugin
2026-08-01 09:02:20,140 [INFO] IPUIPlugin:80 - create IPUIPlugin
2026-08-01 09:02:20,140 [INFO] IPUIPlugin:80 - create IPUIPlugin
2026-08-01 09:02:20,140 [INFO] IPUIPlugin:80 - create IPUIPlugin
2026-08-01 09:02:20,140 [INFO] IPUIPlugin:80 - create IPUIPlugin
2026-08-01 09:02:20,141 [INFO] IPUIPlugin:80 - create IPUIPlugin
2026-08-01 09:02:20,141 [INFO] IPUIPlugin:80 - create IPUIPlugin
2026-08-01 09:02:20,141 [INFO] IPUIPlugin:80 - create IPUIPlugin
2026-08-01 09:02:20,141 [INFO] IPUIPlugin:80 - create IPUIPlugin
2026-08-01 09:02:20,141 [INFO] IPUIPlugin:80 - create IPUIPlugin
2026-08-01 09:02:20,141 [INFO] IPUIPlugin:80 - create IPUIPlugin
2026-08-01 09:02:20,141 [INFO] IPUIPlugin:80 - create IPUIPlugin
2026-08-01 09:02:20,142 [INFO] IPUIPlugin:80 - create IPUIPlugin
2026-08-01 09:02:20,142 [INFO] IPUIPlugin:80 - create IPUIPlugin
2026-08-01 09:02:20,142 [INFO] IPUIPlugin:80 - create IPUIPlugin
2026-08-01 09:02:20,142 [INFO] IPUIPlugin:80 - create IPUIPlugin
2026-08-01 09:02:20,142 [INFO] IPUIPlugin:80 - create IPUIPlugin
2026-08-01 09:02:20,142 [INFO] IPUIPlugin:80 - create IPUIPlugin
2026-08-01 09:02:20,142 [INFO] IPUIPlugin:80 - create IPUIPlugin
2026-08-01 09:02:20,143 [INFO] IPUIPlugin:80 - create IPUIPlugin
2026-08-01 09:02:20,143 [INFO] IPUIPlugin:80 - create IPUIPlugin
2026-08-01 09:02:20,143 [INFO] IPUIPlugin:80 - create IPUIPlugin
2026-08-01 09:02:20,143 [INFO] IPUIPlugin:80 - create IPUIPlugin
2026-08-01 09:02:20,143 [INFO] IPUIPlugin:80 - create IPUIPlugin
2026-08-01 09:02:20,143 [INFO] IPUIPlugin:80 - create IPUIPlugin
2026-08-01 09:02:20,143 [INFO] IPUIPlugin:80 - create IPUIPlugin
2026-08-01 09:02:20,144 [INFO] IPUIPlugin:80 - create IPUIPlugin
2026-08-01 09:02:20,144 [INFO] IPUIPlugin:80 - create IPUIPlugin
2026-08-01 09:02:20,144 [INFO] IPUIPlugin:80 - create IPUIPlugin
2026-08-01 09:02:20,144 [INFO] IPUIPlugin:80 - create IPUIPlugin
2026-08-01 09:02:20,144 [INFO] IPUIPlugin:80 - create IPUIPlugin
2026-08-01 09:02:20,144 [INFO] IPUIPlugin:80 - create IPUIPlugin
2026-08-01 09:02:20,144 [INFO] IPUIPlugin:80 - create IPUIPlugin
2026-08-01 09:02:20,145 [INFO] IPUIPlugin:80 - create IPUIPlugin
2026-08-01 09:02:20,145 [INFO] IPUIPlugin:80 - create IPUIPlugin
2026-08-01 09:02:20,145 [INFO] IPUIPlugin:80 - create IPUIPlugin
2026-08-01 09:02:20,146 [INFO] IPUIPlugin:80 - create IPUIPlugin
2026-08-01 09:02:20,146 [INFO] IPUIPlugin:80 - create IPUIPlugin
2026-08-01 09:02:20,146 [INFO] IPUIPlugin:80 - create IPUIPlugin
2026-08-01 09:02:20,146 [INFO] IPUIPlugin:80 - create IPUIPlugin
2026-08-01 09:02:20,147 [INFO] IPUIPlugin:80 - create IPUIPlugin
2026-08-01 09:02:20,147 [INFO] IPUIPlugin:80 - create IPUIPlugin
2026-08-01 09:02:20,215 [INFO] ApiDbMcu:507 - Load IP Config File for PDM2PCM
2026-08-01 09:02:20,224 [WARN] IP:2114 - I2C_Coeff_DF not found: check if there is a RefParameter without a condition.
2026-08-01 09:02:20,225 [WARN] IP:2114 - Analog_Filter not found: check if there is a RefParameter without a condition.
2026-08-01 09:02:20,437 [INFO] CADModel:165 - CPN selected for project levelSTM32F405RGT6
2026-08-01 09:02:20,437 [INFO] CADModel:114 - Register for checkConnection events
2026-08-01 09:02:20,485 [INFO] OpenFileManager:328 - Restore cursor
2026-08-01 09:02:20,594 [WARN] IP:2114 - I2C_Coeff_DF not found: check if there is a RefParameter without a condition.
2026-08-01 09:02:20,595 [WARN] IP:2114 - Analog_Filter not found: check if there is a RefParameter without a condition.
2026-08-01 09:02:20,595 [WARN] IP:2114 - I2C_Coeff_DF not found: check if there is a RefParameter without a condition.
2026-08-01 09:02:20,595 [WARN] IP:2114 - Analog_Filter not found: check if there is a RefParameter without a condition.
2026-08-01 09:02:52,347 [INFO] MainUpdater:2868 - connection check result : 10
2026-08-01 09:02:52,348 [INFO] McuFinderGlobals:76 - Set McuFinderConnectedMode to true
2026-08-01 09:02:52,657 [INFO] ServerAccessManage:473 - Download File mcusAds.json._tmp_
2026-08-01 09:02:52,788 [INFO] LoadUrlFilesThread:156 - End of LoadUrlFiles Thread
2026-08-01 09:02:53,267 [INFO] ServerAccessManage:473 - Download File cube-finder-db.zip
2026-08-01 09:02:55,046 [ERROR] ServerAccessManage:651 - User Cancel Download : cube-finder-db.zip.
2026-08-01 09:02:55,157 [INFO] LoadUrlFilesThread:156 - End of LoadUrlFiles Thread
2026-08-01 09:02:56,203 [INFO] DbMcusAds:53 - JSON generation date=Wed Jul 15 16:44:54 GMT+07:00 2026 (1784108694001)
2026-08-01 09:02:56,205 [INFO] ApiDb:448 - Save user favorites file C:\Users\Admin/.stm32cubeide/favorites.mcus.txt: 4 item(s)
2026-08-01 09:02:56,205 [INFO] ApiDb:452 - User favorites MCUs=[STM32F103C8T6, STM32F405RGT6, STM32F411CEU6, STM32H523CET6]
2026-08-01 09:02:56,207 [INFO] ApiDb:581 - Connected to CubeFinder SQLite database (C:\Users\Admin\.stmcufinder\plugins\mcufinder\mcu\cube-finder-db.db)
2026-08-01 09:02:56,263 [INFO] ApiDb:668 - CubeFinder database Data Model version=2.1
2026-08-01 09:02:56,263 [INFO] ApiDb:669 - CubeFinder database Configuration version=3.0.42
2026-08-01 09:02:56,263 [INFO] ApiDb:670 - CubeFinder database generation date=2026-06-23 (1782213372)
2026-08-01 09:02:56,263 [INFO] ApiDb:671 - CubeFinder database FW Pack versions=[FP-ATR-ASTRA1_V2.0.0, FP-SNS-FLIGHT1_V5.1.0, FP-SNS-MOTENV1_V5.1.0, FP-SNS-MOTENVWB1_V1.5.0, FP-SNS-SMARTAG2_V1.2.0, FP-SNS-STBOX1_V2.1.0, STM32Cube_FW_C0_V1.4.0, STM32Cube_FW_F4_V1.28.3, STM32Cube_FW_F7_V1.17.4, STM32Cube_FW_G0_V1.6.3, STM32Cube_FW_G4_V1.6.2, STM32Cube_FW_H5_V1.7.0, STM32Cube_FW_H7RS_V1.3.0, STM32Cube_FW_H7_V1.13.0, STM32Cube_FW_L0_V1.12.2, STM32Cube_FW_L4_V1.18.2, STM32Cube_FW_L5_V1.6.0, STM32Cube_FW_N6_V1.4.0, STM32Cube_FW_U0_V1.3.0, STM32Cube_FW_U3_V1.4.0, STM32Cube_FW_U5_V1.9.0, STM32Cube_FW_WB0_V1.5.0, STM32Cube_FW_WBA_V1.10.0, STM32Cube_FW_WB_V1.24.0, STM32Cube_FW_WL3_V1.5.0, STM32Cube_FW_WL_V1.6.0, X-CUBE-ALGOBUILD_V1.5.0, X-CUBE-ALS_V1.0.2, X-CUBE-AZRTOS-F4_V1.1.0, X-CUBE-AZRTOS-F7_V1.1.0, X-CUBE-AZRTOS-G0_V1.1.0, X-CUBE-AZRTOS-G4_V2.0.0, X-CUBE-AZRTOS-H7RS_V1.1.0, X-CUBE-AZRTOS-H7_V3.5.0, X-CUBE-AZRTOS-L4_V2.0.0, X-CUBE-AZRTOS-L5_V2.0.0, X-CUBE-AZRTOS-WB_V2.0.0, X-CUBE-AZRTOS-WL_V2.0.0, X-CUBE-BLE1_V7.1.0, X-CUBE-BLE2_V3.3.0, X-CUBE-BLEMGR_V4.1.0, X-CUBE-EEPRMA1_V5.2.0, X-CUBE-FREERTOS_V1.5.0, X-CUBE-GNSS1_V7.1.1, X-CUBE-MEMS1_V12.1.0, X-CUBE-NFC4_V3.0.0, X-CUBE-NFC7_V2.0.0, X-CUBE-SFXS2LP1_V4.0.0, X-CUBE-ST67W61_V1.3.0, X-CUBE-SUBG2_V5.0.0, X-CUBE-TOF1_V3.4.3]
2026-08-01 09:02:58,293 [INFO] ApiDb:240 - Found 323 in-development CPN: [B-G473E-ZEST1S, B-WB1M-WPAN1, B-WL5M-SUBG1, NUCLEO-C031C6, NUCLEO-H503RB, NUCLEO-H563ZI, NUCLEO-U545RE-Q, NUCLEO-U5A5ZJ-Q, NUCLEO-WBA52CG, STEVAL-PROTEUS1, STEVAL-SMARTAG2, STEVAL-STWINBX1, STM320518-EVAL, STM32C0116-DK, STM32C011D6Y3TR, STM32C011D6Y6TR, STM32C011F4P3, STM32C011F4P6, STM32C011F4U3, STM32C011F4U6TR, STM32C011F6P3, STM32C011F6P6, STM32C011F6U3, STM32C011F6U6TR, STM32C011J4M3, STM32C011J4M6, STM32C011J6M3, STM32C011J6M6, STM32C0316-DK, STM32C031C4T3, STM32C031C4T6, STM32C031C4U3, STM32C031C4U6, STM32C031C6T3, STM32C031C6T6, STM32C031C6U3, STM32C031C6U6, STM32C031F4P3, STM32C031F4P6, STM32C031F6P3, STM32C031F6P6, STM32C031G4U3, STM32C031G4U6, STM32C031G6U3, STM32C031G6U6, STM32C031K4T3, STM32C031K4T6, STM32C031K4U3, STM32C031K4U6, STM32C031K6T3, STM32C031K6T6, STM32C031K6U3, STM32C031K6U6, STM32G071K8TXN, STM32G071K8UXN, STM32G081GBU6N, STM32G081KBT6N, STM32G081KBUXN, STM32G0B1CCT6N, STM32G0B1KCT6, STM32G0B1NEY6TR, STM32G0B1RCT6N, STM32G0C1CCT6, STM32G0C1CCT6N, STM32G0C1CCU6N, STM32G0C1CET6N, STM32G0C1CEU6N, STM32G0C1KCT6, STM32G0C1NEY6TR, STM32G0C1RCI6N, STM32G0C1RCT6N, STM32G0C1REI6N, STM32G0C1RET6N, STM32G0C1VCI6, STM32G0C1VEI6, STM32G471CCT6, STM32G471CCU6, STM32G471CET3, STM32G471CET6, STM32G471CEU3, STM32G471CEU6, STM32G471MCT6, STM32G471MET3, STM32G471MET6, STM32G471MEY6TR, STM32G471QCT6, STM32G471QET3, STM32G471RCT6, STM32G471RET3, STM32G471RET6, STM32G471VCH6, STM32G471VCI6, STM32G471VCT6, STM32G471VEH3, STM32G471VEH6, STM32G471VEI3, STM32G471VEI6, STM32G471VET3, STM32G471VET6, STM32G474CCT6, STM32H503CBT6, STM32H503CBU6, STM32H503EBY6TR, STM32H503KBU6, STM32H503RBT6, STM32H562AGI6, STM32H562AII6, STM32H562IGK6, STM32H562IGT6, STM32H562IIK6, STM32H562IIT6, STM32H562RGT6, STM32H562RGV6, STM32H562RIT6, STM32H562RIV6, STM32H562VGT6, STM32H562VIT6, STM32H562ZGT6, STM32H562ZIT6, STM32H563AGI6, STM32H563AII3Q, STM32H563AII6, STM32H563IGK6, STM32H563IGT6, STM32H563IIK3Q, STM32H563IIK6, STM32H563IIT3Q, STM32H563IIT6, STM32H563MIY3QTR, STM32H563RGT6, STM32H563RGV6, STM32H563RIT6, STM32H563RIV6, STM32H563VGT6, STM32H563VIT3Q, STM32H563VIT6, STM32H563ZGT6, STM32H563ZIT3Q, STM32H563ZIT6, STM32H573AII3Q, STM32H573AII6, STM32H573I-DK, STM32H573IIK3Q, STM32H573IIK6, STM32H573IIT3Q, STM32H573IIT6, STM32H573MIY3QTR, STM32H573RIT6, STM32H573RIV6, STM32H573VIT3Q, STM32H573VIT6, STM32H573ZIT3Q, STM32H573ZIT6, STM32L4R5QGI6STR, STM32MP131AAE3, STM32MP131AAF3, STM32MP131AAG3, STM32MP131CAE3, STM32MP131CAF3, STM32MP131CAG3, STM32MP131DAE7, STM32MP131DAF7, STM32MP131DAG7, STM32MP131FAE7, STM32MP131FAF7, STM32MP131FAG7, STM32MP133AAE3, STM32MP133AAF3, STM32MP133AAG3, STM32MP133CAE3, STM32MP133CAF3, STM32MP133CAG3, STM32MP133DAE7, STM32MP133DAF7, STM32MP133DAG7, STM32MP133FAE7, STM32MP133FAF7, STM32MP133FAG7, STM32MP135AAE3, STM32MP135AAF3, STM32MP135AAG3, STM32MP135CAE3, STM32MP135CAF3, STM32MP135CAG3, STM32MP135DAE7, STM32MP135DAF7, STM32MP135DAG7, STM32MP135F-DK, STM32MP135FAE7, STM32MP135FAF7, STM32MP135FAF7T, STM32MP135FAF7U, STM32MP135FAG7, STM32U535CBT6, STM32U535CBT6Q, STM32U535CBU6, STM32U535CBU6Q, STM32U535CCT6, STM32U535CCT6Q, STM32U535CCU6, STM32U535CCU6Q, STM32U535CET6, STM32U535CET6Q, STM32U535CEU6, STM32U535CEU6Q, STM32U535JEY6QTR, STM32U535NCY6QTR, STM32U535NEY6QTR, STM32U535RBI6, STM32U535RBI6Q, STM32U535RBT6, STM32U535RBT6Q, STM32U535RCI6, STM32U535RCI6Q, STM32U535RCT6, STM32U535RCT6Q, STM32U535REI6, STM32U535REI6Q, STM32U535RET6, STM32U535RET6Q, STM32U535VCI6, STM32U535VCI6Q, STM32U535VCT6, STM32U535VCT6Q, STM32U535VEI6, STM32U535VEI6Q, STM32U535VET6, STM32U535VET6Q, STM32U545CET6, STM32U545CET6Q, STM32U545CEU6, STM32U545CEU6Q, STM32U545JEY6QTR, STM32U545NEY6QTR, STM32U545REI6, STM32U545REI6Q, STM32U545RET6, STM32U545RET6Q, STM32U545VEI6, STM32U545VEI6Q, STM32U545VET6, STM32U545VET6Q, STM32U595AIH6, STM32U595AIH6Q, STM32U595AJH6, STM32U595AJH6Q, STM32U595QII6, STM32U595QII6Q, STM32U595QJI6, STM32U595QJI6Q, STM32U595RIT6, STM32U595RIT6Q, STM32U595RJT6, STM32U595RJT6Q, STM32U595VIT6, STM32U595VIT6Q, STM32U595VJT6, STM32U595VJT6Q, STM32U595ZIT6, STM32U595ZIT6Q, STM32U595ZIY6QTR, STM32U595ZJT6, STM32U595ZJT6Q, STM32U595ZJY6QTR, STM32U599BJY6QTR, STM32U599NIH6Q, STM32U599NJH6Q, STM32U599VIT6Q, STM32U599VJT6, STM32U599VJT6Q, STM32U599ZIT6Q, STM32U599ZIY6QTR, STM32U599ZJT6Q, STM32U599ZJY6QTR, STM32U5A5AJH6, STM32U5A5AJH6Q, STM32U5A5QJI6, STM32U5A5QJI6Q, STM32U5A5RJT6, STM32U5A5RJT6Q, STM32U5A5VJT6, STM32U5A5VJT6Q, STM32U5A5ZJT6, STM32U5A5ZJT6Q, STM32U5A5ZJY6QTR, STM32U5A9BJY6QTR, STM32U5A9J-DK, STM32U5A9NJH6Q, STM32U5A9VJT6Q, STM32U5A9ZJT6Q, STM32U5A9ZJY6QTR, STM32U5F7VIT6, STM32U5F7VIT6Q, STM32U5F7VJT6, STM32U5F7VJT6Q, STM32U5F9BJY6QTR, STM32U5F9NJH6Q, STM32U5F9VIT6Q, STM32U5F9VJT6Q, STM32U5F9ZIJ6QTR, STM32U5F9ZIT6Q, STM32U5F9ZJJ6QTR, STM32U5F9ZJT6Q, STM32U5G7VJT6, STM32U5G7VJT6Q, STM32U5G9BJY6QTR, STM32U5G9J-DK1, STM32U5G9J-DK2, STM32U5G9NJH6Q, STM32U5G9VJT6Q, STM32U5G9ZJJ6QTR, STM32U5G9ZJT6Q, STM32WB1MMCH6, STM32WBA52CEU6, STM32WBA52CEU6T, STM32WBA52CGU6, STM32WBA52CGU6T, STM32WBA52KEU6, STM32WBA52KEU6T, STM32WBA52KGU6, STM32WBA52KGU6T, STM32WL5MOCH6, STM32WL5MOCH6TR]
2026-08-01 09:02:58,296 [INFO] DbMcus:217 - Found 5228 MCUs, 5075 are supported
2026-08-01 09:02:58,296 [INFO] ApiDb:423 - Load user favorites file C:\Users\Admin/.stm32cubeide/favorites.mcus.txt: 4 item(s)
2026-08-01 09:02:58,296 [INFO] ApiDb:427 - User favorites MCUs=[STM32F103C8T6, STM32F405RGT6, STM32F411CEU6, STM32H523CET6]
2026-08-01 09:02:58,296 [INFO] DbMcus:223 - Set 4 / 4 favorites MCUs
2026-08-01 09:02:58,651 [ERROR] TargetSelectorAdapter:267 - Unable to refresh data
2026-08-01 09:02:58,723 [INFO] ApiDb:668 - CubeFinder database Data Model version=2.1
2026-08-01 09:02:58,723 [INFO] ApiDb:669 - CubeFinder database Configuration version=3.0.42
2026-08-01 09:02:58,723 [INFO] ApiDb:670 - CubeFinder database generation date=2026-06-23 (1782213372)
2026-08-01 09:02:58,723 [INFO] ApiDb:671 - CubeFinder database FW Pack versions=[FP-ATR-ASTRA1_V2.0.0, FP-SNS-FLIGHT1_V5.1.0, FP-SNS-MOTENV1_V5.1.0, FP-SNS-MOTENVWB1_V1.5.0, FP-SNS-SMARTAG2_V1.2.0, FP-SNS-STBOX1_V2.1.0, STM32Cube_FW_C0_V1.4.0, STM32Cube_FW_F4_V1.28.3, STM32Cube_FW_F7_V1.17.4, STM32Cube_FW_G0_V1.6.3, STM32Cube_FW_G4_V1.6.2, STM32Cube_FW_H5_V1.7.0, STM32Cube_FW_H7RS_V1.3.0, STM32Cube_FW_H7_V1.13.0, STM32Cube_FW_L0_V1.12.2, STM32Cube_FW_L4_V1.18.2, STM32Cube_FW_L5_V1.6.0, STM32Cube_FW_N6_V1.4.0, STM32Cube_FW_U0_V1.3.0, STM32Cube_FW_U3_V1.4.0, STM32Cube_FW_U5_V1.9.0, STM32Cube_FW_WB0_V1.5.0, STM32Cube_FW_WBA_V1.10.0, STM32Cube_FW_WB_V1.24.0, STM32Cube_FW_WL3_V1.5.0, STM32Cube_FW_WL_V1.6.0, X-CUBE-ALGOBUILD_V1.5.0, X-CUBE-ALS_V1.0.2, X-CUBE-AZRTOS-F4_V1.1.0, X-CUBE-AZRTOS-F7_V1.1.0, X-CUBE-AZRTOS-G0_V1.1.0, X-CUBE-AZRTOS-G4_V2.0.0, X-CUBE-AZRTOS-H7RS_V1.1.0, X-CUBE-AZRTOS-H7_V3.5.0, X-CUBE-AZRTOS-L4_V2.0.0, X-CUBE-AZRTOS-L5_V2.0.0, X-CUBE-AZRTOS-WB_V2.0.0, X-CUBE-AZRTOS-WL_V2.0.0, X-CUBE-BLE1_V7.1.0, X-CUBE-BLE2_V3.3.0, X-CUBE-BLEMGR_V4.1.0, X-CUBE-EEPRMA1_V5.2.0, X-CUBE-FREERTOS_V1.5.0, X-CUBE-GNSS1_V7.1.1, X-CUBE-MEMS1_V12.1.0, X-CUBE-NFC4_V3.0.0, X-CUBE-NFC7_V2.0.0, X-CUBE-SFXS2LP1_V4.0.0, X-CUBE-ST67W61_V1.3.0, X-CUBE-SUBG2_V5.0.0, X-CUBE-TOF1_V3.4.3]
2026-08-01 09:02:58,778 [INFO] DbBoardsSqlite:226 - include board P-NUCLEO-WB55-NUCLEO as a kit item of type 'Nucleo-64'
2026-08-01 09:02:58,778 [INFO] DbBoardsSqlite:226 - include board P-NUCLEO-WB55-USBDONGLE as a kit item of type 'Nucleo USB Dongle'
2026-08-01 09:02:58,778 [INFO] DbBoardsSqlite:226 - include board STEVAL-IDP005V1 as a kit item of type 'Evaluation Board'
2026-08-01 09:02:58,778 [INFO] DbBoardsSqlite:226 - include board STEVAL-IDP005V2 as a kit item of type 'Evaluation Board'
2026-08-01 09:02:58,846 [INFO] ApiDb:240 - Found 323 in-development CPN: [B-G473E-ZEST1S, B-WB1M-WPAN1, B-WL5M-SUBG1, NUCLEO-C031C6, NUCLEO-H503RB, NUCLEO-H563ZI, NUCLEO-U545RE-Q, NUCLEO-U5A5ZJ-Q, NUCLEO-WBA52CG, STEVAL-PROTEUS1, STEVAL-SMARTAG2, STEVAL-STWINBX1, STM320518-EVAL, STM32C0116-DK, STM32C011D6Y3TR, STM32C011D6Y6TR, STM32C011F4P3, STM32C011F4P6, STM32C011F4U3, STM32C011F4U6TR, STM32C011F6P3, STM32C011F6P6, STM32C011F6U3, STM32C011F6U6TR, STM32C011J4M3, STM32C011J4M6, STM32C011J6M3, STM32C011J6M6, STM32C0316-DK, STM32C031C4T3, STM32C031C4T6, STM32C031C4U3, STM32C031C4U6, STM32C031C6T3, STM32C031C6T6, STM32C031C6U3, STM32C031C6U6, STM32C031F4P3, STM32C031F4P6, STM32C031F6P3, STM32C031F6P6, STM32C031G4U3, STM32C031G4U6, STM32C031G6U3, STM32C031G6U6, STM32C031K4T3, STM32C031K4T6, STM32C031K4U3, STM32C031K4U6, STM32C031K6T3, STM32C031K6T6, STM32C031K6U3, STM32C031K6U6, STM32G071K8TXN, STM32G071K8UXN, STM32G081GBU6N, STM32G081KBT6N, STM32G081KBUXN, STM32G0B1CCT6N, STM32G0B1KCT6, STM32G0B1NEY6TR, STM32G0B1RCT6N, STM32G0C1CCT6, STM32G0C1CCT6N, STM32G0C1CCU6N, STM32G0C1CET6N, STM32G0C1CEU6N, STM32G0C1KCT6, STM32G0C1NEY6TR, STM32G0C1RCI6N, STM32G0C1RCT6N, STM32G0C1REI6N, STM32G0C1RET6N, STM32G0C1VCI6, STM32G0C1VEI6, STM32G471CCT6, STM32G471CCU6, STM32G471CET3, STM32G471CET6, STM32G471CEU3, STM32G471CEU6, STM32G471MCT6, STM32G471MET3, STM32G471MET6, STM32G471MEY6TR, STM32G471QCT6, STM32G471QET3, STM32G471RCT6, STM32G471RET3, STM32G471RET6, STM32G471VCH6, STM32G471VCI6, STM32G471VCT6, STM32G471VEH3, STM32G471VEH6, STM32G471VEI3, STM32G471VEI6, STM32G471VET3, STM32G471VET6, STM32G474CCT6, STM32H503CBT6, STM32H503CBU6, STM32H503EBY6TR, STM32H503KBU6, STM32H503RBT6, STM32H562AGI6, STM32H562AII6, STM32H562IGK6, STM32H562IGT6, STM32H562IIK6, STM32H562IIT6, STM32H562RGT6, STM32H562RGV6, STM32H562RIT6, STM32H562RIV6, STM32H562VGT6, STM32H562VIT6, STM32H562ZGT6, STM32H562ZIT6, STM32H563AGI6, STM32H563AII3Q, STM32H563AII6, STM32H563IGK6, STM32H563IGT6, STM32H563IIK3Q, STM32H563IIK6, STM32H563IIT3Q, STM32H563IIT6, STM32H563MIY3QTR, STM32H563RGT6, STM32H563RGV6, STM32H563RIT6, STM32H563RIV6, STM32H563VGT6, STM32H563VIT3Q, STM32H563VIT6, STM32H563ZGT6, STM32H563ZIT3Q, STM32H563ZIT6, STM32H573AII3Q, STM32H573AII6, STM32H573I-DK, STM32H573IIK3Q, STM32H573IIK6, STM32H573IIT3Q, STM32H573IIT6, STM32H573MIY3QTR, STM32H573RIT6, STM32H573RIV6, STM32H573VIT3Q, STM32H573VIT6, STM32H573ZIT3Q, STM32H573ZIT6, STM32L4R5QGI6STR, STM32MP131AAE3, STM32MP131AAF3, STM32MP131AAG3, STM32MP131CAE3, STM32MP131CAF3, STM32MP131CAG3, STM32MP131DAE7, STM32MP131DAF7, STM32MP131DAG7, STM32MP131FAE7, STM32MP131FAF7, STM32MP131FAG7, STM32MP133AAE3, STM32MP133AAF3, STM32MP133AAG3, STM32MP133CAE3, STM32MP133CAF3, STM32MP133CAG3, STM32MP133DAE7, STM32MP133DAF7, STM32MP133DAG7, STM32MP133FAE7, STM32MP133FAF7, STM32MP133FAG7, STM32MP135AAE3, STM32MP135AAF3, STM32MP135AAG3, STM32MP135CAE3, STM32MP135CAF3, STM32MP135CAG3, STM32MP135DAE7, STM32MP135DAF7, STM32MP135DAG7, STM32MP135F-DK, STM32MP135FAE7, STM32MP135FAF7, STM32MP135FAF7T, STM32MP135FAF7U, STM32MP135FAG7, STM32U535CBT6, STM32U535CBT6Q, STM32U535CBU6, STM32U535CBU6Q, STM32U535CCT6, STM32U535CCT6Q, STM32U535CCU6, STM32U535CCU6Q, STM32U535CET6, STM32U535CET6Q, STM32U535CEU6, STM32U535CEU6Q, STM32U535JEY6QTR, STM32U535NCY6QTR, STM32U535NEY6QTR, STM32U535RBI6, STM32U535RBI6Q, STM32U535RBT6, STM32U535RBT6Q, STM32U535RCI6, STM32U535RCI6Q, STM32U535RCT6, STM32U535RCT6Q, STM32U535REI6, STM32U535REI6Q, STM32U535RET6, STM32U535RET6Q, STM32U535VCI6, STM32U535VCI6Q, STM32U535VCT6, STM32U535VCT6Q, STM32U535VEI6, STM32U535VEI6Q, STM32U535VET6, STM32U535VET6Q, STM32U545CET6, STM32U545CET6Q, STM32U545CEU6, STM32U545CEU6Q, STM32U545JEY6QTR, STM32U545NEY6QTR, STM32U545REI6, STM32U545REI6Q, STM32U545RET6, STM32U545RET6Q, STM32U545VEI6, STM32U545VEI6Q, STM32U545VET6, STM32U545VET6Q, STM32U595AIH6, STM32U595AIH6Q, STM32U595AJH6, STM32U595AJH6Q, STM32U595QII6, STM32U595QII6Q, STM32U595QJI6, STM32U595QJI6Q, STM32U595RIT6, STM32U595RIT6Q, STM32U595RJT6, STM32U595RJT6Q, STM32U595VIT6, STM32U595VIT6Q, STM32U595VJT6, STM32U595VJT6Q, STM32U595ZIT6, STM32U595ZIT6Q, STM32U595ZIY6QTR, STM32U595ZJT6, STM32U595ZJT6Q, STM32U595ZJY6QTR, STM32U599BJY6QTR, STM32U599NIH6Q, STM32U599NJH6Q, STM32U599VIT6Q, STM32U599VJT6, STM32U599VJT6Q, STM32U599ZIT6Q, STM32U599ZIY6QTR, STM32U599ZJT6Q, STM32U599ZJY6QTR, STM32U5A5AJH6, STM32U5A5AJH6Q, STM32U5A5QJI6, STM32U5A5QJI6Q, STM32U5A5RJT6, STM32U5A5RJT6Q, STM32U5A5VJT6, STM32U5A5VJT6Q, STM32U5A5ZJT6, STM32U5A5ZJT6Q, STM32U5A5ZJY6QTR, STM32U5A9BJY6QTR, STM32U5A9J-DK, STM32U5A9NJH6Q, STM32U5A9VJT6Q, STM32U5A9ZJT6Q, STM32U5A9ZJY6QTR, STM32U5F7VIT6, STM32U5F7VIT6Q, STM32U5F7VJT6, STM32U5F7VJT6Q, STM32U5F9BJY6QTR, STM32U5F9NJH6Q, STM32U5F9VIT6Q, STM32U5F9VJT6Q, STM32U5F9ZIJ6QTR, STM32U5F9ZIT6Q, STM32U5F9ZJJ6QTR, STM32U5F9ZJT6Q, STM32U5G7VJT6, STM32U5G7VJT6Q, STM32U5G9BJY6QTR, STM32U5G9J-DK1, STM32U5G9J-DK2, STM32U5G9NJH6Q, STM32U5G9VJT6Q, STM32U5G9ZJJ6QTR, STM32U5G9ZJT6Q, STM32WB1MMCH6, STM32WBA52CEU6, STM32WBA52CEU6T, STM32WBA52CGU6, STM32WBA52CGU6T, STM32WBA52KEU6, STM32WBA52KEU6T, STM32WBA52KGU6, STM32WBA52KGU6T, STM32WL5MOCH6, STM32WL5MOCH6TR]
2026-08-01 09:02:58,877 [INFO] BoardInfo:880 - No configuration file found for board B-WBA5M-WPAN
2026-08-01 09:02:58,877 [INFO] DbBoards:157 - Board is not supported: B-WBA5M-WPAN
2026-08-01 09:02:58,879 [INFO] BoardInfo:880 - No configuration file found for board NUCLEO-C051C8
2026-08-01 09:02:58,879 [INFO] DbBoards:157 - Board is not supported: NUCLEO-C051C8
2026-08-01 09:02:58,880 [INFO] BoardInfo:880 - No configuration file found for board NUCLEO-C071RB
2026-08-01 09:02:58,880 [INFO] DbBoards:157 - Board is not supported: NUCLEO-C071RB
2026-08-01 09:02:58,881 [INFO] BoardInfo:880 - No configuration file found for board NUCLEO-C092RC
2026-08-01 09:02:58,881 [INFO] DbBoards:157 - Board is not supported: NUCLEO-C092RC
2026-08-01 09:02:58,906 [INFO] BoardInfo:880 - No configuration file found for board NUCLEO-H533RE
2026-08-01 09:02:58,907 [INFO] DbBoards:157 - Board is not supported: NUCLEO-H533RE
2026-08-01 09:02:58,908 [INFO] BoardInfo:880 - No configuration file found for board NUCLEO-H5E5ZJ
2026-08-01 09:02:58,908 [INFO] DbBoards:157 - Board is not supported: NUCLEO-H5E5ZJ
2026-08-01 09:02:58,913 [INFO] BoardInfo:880 - No configuration file found for board NUCLEO-H7S3L8
2026-08-01 09:02:58,913 [INFO] DbBoards:157 - Board is not supported: NUCLEO-H7S3L8
2026-08-01 09:02:58,937 [INFO] BoardInfo:880 - No configuration file found for board NUCLEO-N657X0-Q
2026-08-01 09:02:58,937 [INFO] DbBoards:157 - Board is not supported: NUCLEO-N657X0-Q
2026-08-01 09:02:58,938 [INFO] BoardInfo:880 - No configuration file found for board NUCLEO-U031R8
2026-08-01 09:02:58,938 [INFO] DbBoards:157 - Board is not supported: NUCLEO-U031R8
2026-08-01 09:02:58,939 [INFO] BoardInfo:880 - No configuration file found for board NUCLEO-U083RC
2026-08-01 09:02:58,939 [INFO] DbBoards:157 - Board is not supported: NUCLEO-U083RC
2026-08-01 09:02:58,940 [INFO] BoardInfo:880 - No configuration file found for board NUCLEO-U385RG-Q
2026-08-01 09:02:58,940 [INFO] DbBoards:157 - Board is not supported: NUCLEO-U385RG-Q
2026-08-01 09:02:58,941 [INFO] BoardInfo:880 - No configuration file found for board NUCLEO-U3C5ZI-Q
2026-08-01 09:02:58,941 [INFO] DbBoards:157 - Board is not supported: NUCLEO-U3C5ZI-Q
2026-08-01 09:02:58,944 [INFO] BoardInfo:880 - No configuration file found for board NUCLEO-WB05KZ
2026-08-01 09:02:58,944 [INFO] DbBoards:157 - Board is not supported: NUCLEO-WB05KZ
2026-08-01 09:02:58,945 [INFO] BoardInfo:880 - No configuration file found for board NUCLEO-WB07CC
2026-08-01 09:02:58,945 [INFO] DbBoards:157 - Board is not supported: NUCLEO-WB07CC
2026-08-01 09:02:58,945 [INFO] BoardInfo:880 - No configuration file found for board NUCLEO-WB09KE
2026-08-01 09:02:58,945 [INFO] DbBoards:157 - Board is not supported: NUCLEO-WB09KE
2026-08-01 09:02:58,948 [INFO] BoardInfo:880 - No configuration file found for board NUCLEO-WBA25CE1
2026-08-01 09:02:58,948 [INFO] DbBoards:157 - Board is not supported: NUCLEO-WBA25CE1
2026-08-01 09:02:58,949 [INFO] BoardInfo:880 - No configuration file found for board NUCLEO-WBA55CG
2026-08-01 09:02:58,949 [INFO] DbBoards:157 - Board is not supported: NUCLEO-WBA55CG
2026-08-01 09:02:58,950 [INFO] BoardInfo:880 - No configuration file found for board NUCLEO-WBA65RI
2026-08-01 09:02:58,950 [INFO] DbBoards:157 - Board is not supported: NUCLEO-WBA65RI
2026-08-01 09:02:58,951 [INFO] BoardInfo:880 - No configuration file found for board NUCLEO-WL33CC1
2026-08-01 09:02:58,951 [INFO] DbBoards:157 - Board is not supported: NUCLEO-WL33CC1
2026-08-01 09:02:58,952 [INFO] BoardInfo:880 - No configuration file found for board NUCLEO-WL33CC2
2026-08-01 09:02:58,952 [INFO] DbBoards:157 - Board is not supported: NUCLEO-WL33CC2
2026-08-01 09:02:58,953 [INFO] BoardInfo:880 - No configuration file found for board NUCLEO-WL3RKB1
2026-08-01 09:02:58,953 [INFO] DbBoards:157 - Board is not supported: NUCLEO-WL3RKB1
2026-08-01 09:02:58,954 [INFO] BoardInfo:880 - No configuration file found for board NUCLEO-WL3RKB2
2026-08-01 09:02:58,954 [INFO] DbBoards:157 - Board is not supported: NUCLEO-WL3RKB2
2026-08-01 09:02:58,958 [INFO] BoardInfo:880 - No configuration file found for board P-NUCLEO-WB55
2026-08-01 09:02:58,958 [INFO] DbBoards:157 - Kit is not supported: P-NUCLEO-WB55
2026-08-01 09:02:58,962 [INFO] BoardInfo:880 - No configuration file found for board STEVAL-BFA001V1B
2026-08-01 09:02:58,962 [INFO] DbBoards:157 - Kit is not supported: STEVAL-BFA001V1B
2026-08-01 09:02:58,962 [INFO] BoardInfo:880 - No configuration file found for board STEVAL-BFA001V2B
2026-08-01 09:02:58,962 [INFO] DbBoards:157 - Kit is not supported: STEVAL-BFA001V2B
2026-08-01 09:02:58,965 [INFO] BoardInfo:880 - No configuration file found for board STEVAL-MKBOXPRO
2026-08-01 09:02:58,965 [INFO] DbBoards:157 - Board is not supported: STEVAL-MKBOXPRO
2026-08-01 09:02:59,010 [INFO] BoardInfo:880 - No configuration file found for board STM32H5F5J-DK
2026-08-01 09:02:59,010 [INFO] DbBoards:157 - Board is not supported: STM32H5F5J-DK
2026-08-01 09:02:59,022 [INFO] BoardInfo:880 - No configuration file found for board STM32H7S78-DK
2026-08-01 09:02:59,022 [INFO] DbBoards:157 - Board is not supported: STM32H7S78-DK
2026-08-01 09:02:59,039 [INFO] BoardInfo:880 - No configuration file found for board STM32MP215F-DK
2026-08-01 09:02:59,039 [INFO] DbBoards:157 - Board is not supported: STM32MP215F-DK
2026-08-01 09:02:59,040 [INFO] BoardInfo:880 - No configuration file found for board STM32MP257F-DK
2026-08-01 09:02:59,040 [INFO] DbBoards:157 - Board is not supported: STM32MP257F-DK
2026-08-01 09:02:59,041 [INFO] BoardInfo:880 - No configuration file found for board STM32MP257F-EV1
2026-08-01 09:02:59,041 [INFO] DbBoards:157 - Board is not supported: STM32MP257F-EV1
2026-08-01 09:02:59,042 [INFO] BoardInfo:880 - No configuration file found for board STM32N6570-DK
2026-08-01 09:02:59,042 [INFO] DbBoards:157 - Board is not supported: STM32N6570-DK
2026-08-01 09:02:59,043 [INFO] BoardInfo:880 - No configuration file found for board STM32U083C-DK
2026-08-01 09:02:59,043 [INFO] DbBoards:157 - Board is not supported: STM32U083C-DK
2026-08-01 09:02:59,049 [INFO] BoardInfo:880 - No configuration file found for board STM32WBA55G-DK1
2026-08-01 09:02:59,049 [INFO] DbBoards:157 - Board is not supported: STM32WBA55G-DK1
2026-08-01 09:02:59,050 [INFO] BoardInfo:880 - No configuration file found for board STM32WBA65I-DK1
2026-08-01 09:02:59,050 [INFO] DbBoards:157 - Board is not supported: STM32WBA65I-DK1
2026-08-01 09:02:59,050 [INFO] DbBoards:161 - Found 218 boards, 183 are supported
2026-08-01 09:02:59,053 [INFO] ApiDb:423 - Load user favorites file C:\Users\Admin/.stm32cubeide/favorites.boards.txt: 0 item(s)
2026-08-01 09:02:59,053 [INFO] ApiDb:427 - User favorites Boards=[]
2026-08-01 09:02:59,053 [INFO] DbBoards:190 - Set 0 / 0 favorites Boards
2026-08-01 09:02:59,053 [INFO] McuFinderGlobals:76 - Set McuFinderConnectedMode to true
2026-08-01 09:02:59,060 [INFO] MultiScanPanel:200 - Auto-refresh data requested => check proxy status ongoing
2026-08-01 09:02:59,062 [INFO] FinderPluginLoader:95 - Searching for filters in installed packs
2026-08-01 09:03:00,257 [INFO] LoadUrlFilesThread:185 - End of LoadServerUrlFiles without Thread
2026-08-01 09:03:00,273 [INFO] DetailPanel:341 - Set advertising image to C:/Users/Admin/STM32Cube/Repository/\en.stm32h5cubemxbanner.png
2026-08-01 09:03:06,568 [INFO] McuFinderGlobals:76 - Set McuFinderConnectedMode to true
2026-08-01 09:03:07,053 [INFO] ApiDb:448 - Save user favorites file C:\Users\Admin/.stm32cubeide/favorites.mcus.txt: 4 item(s)
2026-08-01 09:03:07,053 [INFO] ApiDb:452 - User favorites MCUs=[STM32F103C8T6, STM32F405RGT6, STM32F411CEU6, STM32H523CET6]
2026-08-01 10:02:27,215 [INFO] MainUpdater:2868 - connection check result : 10
2026-08-01 10:02:27,216 [INFO] McuFinderGlobals:76 - Set McuFinderConnectedMode to true
2026-08-01 10:02:27,479 [INFO] ServerAccessManage:473 - Download File mcusAds.json._tmp_
2026-08-01 10:02:27,597 [INFO] LoadUrlFilesThread:156 - End of LoadUrlFiles Thread
2026-08-01 10:02:27,866 [INFO] ServerAccessManage:473 - Download File cube-finder-db.zip
2026-08-01 10:02:41,684 [INFO] FileExtend:240 - Unzip File : cube-finder-db.zip
2026-08-01 10:02:41,685 [INFO] FileExtend:255 - Standard Zip Deflate
2026-08-01 10:02:42,536 [INFO] LoadUrlFilesThread:156 - End of LoadUrlFiles Thread
2026-08-01 10:03:03,864 [ERROR] ServerAccessManage:1172 - Problem during Server Connection :  IO error Connection timed out: no further information
2026-08-01 10:03:03,865 [ERROR] ServerAccessManage:651 - Problem during Server Connection :  : crdb.zip.
2026-08-01 10:03:12,224 [INFO] LoadUrlFilesThread:156 - End of LoadUrlFiles Thread
2026-08-01 10:03:13,111 [INFO] DbMcusAds:53 - JSON generation date=Wed Jul 15 16:44:54 GMT+07:00 2026 (1784108694001)
2026-08-01 10:03:13,113 [INFO] ApiDb:448 - Save user favorites file C:\Users\Admin/.stm32cubeide/favorites.mcus.txt: 4 item(s)
2026-08-01 10:03:13,113 [INFO] ApiDb:452 - User favorites MCUs=[STM32F103C8T6, STM32F405RGT6, STM32F411CEU6, STM32H523CET6]
2026-08-01 10:03:13,114 [INFO] ApiDb:581 - Connected to CubeFinder SQLite database (C:\Users\Admin\.stmcufinder\plugins\mcufinder\mcu\cube-finder-db.db)
2026-08-01 10:03:13,174 [INFO] ApiDb:668 - CubeFinder database Data Model version=2.1
2026-08-01 10:03:13,175 [INFO] ApiDb:669 - CubeFinder database Configuration version=3.0.42
2026-08-01 10:03:13,175 [INFO] ApiDb:670 - CubeFinder database generation date=2026-06-23 (1782213372)
2026-08-01 10:03:13,175 [INFO] ApiDb:671 - CubeFinder database FW Pack versions=[FP-ATR-ASTRA1_V2.0.0, FP-SNS-FLIGHT1_V5.1.0, FP-SNS-MOTENV1_V5.1.0, FP-SNS-MOTENVWB1_V1.5.0, FP-SNS-SMARTAG2_V1.2.0, FP-SNS-STBOX1_V2.1.0, STM32Cube_FW_C0_V1.4.0, STM32Cube_FW_F4_V1.28.3, STM32Cube_FW_F7_V1.17.4, STM32Cube_FW_G0_V1.6.3, STM32Cube_FW_G4_V1.6.2, STM32Cube_FW_H5_V1.7.0, STM32Cube_FW_H7RS_V1.3.0, STM32Cube_FW_H7_V1.13.0, STM32Cube_FW_L0_V1.12.2, STM32Cube_FW_L4_V1.18.2, STM32Cube_FW_L5_V1.6.0, STM32Cube_FW_N6_V1.4.0, STM32Cube_FW_U0_V1.3.0, STM32Cube_FW_U3_V1.4.0, STM32Cube_FW_U5_V1.9.0, STM32Cube_FW_WB0_V1.5.0, STM32Cube_FW_WBA_V1.10.0, STM32Cube_FW_WB_V1.24.0, STM32Cube_FW_WL3_V1.5.0, STM32Cube_FW_WL_V1.6.0, X-CUBE-ALGOBUILD_V1.5.0, X-CUBE-ALS_V1.0.2, X-CUBE-AZRTOS-F4_V1.1.0, X-CUBE-AZRTOS-F7_V1.1.0, X-CUBE-AZRTOS-G0_V1.1.0, X-CUBE-AZRTOS-G4_V2.0.0, X-CUBE-AZRTOS-H7RS_V1.1.0, X-CUBE-AZRTOS-H7_V3.5.0, X-CUBE-AZRTOS-L4_V2.0.0, X-CUBE-AZRTOS-L5_V2.0.0, X-CUBE-AZRTOS-WB_V2.0.0, X-CUBE-AZRTOS-WL_V2.0.0, X-CUBE-BLE1_V7.1.0, X-CUBE-BLE2_V3.3.0, X-CUBE-BLEMGR_V4.1.0, X-CUBE-EEPRMA1_V5.2.0, X-CUBE-FREERTOS_V1.5.0, X-CUBE-GNSS1_V7.1.1, X-CUBE-MEMS1_V12.1.0, X-CUBE-NFC4_V3.0.0, X-CUBE-NFC7_V2.0.0, X-CUBE-SFXS2LP1_V4.0.0, X-CUBE-ST67W61_V1.3.0, X-CUBE-SUBG2_V5.0.0, X-CUBE-TOF1_V3.4.3]
2026-08-01 10:03:15,016 [INFO] ApiDb:240 - Found 323 in-development CPN: [B-G473E-ZEST1S, B-WB1M-WPAN1, B-WL5M-SUBG1, NUCLEO-C031C6, NUCLEO-H503RB, NUCLEO-H563ZI, NUCLEO-U545RE-Q, NUCLEO-U5A5ZJ-Q, NUCLEO-WBA52CG, STEVAL-PROTEUS1, STEVAL-SMARTAG2, STEVAL-STWINBX1, STM320518-EVAL, STM32C0116-DK, STM32C011D6Y3TR, STM32C011D6Y6TR, STM32C011F4P3, STM32C011F4P6, STM32C011F4U3, STM32C011F4U6TR, STM32C011F6P3, STM32C011F6P6, STM32C011F6U3, STM32C011F6U6TR, STM32C011J4M3, STM32C011J4M6, STM32C011J6M3, STM32C011J6M6, STM32C0316-DK, STM32C031C4T3, STM32C031C4T6, STM32C031C4U3, STM32C031C4U6, STM32C031C6T3, STM32C031C6T6, STM32C031C6U3, STM32C031C6U6, STM32C031F4P3, STM32C031F4P6, STM32C031F6P3, STM32C031F6P6, STM32C031G4U3, STM32C031G4U6, STM32C031G6U3, STM32C031G6U6, STM32C031K4T3, STM32C031K4T6, STM32C031K4U3, STM32C031K4U6, STM32C031K6T3, STM32C031K6T6, STM32C031K6U3, STM32C031K6U6, STM32G071K8TXN, STM32G071K8UXN, STM32G081GBU6N, STM32G081KBT6N, STM32G081KBUXN, STM32G0B1CCT6N, STM32G0B1KCT6, STM32G0B1NEY6TR, STM32G0B1RCT6N, STM32G0C1CCT6, STM32G0C1CCT6N, STM32G0C1CCU6N, STM32G0C1CET6N, STM32G0C1CEU6N, STM32G0C1KCT6, STM32G0C1NEY6TR, STM32G0C1RCI6N, STM32G0C1RCT6N, STM32G0C1REI6N, STM32G0C1RET6N, STM32G0C1VCI6, STM32G0C1VEI6, STM32G471CCT6, STM32G471CCU6, STM32G471CET3, STM32G471CET6, STM32G471CEU3, STM32G471CEU6, STM32G471MCT6, STM32G471MET3, STM32G471MET6, STM32G471MEY6TR, STM32G471QCT6, STM32G471QET3, STM32G471RCT6, STM32G471RET3, STM32G471RET6, STM32G471VCH6, STM32G471VCI6, STM32G471VCT6, STM32G471VEH3, STM32G471VEH6, STM32G471VEI3, STM32G471VEI6, STM32G471VET3, STM32G471VET6, STM32G474CCT6, STM32H503CBT6, STM32H503CBU6, STM32H503EBY6TR, STM32H503KBU6, STM32H503RBT6, STM32H562AGI6, STM32H562AII6, STM32H562IGK6, STM32H562IGT6, STM32H562IIK6, STM32H562IIT6, STM32H562RGT6, STM32H562RGV6, STM32H562RIT6, STM32H562RIV6, STM32H562VGT6, STM32H562VIT6, STM32H562ZGT6, STM32H562ZIT6, STM32H563AGI6, STM32H563AII3Q, STM32H563AII6, STM32H563IGK6, STM32H563IGT6, STM32H563IIK3Q, STM32H563IIK6, STM32H563IIT3Q, STM32H563IIT6, STM32H563MIY3QTR, STM32H563RGT6, STM32H563RGV6, STM32H563RIT6, STM32H563RIV6, STM32H563VGT6, STM32H563VIT3Q, STM32H563VIT6, STM32H563ZGT6, STM32H563ZIT3Q, STM32H563ZIT6, STM32H573AII3Q, STM32H573AII6, STM32H573I-DK, STM32H573IIK3Q, STM32H573IIK6, STM32H573IIT3Q, STM32H573IIT6, STM32H573MIY3QTR, STM32H573RIT6, STM32H573RIV6, STM32H573VIT3Q, STM32H573VIT6, STM32H573ZIT3Q, STM32H573ZIT6, STM32L4R5QGI6STR, STM32MP131AAE3, STM32MP131AAF3, STM32MP131AAG3, STM32MP131CAE3, STM32MP131CAF3, STM32MP131CAG3, STM32MP131DAE7, STM32MP131DAF7, STM32MP131DAG7, STM32MP131FAE7, STM32MP131FAF7, STM32MP131FAG7, STM32MP133AAE3, STM32MP133AAF3, STM32MP133AAG3, STM32MP133CAE3, STM32MP133CAF3, STM32MP133CAG3, STM32MP133DAE7, STM32MP133DAF7, STM32MP133DAG7, STM32MP133FAE7, STM32MP133FAF7, STM32MP133FAG7, STM32MP135AAE3, STM32MP135AAF3, STM32MP135AAG3, STM32MP135CAE3, STM32MP135CAF3, STM32MP135CAG3, STM32MP135DAE7, STM32MP135DAF7, STM32MP135DAG7, STM32MP135F-DK, STM32MP135FAE7, STM32MP135FAF7, STM32MP135FAF7T, STM32MP135FAF7U, STM32MP135FAG7, STM32U535CBT6, STM32U535CBT6Q, STM32U535CBU6, STM32U535CBU6Q, STM32U535CCT6, STM32U535CCT6Q, STM32U535CCU6, STM32U535CCU6Q, STM32U535CET6, STM32U535CET6Q, STM32U535CEU6, STM32U535CEU6Q, STM32U535JEY6QTR, STM32U535NCY6QTR, STM32U535NEY6QTR, STM32U535RBI6, STM32U535RBI6Q, STM32U535RBT6, STM32U535RBT6Q, STM32U535RCI6, STM32U535RCI6Q, STM32U535RCT6, STM32U535RCT6Q, STM32U535REI6, STM32U535REI6Q, STM32U535RET6, STM32U535RET6Q, STM32U535VCI6, STM32U535VCI6Q, STM32U535VCT6, STM32U535VCT6Q, STM32U535VEI6, STM32U535VEI6Q, STM32U535VET6, STM32U535VET6Q, STM32U545CET6, STM32U545CET6Q, STM32U545CEU6, STM32U545CEU6Q, STM32U545JEY6QTR, STM32U545NEY6QTR, STM32U545REI6, STM32U545REI6Q, STM32U545RET6, STM32U545RET6Q, STM32U545VEI6, STM32U545VEI6Q, STM32U545VET6, STM32U545VET6Q, STM32U595AIH6, STM32U595AIH6Q, STM32U595AJH6, STM32U595AJH6Q, STM32U595QII6, STM32U595QII6Q, STM32U595QJI6, STM32U595QJI6Q, STM32U595RIT6, STM32U595RIT6Q, STM32U595RJT6, STM32U595RJT6Q, STM32U595VIT6, STM32U595VIT6Q, STM32U595VJT6, STM32U595VJT6Q, STM32U595ZIT6, STM32U595ZIT6Q, STM32U595ZIY6QTR, STM32U595ZJT6, STM32U595ZJT6Q, STM32U595ZJY6QTR, STM32U599BJY6QTR, STM32U599NIH6Q, STM32U599NJH6Q, STM32U599VIT6Q, STM32U599VJT6, STM32U599VJT6Q, STM32U599ZIT6Q, STM32U599ZIY6QTR, STM32U599ZJT6Q, STM32U599ZJY6QTR, STM32U5A5AJH6, STM32U5A5AJH6Q, STM32U5A5QJI6, STM32U5A5QJI6Q, STM32U5A5RJT6, STM32U5A5RJT6Q, STM32U5A5VJT6, STM32U5A5VJT6Q, STM32U5A5ZJT6, STM32U5A5ZJT6Q, STM32U5A5ZJY6QTR, STM32U5A9BJY6QTR, STM32U5A9J-DK, STM32U5A9NJH6Q, STM32U5A9VJT6Q, STM32U5A9ZJT6Q, STM32U5A9ZJY6QTR, STM32U5F7VIT6, STM32U5F7VIT6Q, STM32U5F7VJT6, STM32U5F7VJT6Q, STM32U5F9BJY6QTR, STM32U5F9NJH6Q, STM32U5F9VIT6Q, STM32U5F9VJT6Q, STM32U5F9ZIJ6QTR, STM32U5F9ZIT6Q, STM32U5F9ZJJ6QTR, STM32U5F9ZJT6Q, STM32U5G7VJT6, STM32U5G7VJT6Q, STM32U5G9BJY6QTR, STM32U5G9J-DK1, STM32U5G9J-DK2, STM32U5G9NJH6Q, STM32U5G9VJT6Q, STM32U5G9ZJJ6QTR, STM32U5G9ZJT6Q, STM32WB1MMCH6, STM32WBA52CEU6, STM32WBA52CEU6T, STM32WBA52CGU6, STM32WBA52CGU6T, STM32WBA52KEU6, STM32WBA52KEU6T, STM32WBA52KGU6, STM32WBA52KGU6T, STM32WL5MOCH6, STM32WL5MOCH6TR]
2026-08-01 10:03:15,018 [INFO] DbMcus:217 - Found 5228 MCUs, 5075 are supported
2026-08-01 10:03:15,018 [INFO] ApiDb:423 - Load user favorites file C:\Users\Admin/.stm32cubeide/favorites.mcus.txt: 4 item(s)
2026-08-01 10:03:15,019 [INFO] ApiDb:427 - User favorites MCUs=[STM32F103C8T6, STM32F405RGT6, STM32F411CEU6, STM32H523CET6]
2026-08-01 10:03:15,019 [INFO] DbMcus:223 - Set 4 / 4 favorites MCUs
2026-08-01 10:03:15,254 [INFO] ApiDb:448 - Save user favorites file C:\Users\Admin/.stm32cubeide/favorites.boards.txt: 0 item(s)
2026-08-01 10:03:15,254 [INFO] ApiDb:452 - User favorites Boards=[]
2026-08-01 10:03:15,256 [INFO] ApiDb:581 - Connected to CubeFinder SQLite database (C:\Users\Admin\.stmcufinder\plugins\mcufinder\mcu\cube-finder-db.db)
2026-08-01 10:03:15,314 [INFO] ApiDb:668 - CubeFinder database Data Model version=2.1
2026-08-01 10:03:15,314 [INFO] ApiDb:669 - CubeFinder database Configuration version=3.0.42
2026-08-01 10:03:15,314 [INFO] ApiDb:670 - CubeFinder database generation date=2026-06-23 (1782213372)
2026-08-01 10:03:15,314 [INFO] ApiDb:671 - CubeFinder database FW Pack versions=[FP-ATR-ASTRA1_V2.0.0, FP-SNS-FLIGHT1_V5.1.0, FP-SNS-MOTENV1_V5.1.0, FP-SNS-MOTENVWB1_V1.5.0, FP-SNS-SMARTAG2_V1.2.0, FP-SNS-STBOX1_V2.1.0, STM32Cube_FW_C0_V1.4.0, STM32Cube_FW_F4_V1.28.3, STM32Cube_FW_F7_V1.17.4, STM32Cube_FW_G0_V1.6.3, STM32Cube_FW_G4_V1.6.2, STM32Cube_FW_H5_V1.7.0, STM32Cube_FW_H7RS_V1.3.0, STM32Cube_FW_H7_V1.13.0, STM32Cube_FW_L0_V1.12.2, STM32Cube_FW_L4_V1.18.2, STM32Cube_FW_L5_V1.6.0, STM32Cube_FW_N6_V1.4.0, STM32Cube_FW_U0_V1.3.0, STM32Cube_FW_U3_V1.4.0, STM32Cube_FW_U5_V1.9.0, STM32Cube_FW_WB0_V1.5.0, STM32Cube_FW_WBA_V1.10.0, STM32Cube_FW_WB_V1.24.0, STM32Cube_FW_WL3_V1.5.0, STM32Cube_FW_WL_V1.6.0, X-CUBE-ALGOBUILD_V1.5.0, X-CUBE-ALS_V1.0.2, X-CUBE-AZRTOS-F4_V1.1.0, X-CUBE-AZRTOS-F7_V1.1.0, X-CUBE-AZRTOS-G0_V1.1.0, X-CUBE-AZRTOS-G4_V2.0.0, X-CUBE-AZRTOS-H7RS_V1.1.0, X-CUBE-AZRTOS-H7_V3.5.0, X-CUBE-AZRTOS-L4_V2.0.0, X-CUBE-AZRTOS-L5_V2.0.0, X-CUBE-AZRTOS-WB_V2.0.0, X-CUBE-AZRTOS-WL_V2.0.0, X-CUBE-BLE1_V7.1.0, X-CUBE-BLE2_V3.3.0, X-CUBE-BLEMGR_V4.1.0, X-CUBE-EEPRMA1_V5.2.0, X-CUBE-FREERTOS_V1.5.0, X-CUBE-GNSS1_V7.1.1, X-CUBE-MEMS1_V12.1.0, X-CUBE-NFC4_V3.0.0, X-CUBE-NFC7_V2.0.0, X-CUBE-SFXS2LP1_V4.0.0, X-CUBE-ST67W61_V1.3.0, X-CUBE-SUBG2_V5.0.0, X-CUBE-TOF1_V3.4.3]
2026-08-01 10:03:15,349 [INFO] DbBoardsSqlite:226 - include board P-NUCLEO-WB55-NUCLEO as a kit item of type 'Nucleo-64'
2026-08-01 10:03:15,349 [INFO] DbBoardsSqlite:226 - include board P-NUCLEO-WB55-USBDONGLE as a kit item of type 'Nucleo USB Dongle'
2026-08-01 10:03:15,350 [INFO] DbBoardsSqlite:226 - include board STEVAL-IDP005V1 as a kit item of type 'Evaluation Board'
2026-08-01 10:03:15,350 [INFO] DbBoardsSqlite:226 - include board STEVAL-IDP005V2 as a kit item of type 'Evaluation Board'
2026-08-01 10:03:15,404 [INFO] ApiDb:240 - Found 323 in-development CPN: [B-G473E-ZEST1S, B-WB1M-WPAN1, B-WL5M-SUBG1, NUCLEO-C031C6, NUCLEO-H503RB, NUCLEO-H563ZI, NUCLEO-U545RE-Q, NUCLEO-U5A5ZJ-Q, NUCLEO-WBA52CG, STEVAL-PROTEUS1, STEVAL-SMARTAG2, STEVAL-STWINBX1, STM320518-EVAL, STM32C0116-DK, STM32C011D6Y3TR, STM32C011D6Y6TR, STM32C011F4P3, STM32C011F4P6, STM32C011F4U3, STM32C011F4U6TR, STM32C011F6P3, STM32C011F6P6, STM32C011F6U3, STM32C011F6U6TR, STM32C011J4M3, STM32C011J4M6, STM32C011J6M3, STM32C011J6M6, STM32C0316-DK, STM32C031C4T3, STM32C031C4T6, STM32C031C4U3, STM32C031C4U6, STM32C031C6T3, STM32C031C6T6, STM32C031C6U3, STM32C031C6U6, STM32C031F4P3, STM32C031F4P6, STM32C031F6P3, STM32C031F6P6, STM32C031G4U3, STM32C031G4U6, STM32C031G6U3, STM32C031G6U6, STM32C031K4T3, STM32C031K4T6, STM32C031K4U3, STM32C031K4U6, STM32C031K6T3, STM32C031K6T6, STM32C031K6U3, STM32C031K6U6, STM32G071K8TXN, STM32G071K8UXN, STM32G081GBU6N, STM32G081KBT6N, STM32G081KBUXN, STM32G0B1CCT6N, STM32G0B1KCT6, STM32G0B1NEY6TR, STM32G0B1RCT6N, STM32G0C1CCT6, STM32G0C1CCT6N, STM32G0C1CCU6N, STM32G0C1CET6N, STM32G0C1CEU6N, STM32G0C1KCT6, STM32G0C1NEY6TR, STM32G0C1RCI6N, STM32G0C1RCT6N, STM32G0C1REI6N, STM32G0C1RET6N, STM32G0C1VCI6, STM32G0C1VEI6, STM32G471CCT6, STM32G471CCU6, STM32G471CET3, STM32G471CET6, STM32G471CEU3, STM32G471CEU6, STM32G471MCT6, STM32G471MET3, STM32G471MET6, STM32G471MEY6TR, STM32G471QCT6, STM32G471QET3, STM32G471RCT6, STM32G471RET3, STM32G471RET6, STM32G471VCH6, STM32G471VCI6, STM32G471VCT6, STM32G471VEH3, STM32G471VEH6, STM32G471VEI3, STM32G471VEI6, STM32G471VET3, STM32G471VET6, STM32G474CCT6, STM32H503CBT6, STM32H503CBU6, STM32H503EBY6TR, STM32H503KBU6, STM32H503RBT6, STM32H562AGI6, STM32H562AII6, STM32H562IGK6, STM32H562IGT6, STM32H562IIK6, STM32H562IIT6, STM32H562RGT6, STM32H562RGV6, STM32H562RIT6, STM32H562RIV6, STM32H562VGT6, STM32H562VIT6, STM32H562ZGT6, STM32H562ZIT6, STM32H563AGI6, STM32H563AII3Q, STM32H563AII6, STM32H563IGK6, STM32H563IGT6, STM32H563IIK3Q, STM32H563IIK6, STM32H563IIT3Q, STM32H563IIT6, STM32H563MIY3QTR, STM32H563RGT6, STM32H563RGV6, STM32H563RIT6, STM32H563RIV6, STM32H563VGT6, STM32H563VIT3Q, STM32H563VIT6, STM32H563ZGT6, STM32H563ZIT3Q, STM32H563ZIT6, STM32H573AII3Q, STM32H573AII6, STM32H573I-DK, STM32H573IIK3Q, STM32H573IIK6, STM32H573IIT3Q, STM32H573IIT6, STM32H573MIY3QTR, STM32H573RIT6, STM32H573RIV6, STM32H573VIT3Q, STM32H573VIT6, STM32H573ZIT3Q, STM32H573ZIT6, STM32L4R5QGI6STR, STM32MP131AAE3, STM32MP131AAF3, STM32MP131AAG3, STM32MP131CAE3, STM32MP131CAF3, STM32MP131CAG3, STM32MP131DAE7, STM32MP131DAF7, STM32MP131DAG7, STM32MP131FAE7, STM32MP131FAF7, STM32MP131FAG7, STM32MP133AAE3, STM32MP133AAF3, STM32MP133AAG3, STM32MP133CAE3, STM32MP133CAF3, STM32MP133CAG3, STM32MP133DAE7, STM32MP133DAF7, STM32MP133DAG7, STM32MP133FAE7, STM32MP133FAF7, STM32MP133FAG7, STM32MP135AAE3, STM32MP135AAF3, STM32MP135AAG3, STM32MP135CAE3, STM32MP135CAF3, STM32MP135CAG3, STM32MP135DAE7, STM32MP135DAF7, STM32MP135DAG7, STM32MP135F-DK, STM32MP135FAE7, STM32MP135FAF7, STM32MP135FAF7T, STM32MP135FAF7U, STM32MP135FAG7, STM32U535CBT6, STM32U535CBT6Q, STM32U535CBU6, STM32U535CBU6Q, STM32U535CCT6, STM32U535CCT6Q, STM32U535CCU6, STM32U535CCU6Q, STM32U535CET6, STM32U535CET6Q, STM32U535CEU6, STM32U535CEU6Q, STM32U535JEY6QTR, STM32U535NCY6QTR, STM32U535NEY6QTR, STM32U535RBI6, STM32U535RBI6Q, STM32U535RBT6, STM32U535RBT6Q, STM32U535RCI6, STM32U535RCI6Q, STM32U535RCT6, STM32U535RCT6Q, STM32U535REI6, STM32U535REI6Q, STM32U535RET6, STM32U535RET6Q, STM32U535VCI6, STM32U535VCI6Q, STM32U535VCT6, STM32U535VCT6Q, STM32U535VEI6, STM32U535VEI6Q, STM32U535VET6, STM32U535VET6Q, STM32U545CET6, STM32U545CET6Q, STM32U545CEU6, STM32U545CEU6Q, STM32U545JEY6QTR, STM32U545NEY6QTR, STM32U545REI6, STM32U545REI6Q, STM32U545RET6, STM32U545RET6Q, STM32U545VEI6, STM32U545VEI6Q, STM32U545VET6, STM32U545VET6Q, STM32U595AIH6, STM32U595AIH6Q, STM32U595AJH6, STM32U595AJH6Q, STM32U595QII6, STM32U595QII6Q, STM32U595QJI6, STM32U595QJI6Q, STM32U595RIT6, STM32U595RIT6Q, STM32U595RJT6, STM32U595RJT6Q, STM32U595VIT6, STM32U595VIT6Q, STM32U595VJT6, STM32U595VJT6Q, STM32U595ZIT6, STM32U595ZIT6Q, STM32U595ZIY6QTR, STM32U595ZJT6, STM32U595ZJT6Q, STM32U595ZJY6QTR, STM32U599BJY6QTR, STM32U599NIH6Q, STM32U599NJH6Q, STM32U599VIT6Q, STM32U599VJT6, STM32U599VJT6Q, STM32U599ZIT6Q, STM32U599ZIY6QTR, STM32U599ZJT6Q, STM32U599ZJY6QTR, STM32U5A5AJH6, STM32U5A5AJH6Q, STM32U5A5QJI6, STM32U5A5QJI6Q, STM32U5A5RJT6, STM32U5A5RJT6Q, STM32U5A5VJT6, STM32U5A5VJT6Q, STM32U5A5ZJT6, STM32U5A5ZJT6Q, STM32U5A5ZJY6QTR, STM32U5A9BJY6QTR, STM32U5A9J-DK, STM32U5A9NJH6Q, STM32U5A9VJT6Q, STM32U5A9ZJT6Q, STM32U5A9ZJY6QTR, STM32U5F7VIT6, STM32U5F7VIT6Q, STM32U5F7VJT6, STM32U5F7VJT6Q, STM32U5F9BJY6QTR, STM32U5F9NJH6Q, STM32U5F9VIT6Q, STM32U5F9VJT6Q, STM32U5F9ZIJ6QTR, STM32U5F9ZIT6Q, STM32U5F9ZJJ6QTR, STM32U5F9ZJT6Q, STM32U5G7VJT6, STM32U5G7VJT6Q, STM32U5G9BJY6QTR, STM32U5G9J-DK1, STM32U5G9J-DK2, STM32U5G9NJH6Q, STM32U5G9VJT6Q, STM32U5G9ZJJ6QTR, STM32U5G9ZJT6Q, STM32WB1MMCH6, STM32WBA52CEU6, STM32WBA52CEU6T, STM32WBA52CGU6, STM32WBA52CGU6T, STM32WBA52KEU6, STM32WBA52KEU6T, STM32WBA52KGU6, STM32WBA52KGU6T, STM32WL5MOCH6, STM32WL5MOCH6TR]
2026-08-01 10:03:15,417 [INFO] BoardInfo:880 - No configuration file found for board B-WBA5M-WPAN
2026-08-01 10:03:15,417 [INFO] DbBoards:157 - Board is not supported: B-WBA5M-WPAN
2026-08-01 10:03:15,419 [INFO] BoardInfo:880 - No configuration file found for board NUCLEO-C051C8
2026-08-01 10:03:15,419 [INFO] DbBoards:157 - Board is not supported: NUCLEO-C051C8
2026-08-01 10:03:15,420 [INFO] BoardInfo:880 - No configuration file found for board NUCLEO-C071RB
2026-08-01 10:03:15,420 [INFO] DbBoards:157 - Board is not supported: NUCLEO-C071RB
2026-08-01 10:03:15,421 [INFO] BoardInfo:880 - No configuration file found for board NUCLEO-C092RC
2026-08-01 10:03:15,421 [INFO] DbBoards:157 - Board is not supported: NUCLEO-C092RC
2026-08-01 10:03:15,447 [INFO] BoardInfo:880 - No configuration file found for board NUCLEO-H533RE
2026-08-01 10:03:15,447 [INFO] DbBoards:157 - Board is not supported: NUCLEO-H533RE
2026-08-01 10:03:15,449 [INFO] BoardInfo:880 - No configuration file found for board NUCLEO-H5E5ZJ
2026-08-01 10:03:15,449 [INFO] DbBoards:157 - Board is not supported: NUCLEO-H5E5ZJ
2026-08-01 10:03:15,456 [INFO] BoardInfo:880 - No configuration file found for board NUCLEO-H7S3L8
2026-08-01 10:03:15,456 [INFO] DbBoards:157 - Board is not supported: NUCLEO-H7S3L8
2026-08-01 10:03:15,473 [INFO] BoardInfo:880 - No configuration file found for board NUCLEO-N657X0-Q
2026-08-01 10:03:15,473 [INFO] DbBoards:157 - Board is not supported: NUCLEO-N657X0-Q
2026-08-01 10:03:15,473 [INFO] BoardInfo:880 - No configuration file found for board NUCLEO-U031R8
2026-08-01 10:03:15,474 [INFO] DbBoards:157 - Board is not supported: NUCLEO-U031R8
2026-08-01 10:03:15,474 [INFO] BoardInfo:880 - No configuration file found for board NUCLEO-U083RC
2026-08-01 10:03:15,474 [INFO] DbBoards:157 - Board is not supported: NUCLEO-U083RC
2026-08-01 10:03:15,475 [INFO] BoardInfo:880 - No configuration file found for board NUCLEO-U385RG-Q
2026-08-01 10:03:15,475 [INFO] DbBoards:157 - Board is not supported: NUCLEO-U385RG-Q
2026-08-01 10:03:15,476 [INFO] BoardInfo:880 - No configuration file found for board NUCLEO-U3C5ZI-Q
2026-08-01 10:03:15,476 [INFO] DbBoards:157 - Board is not supported: NUCLEO-U3C5ZI-Q
2026-08-01 10:03:15,479 [INFO] BoardInfo:880 - No configuration file found for board NUCLEO-WB05KZ
2026-08-01 10:03:15,479 [INFO] DbBoards:157 - Board is not supported: NUCLEO-WB05KZ
2026-08-01 10:03:15,480 [INFO] BoardInfo:880 - No configuration file found for board NUCLEO-WB07CC
2026-08-01 10:03:15,480 [INFO] DbBoards:157 - Board is not supported: NUCLEO-WB07CC
2026-08-01 10:03:15,481 [INFO] BoardInfo:880 - No configuration file found for board NUCLEO-WB09KE
2026-08-01 10:03:15,481 [INFO] DbBoards:157 - Board is not supported: NUCLEO-WB09KE
2026-08-01 10:03:15,488 [INFO] BoardInfo:880 - No configuration file found for board NUCLEO-WBA25CE1
2026-08-01 10:03:15,488 [INFO] DbBoards:157 - Board is not supported: NUCLEO-WBA25CE1
2026-08-01 10:03:15,490 [INFO] BoardInfo:880 - No configuration file found for board NUCLEO-WBA55CG
2026-08-01 10:03:15,490 [INFO] DbBoards:157 - Board is not supported: NUCLEO-WBA55CG
2026-08-01 10:03:15,491 [INFO] BoardInfo:880 - No configuration file found for board NUCLEO-WBA65RI
2026-08-01 10:03:15,491 [INFO] DbBoards:157 - Board is not supported: NUCLEO-WBA65RI
2026-08-01 10:03:15,492 [INFO] BoardInfo:880 - No configuration file found for board NUCLEO-WL33CC1
2026-08-01 10:03:15,492 [INFO] DbBoards:157 - Board is not supported: NUCLEO-WL33CC1
2026-08-01 10:03:15,493 [INFO] BoardInfo:880 - No configuration file found for board NUCLEO-WL33CC2
2026-08-01 10:03:15,493 [INFO] DbBoards:157 - Board is not supported: NUCLEO-WL33CC2
2026-08-01 10:03:15,494 [INFO] BoardInfo:880 - No configuration file found for board NUCLEO-WL3RKB1
2026-08-01 10:03:15,494 [INFO] DbBoards:157 - Board is not supported: NUCLEO-WL3RKB1
2026-08-01 10:03:15,495 [INFO] BoardInfo:880 - No configuration file found for board NUCLEO-WL3RKB2
2026-08-01 10:03:15,495 [INFO] DbBoards:157 - Board is not supported: NUCLEO-WL3RKB2
2026-08-01 10:03:15,500 [INFO] BoardInfo:880 - No configuration file found for board P-NUCLEO-WB55
2026-08-01 10:03:15,500 [INFO] DbBoards:157 - Kit is not supported: P-NUCLEO-WB55
2026-08-01 10:03:15,503 [INFO] BoardInfo:880 - No configuration file found for board STEVAL-BFA001V1B
2026-08-01 10:03:15,503 [INFO] DbBoards:157 - Kit is not supported: STEVAL-BFA001V1B
2026-08-01 10:03:15,504 [INFO] BoardInfo:880 - No configuration file found for board STEVAL-BFA001V2B
2026-08-01 10:03:15,504 [INFO] DbBoards:157 - Kit is not supported: STEVAL-BFA001V2B
2026-08-01 10:03:15,507 [INFO] BoardInfo:880 - No configuration file found for board STEVAL-MKBOXPRO
2026-08-01 10:03:15,507 [INFO] DbBoards:157 - Board is not supported: STEVAL-MKBOXPRO
2026-08-01 10:03:15,553 [INFO] BoardInfo:880 - No configuration file found for board STM32H5F5J-DK
2026-08-01 10:03:15,553 [INFO] DbBoards:157 - Board is not supported: STM32H5F5J-DK
2026-08-01 10:03:15,564 [INFO] BoardInfo:880 - No configuration file found for board STM32H7S78-DK
2026-08-01 10:03:15,564 [INFO] DbBoards:157 - Board is not supported: STM32H7S78-DK
2026-08-01 10:03:15,580 [INFO] BoardInfo:880 - No configuration file found for board STM32MP215F-DK
2026-08-01 10:03:15,580 [INFO] DbBoards:157 - Board is not supported: STM32MP215F-DK
2026-08-01 10:03:15,581 [INFO] BoardInfo:880 - No configuration file found for board STM32MP257F-DK
2026-08-01 10:03:15,581 [INFO] DbBoards:157 - Board is not supported: STM32MP257F-DK
2026-08-01 10:03:15,582 [INFO] BoardInfo:880 - No configuration file found for board STM32MP257F-EV1
2026-08-01 10:03:15,582 [INFO] DbBoards:157 - Board is not supported: STM32MP257F-EV1
2026-08-01 10:03:15,583 [INFO] BoardInfo:880 - No configuration file found for board STM32N6570-DK
2026-08-01 10:03:15,583 [INFO] DbBoards:157 - Board is not supported: STM32N6570-DK
2026-08-01 10:03:15,584 [INFO] BoardInfo:880 - No configuration file found for board STM32U083C-DK
2026-08-01 10:03:15,584 [INFO] DbBoards:157 - Board is not supported: STM32U083C-DK
2026-08-01 10:03:15,589 [INFO] BoardInfo:880 - No configuration file found for board STM32WBA55G-DK1
2026-08-01 10:03:15,589 [INFO] DbBoards:157 - Board is not supported: STM32WBA55G-DK1
2026-08-01 10:03:15,590 [INFO] BoardInfo:880 - No configuration file found for board STM32WBA65I-DK1
2026-08-01 10:03:15,590 [INFO] DbBoards:157 - Board is not supported: STM32WBA65I-DK1
2026-08-01 10:03:15,590 [INFO] DbBoards:161 - Found 218 boards, 183 are supported
2026-08-01 10:03:15,593 [INFO] ApiDb:423 - Load user favorites file C:\Users\Admin/.stm32cubeide/favorites.boards.txt: 0 item(s)
2026-08-01 10:03:15,593 [INFO] ApiDb:427 - User favorites Boards=[]
2026-08-01 10:03:15,593 [INFO] DbBoards:190 - Set 0 / 0 favorites Boards
2026-08-01 10:03:15,601 [ERROR] TargetSelectorAdapter:267 - Unable to refresh data
2026-08-01 10:03:15,628 [INFO] McuFinderGlobals:76 - Set McuFinderConnectedMode to true
2026-08-01 10:03:15,628 [INFO] MultiScanPanel:200 - Auto-refresh data requested => check proxy status ongoing
2026-08-01 10:03:15,628 [INFO] FinderPluginLoader:95 - Searching for filters in installed packs
2026-08-01 10:03:16,351 [INFO] LoadUrlFilesThread:185 - End of LoadServerUrlFiles without Thread
2026-08-01 10:03:16,351 [INFO] DetailPanel:341 - Set advertising image to C:/Users/Admin/STM32Cube/Repository/\en.stm32h5cubemxbanner.png
2026-08-01 10:04:05,447 [INFO] MainUpdater:2868 - connection check result : 10
2026-08-01 10:04:05,447 [INFO] MainUpdater:2868 - connection check result : 10
2026-08-01 10:04:06,006 [INFO] MicroXplorer:468 - Change Database Path : 
2026-08-01 10:04:06,006 [INFO] MicroXplorer:498 - Change Database Version : DB.6.0.91
2026-08-01 10:04:06,021 [WARN] ThirdParty:871 - waiting for thirdparty lock release [close project]
2026-08-01 10:04:06,021 [INFO] ThirdParty:873 - entering critical section [close project]
2026-08-01 10:04:06,021 [INFO] ThirdParty:883 - exiting critical section [close project]
2026-08-01 10:04:06,022 [INFO] PinOutPanel:1499 - setPackage(No Configuration,No Configuration)
2026-08-01 10:04:06,042 [WARN] IpParametersView:151 - Warning: This peripheral hasn't parameters
2026-08-01 10:04:06,054 [WARN] MainPanel:272 - <html><b><center>Warning: This peripheral has no parameters to be configured<br></b></html>
2026-08-01 10:04:06,062 [INFO] UtilMem:75 - Begin LoadConfig() Used Memory: 907862112 Bytes (1073741824)
2026-08-01 10:04:06,062 [INFO] MicroXplorer:468 - Change Database Path : 
2026-08-01 10:04:06,062 [INFO] MicroXplorer:498 - Change Database Version : DB.6.0.91
2026-08-01 10:04:06,062 [INFO] OpenFileManager:308 - Change cursor
2026-08-01 10:04:06,131 [INFO] Mcu:1946 - Initializing MCU STM32F411CEUx STM32F411CEUx STM32F411CEU6
2026-08-01 10:04:06,721 [INFO] Context:659 - Trying to add GPIOservice into a context  which must be forbidden
2026-08-01 10:04:06,864 [INFO] ImportTextPane:194 - (OptionalMessage_ERROR) Unable to find key (Mcu.ThirdPartyNb) in loaded IOC file
2026-08-01 10:04:06,864 [INFO] ImportTextPane:194 - (OptionalMessage_ERROR) Unable to find key (Mcu.PinsNb) in loaded IOC file
2026-08-01 10:04:06,864 [INFO] ImportTextPane:194 - (OptionalMessage_ERROR) Unable to find key (Mcu.IPNb) in loaded IOC file
2026-08-01 10:04:06,877 [INFO] RtosManager:555 - Registered RTOS mode: class=CMSIS, group=RTOS, mode=CMSIS_V1, owner=FREERTOS
2026-08-01 10:04:06,877 [INFO] RtosManager:555 - Registered RTOS mode: class=CMSIS, group=RTOS2, mode=CMSIS_V2, owner=FREERTOS
2026-08-01 10:04:06,877 [INFO] RtosManager:555 - Registered RTOS mode: class=RTOS, group=Core, mode=CMSIS_V1, owner=FREERTOS
2026-08-01 10:04:06,877 [INFO] RtosManager:555 - Registered RTOS mode: class=RTOS, group=Core, mode=CMSIS_V2, owner=FREERTOS
2026-08-01 10:04:06,877 [WARN] ModelIntegratedComponent:184 - Missing modes for component STMicroelectronics:FreeRTOS:0.0.1:STMicroelectronics:RTOS:FreeRTOS:Core:::10.2.0:
2026-08-01 10:04:06,926 [WARN] ModelIntegratedComponent:182 - Modes not found for component STMicroelectronics:USB_HOST:1.0.0:STMicroelectronics:USB::USB Host:Audio HS::1.0:USB_HOST_1_0_RESTRICTED_HS
2026-08-01 10:04:06,926 [WARN] ModelIntegratedComponent:188 - Modes not found for component STMicroelectronics:USB_HOST:1.0.0:STMicroelectronics:USB::USB Host:Audio HS::1.0:USB_HOST_1_0_RESTRICTED_HS
2026-08-01 10:04:06,926 [WARN] ModelIntegratedComponent:182 - Modes not found for component STMicroelectronics:USB_HOST:1.0.0:STMicroelectronics:USB::USB Host:CDC HS::1.0:USB_HOST_1_0_RESTRICTED_HS
2026-08-01 10:04:06,926 [WARN] ModelIntegratedComponent:188 - Modes not found for component STMicroelectronics:USB_HOST:1.0.0:STMicroelectronics:USB::USB Host:CDC HS::1.0:USB_HOST_1_0_RESTRICTED_HS
2026-08-01 10:04:06,926 [WARN] ModelIntegratedComponent:182 - Modes not found for component STMicroelectronics:USB_HOST:1.0.0:STMicroelectronics:USB::USB Host:MSC HS::1.0:USB_HOST_1_0_RESTRICTED_HS
2026-08-01 10:04:06,926 [WARN] ModelIntegratedComponent:188 - Modes not found for component STMicroelectronics:USB_HOST:1.0.0:STMicroelectronics:USB::USB Host:MSC HS::1.0:USB_HOST_1_0_RESTRICTED_HS
2026-08-01 10:04:06,926 [WARN] ModelIntegratedComponent:182 - Modes not found for component STMicroelectronics:USB_HOST:1.0.0:STMicroelectronics:USB::USB Host:HID HS::1.0:USB_HOST_1_0_RESTRICTED_HS
2026-08-01 10:04:06,926 [WARN] ModelIntegratedComponent:188 - Modes not found for component STMicroelectronics:USB_HOST:1.0.0:STMicroelectronics:USB::USB Host:HID HS::1.0:USB_HOST_1_0_RESTRICTED_HS
2026-08-01 10:04:06,926 [WARN] ModelIntegratedComponent:182 - Modes not found for component STMicroelectronics:USB_HOST:1.0.0:STMicroelectronics:USB::USB Host:MTP HS::1.0:USB_HOST_1_0_RESTRICTED_HS
2026-08-01 10:04:06,926 [WARN] ModelIntegratedComponent:188 - Modes not found for component STMicroelectronics:USB_HOST:1.0.0:STMicroelectronics:USB::USB Host:MTP HS::1.0:USB_HOST_1_0_RESTRICTED_HS
2026-08-01 10:04:06,929 [WARN] ModelIntegratedComponent:63 - No mode defined for component null
2026-08-01 10:04:06,929 [WARN] ModelIntegratedComponent:63 - No mode defined for component null
2026-08-01 10:04:06,929 [WARN] ModelIntegratedComponent:63 - No mode defined for component null
2026-08-01 10:04:06,929 [WARN] ModelIntegratedComponent:63 - No mode defined for component null
2026-08-01 10:04:06,929 [WARN] ModelIntegratedComponent:63 - No mode defined for component null
2026-08-01 10:04:06,929 [WARN] ModelIntegratedComponent:63 - No mode defined for component null
2026-08-01 10:04:06,929 [WARN] ModelIntegratedComponent:63 - No mode defined for component null
2026-08-01 10:04:06,929 [WARN] ModelIntegratedComponent:63 - No mode defined for component null
2026-08-01 10:04:06,929 [WARN] ModelIntegratedComponent:63 - No mode defined for component null
2026-08-01 10:04:06,930 [WARN] ModelIntegratedComponent:63 - No mode defined for component null
2026-08-01 10:04:06,930 [WARN] ModelIntegratedComponent:63 - No mode defined for component null
2026-08-01 10:04:06,930 [WARN] ModelIntegratedComponent:63 - No mode defined for component null
2026-08-01 10:04:06,930 [WARN] ModelIntegratedComponent:63 - No mode defined for component null
2026-08-01 10:04:06,930 [WARN] ModelIntegratedComponent:63 - No mode defined for component null
2026-08-01 10:04:06,930 [WARN] ModelIntegratedComponent:63 - No mode defined for component null
2026-08-01 10:04:06,930 [WARN] ModelIntegratedComponent:63 - No mode defined for component null
2026-08-01 10:04:06,930 [WARN] ModelIntegratedComponent:63 - No mode defined for component null
2026-08-01 10:04:06,930 [WARN] ModelIntegratedComponent:63 - No mode defined for component null
2026-08-01 10:04:06,930 [WARN] ModelIntegratedComponent:63 - No mode defined for component null
2026-08-01 10:04:06,930 [WARN] ModelIntegratedComponent:63 - No mode defined for component null
2026-08-01 10:04:06,930 [WARN] ModelIntegratedComponent:63 - No mode defined for component null
2026-08-01 10:04:06,930 [WARN] ModelIntegratedComponent:63 - No mode defined for component null
2026-08-01 10:04:06,930 [WARN] ModelIntegratedComponent:63 - No mode defined for component null
2026-08-01 10:04:06,930 [WARN] ModelIntegratedComponent:63 - No mode defined for component null
2026-08-01 10:04:06,930 [WARN] ModelIntegratedComponent:63 - No mode defined for component null
2026-08-01 10:04:06,930 [WARN] ModelIntegratedComponent:63 - No mode defined for component null
2026-08-01 10:04:06,930 [WARN] ModelIntegratedComponent:63 - No mode defined for component null
2026-08-01 10:04:06,930 [WARN] ModelIntegratedComponent:63 - No mode defined for component null
2026-08-01 10:04:06,930 [WARN] ModelIntegratedComponent:63 - No mode defined for component null
2026-08-01 10:04:06,930 [WARN] ModelIntegratedComponent:63 - No mode defined for component null
2026-08-01 10:04:06,930 [WARN] ModelIntegratedComponent:63 - No mode defined for component null
2026-08-01 10:04:06,930 [WARN] ModelIntegratedComponent:63 - No mode defined for component null
2026-08-01 10:04:06,930 [WARN] ModelIntegratedComponent:63 - No mode defined for component null
2026-08-01 10:04:06,982 [WARN] ModelIntegratedComponent:182 - Modes not found for component STMicroelectronics:USB_DEVICE:1.0.0:STMicroelectronics:USB::USB Device:Audio HS::1.0:USB_DEVICE_1_0_RESTRICTED_HS
2026-08-01 10:04:06,982 [WARN] ModelIntegratedComponent:188 - Modes not found for component STMicroelectronics:USB_DEVICE:1.0.0:STMicroelectronics:USB::USB Device:Audio HS::1.0:USB_DEVICE_1_0_RESTRICTED_HS
2026-08-01 10:04:06,982 [WARN] ModelIntegratedComponent:182 - Modes not found for component STMicroelectronics:USB_DEVICE:1.0.0:STMicroelectronics:USB::USB Device:CDC HS::1.0:USB_DEVICE_1_0_RESTRICTED_HS
2026-08-01 10:04:06,982 [WARN] ModelIntegratedComponent:188 - Modes not found for component STMicroelectronics:USB_DEVICE:1.0.0:STMicroelectronics:USB::USB Device:CDC HS::1.0:USB_DEVICE_1_0_RESTRICTED_HS
2026-08-01 10:04:06,982 [WARN] ModelIntegratedComponent:182 - Modes not found for component STMicroelectronics:USB_DEVICE:1.0.0:STMicroelectronics:USB::USB Device:DFU HS::1.0:USB_DEVICE_1_0_RESTRICTED_HS
2026-08-01 10:04:06,982 [WARN] ModelIntegratedComponent:188 - Modes not found for component STMicroelectronics:USB_DEVICE:1.0.0:STMicroelectronics:USB::USB Device:DFU HS::1.0:USB_DEVICE_1_0_RESTRICTED_HS
2026-08-01 10:04:06,982 [WARN] ModelIntegratedComponent:182 - Modes not found for component STMicroelectronics:USB_DEVICE:1.0.0:STMicroelectronics:USB::USB Device:HID HS::1.0:USB_DEVICE_1_0_RESTRICTED_HS
2026-08-01 10:04:06,982 [WARN] ModelIntegratedComponent:188 - Modes not found for component STMicroelectronics:USB_DEVICE:1.0.0:STMicroelectronics:USB::USB Device:HID HS::1.0:USB_DEVICE_1_0_RESTRICTED_HS
2026-08-01 10:04:06,982 [WARN] ModelIntegratedComponent:182 - Modes not found for component STMicroelectronics:USB_DEVICE:1.0.0:STMicroelectronics:USB::USB Device:Custom HID HS::1.0:USB_DEVICE_1_0_RESTRICTED_HS
2026-08-01 10:04:06,982 [WARN] ModelIntegratedComponent:188 - Modes not found for component STMicroelectronics:USB_DEVICE:1.0.0:STMicroelectronics:USB::USB Device:Custom HID HS::1.0:USB_DEVICE_1_0_RESTRICTED_HS
2026-08-01 10:04:06,982 [WARN] ModelIntegratedComponent:182 - Modes not found for component STMicroelectronics:USB_DEVICE:1.0.0:STMicroelectronics:USB::USB Device:MSC HS::1.0:USB_DEVICE_1_0_RESTRICTED_HS
2026-08-01 10:04:06,982 [WARN] ModelIntegratedComponent:188 - Modes not found for component STMicroelectronics:USB_DEVICE:1.0.0:STMicroelectronics:USB::USB Device:MSC HS::1.0:USB_DEVICE_1_0_RESTRICTED_HS
2026-08-01 10:04:06,989 [INFO] ThirdPartyModel:298 - Start build external matchings
2026-08-01 10:04:07,207 [INFO] ThirdPartyModel:316 - End build external matchings
2026-08-01 10:04:07,402 [INFO] UtilMem:75 - End LoadConfig() Used Memory: 814455240 Bytes (1073741824)
2026-08-01 10:04:07,421 [WARN] ThirdParty:833 - waiting for thirdparty lock release [change project]
2026-08-01 10:04:07,421 [INFO] ThirdParty:835 - entering critical section [change project]
2026-08-01 10:04:07,422 [INFO] ThirdParty:1030 - CMSIS Pack Vendor :STMicroelectronics USBPD 4.1
2026-08-01 10:04:07,422 [INFO] ThirdParty:1030 - CMSIS Pack Vendor :STMicroelectronics USB_HOST 2.0.0
2026-08-01 10:04:07,422 [INFO] ThirdParty:1030 - CMSIS Pack Vendor :STMicroelectronics FP-ATR-ASTRA1 2.0.3
2026-08-01 10:04:07,422 [INFO] ThirdParty:1030 - CMSIS Pack Vendor :STMicroelectronics X-CUBE-AZRTOS-F4 1.1.0
2026-08-01 10:04:07,422 [INFO] ThirdParty:1030 - CMSIS Pack Vendor :STMicroelectronics LIBJPEG 8.0.0
2026-08-01 10:04:07,422 [INFO] ThirdParty:1030 - CMSIS Pack Vendor :STMicroelectronics FP-ATR-ASTRA1 2.0.2
2026-08-01 10:04:07,422 [INFO] ThirdParty:1030 - CMSIS Pack Vendor :STMicroelectronics X-CUBE-SMBUS 2.1.0
2026-08-01 10:04:07,422 [INFO] ThirdParty:1030 - CMSIS Pack Vendor :wolfSSL I-CUBE-wolfMQTT 1.19.2
2026-08-01 10:04:07,422 [INFO] ThirdParty:1030 - CMSIS Pack Vendor :STMicroelectronics USB_DEVICE 3.0.0
2026-08-01 10:04:07,422 [INFO] ThirdParty:1030 - CMSIS Pack Vendor :STMicroelectronics X-CUBE-AZRTOS-F7 1.1.0
2026-08-01 10:04:07,422 [INFO] ThirdParty:1030 - CMSIS Pack Vendor :STMicroelectronics USB_DEVICE 2.0.0
2026-08-01 10:04:07,422 [INFO] ThirdParty:1030 - CMSIS Pack Vendor :STMicroelectronics X-CUBE-ALGOBUILD 1.5.0
2026-08-01 10:04:07,422 [INFO] ThirdParty:1030 - CMSIS Pack Vendor :STMicroelectronics FreeRTOS 0.0.1
2026-08-01 10:04:07,422 [INFO] ThirdParty:1030 - CMSIS Pack Vendor :STMicroelectronics X-CUBE-AZRTOS-H7RS 1.3.0
2026-08-01 10:04:07,422 [INFO] ThirdParty:1030 - CMSIS Pack Vendor :STMicroelectronics X-CUBE-AZRTOS-G0 1.1.0
2026-08-01 10:04:07,422 [INFO] ThirdParty:1030 - CMSIS Pack Vendor :STMicroelectronics X-CUBE-NFC4 3.0.0
2026-08-01 10:04:07,422 [INFO] ThirdParty:1030 - CMSIS Pack Vendor :STMicroelectronics X-CUBE-SUBG2 5.0.0
2026-08-01 10:04:07,422 [INFO] ThirdParty:1030 - CMSIS Pack Vendor :STMicroelectronics STM32_WPAN 1.0.0
2026-08-01 10:04:07,422 [INFO] ThirdParty:1030 - CMSIS Pack Vendor :STMicroelectronics lwIP 2.0.3
2026-08-01 10:04:07,422 [INFO] ThirdParty:1030 - CMSIS Pack Vendor :STMicroelectronics X-CUBE-MEMS1 13.0.0
2026-08-01 10:04:07,422 [INFO] ThirdParty:1030 - CMSIS Pack Vendor :STMicroelectronics USB_HOST 1.0.0
2026-08-01 10:04:07,422 [INFO] ThirdParty:1030 - CMSIS Pack Vendor :STMicroelectronics X-CUBE-AZRTOS-G4 2.0.0
2026-08-01 10:04:07,422 [INFO] ThirdParty:1030 - CMSIS Pack Vendor :STMicroelectronics PDM2PCM 3.1.0
2026-08-01 10:04:07,422 [INFO] ThirdParty:1030 - CMSIS Pack Vendor :STMicroelectronics PDM2PCM 3.3.0
2026-08-01 10:04:07,422 [INFO] ThirdParty:1030 - CMSIS Pack Vendor :wolfSSL I-CUBE-wolfTPM 3.8.0
2026-08-01 10:04:07,422 [INFO] ThirdParty:1030 - CMSIS Pack Vendor :STMicroelectronics X-CUBE-DISPLAY 3.0.0
2026-08-01 10:04:07,422 [INFO] ThirdParty:1030 - CMSIS Pack Vendor :wolfSSL I-CUBE-wolfSSH 1.4.20
2026-08-01 10:04:07,422 [INFO] ThirdParty:1030 - CMSIS Pack Vendor :wolfSSL I-CUBE-wolfSSL 5.9.1
2026-08-01 10:04:07,422 [INFO] ThirdParty:1030 - CMSIS Pack Vendor :STMicroelectronics FP-ATR-SIGFOX1 3.2.0
2026-08-01 10:04:07,422 [INFO] ThirdParty:1030 - CMSIS Pack Vendor :STMicroelectronics HAL Drivers 0.0.0
2026-08-01 10:04:07,422 [INFO] ThirdParty:1030 - CMSIS Pack Vendor :STMicroelectronics MBEDTLS 2.16.2
2026-08-01 10:04:07,422 [INFO] ThirdParty:1030 - CMSIS Pack Vendor :emotas I-CUBE-CANOPEN 1.3.0
2026-08-01 10:04:07,422 [INFO] ThirdParty:1030 - CMSIS Pack Vendor :STMicroelectronics MBEDTLS 2.14.1
2026-08-01 10:04:07,422 [INFO] ThirdParty:1030 - CMSIS Pack Vendor :ITTIA_DB I-CUBE-ITTIADB 8.9.0
2026-08-01 10:04:07,422 [INFO] ThirdParty:1030 - CMSIS Pack Vendor :STMicroelectronics X-CUBE-TOUCHGFX 4.26.1
2026-08-01 10:04:07,422 [INFO] ThirdParty:1030 - CMSIS Pack Vendor :STMicroelectronics X-CUBE-AI 10.2.1
2026-08-01 10:04:07,422 [INFO] ThirdParty:1030 - CMSIS Pack Vendor :STMicroelectronics ThreadX 1.0.0
2026-08-01 10:04:07,422 [INFO] ThirdParty:1030 - CMSIS Pack Vendor :STMicroelectronics X-CUBE-MEMS1 12.1.0
2026-08-01 10:04:07,422 [INFO] ThirdParty:1030 - CMSIS Pack Vendor :STMicroelectronics X-CUBE-AZRTOS-WL 2.0.0
2026-08-01 10:04:07,422 [INFO] ThirdParty:1030 - CMSIS Pack Vendor :SEGGER I-CUBE-embOS 1.3.1
2026-08-01 10:04:07,422 [INFO] ThirdParty:1030 - CMSIS Pack Vendor :STMicroelectronics X-CUBE-ALGOBUILD 1.4.0
2026-08-01 10:04:07,422 [INFO] ThirdParty:1030 - CMSIS Pack Vendor :STMicroelectronics USB_DEVICE 1.0.0
2026-08-01 10:04:07,422 [INFO] ThirdParty:1030 - CMSIS Pack Vendor :STMicroelectronics X-CUBE-AZRTOS-H7RS 1.2.0
2026-08-01 10:04:07,422 [INFO] ThirdParty:1030 - CMSIS Pack Vendor :STMicroelectronics X-CUBE-AZRTOS-L4 2.0.0
2026-08-01 10:04:07,422 [INFO] ThirdParty:1030 - CMSIS Pack Vendor :STMicroelectronics ThreadX 0.0.2
2026-08-01 10:04:07,422 [INFO] ThirdParty:1030 - CMSIS Pack Vendor :STMicroelectronics lwIP 2.1.2
2026-08-01 10:04:07,422 [INFO] ThirdParty:1030 - CMSIS Pack Vendor :STMicroelectronics X-CUBE-SFXS2LP1 4.0.0
2026-08-01 10:04:07,422 [INFO] ThirdParty:1030 - CMSIS Pack Vendor :STMicroelectronics X-CUBE-BLE2 3.3.0
2026-08-01 10:04:07,422 [INFO] ThirdParty:1030 - CMSIS Pack Vendor :STMicroelectronics X-CUBE-NFC13 1.0.0
2026-08-01 10:04:07,422 [INFO] ThirdParty:1030 - CMSIS Pack Vendor :STMicroelectronics PDM2PCM 3.2.0
2026-08-01 10:04:07,422 [INFO] ThirdParty:841 - exiting critical section [change project]
2026-08-01 10:04:07,534 [INFO] PinOutPanel:1499 - setPackage(No Configuration,No Configuration)
2026-08-01 10:04:07,535 [INFO] PinOutPanel:1499 - setPackage(STM32F411CEUx,UFQFPN48)
2026-08-01 10:04:07,684 [INFO] UtilMem:75 - Before build in PCC Used Memory: 809103904 Bytes (1073741824)
2026-08-01 10:04:07,820 [INFO] UtilMem:75 - After build in PCC Used Memory: 800819784 Bytes (1073741824)
2026-08-01 10:04:07,833 [INFO] IPUIPlugin:80 - create IPUIPlugin
2026-08-01 10:04:07,833 [INFO] IPUIPlugin:80 - create IPUIPlugin
2026-08-01 10:04:07,833 [INFO] IPUIPlugin:80 - create IPUIPlugin
2026-08-01 10:04:07,833 [INFO] IPUIPlugin:80 - create IPUIPlugin
2026-08-01 10:04:07,833 [INFO] IPUIPlugin:80 - create IPUIPlugin
2026-08-01 10:04:07,833 [INFO] IPUIPlugin:80 - create IPUIPlugin
2026-08-01 10:04:07,833 [INFO] IPUIPlugin:80 - create IPUIPlugin
2026-08-01 10:04:07,834 [INFO] IPUIPlugin:80 - create IPUIPlugin
2026-08-01 10:04:07,834 [INFO] IPUIPlugin:80 - create IPUIPlugin
2026-08-01 10:04:07,834 [INFO] IPUIPlugin:80 - create IPUIPlugin
2026-08-01 10:04:07,834 [INFO] IPUIPlugin:80 - create IPUIPlugin
2026-08-01 10:04:07,834 [INFO] IPUIPlugin:80 - create IPUIPlugin
2026-08-01 10:04:07,834 [INFO] IPUIPlugin:80 - create IPUIPlugin
2026-08-01 10:04:07,834 [INFO] IPUIPlugin:80 - create IPUIPlugin
2026-08-01 10:04:07,834 [INFO] IPUIPlugin:80 - create IPUIPlugin
2026-08-01 10:04:07,834 [INFO] IPUIPlugin:80 - create IPUIPlugin
2026-08-01 10:04:07,834 [INFO] IPUIPlugin:80 - create IPUIPlugin
2026-08-01 10:04:07,834 [INFO] IPUIPlugin:80 - create IPUIPlugin
2026-08-01 10:04:07,834 [INFO] IPUIPlugin:80 - create IPUIPlugin
2026-08-01 10:04:07,834 [INFO] IPUIPlugin:80 - create IPUIPlugin
2026-08-01 10:04:07,835 [INFO] IPUIPlugin:80 - create IPUIPlugin
2026-08-01 10:04:07,835 [INFO] IPUIPlugin:80 - create IPUIPlugin
2026-08-01 10:04:07,835 [INFO] IPUIPlugin:80 - create IPUIPlugin
2026-08-01 10:04:07,835 [INFO] IPUIPlugin:80 - create IPUIPlugin
2026-08-01 10:04:07,835 [INFO] IPUIPlugin:80 - create IPUIPlugin
2026-08-01 10:04:07,835 [INFO] IPUIPlugin:80 - create IPUIPlugin
2026-08-01 10:04:07,835 [INFO] IPUIPlugin:80 - create IPUIPlugin
2026-08-01 10:04:07,835 [INFO] IPUIPlugin:80 - create IPUIPlugin
2026-08-01 10:04:07,836 [INFO] IPUIPlugin:80 - create IPUIPlugin
2026-08-01 10:04:07,836 [INFO] IPUIPlugin:80 - create IPUIPlugin
2026-08-01 10:04:07,836 [INFO] IPUIPlugin:80 - create IPUIPlugin
2026-08-01 10:04:07,836 [INFO] IPUIPlugin:80 - create IPUIPlugin
2026-08-01 10:04:07,836 [INFO] IPUIPlugin:80 - create IPUIPlugin
2026-08-01 10:04:07,836 [INFO] IPUIPlugin:80 - create IPUIPlugin
2026-08-01 10:04:07,836 [INFO] IPUIPlugin:80 - create IPUIPlugin
2026-08-01 10:04:07,836 [INFO] IPUIPlugin:80 - create IPUIPlugin
2026-08-01 10:04:07,836 [INFO] IPUIPlugin:80 - create IPUIPlugin
2026-08-01 10:04:07,837 [INFO] IPUIPlugin:80 - create IPUIPlugin
2026-08-01 10:04:07,837 [INFO] IPUIPlugin:80 - create IPUIPlugin
2026-08-01 10:04:07,837 [INFO] IPUIPlugin:80 - create IPUIPlugin
2026-08-01 10:04:07,837 [INFO] IPUIPlugin:80 - create IPUIPlugin
2026-08-01 10:04:07,837 [INFO] IPUIPlugin:80 - create IPUIPlugin
2026-08-01 10:04:07,837 [INFO] IPUIPlugin:80 - create IPUIPlugin
2026-08-01 10:04:07,840 [INFO] ApiDbMcu:507 - Load IP Config File for PDM2PCM
2026-08-01 10:04:07,858 [INFO] CADModel:165 - CPN selected for project levelSTM32F411CEU6
2026-08-01 10:04:07,858 [INFO] CADModel:114 - Register for checkConnection events
2026-08-01 10:04:07,906 [INFO] OpenFileManager:328 - Restore cursor
2026-08-01 10:04:08,198 [INFO] UtilMem:75 - End SaveConfig() Used Memory: 873457240 Bytes (1073741824)
2026-08-01 10:04:08,241 [INFO] UtilMem:75 - End SaveConfig() Used Memory: 889075128 Bytes (1073741824)
2026-08-01 10:04:08,597 [INFO] BlockDiagram:2759 - set Specific Code input for plugin: RCC
2026-08-01 10:04:08,597 [INFO] BlockDiagram:2759 - set Specific Code input for plugin: NVIC
2026-08-01 10:04:08,598 [INFO] CodeGenerator:799 - code generatio: config db path: C:\ST\STM32CubeIDE_1.13.1\STM32CubeIDE\plugins\com.st.stm32cube.common.mx_6.9.1.202307191849\\db\
2026-08-01 10:04:08,806 [INFO] CodeEngine:255 - oldGeneratedFile, C:\Users\Admin\Documents\GitHub\Drone-RTOS\Source\007EstimateAngle-Kalmanfilter\MXTmpFiles\license.tmp_save
2026-08-01 10:04:09,129 [INFO] CodeEngine:279 - Generated code: C:\Users\Admin\Documents\GitHub\Drone-RTOS\Source\007EstimateAngle-Kalmanfilter\MXTmpFiles\license.tmp
2026-08-01 10:04:09,144 [INFO] CodeEngine:255 - oldGeneratedFile, C:\Users\Admin\Documents\GitHub\Drone-RTOS\Source\007EstimateAngle-Kalmanfilter\Core\Src\stm32f4xx_it.c_save
2026-08-01 10:04:09,291 [INFO] CodeEngine:279 - Generated code: C:\Users\Admin\Documents\GitHub\Drone-RTOS\Source\007EstimateAngle-Kalmanfilter\Core\Src\stm32f4xx_it.c
2026-08-01 10:04:09,295 [INFO] CodeEngine:255 - oldGeneratedFile, C:\Users\Admin\Documents\GitHub\Drone-RTOS\Source\007EstimateAngle-Kalmanfilter\Core\Inc\stm32f4xx_it.h_save
2026-08-01 10:04:09,366 [INFO] CodeEngine:279 - Generated code: C:\Users\Admin\Documents\GitHub\Drone-RTOS\Source\007EstimateAngle-Kalmanfilter\Core\Inc\stm32f4xx_it.h
2026-08-01 10:04:09,463 [INFO] CodeEngine:255 - oldGeneratedFile, C:\Users\Admin\Documents\GitHub\Drone-RTOS\Source\007EstimateAngle-Kalmanfilter\Core\Src\stm32f4xx_hal_msp.c_save
2026-08-01 10:04:09,593 [INFO] CodeEngine:279 - Generated code: C:\Users\Admin\Documents\GitHub\Drone-RTOS\Source\007EstimateAngle-Kalmanfilter\Core\Src\stm32f4xx_hal_msp.c
2026-08-01 10:04:09,598 [INFO] CodeEngine:255 - oldGeneratedFile, C:\Users\Admin\Documents\GitHub\Drone-RTOS\Source\007EstimateAngle-Kalmanfilter\MXTmpFiles\system.tmp_save
2026-08-01 10:04:09,664 [INFO] CodeEngine:279 - Generated code: C:\Users\Admin\Documents\GitHub\Drone-RTOS\Source\007EstimateAngle-Kalmanfilter\MXTmpFiles\system.tmp
2026-08-01 10:04:09,674 [INFO] CodeEngine:311 - oldGeneratedFile, C:\Users\Admin\Documents\GitHub\Drone-RTOS\Source\007EstimateAngle-Kalmanfilter\Core\Inc\stm32f4xx_hal_conf.h_save
2026-08-01 10:04:09,782 [INFO] CodeEngine:335 - Generated code: C:\Users\Admin\Documents\GitHub\Drone-RTOS\Source\007EstimateAngle-Kalmanfilter\Core\Inc\stm32f4xx_hal_conf.h
2026-08-01 10:04:09,825 [INFO] CodeEngine:255 - oldGeneratedFile, C:\Users\Admin\Documents\GitHub\Drone-RTOS\Source\007EstimateAngle-Kalmanfilter\Core\Inc\main.h_save
2026-08-01 10:04:09,909 [INFO] CodeEngine:279 - Generated code: C:\Users\Admin\Documents\GitHub\Drone-RTOS\Source\007EstimateAngle-Kalmanfilter\Core\Inc\main.h
2026-08-01 10:04:09,914 [INFO] CodeEngine:255 - oldGeneratedFile, C:\Users\Admin\Documents\GitHub\Drone-RTOS\Source\007EstimateAngle-Kalmanfilter\Core\Src\main.c_save
2026-08-01 10:04:10,028 [INFO] CodeEngine:279 - Generated code: C:\Users\Admin\Documents\GitHub\Drone-RTOS\Source\007EstimateAngle-Kalmanfilter\Core\Src\main.c
2026-08-01 10:04:10,495 [INFO] ProjectBuilder:3064 - Time for Copy HAL[1] : 122mS.
2026-08-01 10:04:10,500 [INFO] ProjectBuilder:4404 - Project Generator version: 4.1.0
2026-08-01 10:04:10,694 [INFO] ConfigFileManager:1457 - The Die is : DIE431
2026-08-01 10:04:10,702 [INFO] ApiDbMcu:507 - Load IP Config File for FATFS
2026-08-01 10:04:10,708 [INFO] ApiDbMcu:507 - Load IP Config File for FREERTOS
2026-08-01 10:04:10,711 [INFO] ApiDbMcu:507 - Load IP Config File for LIBJPEG
2026-08-01 10:04:10,717 [INFO] ApiDbMcu:507 - Load IP Config File for MBEDTLS
2026-08-01 10:04:10,725 [INFO] ApiDbMcu:507 - Load IP Config File for USB_DEVICE
2026-08-01 10:04:10,728 [INFO] ApiDbMcu:507 - Load IP Config File for USB_HOST
2026-08-01 10:04:11,522 [INFO] LogOutputStream:77 - [STDOUT_REDIRECT] 
2026-08-01 10:04:12,773 [INFO] ProjectBuilder:4626 - Time for Generating toolchain IDE Files: 2272mS.
2026-08-01 10:04:12,774 [INFO] ProjectBuilder:2935 - Time for Copy CMSIS : 1mS.
2026-08-01 10:04:12,777 [INFO] ProjectBuilder:2935 - Time for Copy CMSIS : 1mS.
2026-08-01 10:04:13,353 [INFO] McuFinderGlobals:76 - Set McuFinderConnectedMode to true
2026-08-01 10:04:13,356 [INFO] ApiDb:448 - Save user favorites file C:\Users\Admin/.stm32cubeide/favorites.mcus.txt: 4 item(s)
2026-08-01 10:04:13,356 [INFO] ApiDb:452 - User favorites MCUs=[STM32F103C8T6, STM32F405RGT6, STM32F411CEU6, STM32H523CET6]
2026-08-01 10:34:17,779 [WARN] IP:2114 - I2C_Coeff_DF not found: check if there is a RefParameter without a condition.
2026-08-01 10:34:17,780 [WARN] IP:2114 - Analog_Filter not found: check if there is a RefParameter without a condition.
2026-08-01 10:34:17,789 [WARN] IP:2114 - I2C_Coeff_DF not found: check if there is a RefParameter without a condition.
2026-08-01 10:34:17,789 [WARN] IP:2114 - Analog_Filter not found: check if there is a RefParameter without a condition.
2026-08-01 10:34:17,789 [WARN] IP:2114 - I2C_Coeff_DF not found: check if there is a RefParameter without a condition.
2026-08-01 10:34:17,789 [WARN] IP:2114 - Analog_Filter not found: check if there is a RefParameter without a condition.
2026-08-01 10:34:17,828 [WARN] IP:2114 - I2C_Coeff_DF not found: check if there is a RefParameter without a condition.
2026-08-01 10:34:17,828 [WARN] IP:2114 - Analog_Filter not found: check if there is a RefParameter without a condition.
2026-08-01 10:34:17,829 [WARN] IP:2114 - I2C_Coeff_DF not found: check if there is a RefParameter without a condition.
2026-08-01 10:34:17,829 [WARN] IP:2114 - Analog_Filter not found: check if there is a RefParameter without a condition.
2026-08-01 10:34:32,339 [INFO] UtilMem:75 - End SaveConfig() Used Memory: 793953728 Bytes (1073741824)
2026-08-01 10:34:36,571 [INFO] UtilMem:75 - End SaveConfig() Used Memory: 846203280 Bytes (1073741824)
2026-08-01 10:34:36,688 [INFO] BlockDiagram:2759 - set Specific Code input for plugin: SYS
2026-08-01 10:34:36,688 [INFO] BlockDiagram:2759 - set Specific Code input for plugin: RCC
2026-08-01 10:34:36,688 [INFO] BlockDiagram:2759 - set Specific Code input for plugin: I2C
2026-08-01 10:34:36,688 [INFO] BlockDiagram:2759 - set Specific Code input for plugin: NVIC
2026-08-01 10:34:36,688 [INFO] BlockDiagram:2759 - set Specific Code input for plugin: GPIO
2026-08-01 10:34:36,689 [INFO] CodeGenerator:799 - code generatio: config db path: C:\ST\STM32CubeIDE_1.13.1\STM32CubeIDE\plugins\com.st.stm32cube.common.mx_6.9.1.202307191849\\db\
2026-08-01 10:34:36,690 [WARN] IP:2114 - I2C_Coeff_DF not found: check if there is a RefParameter without a condition.
2026-08-01 10:34:36,690 [WARN] IP:2114 - Analog_Filter not found: check if there is a RefParameter without a condition.
2026-08-01 10:34:36,762 [INFO] CodeEngine:255 - oldGeneratedFile, C:\Users\Admin\Documents\GitHub\Drone-RTOS\Source\007EstimateAngle-Kalmanfilter\MXTmpFiles\license.tmp_save
2026-08-01 10:34:36,901 [INFO] CodeEngine:279 - Generated code: C:\Users\Admin\Documents\GitHub\Drone-RTOS\Source\007EstimateAngle-Kalmanfilter\MXTmpFiles\license.tmp
2026-08-01 10:34:36,932 [INFO] CodeEngine:255 - oldGeneratedFile, C:\Users\Admin\Documents\GitHub\Drone-RTOS\Source\007EstimateAngle-Kalmanfilter\MXTmpFiles\gpio.tmp_save
2026-08-01 10:34:36,998 [INFO] CodeEngine:279 - Generated code: C:\Users\Admin\Documents\GitHub\Drone-RTOS\Source\007EstimateAngle-Kalmanfilter\MXTmpFiles\gpio.tmp
2026-08-01 10:34:37,048 [INFO] CodeEngine:255 - oldGeneratedFile, C:\Users\Admin\Documents\GitHub\Drone-RTOS\Source\007EstimateAngle-Kalmanfilter\Core\Src\stm32f4xx_it.c_save
2026-08-01 10:34:37,256 [INFO] CodeEngine:279 - Generated code: C:\Users\Admin\Documents\GitHub\Drone-RTOS\Source\007EstimateAngle-Kalmanfilter\Core\Src\stm32f4xx_it.c
2026-08-01 10:34:37,263 [INFO] CodeEngine:255 - oldGeneratedFile, C:\Users\Admin\Documents\GitHub\Drone-RTOS\Source\007EstimateAngle-Kalmanfilter\Core\Inc\stm32f4xx_it.h_save
2026-08-01 10:34:37,350 [INFO] CodeEngine:279 - Generated code: C:\Users\Admin\Documents\GitHub\Drone-RTOS\Source\007EstimateAngle-Kalmanfilter\Core\Inc\stm32f4xx_it.h
2026-08-01 10:34:37,362 [INFO] CodeEngine:255 - oldGeneratedFile, C:\Users\Admin\Documents\GitHub\Drone-RTOS\Source\007EstimateAngle-Kalmanfilter\Core\Src\stm32f4xx_hal_msp.c_save
2026-08-01 10:34:37,453 [INFO] CodeEngine:279 - Generated code: C:\Users\Admin\Documents\GitHub\Drone-RTOS\Source\007EstimateAngle-Kalmanfilter\Core\Src\stm32f4xx_hal_msp.c
2026-08-01 10:34:37,457 [INFO] CodeEngine:255 - oldGeneratedFile, C:\Users\Admin\Documents\GitHub\Drone-RTOS\Source\007EstimateAngle-Kalmanfilter\MXTmpFiles\system.tmp_save
2026-08-01 10:34:37,508 [INFO] CodeEngine:279 - Generated code: C:\Users\Admin\Documents\GitHub\Drone-RTOS\Source\007EstimateAngle-Kalmanfilter\MXTmpFiles\system.tmp
2026-08-01 10:34:37,514 [INFO] CodeEngine:311 - oldGeneratedFile, C:\Users\Admin\Documents\GitHub\Drone-RTOS\Source\007EstimateAngle-Kalmanfilter\Core\Inc\stm32f4xx_hal_conf.h_save
2026-08-01 10:34:37,572 [INFO] CodeEngine:335 - Generated code: C:\Users\Admin\Documents\GitHub\Drone-RTOS\Source\007EstimateAngle-Kalmanfilter\Core\Inc\stm32f4xx_hal_conf.h
2026-08-01 10:34:37,610 [INFO] CodeEngine:255 - oldGeneratedFile, C:\Users\Admin\Documents\GitHub\Drone-RTOS\Source\007EstimateAngle-Kalmanfilter\Core\Inc\main.h_save
2026-08-01 10:34:37,673 [INFO] CodeEngine:279 - Generated code: C:\Users\Admin\Documents\GitHub\Drone-RTOS\Source\007EstimateAngle-Kalmanfilter\Core\Inc\main.h
2026-08-01 10:34:37,679 [INFO] CodeEngine:255 - oldGeneratedFile, C:\Users\Admin\Documents\GitHub\Drone-RTOS\Source\007EstimateAngle-Kalmanfilter\Core\Src\main.c_save
2026-08-01 10:34:37,772 [INFO] CodeEngine:279 - Generated code: C:\Users\Admin\Documents\GitHub\Drone-RTOS\Source\007EstimateAngle-Kalmanfilter\Core\Src\main.c
2026-08-01 10:34:38,183 [INFO] ProjectBuilder:3064 - Time for Copy HAL[1] : 106mS.
2026-08-01 10:34:38,186 [INFO] ProjectBuilder:4404 - Project Generator version: 4.1.0
2026-08-01 10:34:38,360 [INFO] ConfigFileManager:1457 - The Die is : DIE431
2026-08-01 10:34:39,643 [INFO] ProjectBuilder:4626 - Time for Generating toolchain IDE Files: 1457mS.
2026-08-01 10:34:39,644 [INFO] ProjectBuilder:2935 - Time for Copy CMSIS : 0mS.
2026-08-01 10:34:39,646 [INFO] ProjectBuilder:2935 - Time for Copy CMSIS : 1mS.
2026-08-01 10:54:02,104 [ERROR] LogOutputStream:75 - [STDERR_REDIRECT] 
2026-08-01 10:54:12,480 [INFO] Activator:176 - 


2026-08-01 10:54:12,482 [INFO] Activator:177 - !SESSION log4j initialized
2026-08-01 10:54:16,408 [INFO] LogOutputStream:77 - [STDOUT_REDIRECT] 
2026-08-01 10:54:17,241 [INFO] ApplicationProperties:184 - Using Application install path: C:\ST\STM32CubeIDE_1.13.1\STM32CubeIDE\plugins\com.st.stm32cube.common.mx_6.9.1.202307191849
2026-08-01 10:54:17,256 [INFO] DbMcusXml:78 - Set database path to: C:\ST\STM32CubeIDE_1.13.1\STM32CubeIDE\plugins\com.st.stm32cube.common.mx_6.9.1.202307191849\\db\/mcu/
2026-08-01 10:54:17,256 [INFO] ApiDb:274 - Set plugin database path to: C:\ST\STM32CubeIDE_1.13.1\STM32CubeIDE\plugins\com.st.stm32cube.common.mx_6.9.1.202307191849\\db\/plugins/boardmanager/
2026-08-01 10:54:17,256 [WARN] ApiDb:259 - Overriding images path with different value:  => C:\ST\STM32CubeIDE_1.13.1\STM32CubeIDE\plugins\com.st.stm32cube.common.mx_6.9.1.202307191849\\db\/plugins/mcufinder/images/
2026-08-01 10:54:17,262 [INFO] ApiDb:250 - Set database path to: C:\Users\Admin\.stmcufinder\plugins\mcufinder//mcu/
2026-08-01 10:54:17,263 [INFO] DbMcusAds:125 - Set database path to: C:\Users\Admin\.stmcufinder\plugins\mcufinder//mcu/
2026-08-01 10:54:17,265 [INFO] CrossReferenceDbSqlite:203 - Set database path to: C:\Users\Admin\.stmcufinder\plugins\mcufinder//mcu/cs/
2026-08-01 10:54:17,341 [INFO] RulesReader:64 - Compatibility file has been processed (293 Rules)
2026-08-01 10:54:17,407 [INFO] DbMcusXml:78 - Set database path to: C:\ST\STM32CubeIDE_1.13.1\STM32CubeIDE\plugins\com.st.stm32cube.common.mx_6.9.1.202307191849\\db\/mcu/
2026-08-01 10:54:17,407 [INFO] ApiDb:274 - Set plugin database path to: C:\ST\STM32CubeIDE_1.13.1\STM32CubeIDE\plugins\com.st.stm32cube.common.mx_6.9.1.202307191849\\db\/plugins/boardmanager/
2026-08-01 10:54:17,408 [INFO] ApiDb:261 - Set plugin images path to: C:\ST\STM32CubeIDE_1.13.1\STM32CubeIDE\plugins\com.st.stm32cube.common.mx_6.9.1.202307191849\\db\/plugins/mcufinder/images/
2026-08-01 10:54:17,408 [WARN] DbFile:41 - Overriding database path with different value: C:\Users\Admin\.stmcufinder\plugins\mcufinder/ => C:\Users\Admin\.stmcufinder\plugins\mcufinder
2026-08-01 10:54:17,408 [INFO] ApiDb:250 - Set database path to: C:\Users\Admin\.stmcufinder\plugins\mcufinder//mcu/
2026-08-01 10:54:17,408 [WARN] DbFile:41 - Overriding database path with different value: C:\Users\Admin\.stmcufinder\plugins\mcufinder/ => C:\Users\Admin\.stmcufinder\plugins\mcufinder
2026-08-01 10:54:17,408 [INFO] DbMcusAds:125 - Set database path to: C:\Users\Admin\.stmcufinder\plugins\mcufinder//mcu/
2026-08-01 10:54:17,408 [WARN] DbFile:41 - Overriding database path with different value: C:\Users\Admin\.stmcufinder\plugins\mcufinder/ => C:\Users\Admin\.stmcufinder\plugins\mcufinder
2026-08-01 10:54:17,408 [WARN] DbFile:41 - Overriding database path with different value: C:\Users\Admin\.stmcufinder\plugins\mcufinder/ => C:\Users\Admin\.stmcufinder\plugins\mcufinder
2026-08-01 10:54:17,408 [INFO] CrossReferenceDbSqlite:203 - Set database path to: C:\Users\Admin\.stmcufinder\plugins\mcufinder//mcu/cs/
2026-08-01 10:54:17,459 [INFO] MainPanel:262 - HeapMemory: 268435456
2026-08-01 10:54:17,508 [INFO] DbMcusXml:78 - Set database path to: C:\ST\STM32CubeIDE_1.13.1\STM32CubeIDE\plugins\com.st.stm32cube.common.mx_6.9.1.202307191849\\db\/mcu/
2026-08-01 10:54:17,508 [INFO] ApiDb:274 - Set plugin database path to: C:\ST\STM32CubeIDE_1.13.1\STM32CubeIDE\plugins\com.st.stm32cube.common.mx_6.9.1.202307191849\\db\/plugins/boardmanager/
2026-08-01 10:54:17,509 [INFO] ApiDb:261 - Set plugin images path to: C:\ST\STM32CubeIDE_1.13.1\STM32CubeIDE\plugins\com.st.stm32cube.common.mx_6.9.1.202307191849\\db\/plugins/mcufinder/images/
2026-08-01 10:54:17,509 [WARN] DbFile:41 - Overriding database path with different value: C:\Users\Admin\.stmcufinder\plugins\mcufinder/ => C:\Users\Admin\.stmcufinder\plugins\mcufinder
2026-08-01 10:54:17,509 [INFO] ApiDb:250 - Set database path to: C:\Users\Admin\.stmcufinder\plugins\mcufinder//mcu/
2026-08-01 10:54:17,509 [WARN] DbFile:41 - Overriding database path with different value: C:\Users\Admin\.stmcufinder\plugins\mcufinder/ => C:\Users\Admin\.stmcufinder\plugins\mcufinder
2026-08-01 10:54:17,509 [INFO] DbMcusAds:125 - Set database path to: C:\Users\Admin\.stmcufinder\plugins\mcufinder//mcu/
2026-08-01 10:54:17,509 [WARN] DbFile:41 - Overriding database path with different value: C:\Users\Admin\.stmcufinder\plugins\mcufinder/ => C:\Users\Admin\.stmcufinder\plugins\mcufinder
2026-08-01 10:54:17,509 [WARN] DbFile:41 - Overriding database path with different value: C:\Users\Admin\.stmcufinder\plugins\mcufinder/ => C:\Users\Admin\.stmcufinder\plugins\mcufinder
2026-08-01 10:54:17,509 [INFO] CrossReferenceDbSqlite:203 - Set database path to: C:\Users\Admin\.stmcufinder\plugins\mcufinder//mcu/cs/
2026-08-01 10:54:17,522 [INFO] ApplicationProperties:184 - Using Application install path: C:\ST\STM32CubeIDE_1.13.1\STM32CubeIDE\plugins\com.st.stm32cube.common.mx_6.9.1.202307191849
2026-08-01 10:54:17,524 [INFO] PluginManage:196 - Search for loadable plugins [exclusion list=, ]
2026-08-01 10:54:17,524 [INFO] PluginManage:310 - Check plugin analytics
2026-08-01 10:54:17,628 [INFO] AnalyticsPlugin:253 - Accepted Software Licenses: STM32CubeMX.6.18.0
2026-08-01 10:54:17,628 [INFO] AnalyticsPlugin:255 - Accepted CMSIS Pack Licenses: 
2026-08-01 10:54:17,628 [INFO] AnalyticsPlugin:257 - Accepted Firmware Licenses: FW.F4.1.27.0,FW.F4.1.28.0,FW.F4.1.28.3
2026-08-01 10:54:17,630 [INFO] PluginManage:359 - Loaded plugin analytics (category:tool,tabindex:-1)
2026-08-01 10:54:17,631 [INFO] PluginManage:310 - Check plugin cadmodel
2026-08-01 10:54:17,635 [INFO] CADModel:105 - Init CAD model plugin
2026-08-01 10:54:17,636 [INFO] PluginManage:359 - Loaded plugin cadmodel (category:power,tabindex:5)
2026-08-01 10:54:17,636 [INFO] PluginManage:310 - Check plugin clock
2026-08-01 10:54:17,643 [INFO] PluginManage:359 - Loaded plugin clock (category:base,tabindex:2)
2026-08-01 10:54:17,643 [INFO] PluginManage:310 - Check plugin ddr
2026-08-01 10:54:17,644 [INFO] PluginManage:359 - Loaded plugin ddr (category:tool,tabindex:6)
2026-08-01 10:54:17,644 [INFO] PluginManage:310 - Check plugin filemanager
2026-08-01 10:54:17,731 [INFO] PluginManage:359 - Loaded plugin filemanager (category:base,tabindex:10)
2026-08-01 10:54:17,731 [INFO] PluginManage:310 - Check plugin ipmanager
2026-08-01 10:54:17,735 [INFO] PluginManage:359 - Loaded plugin ipmanager (category:base,tabindex:5)
2026-08-01 10:54:17,736 [INFO] PluginManage:310 - Check plugin lpbam
2026-08-01 10:54:17,741 [INFO] PluginManage:359 - Loaded plugin lpbam (category:base,tabindex:0)
2026-08-01 10:54:17,741 [INFO] PluginManage:310 - Check plugin memorymap
2026-08-01 10:54:17,749 [INFO] PluginManage:359 - Loaded plugin memorymap (category:base,tabindex:4)
2026-08-01 10:54:17,749 [INFO] PluginManage:310 - Check plugin pinoutandconfiguration
2026-08-01 10:54:17,753 [INFO] PluginManage:359 - Loaded plugin pinoutandconfiguration (category:base,tabindex:1)
2026-08-01 10:54:17,753 [INFO] PluginManage:310 - Check plugin pinoutconfig
2026-08-01 10:54:17,813 [WARN] SupportedApi:132 - Cannot load RTOS API schema: s4s-elt-must-match.1: The content of 'definitions' must match (annotation?, (simpleType | complexType)?, (unique | key | keyref)*)). A problem was found starting at: attribute.
2026-08-01 10:54:17,904 [INFO] PluginManage:359 - Loaded plugin pinoutconfig (category:base,tabindex:0)
2026-08-01 10:54:17,904 [INFO] PluginManage:310 - Check plugin power
2026-08-01 10:54:17,912 [INFO] PluginManage:359 - Loaded plugin power (category:power,tabindex:4)
2026-08-01 10:54:17,912 [INFO] PluginManage:310 - Check plugin projectmanager
2026-08-01 10:54:17,923 [INFO] PluginManage:359 - Loaded plugin projectmanager (category:projectmanager,tabindex:3)
2026-08-01 10:54:17,924 [INFO] PluginManage:310 - Check plugin thirdparty
2026-08-01 10:54:18,011 [INFO] PluginManage:359 - Loaded plugin thirdparty (category:base,tabindex:-1)
2026-08-01 10:54:18,011 [INFO] PluginManage:310 - Check plugin tools
2026-08-01 10:54:18,011 [WARN] IntegrityCheckThread:84 - waiting for thirdparty lock release [integrity check]
2026-08-01 10:54:18,011 [INFO] IntegrityCheckThread:86 - entering critical section [integrity check]
2026-08-01 10:54:18,012 [INFO] ThirdPartyUpdaterWithRetryManager:70 - Updater plugin not ready yet. [1/15]
2026-08-01 10:54:18,014 [INFO] PluginManage:359 - Loaded plugin tools (category:base,tabindex:7)
2026-08-01 10:54:18,014 [INFO] PluginManage:310 - Check plugin tutovideos
2026-08-01 10:54:18,144 [INFO] PluginManage:359 - Loaded plugin tutovideos (category:base,tabindex:-1)
2026-08-01 10:54:18,144 [INFO] PluginManage:310 - Check plugin updater
2026-08-01 10:54:18,152 [INFO] PluginManage:359 - Loaded plugin updater (category:base,tabindex:12)
2026-08-01 10:54:18,152 [INFO] PluginManage:310 - Check plugin userauth
2026-08-01 10:54:18,156 [INFO] UserAuth:113 - Init User Auth plugin
2026-08-01 10:54:18,156 [INFO] PluginManage:359 - Loaded plugin userauth (category:base,tabindex:14)
2026-08-01 10:54:18,156 [INFO] PluginManage:283 - PluginManage : Loaded plugins [17]
2026-08-01 10:54:18,305 [INFO] PinOutPanel:1499 - setPackage(No Configuration,No Configuration)
2026-08-01 10:54:18,376 [INFO] CADModel:165 - CPN selected for project level
2026-08-01 10:54:18,376 [INFO] CADModel:114 - Register for checkConnection events
2026-08-01 10:54:18,387 [INFO] IPUIPlugin:80 - create IPUIPlugin
2026-08-01 10:54:18,387 [INFO] PluginManager:220 - loadIPPluginJar : add adc
2026-08-01 10:54:18,388 [INFO] IPUIPlugin:80 - create IPUIPlugin
2026-08-01 10:54:18,388 [INFO] PluginManager:220 - loadIPPluginJar : add aes
2026-08-01 10:54:18,390 [INFO] IPUIPlugin:80 - create IPUIPlugin
2026-08-01 10:54:18,390 [INFO] PluginManager:220 - loadIPPluginJar : add can
2026-08-01 10:54:18,391 [INFO] IPUIPlugin:80 - create IPUIPlugin
2026-08-01 10:54:18,391 [INFO] PluginManager:220 - loadIPPluginJar : add comp
2026-08-01 10:54:18,392 [INFO] IPUIPlugin:80 - create IPUIPlugin
2026-08-01 10:54:18,392 [INFO] PluginManager:220 - loadIPPluginJar : add cryp
2026-08-01 10:54:18,393 [INFO] IPUIPlugin:80 - create IPUIPlugin
2026-08-01 10:54:18,394 [INFO] PluginManager:220 - loadIPPluginJar : add dfsdm
2026-08-01 10:54:18,397 [INFO] IPUIPlugin:80 - create IPUIPlugin
2026-08-01 10:54:18,397 [INFO] PluginManager:220 - loadIPPluginJar : add dma
2026-08-01 10:54:18,399 [INFO] IPUIPlugin:80 - create IPUIPlugin
2026-08-01 10:54:18,399 [INFO] PluginManager:220 - loadIPPluginJar : add dma3
2026-08-01 10:54:18,400 [INFO] IPUIPlugin:80 - create IPUIPlugin
2026-08-01 10:54:18,400 [INFO] PluginManager:220 - loadIPPluginJar : add fatfs
2026-08-01 10:54:18,403 [INFO] IPUIPlugin:80 - create IPUIPlugin
2026-08-01 10:54:18,403 [INFO] PluginManager:220 - loadIPPluginJar : add fmc
2026-08-01 10:54:18,406 [INFO] IPUIPlugin:80 - create IPUIPlugin
2026-08-01 10:54:18,406 [INFO] PluginManager:220 - loadIPPluginJar : add freertos
2026-08-01 10:54:18,407 [INFO] IPUIPlugin:80 - create IPUIPlugin
2026-08-01 10:54:18,407 [INFO] PluginManager:220 - loadIPPluginJar : add genericplugin
2026-08-01 10:54:18,408 [INFO] IPUIPlugin:80 - create IPUIPlugin
2026-08-01 10:54:18,408 [INFO] PluginManager:220 - loadIPPluginJar : add gfxmmu
2026-08-01 10:54:18,411 [INFO] IPUIPlugin:80 - create IPUIPlugin
2026-08-01 10:54:18,411 [INFO] PluginManager:220 - loadIPPluginJar : add gic
2026-08-01 10:54:18,414 [INFO] IPUIPlugin:80 - create IPUIPlugin
2026-08-01 10:54:18,414 [INFO] PluginManager:220 - loadIPPluginJar : add gpio
2026-08-01 10:54:18,416 [INFO] IPUIPlugin:80 - create IPUIPlugin
2026-08-01 10:54:18,416 [INFO] PluginManager:220 - loadIPPluginJar : add gtzc
2026-08-01 10:54:18,417 [INFO] IPUIPlugin:80 - create IPUIPlugin
2026-08-01 10:54:18,417 [INFO] PluginManager:220 - loadIPPluginJar : add hash
2026-08-01 10:54:18,419 [INFO] IPUIPlugin:80 - create IPUIPlugin
2026-08-01 10:54:18,419 [INFO] PluginManager:220 - loadIPPluginJar : add i2c
2026-08-01 10:54:18,420 [INFO] IPUIPlugin:80 - create IPUIPlugin
2026-08-01 10:54:18,420 [INFO] PluginManager:220 - loadIPPluginJar : add i2s
2026-08-01 10:54:18,422 [INFO] IPUIPlugin:80 - create IPUIPlugin
2026-08-01 10:54:18,422 [INFO] PluginManager:220 - loadIPPluginJar : add i3c
2026-08-01 10:54:18,424 [INFO] IPUIPlugin:80 - create IPUIPlugin
2026-08-01 10:54:18,424 [INFO] PluginManager:220 - loadIPPluginJar : add ipddr
2026-08-01 10:54:18,428 [INFO] IPUIPlugin:80 - create IPUIPlugin
2026-08-01 10:54:18,428 [INFO] PluginManager:220 - loadIPPluginJar : add linkedlist
2026-08-01 10:54:18,430 [INFO] IPUIPlugin:80 - create IPUIPlugin
2026-08-01 10:54:18,430 [INFO] PluginManager:220 - loadIPPluginJar : add lorawan
2026-08-01 10:54:18,431 [INFO] IPUIPlugin:80 - create IPUIPlugin
2026-08-01 10:54:18,431 [INFO] PluginManager:220 - loadIPPluginJar : add ltdc
2026-08-01 10:54:18,434 [INFO] IPUIPlugin:80 - create IPUIPlugin
2026-08-01 10:54:18,434 [INFO] PluginManager:220 - loadIPPluginJar : add mdma
2026-08-01 10:54:18,436 [INFO] IPUIPlugin:80 - create IPUIPlugin
2026-08-01 10:54:18,437 [INFO] PluginManager:220 - loadIPPluginJar : add nvic
2026-08-01 10:54:18,448 [INFO] IPUIPlugin:80 - create IPUIPlugin
2026-08-01 10:54:18,448 [INFO] PluginManager:220 - loadIPPluginJar : add opamp
2026-08-01 10:54:18,451 [INFO] IPUIPlugin:80 - create IPUIPlugin
2026-08-01 10:54:18,451 [INFO] PluginManager:220 - loadIPPluginJar : add openamp
2026-08-01 10:54:18,453 [INFO] IPUIPlugin:80 - create IPUIPlugin
2026-08-01 10:54:18,453 [INFO] PluginManager:220 - loadIPPluginJar : add pdm2pcm
2026-08-01 10:54:18,458 [INFO] IPUIPlugin:80 - create IPUIPlugin
2026-08-01 10:54:18,460 [INFO] PluginManager:220 - loadIPPluginJar : add plateformsettings
2026-08-01 10:54:18,461 [INFO] IPUIPlugin:80 - create IPUIPlugin
2026-08-01 10:54:18,461 [INFO] PluginManager:220 - loadIPPluginJar : add quadspi
2026-08-01 10:54:18,468 [INFO] IPUIPlugin:80 - create IPUIPlugin
2026-08-01 10:54:18,468 [INFO] PluginManager:220 - loadIPPluginJar : add resmgrutility
2026-08-01 10:54:18,470 [INFO] IPUIPlugin:80 - create IPUIPlugin
2026-08-01 10:54:18,471 [INFO] PluginManager:220 - loadIPPluginJar : add sai
2026-08-01 10:54:18,473 [INFO] IPUIPlugin:80 - create IPUIPlugin
2026-08-01 10:54:18,473 [INFO] PluginManager:220 - loadIPPluginJar : add spi
2026-08-01 10:54:18,476 [INFO] IPUIPlugin:80 - create IPUIPlugin
2026-08-01 10:54:18,476 [INFO] PluginManager:220 - loadIPPluginJar : add stm32_wpan
2026-08-01 10:54:18,477 [INFO] IPUIPlugin:80 - create IPUIPlugin
2026-08-01 10:54:18,477 [INFO] PluginManager:220 - loadIPPluginJar : add tim
2026-08-01 10:54:18,480 [INFO] IPUIPlugin:80 - create IPUIPlugin
2026-08-01 10:54:18,480 [INFO] PluginManager:220 - loadIPPluginJar : add touchsensing
2026-08-01 10:54:18,481 [INFO] IPUIPlugin:80 - create IPUIPlugin
2026-08-01 10:54:18,481 [INFO] PluginManager:220 - loadIPPluginJar : add tracer_emb
2026-08-01 10:54:18,482 [INFO] IPUIPlugin:80 - create IPUIPlugin
2026-08-01 10:54:18,482 [INFO] PluginManager:220 - loadIPPluginJar : add ts
2026-08-01 10:54:18,483 [INFO] IPUIPlugin:80 - create IPUIPlugin
2026-08-01 10:54:18,483 [INFO] PluginManager:220 - loadIPPluginJar : add tsc
2026-08-01 10:54:18,484 [INFO] IPUIPlugin:80 - create IPUIPlugin
2026-08-01 10:54:18,484 [INFO] PluginManager:220 - loadIPPluginJar : add ucpd
2026-08-01 10:54:18,486 [INFO] IPUIPlugin:80 - create IPUIPlugin
2026-08-01 10:54:18,486 [INFO] PluginManager:220 - loadIPPluginJar : add usart
2026-08-01 10:54:18,488 [INFO] IPUIPlugin:80 - create IPUIPlugin
2026-08-01 10:54:18,488 [INFO] PluginManager:220 - loadIPPluginJar : add usbx
2026-08-01 10:54:18,598 [INFO] CADModel:165 - CPN selected for project level
2026-08-01 10:54:18,598 [INFO] CADModel:114 - Register for checkConnection events
2026-08-01 10:54:18,598 [FATAL] Updater:308 - Updater called before beeing initialized
2026-08-01 10:54:18,598 [ERROR] CADModel:125 - Updater not yet initialized, retry later 
2026-08-01 10:54:18,699 [INFO] CADModel:165 - CPN selected for project level
2026-08-01 10:54:18,699 [INFO] CADModel:114 - Register for checkConnection events
2026-08-01 10:54:18,699 [FATAL] Updater:308 - Updater called before beeing initialized
2026-08-01 10:54:18,699 [ERROR] CADModel:125 - Updater not yet initialized, retry later 
2026-08-01 10:54:18,702 [FATAL] Updater:308 - Updater called before beeing initialized
2026-08-01 10:54:18,774 [FATAL] Updater:308 - Updater called before beeing initialized
2026-08-01 10:54:18,778 [INFO] DbMcusAds:53 - JSON generation date=Wed Jul 15 16:44:54 GMT+07:00 2026 (1784108694001)
2026-08-01 10:54:18,778 [FATAL] Updater:308 - Updater called before beeing initialized
2026-08-01 10:54:18,805 [WARN] DetailPanel:346 - Failed to get advertising image, set to default
2026-08-01 10:54:18,883 [FATAL] Updater:308 - Updater called before beeing initialized
2026-08-01 10:54:18,885 [FATAL] Updater:308 - Updater called before beeing initialized
2026-08-01 10:54:18,885 [FATAL] Updater:308 - Updater called before beeing initialized
2026-08-01 10:54:18,885 [WARN] DetailPanel:346 - Failed to get advertising image, set to default
2026-08-01 10:54:18,885 [FATAL] Updater:308 - Updater called before beeing initialized
2026-08-01 10:54:18,920 [ERROR] Updater:1120 - MainUpdater not yet initialized. External WinMGr cannot be set.
2026-08-01 10:54:18,922 [INFO] Updater:1056 - Updater Version found : 6.9.1
2026-08-01 10:54:18,935 [INFO] ApplicationProperties:184 - Using Application install path: C:\ST\STM32CubeIDE_1.13.1\STM32CubeIDE\plugins\com.st.stm32cube.common.mx_6.9.1.202307191849
2026-08-01 10:54:19,126 [INFO] MainUpdater:2868 - connection check result : 10
2026-08-01 10:54:19,127 [INFO] MainUpdater:285 - Updater Check For Update Now.
2026-08-01 10:54:19,127 [INFO] MicroXplorer:498 - Change Database Version : DB.6.0.91
2026-08-01 10:54:19,131 [INFO] McuFinderGlobals:63 - Set McuFinder mode to 2 (CubeIDE integrated)
2026-08-01 10:54:19,132 [INFO] UserAuth:179 - activating auth plugin
2026-08-01 10:54:19,134 [INFO] UserAuth:393 - Internet connection configuration mode: 1
2026-08-01 10:54:19,151 [INFO] JxBrowserEngine:151 - Initiate JxBrowser Engine with user profile folder
2026-08-01 10:54:19,294 [INFO] CheckServerUpdateThread:120 - End of CheckServer Thread
2026-08-01 10:54:19,547 [INFO] WebApp:157 - Instantiating new browser for Auth
2026-08-01 10:54:19,870 [INFO] WebApp:753 - Register for checkConnection events
2026-08-01 10:54:19,870 [INFO] WebApp:390 - Apply proxy settings
2026-08-01 10:54:19,871 [INFO] WebApp:475 - Chromium requires no authentication
2026-08-01 10:54:19,875 [INFO] WebApp:418 - Direct internet connection detected
2026-08-01 10:54:19,980 [INFO] WebApp:188 - Starting web application
2026-08-01 10:54:19,980 [INFO] WebApp:520 - Web application path used C:\ST\STM32CubeIDE_1.13.1\STM32CubeIDE\plugins\com.st.stm32cube.common.mx_6.9.1.202307191849\db\plugins\mcufinder\reactClient1\index.html
2026-08-01 10:54:21,160 [WARN] PackLoader:240 - Cannot read IP mode file for STMicroelectronics.FP-ATR-ASTRA1.2.0.3
2026-08-01 10:54:21,164 [WARN] PackLoader:240 - Cannot read IP mode file for STMicroelectronics.FP-ATR-ASTRA1.2.0.2
2026-08-01 10:54:21,169 [ERROR] Engine:466 - C:\Users\Admin\.stm32cubemx\thirdparties\pdsc\STMicroelectronics.X-CUBE-SMBUS.2.1.1.pdsc: PDSC version is not supported
2026-08-01 10:54:21,172 [WARN] PackLoader:240 - Cannot read IP mode file for STMicroelectronics.X-CUBE-SMBUS.2.1.0
2026-08-01 10:54:21,192 [WARN] PackLoader:240 - Cannot read IP mode file for STMicroelectronics.X-CUBE-AZRTOS-F7.1.1.0
2026-08-01 10:54:21,199 [ERROR] Engine:466 - C:\Users\Admin\.stm32cubemx\thirdparties\pdsc\STMicroelectronics.X-CUBE-FREERTOS.1.6.0.pdsc: PDSC version is not supported
2026-08-01 10:54:21,222 [WARN] PackLoader:240 - Cannot read IP mode file for STMicroelectronics.X-CUBE-AZRTOS-H7RS.1.3.0
2026-08-01 10:54:21,231 [ERROR] Engine:466 - C:\Users\Admin\.stm32cubemx\thirdparties\pdsc\WES.I-CUBE-Cesium.1.4.0.pdsc: PDSC version is not supported
2026-08-01 10:54:21,238 [WARN] PackLoader:240 - Cannot read IP mode file for STMicroelectronics.X-CUBE-DISPLAY.3.0.0
2026-08-01 10:54:21,251 [WARN] PackLoader:240 - Cannot read IP mode file for wolfSSL.I-CUBE-wolfSSL.5.9.1
2026-08-01 10:54:21,258 [WARN] PackLoader:240 - Cannot read IP mode file for emotas.I-CUBE-CANOPEN.1.3.0
2026-08-01 10:54:21,261 [ERROR] Engine:466 - C:\Users\Admin\.stm32cubemx\thirdparties\pdsc\STMicroelectronics.X-CUBE-WBA.1.1.0.pdsc: PDSC version is not supported
2026-08-01 10:54:21,272 [INFO] LogOutputStream:77 - [STDOUT_REDIRECT] 1 : Invalid condition id : UX_CORESTACK_Condition cause : null
2026-08-01 10:54:21,272 [INFO] LogOutputStream:77 - [STDOUT_REDIRECT] 1 : Invalid condition id : UX_CORESTACK_Condition cause : null
2026-08-01 10:54:21,273 [INFO] LogOutputStream:77 - [STDOUT_REDIRECT] 1 : Invalid condition id : UX_CORESTACK_Condition cause : null
2026-08-01 10:54:21,275 [INFO] LogOutputStream:77 - [STDOUT_REDIRECT] 1 : Invalid condition id : UX_CORESTACK_Condition cause : null
2026-08-01 10:54:21,276 [INFO] LogOutputStream:77 - [STDOUT_REDIRECT] 1 : Invalid condition id : UX_CORESTACK_Condition cause : null
2026-08-01 10:54:21,280 [WARN] PackLoader:240 - Cannot read IP mode file for STMicroelectronics.X-CUBE-AZRTOS-WL.2.0.0
2026-08-01 10:54:21,307 [WARN] PackLoader:240 - Cannot read IP mode file for STMicroelectronics.X-CUBE-AZRTOS-H7RS.1.2.0
2026-08-01 10:54:21,321 [WARN] PackLoader:240 - Cannot read IP mode file for STMicroelectronics.X-CUBE-BLE2.3.3.0
2026-08-01 10:54:21,325 [ERROR] Engine:466 - C:\Users\Admin\.stm32cubemx\thirdparties\pdsc\Avnet-IOTCONNECT.X-CUBE-iotc-st67-sdk.1.0.0.pdsc: PDSC version is not supported
2026-08-01 10:54:21,332 [ERROR] Engine:466 - C:\Users\Admin\.stm32cubemx\thirdparties\pdsc\Infineon.AIROC-Wi-Fi-Bluetooth-STM32.1.8.0.pdsc: PDSC version is not supported
2026-08-01 10:54:21,336 [WARN] PackLoader:240 - Cannot read IP mode file for wolfSSL.I-CUBE-wolfMQTT.1.19.2
2026-08-01 10:54:21,350 [WARN] PackLoader:240 - Cannot read IP mode file for STMicroelectronics.X-CUBE-AZRTOS-G0.1.1.0
2026-08-01 10:54:21,359 [WARN] PackLoader:240 - Cannot read IP mode file for STMicroelectronics.X-CUBE-NFC4.3.0.0
2026-08-01 10:54:21,363 [ERROR] Engine:466 - C:\Users\Admin\.stm32cubemx\thirdparties\pdsc\EmbeddedOffice.I-CUBE-FS-RTOS.1.0.1.pdsc: PDSC version is not supported
2026-08-01 10:54:21,368 [WARN] PackLoader:240 - Cannot read IP mode file for wolfSSL.I-CUBE-wolfTPM.3.8.0
2026-08-01 10:54:21,370 [ERROR] Engine:466 - C:\Users\Admin\.stm32cubemx\thirdparties\pdsc\RealThread.X-CUBE-RT-Thread_Nano.4.1.1.pdsc: PDSC version is not supported
2026-08-01 10:54:21,374 [WARN] PackLoader:240 - Cannot read IP mode file for STMicroelectronics.FP-ATR-SIGFOX1.3.2.0
2026-08-01 10:54:21,377 [ERROR] Engine:466 - C:\Users\Admin\.stm32cubemx\thirdparties\pdsc\STMicroelectronics.X-CUBE-FREERTOS.1.5.0.pdsc: PDSC version is not supported
2026-08-01 10:54:21,385 [WARN] PackLoader:240 - Cannot read IP mode file for ITTIA_DB.I-CUBE-ITTIADB.8.9.0
2026-08-01 10:54:21,387 [ERROR] Engine:466 - C:\Users\Admin\.stm32cubemx\thirdparties\pdsc\Cesanta.I-CUBE-Mongoose.7.21.7.pdsc: PDSC version is not supported
2026-08-01 10:54:21,392 [WARN] PackLoader:240 - Cannot read IP mode file for STMicroelectronics.X-CUBE-AI.10.2.1
2026-08-01 10:54:21,448 [WARN] PackLoader:240 - Cannot read IP mode file for STMicroelectronics.X-CUBE-MEMS1.12.1.0
2026-08-01 10:54:21,584 [WARN] PackLoader:240 - Cannot read IP mode file for SEGGER.I-CUBE-embOS.1.3.1
2026-08-01 10:54:21,619 [WARN] PackLoader:240 - Cannot read IP mode file for STMicroelectronics.X-CUBE-ALGOBUILD.1.4.0
2026-08-01 10:54:21,626 [WARN] PackLoader:240 - Cannot read IP mode file for STMicroelectronics.X-CUBE-NFC13.1.0.0
2026-08-01 10:54:21,645 [WARN] PackLoader:240 - Cannot read IP mode file for STMicroelectronics.X-CUBE-AZRTOS-F4.1.1.0
2026-08-01 10:54:21,651 [ERROR] Engine:466 - C:\Users\Admin\.stm32cubemx\thirdparties\pdsc\STMicroelectronics.eDS-WB_DPC_TT-BIDIR.2.1.1.pdsc: PDSC version is not supported
2026-08-01 10:54:21,660 [WARN] PackLoader:240 - Cannot read IP mode file for STMicroelectronics.X-CUBE-ALGOBUILD.1.5.0
2026-08-01 10:54:21,748 [WARN] PackLoader:240 - Cannot read IP mode file for STMicroelectronics.X-CUBE-MEMS1.13.0.0
2026-08-01 10:54:21,831 [ERROR] Engine:466 - C:\Users\Admin\.stm32cubemx\thirdparties\pdsc\STMicroelectronics.eDS-WB_DPC_3PH2L-BIDIR.1.1.1.pdsc: PDSC version is not supported
2026-08-01 10:54:21,837 [WARN] PackLoader:240 - Cannot read IP mode file for STMicroelectronics.X-CUBE-TOUCHGFX.4.26.1
2026-08-01 10:54:21,854 [WARN] ConditionMgr:438 - getConditionDescription Invalid condition id : LAN8742 Phy interface Condition cause : null
2026-08-01 10:54:21,854 [WARN] PackLoader:240 - Cannot read IP mode file for STMicroelectronics.X-CUBE-AZRTOS-L4.2.0.0
2026-08-01 10:54:21,856 [WARN] ConditionMgr:1039 - genDependencies : Invalid condition id : LAN8742 Phy interface Condition cause : null
2026-08-01 10:54:21,857 [WARN] ConditionMgr:1039 - genDependencies : Invalid condition id : LAN8742 Phy interface Condition cause : null
2026-08-01 10:54:21,857 [WARN] ConditionMgr:1039 - genDependencies : Invalid condition id : LAN8742 Phy interface Condition cause : null
2026-08-01 10:54:21,891 [WARN] PackLoader:240 - Cannot read IP mode file for STMicroelectronics.X-CUBE-SFXS2LP1.4.0.0
2026-08-01 10:54:21,896 [ERROR] Engine:466 - C:\Users\Admin\.stm32cubemx\thirdparties\pdsc\quantropi.X-CUBE-qispace-sdk-base.2.1.0.pdsc: PDSC version is not supported
2026-08-01 10:54:21,917 [WARN] PackLoader:240 - Cannot read IP mode file for STMicroelectronics.X-CUBE-SUBG2.5.0.0
2026-08-01 10:54:21,940 [WARN] PackLoader:240 - Cannot read IP mode file for STMicroelectronics.X-CUBE-AZRTOS-G4.2.0.0
2026-08-01 10:54:21,946 [WARN] PackLoader:240 - Cannot read IP mode file for wolfSSL.I-CUBE-wolfSSH.1.4.20
2026-08-01 10:54:21,947 [INFO] ThirdParty:978 - Integrity check success = true
2026-08-01 10:54:21,947 [INFO] IntegrityCheckThread:100 - exiting critical section [integrity check]
2026-08-01 10:54:21,947 [INFO] IntegrityCheckThread:103 - End integrity checks thread
2026-08-01 10:54:40,550 [ERROR] LogOutputStream:75 - [STDERR_REDIRECT] SLF4J: Failed to load class "org.slf4j.impl.StaticLoggerBinder".
2026-08-01 10:54:40,550 [ERROR] LogOutputStream:75 - [STDERR_REDIRECT] SLF4J: Defaulting to no-operation (NOP) logger implementation
2026-08-01 10:54:40,551 [ERROR] LogOutputStream:75 - [STDERR_REDIRECT] SLF4J: See http://www.slf4j.org/codes.html#StaticLoggerBinder for further details.
2026-08-01 11:12:55,633 [ERROR] LogOutputStream:75 - [STDERR_REDIRECT] 
2026-08-01 11:14:21,713 [INFO] Activator:176 - 


2026-08-01 11:14:21,715 [INFO] Activator:177 - !SESSION log4j initialized
2026-08-01 11:14:26,032 [INFO] LogOutputStream:77 - [STDOUT_REDIRECT] 
2026-08-01 11:14:26,771 [INFO] ApplicationProperties:184 - Using Application install path: C:\ST\STM32CubeIDE_1.13.1\STM32CubeIDE\plugins\com.st.stm32cube.common.mx_6.9.1.202307191849
2026-08-01 11:14:26,787 [INFO] DbMcusXml:78 - Set database path to: C:\ST\STM32CubeIDE_1.13.1\STM32CubeIDE\plugins\com.st.stm32cube.common.mx_6.9.1.202307191849\\db\/mcu/
2026-08-01 11:14:26,787 [INFO] ApiDb:274 - Set plugin database path to: C:\ST\STM32CubeIDE_1.13.1\STM32CubeIDE\plugins\com.st.stm32cube.common.mx_6.9.1.202307191849\\db\/plugins/boardmanager/
2026-08-01 11:14:26,788 [WARN] ApiDb:259 - Overriding images path with different value:  => C:\ST\STM32CubeIDE_1.13.1\STM32CubeIDE\plugins\com.st.stm32cube.common.mx_6.9.1.202307191849\\db\/plugins/mcufinder/images/
2026-08-01 11:14:26,796 [INFO] ApiDb:250 - Set database path to: C:\Users\Admin\.stmcufinder\plugins\mcufinder//mcu/
2026-08-01 11:14:26,797 [INFO] DbMcusAds:125 - Set database path to: C:\Users\Admin\.stmcufinder\plugins\mcufinder//mcu/
2026-08-01 11:14:26,798 [INFO] CrossReferenceDbSqlite:203 - Set database path to: C:\Users\Admin\.stmcufinder\plugins\mcufinder//mcu/cs/
2026-08-01 11:14:26,876 [INFO] RulesReader:64 - Compatibility file has been processed (293 Rules)
2026-08-01 11:14:26,970 [INFO] DbMcusXml:78 - Set database path to: C:\ST\STM32CubeIDE_1.13.1\STM32CubeIDE\plugins\com.st.stm32cube.common.mx_6.9.1.202307191849\\db\/mcu/
2026-08-01 11:14:26,970 [INFO] ApiDb:274 - Set plugin database path to: C:\ST\STM32CubeIDE_1.13.1\STM32CubeIDE\plugins\com.st.stm32cube.common.mx_6.9.1.202307191849\\db\/plugins/boardmanager/
2026-08-01 11:14:26,970 [INFO] ApiDb:261 - Set plugin images path to: C:\ST\STM32CubeIDE_1.13.1\STM32CubeIDE\plugins\com.st.stm32cube.common.mx_6.9.1.202307191849\\db\/plugins/mcufinder/images/
2026-08-01 11:14:26,971 [WARN] DbFile:41 - Overriding database path with different value: C:\Users\Admin\.stmcufinder\plugins\mcufinder/ => C:\Users\Admin\.stmcufinder\plugins\mcufinder
2026-08-01 11:14:26,971 [INFO] ApiDb:250 - Set database path to: C:\Users\Admin\.stmcufinder\plugins\mcufinder//mcu/
2026-08-01 11:14:26,971 [WARN] DbFile:41 - Overriding database path with different value: C:\Users\Admin\.stmcufinder\plugins\mcufinder/ => C:\Users\Admin\.stmcufinder\plugins\mcufinder
2026-08-01 11:14:26,971 [INFO] DbMcusAds:125 - Set database path to: C:\Users\Admin\.stmcufinder\plugins\mcufinder//mcu/
2026-08-01 11:14:26,971 [WARN] DbFile:41 - Overriding database path with different value: C:\Users\Admin\.stmcufinder\plugins\mcufinder/ => C:\Users\Admin\.stmcufinder\plugins\mcufinder
2026-08-01 11:14:26,971 [WARN] DbFile:41 - Overriding database path with different value: C:\Users\Admin\.stmcufinder\plugins\mcufinder/ => C:\Users\Admin\.stmcufinder\plugins\mcufinder
2026-08-01 11:14:26,971 [INFO] CrossReferenceDbSqlite:203 - Set database path to: C:\Users\Admin\.stmcufinder\plugins\mcufinder//mcu/cs/
2026-08-01 11:14:27,023 [INFO] MainPanel:262 - HeapMemory: 268435456
2026-08-01 11:14:27,078 [INFO] DbMcusXml:78 - Set database path to: C:\ST\STM32CubeIDE_1.13.1\STM32CubeIDE\plugins\com.st.stm32cube.common.mx_6.9.1.202307191849\\db\/mcu/
2026-08-01 11:14:27,078 [INFO] ApiDb:274 - Set plugin database path to: C:\ST\STM32CubeIDE_1.13.1\STM32CubeIDE\plugins\com.st.stm32cube.common.mx_6.9.1.202307191849\\db\/plugins/boardmanager/
2026-08-01 11:14:27,078 [INFO] ApiDb:261 - Set plugin images path to: C:\ST\STM32CubeIDE_1.13.1\STM32CubeIDE\plugins\com.st.stm32cube.common.mx_6.9.1.202307191849\\db\/plugins/mcufinder/images/
2026-08-01 11:14:27,078 [WARN] DbFile:41 - Overriding database path with different value: C:\Users\Admin\.stmcufinder\plugins\mcufinder/ => C:\Users\Admin\.stmcufinder\plugins\mcufinder
2026-08-01 11:14:27,078 [INFO] ApiDb:250 - Set database path to: C:\Users\Admin\.stmcufinder\plugins\mcufinder//mcu/
2026-08-01 11:14:27,078 [WARN] DbFile:41 - Overriding database path with different value: C:\Users\Admin\.stmcufinder\plugins\mcufinder/ => C:\Users\Admin\.stmcufinder\plugins\mcufinder
2026-08-01 11:14:27,078 [INFO] DbMcusAds:125 - Set database path to: C:\Users\Admin\.stmcufinder\plugins\mcufinder//mcu/
2026-08-01 11:14:27,078 [WARN] DbFile:41 - Overriding database path with different value: C:\Users\Admin\.stmcufinder\plugins\mcufinder/ => C:\Users\Admin\.stmcufinder\plugins\mcufinder
2026-08-01 11:14:27,078 [WARN] DbFile:41 - Overriding database path with different value: C:\Users\Admin\.stmcufinder\plugins\mcufinder/ => C:\Users\Admin\.stmcufinder\plugins\mcufinder
2026-08-01 11:14:27,079 [INFO] CrossReferenceDbSqlite:203 - Set database path to: C:\Users\Admin\.stmcufinder\plugins\mcufinder//mcu/cs/
2026-08-01 11:14:27,091 [INFO] ApplicationProperties:184 - Using Application install path: C:\ST\STM32CubeIDE_1.13.1\STM32CubeIDE\plugins\com.st.stm32cube.common.mx_6.9.1.202307191849
2026-08-01 11:14:27,092 [INFO] PluginManage:196 - Search for loadable plugins [exclusion list=, ]
2026-08-01 11:14:27,093 [INFO] PluginManage:310 - Check plugin analytics
2026-08-01 11:14:27,199 [INFO] AnalyticsPlugin:253 - Accepted Software Licenses: STM32CubeMX.6.18.0
2026-08-01 11:14:27,199 [INFO] AnalyticsPlugin:255 - Accepted CMSIS Pack Licenses: 
2026-08-01 11:14:27,199 [INFO] AnalyticsPlugin:257 - Accepted Firmware Licenses: FW.F4.1.27.0,FW.F4.1.28.0,FW.F4.1.28.3
2026-08-01 11:14:27,201 [INFO] PluginManage:359 - Loaded plugin analytics (category:tool,tabindex:-1)
2026-08-01 11:14:27,202 [INFO] PluginManage:310 - Check plugin cadmodel
2026-08-01 11:14:27,206 [INFO] CADModel:105 - Init CAD model plugin
2026-08-01 11:14:27,206 [INFO] PluginManage:359 - Loaded plugin cadmodel (category:power,tabindex:5)
2026-08-01 11:14:27,206 [INFO] PluginManage:310 - Check plugin clock
2026-08-01 11:14:27,213 [INFO] PluginManage:359 - Loaded plugin clock (category:base,tabindex:2)
2026-08-01 11:14:27,214 [INFO] PluginManage:310 - Check plugin ddr
2026-08-01 11:14:27,215 [INFO] PluginManage:359 - Loaded plugin ddr (category:tool,tabindex:6)
2026-08-01 11:14:27,215 [INFO] PluginManage:310 - Check plugin filemanager
2026-08-01 11:14:27,306 [INFO] PluginManage:359 - Loaded plugin filemanager (category:base,tabindex:10)
2026-08-01 11:14:27,306 [INFO] PluginManage:310 - Check plugin ipmanager
2026-08-01 11:14:27,311 [INFO] PluginManage:359 - Loaded plugin ipmanager (category:base,tabindex:5)
2026-08-01 11:14:27,311 [INFO] PluginManage:310 - Check plugin lpbam
2026-08-01 11:14:27,317 [INFO] PluginManage:359 - Loaded plugin lpbam (category:base,tabindex:0)
2026-08-01 11:14:27,317 [INFO] PluginManage:310 - Check plugin memorymap
2026-08-01 11:14:27,325 [INFO] PluginManage:359 - Loaded plugin memorymap (category:base,tabindex:4)
2026-08-01 11:14:27,325 [INFO] PluginManage:310 - Check plugin pinoutandconfiguration
2026-08-01 11:14:27,329 [INFO] PluginManage:359 - Loaded plugin pinoutandconfiguration (category:base,tabindex:1)
2026-08-01 11:14:27,329 [INFO] PluginManage:310 - Check plugin pinoutconfig
2026-08-01 11:14:27,389 [WARN] SupportedApi:132 - Cannot load RTOS API schema: s4s-elt-must-match.1: The content of 'definitions' must match (annotation?, (simpleType | complexType)?, (unique | key | keyref)*)). A problem was found starting at: attribute.
2026-08-01 11:14:27,481 [INFO] PluginManage:359 - Loaded plugin pinoutconfig (category:base,tabindex:0)
2026-08-01 11:14:27,481 [INFO] PluginManage:310 - Check plugin power
2026-08-01 11:14:27,487 [INFO] PluginManage:359 - Loaded plugin power (category:power,tabindex:4)
2026-08-01 11:14:27,488 [INFO] PluginManage:310 - Check plugin projectmanager
2026-08-01 11:14:27,498 [INFO] PluginManage:359 - Loaded plugin projectmanager (category:projectmanager,tabindex:3)
2026-08-01 11:14:27,498 [INFO] PluginManage:310 - Check plugin thirdparty
2026-08-01 11:14:27,585 [INFO] PluginManage:359 - Loaded plugin thirdparty (category:base,tabindex:-1)
2026-08-01 11:14:27,585 [INFO] PluginManage:310 - Check plugin tools
2026-08-01 11:14:27,585 [WARN] IntegrityCheckThread:84 - waiting for thirdparty lock release [integrity check]
2026-08-01 11:14:27,586 [INFO] IntegrityCheckThread:86 - entering critical section [integrity check]
2026-08-01 11:14:27,586 [INFO] ThirdPartyUpdaterWithRetryManager:70 - Updater plugin not ready yet. [1/15]
2026-08-01 11:14:27,588 [INFO] PluginManage:359 - Loaded plugin tools (category:base,tabindex:7)
2026-08-01 11:14:27,588 [INFO] PluginManage:310 - Check plugin tutovideos
2026-08-01 11:14:27,713 [INFO] PluginManage:359 - Loaded plugin tutovideos (category:base,tabindex:-1)
2026-08-01 11:14:27,713 [INFO] PluginManage:310 - Check plugin updater
2026-08-01 11:14:27,721 [INFO] PluginManage:359 - Loaded plugin updater (category:base,tabindex:12)
2026-08-01 11:14:27,721 [INFO] PluginManage:310 - Check plugin userauth
2026-08-01 11:14:27,724 [INFO] UserAuth:113 - Init User Auth plugin
2026-08-01 11:14:27,724 [INFO] PluginManage:359 - Loaded plugin userauth (category:base,tabindex:14)
2026-08-01 11:14:27,725 [INFO] PluginManage:283 - PluginManage : Loaded plugins [17]
2026-08-01 11:14:27,874 [INFO] PinOutPanel:1499 - setPackage(No Configuration,No Configuration)
2026-08-01 11:14:27,960 [INFO] CADModel:165 - CPN selected for project level
2026-08-01 11:14:27,960 [INFO] CADModel:114 - Register for checkConnection events
2026-08-01 11:14:27,972 [INFO] IPUIPlugin:80 - create IPUIPlugin
2026-08-01 11:14:27,972 [INFO] PluginManager:220 - loadIPPluginJar : add adc
2026-08-01 11:14:27,974 [INFO] IPUIPlugin:80 - create IPUIPlugin
2026-08-01 11:14:27,974 [INFO] PluginManager:220 - loadIPPluginJar : add aes
2026-08-01 11:14:27,976 [INFO] IPUIPlugin:80 - create IPUIPlugin
2026-08-01 11:14:27,976 [INFO] PluginManager:220 - loadIPPluginJar : add can
2026-08-01 11:14:27,977 [INFO] IPUIPlugin:80 - create IPUIPlugin
2026-08-01 11:14:27,977 [INFO] PluginManager:220 - loadIPPluginJar : add comp
2026-08-01 11:14:27,979 [INFO] IPUIPlugin:80 - create IPUIPlugin
2026-08-01 11:14:27,979 [INFO] PluginManager:220 - loadIPPluginJar : add cryp
2026-08-01 11:14:27,982 [INFO] IPUIPlugin:80 - create IPUIPlugin
2026-08-01 11:14:27,982 [INFO] PluginManager:220 - loadIPPluginJar : add dfsdm
2026-08-01 11:14:27,986 [INFO] IPUIPlugin:80 - create IPUIPlugin
2026-08-01 11:14:27,986 [INFO] PluginManager:220 - loadIPPluginJar : add dma
2026-08-01 11:14:27,987 [INFO] IPUIPlugin:80 - create IPUIPlugin
2026-08-01 11:14:27,987 [INFO] PluginManager:220 - loadIPPluginJar : add dma3
2026-08-01 11:14:27,988 [INFO] IPUIPlugin:80 - create IPUIPlugin
2026-08-01 11:14:27,988 [INFO] PluginManager:220 - loadIPPluginJar : add fatfs
2026-08-01 11:14:27,991 [INFO] IPUIPlugin:80 - create IPUIPlugin
2026-08-01 11:14:27,991 [INFO] PluginManager:220 - loadIPPluginJar : add fmc
2026-08-01 11:14:27,994 [INFO] IPUIPlugin:80 - create IPUIPlugin
2026-08-01 11:14:27,994 [INFO] PluginManager:220 - loadIPPluginJar : add freertos
2026-08-01 11:14:27,995 [INFO] IPUIPlugin:80 - create IPUIPlugin
2026-08-01 11:14:27,995 [INFO] PluginManager:220 - loadIPPluginJar : add genericplugin
2026-08-01 11:14:27,996 [INFO] IPUIPlugin:80 - create IPUIPlugin
2026-08-01 11:14:27,996 [INFO] PluginManager:220 - loadIPPluginJar : add gfxmmu
2026-08-01 11:14:27,999 [INFO] IPUIPlugin:80 - create IPUIPlugin
2026-08-01 11:14:27,999 [INFO] PluginManager:220 - loadIPPluginJar : add gic
2026-08-01 11:14:28,001 [INFO] IPUIPlugin:80 - create IPUIPlugin
2026-08-01 11:14:28,001 [INFO] PluginManager:220 - loadIPPluginJar : add gpio
2026-08-01 11:14:28,003 [INFO] IPUIPlugin:80 - create IPUIPlugin
2026-08-01 11:14:28,003 [INFO] PluginManager:220 - loadIPPluginJar : add gtzc
2026-08-01 11:14:28,004 [INFO] IPUIPlugin:80 - create IPUIPlugin
2026-08-01 11:14:28,004 [INFO] PluginManager:220 - loadIPPluginJar : add hash
2026-08-01 11:14:28,005 [INFO] IPUIPlugin:80 - create IPUIPlugin
2026-08-01 11:14:28,005 [INFO] PluginManager:220 - loadIPPluginJar : add i2c
2026-08-01 11:14:28,007 [INFO] IPUIPlugin:80 - create IPUIPlugin
2026-08-01 11:14:28,007 [INFO] PluginManager:220 - loadIPPluginJar : add i2s
2026-08-01 11:14:28,008 [INFO] IPUIPlugin:80 - create IPUIPlugin
2026-08-01 11:14:28,008 [INFO] PluginManager:220 - loadIPPluginJar : add i3c
2026-08-01 11:14:28,010 [INFO] IPUIPlugin:80 - create IPUIPlugin
2026-08-01 11:14:28,010 [INFO] PluginManager:220 - loadIPPluginJar : add ipddr
2026-08-01 11:14:28,015 [INFO] IPUIPlugin:80 - create IPUIPlugin
2026-08-01 11:14:28,015 [INFO] PluginManager:220 - loadIPPluginJar : add linkedlist
2026-08-01 11:14:28,016 [INFO] IPUIPlugin:80 - create IPUIPlugin
2026-08-01 11:14:28,017 [INFO] PluginManager:220 - loadIPPluginJar : add lorawan
2026-08-01 11:14:28,018 [INFO] IPUIPlugin:80 - create IPUIPlugin
2026-08-01 11:14:28,018 [INFO] PluginManager:220 - loadIPPluginJar : add ltdc
2026-08-01 11:14:28,022 [INFO] IPUIPlugin:80 - create IPUIPlugin
2026-08-01 11:14:28,022 [INFO] PluginManager:220 - loadIPPluginJar : add mdma
2026-08-01 11:14:28,024 [INFO] IPUIPlugin:80 - create IPUIPlugin
2026-08-01 11:14:28,025 [INFO] PluginManager:220 - loadIPPluginJar : add nvic
2026-08-01 11:14:28,027 [INFO] IPUIPlugin:80 - create IPUIPlugin
2026-08-01 11:14:28,027 [INFO] PluginManager:220 - loadIPPluginJar : add opamp
2026-08-01 11:14:28,029 [INFO] IPUIPlugin:80 - create IPUIPlugin
2026-08-01 11:14:28,029 [INFO] PluginManager:220 - loadIPPluginJar : add openamp
2026-08-01 11:14:28,031 [INFO] IPUIPlugin:80 - create IPUIPlugin
2026-08-01 11:14:28,031 [INFO] PluginManager:220 - loadIPPluginJar : add pdm2pcm
2026-08-01 11:14:28,036 [INFO] IPUIPlugin:80 - create IPUIPlugin
2026-08-01 11:14:28,038 [INFO] PluginManager:220 - loadIPPluginJar : add plateformsettings
2026-08-01 11:14:28,040 [INFO] IPUIPlugin:80 - create IPUIPlugin
2026-08-01 11:14:28,040 [INFO] PluginManager:220 - loadIPPluginJar : add quadspi
2026-08-01 11:14:28,042 [INFO] IPUIPlugin:80 - create IPUIPlugin
2026-08-01 11:14:28,042 [INFO] PluginManager:220 - loadIPPluginJar : add resmgrutility
2026-08-01 11:14:28,045 [INFO] IPUIPlugin:80 - create IPUIPlugin
2026-08-01 11:14:28,045 [INFO] PluginManager:220 - loadIPPluginJar : add sai
2026-08-01 11:14:28,046 [INFO] IPUIPlugin:80 - create IPUIPlugin
2026-08-01 11:14:28,046 [INFO] PluginManager:220 - loadIPPluginJar : add spi
2026-08-01 11:14:28,050 [INFO] IPUIPlugin:80 - create IPUIPlugin
2026-08-01 11:14:28,050 [INFO] PluginManager:220 - loadIPPluginJar : add stm32_wpan
2026-08-01 11:14:28,051 [INFO] IPUIPlugin:80 - create IPUIPlugin
2026-08-01 11:14:28,052 [INFO] PluginManager:220 - loadIPPluginJar : add tim
2026-08-01 11:14:28,053 [INFO] IPUIPlugin:80 - create IPUIPlugin
2026-08-01 11:14:28,054 [INFO] PluginManager:220 - loadIPPluginJar : add touchsensing
2026-08-01 11:14:28,055 [INFO] IPUIPlugin:80 - create IPUIPlugin
2026-08-01 11:14:28,055 [INFO] PluginManager:220 - loadIPPluginJar : add tracer_emb
2026-08-01 11:14:28,056 [INFO] IPUIPlugin:80 - create IPUIPlugin
2026-08-01 11:14:28,056 [INFO] PluginManager:220 - loadIPPluginJar : add ts
2026-08-01 11:14:28,057 [INFO] IPUIPlugin:80 - create IPUIPlugin
2026-08-01 11:14:28,057 [INFO] PluginManager:220 - loadIPPluginJar : add tsc
2026-08-01 11:14:28,059 [INFO] IPUIPlugin:80 - create IPUIPlugin
2026-08-01 11:14:28,059 [INFO] PluginManager:220 - loadIPPluginJar : add ucpd
2026-08-01 11:14:28,061 [INFO] IPUIPlugin:80 - create IPUIPlugin
2026-08-01 11:14:28,061 [INFO] PluginManager:220 - loadIPPluginJar : add usart
2026-08-01 11:14:28,063 [INFO] IPUIPlugin:80 - create IPUIPlugin
2026-08-01 11:14:28,064 [INFO] PluginManager:220 - loadIPPluginJar : add usbx
2026-08-01 11:14:28,179 [INFO] CADModel:165 - CPN selected for project level
2026-08-01 11:14:28,179 [INFO] CADModel:114 - Register for checkConnection events
2026-08-01 11:14:28,179 [FATAL] Updater:308 - Updater called before beeing initialized
2026-08-01 11:14:28,179 [ERROR] CADModel:125 - Updater not yet initialized, retry later 
2026-08-01 11:14:28,305 [INFO] CADModel:165 - CPN selected for project level
2026-08-01 11:14:28,306 [INFO] CADModel:114 - Register for checkConnection events
2026-08-01 11:14:28,306 [FATAL] Updater:308 - Updater called before beeing initialized
2026-08-01 11:14:28,306 [ERROR] CADModel:125 - Updater not yet initialized, retry later 
2026-08-01 11:14:28,311 [FATAL] Updater:308 - Updater called before beeing initialized
2026-08-01 11:14:28,401 [FATAL] Updater:308 - Updater called before beeing initialized
2026-08-01 11:14:28,405 [INFO] DbMcusAds:53 - JSON generation date=Wed Jul 15 16:44:54 GMT+07:00 2026 (1784108694001)
2026-08-01 11:14:28,405 [FATAL] Updater:308 - Updater called before beeing initialized
2026-08-01 11:14:28,433 [WARN] DetailPanel:346 - Failed to get advertising image, set to default
2026-08-01 11:14:28,510 [FATAL] Updater:308 - Updater called before beeing initialized
2026-08-01 11:14:28,512 [FATAL] Updater:308 - Updater called before beeing initialized
2026-08-01 11:14:28,512 [FATAL] Updater:308 - Updater called before beeing initialized
2026-08-01 11:14:28,512 [WARN] DetailPanel:346 - Failed to get advertising image, set to default
2026-08-01 11:14:28,512 [FATAL] Updater:308 - Updater called before beeing initialized
2026-08-01 11:14:28,547 [ERROR] Updater:1120 - MainUpdater not yet initialized. External WinMGr cannot be set.
2026-08-01 11:14:28,548 [INFO] Updater:1056 - Updater Version found : 6.9.1
2026-08-01 11:14:28,564 [INFO] ApplicationProperties:184 - Using Application install path: C:\ST\STM32CubeIDE_1.13.1\STM32CubeIDE\plugins\com.st.stm32cube.common.mx_6.9.1.202307191849
2026-08-01 11:14:28,701 [INFO] MainUpdater:2868 - connection check result : 10
2026-08-01 11:14:28,702 [INFO] MainUpdater:285 - Updater Check For Update Now.
2026-08-01 11:14:28,703 [INFO] MicroXplorer:498 - Change Database Version : DB.6.0.91
2026-08-01 11:14:28,709 [INFO] McuFinderGlobals:63 - Set McuFinder mode to 2 (CubeIDE integrated)
2026-08-01 11:14:28,710 [INFO] UserAuth:179 - activating auth plugin
2026-08-01 11:14:28,713 [INFO] UserAuth:393 - Internet connection configuration mode: 1
2026-08-01 11:14:28,734 [INFO] JxBrowserEngine:151 - Initiate JxBrowser Engine with user profile folder
2026-08-01 11:14:28,890 [INFO] CheckServerUpdateThread:120 - End of CheckServer Thread
2026-08-01 11:14:29,128 [INFO] WebApp:157 - Instantiating new browser for Auth
2026-08-01 11:14:29,455 [INFO] WebApp:753 - Register for checkConnection events
2026-08-01 11:14:29,456 [INFO] WebApp:390 - Apply proxy settings
2026-08-01 11:14:29,456 [INFO] WebApp:475 - Chromium requires no authentication
2026-08-01 11:14:29,460 [INFO] WebApp:418 - Direct internet connection detected
2026-08-01 11:14:29,572 [INFO] WebApp:188 - Starting web application
2026-08-01 11:14:29,573 [INFO] WebApp:520 - Web application path used C:\ST\STM32CubeIDE_1.13.1\STM32CubeIDE\plugins\com.st.stm32cube.common.mx_6.9.1.202307191849\db\plugins\mcufinder\reactClient1\index.html
2026-08-01 11:14:30,701 [WARN] PackLoader:240 - Cannot read IP mode file for STMicroelectronics.FP-ATR-ASTRA1.2.0.3
2026-08-01 11:14:30,704 [WARN] PackLoader:240 - Cannot read IP mode file for STMicroelectronics.FP-ATR-ASTRA1.2.0.2
2026-08-01 11:14:30,709 [ERROR] Engine:466 - C:\Users\Admin\.stm32cubemx\thirdparties\pdsc\STMicroelectronics.X-CUBE-SMBUS.2.1.1.pdsc: PDSC version is not supported
2026-08-01 11:14:30,712 [WARN] PackLoader:240 - Cannot read IP mode file for STMicroelectronics.X-CUBE-SMBUS.2.1.0
2026-08-01 11:14:30,733 [WARN] PackLoader:240 - Cannot read IP mode file for STMicroelectronics.X-CUBE-AZRTOS-F7.1.1.0
2026-08-01 11:14:30,740 [ERROR] Engine:466 - C:\Users\Admin\.stm32cubemx\thirdparties\pdsc\STMicroelectronics.X-CUBE-FREERTOS.1.6.0.pdsc: PDSC version is not supported
2026-08-01 11:14:30,767 [WARN] PackLoader:240 - Cannot read IP mode file for STMicroelectronics.X-CUBE-AZRTOS-H7RS.1.3.0
2026-08-01 11:14:30,777 [ERROR] Engine:466 - C:\Users\Admin\.stm32cubemx\thirdparties\pdsc\WES.I-CUBE-Cesium.1.4.0.pdsc: PDSC version is not supported
2026-08-01 11:14:30,787 [WARN] PackLoader:240 - Cannot read IP mode file for STMicroelectronics.X-CUBE-DISPLAY.3.0.0
2026-08-01 11:14:30,801 [WARN] PackLoader:240 - Cannot read IP mode file for wolfSSL.I-CUBE-wolfSSL.5.9.1
2026-08-01 11:14:30,810 [WARN] PackLoader:240 - Cannot read IP mode file for emotas.I-CUBE-CANOPEN.1.3.0
2026-08-01 11:14:30,813 [ERROR] Engine:466 - C:\Users\Admin\.stm32cubemx\thirdparties\pdsc\STMicroelectronics.X-CUBE-WBA.1.1.0.pdsc: PDSC version is not supported
2026-08-01 11:14:30,823 [INFO] LogOutputStream:77 - [STDOUT_REDIRECT] 1 : Invalid condition id : UX_CORESTACK_Condition cause : null
2026-08-01 11:14:30,824 [INFO] LogOutputStream:77 - [STDOUT_REDIRECT] 1 : Invalid condition id : UX_CORESTACK_Condition cause : null
2026-08-01 11:14:30,826 [INFO] LogOutputStream:77 - [STDOUT_REDIRECT] 1 : Invalid condition id : UX_CORESTACK_Condition cause : null
2026-08-01 11:14:30,828 [INFO] LogOutputStream:77 - [STDOUT_REDIRECT] 1 : Invalid condition id : UX_CORESTACK_Condition cause : null
2026-08-01 11:14:30,829 [INFO] LogOutputStream:77 - [STDOUT_REDIRECT] 1 : Invalid condition id : UX_CORESTACK_Condition cause : null
2026-08-01 11:14:30,832 [WARN] PackLoader:240 - Cannot read IP mode file for STMicroelectronics.X-CUBE-AZRTOS-WL.2.0.0
2026-08-01 11:14:30,854 [WARN] PackLoader:240 - Cannot read IP mode file for STMicroelectronics.X-CUBE-AZRTOS-H7RS.1.2.0
2026-08-01 11:14:30,867 [WARN] PackLoader:240 - Cannot read IP mode file for STMicroelectronics.X-CUBE-BLE2.3.3.0
2026-08-01 11:14:30,870 [ERROR] Engine:466 - C:\Users\Admin\.stm32cubemx\thirdparties\pdsc\Avnet-IOTCONNECT.X-CUBE-iotc-st67-sdk.1.0.0.pdsc: PDSC version is not supported
2026-08-01 11:14:30,874 [ERROR] Engine:466 - C:\Users\Admin\.stm32cubemx\thirdparties\pdsc\Infineon.AIROC-Wi-Fi-Bluetooth-STM32.1.8.0.pdsc: PDSC version is not supported
2026-08-01 11:14:30,877 [WARN] PackLoader:240 - Cannot read IP mode file for wolfSSL.I-CUBE-wolfMQTT.1.19.2
2026-08-01 11:14:30,887 [WARN] PackLoader:240 - Cannot read IP mode file for STMicroelectronics.X-CUBE-AZRTOS-G0.1.1.0
2026-08-01 11:14:30,893 [WARN] PackLoader:240 - Cannot read IP mode file for STMicroelectronics.X-CUBE-NFC4.3.0.0
2026-08-01 11:14:30,896 [ERROR] Engine:466 - C:\Users\Admin\.stm32cubemx\thirdparties\pdsc\EmbeddedOffice.I-CUBE-FS-RTOS.1.0.1.pdsc: PDSC version is not supported
2026-08-01 11:14:30,900 [WARN] PackLoader:240 - Cannot read IP mode file for wolfSSL.I-CUBE-wolfTPM.3.8.0
2026-08-01 11:14:30,903 [ERROR] Engine:466 - C:\Users\Admin\.stm32cubemx\thirdparties\pdsc\RealThread.X-CUBE-RT-Thread_Nano.4.1.1.pdsc: PDSC version is not supported
2026-08-01 11:14:30,906 [WARN] PackLoader:240 - Cannot read IP mode file for STMicroelectronics.FP-ATR-SIGFOX1.3.2.0
2026-08-01 11:14:30,908 [ERROR] Engine:466 - C:\Users\Admin\.stm32cubemx\thirdparties\pdsc\STMicroelectronics.X-CUBE-FREERTOS.1.5.0.pdsc: PDSC version is not supported
2026-08-01 11:14:30,911 [WARN] PackLoader:240 - Cannot read IP mode file for ITTIA_DB.I-CUBE-ITTIADB.8.9.0
2026-08-01 11:14:30,913 [ERROR] Engine:466 - C:\Users\Admin\.stm32cubemx\thirdparties\pdsc\Cesanta.I-CUBE-Mongoose.7.21.7.pdsc: PDSC version is not supported
2026-08-01 11:14:30,915 [WARN] PackLoader:240 - Cannot read IP mode file for STMicroelectronics.X-CUBE-AI.10.2.1
2026-08-01 11:14:30,959 [WARN] PackLoader:240 - Cannot read IP mode file for STMicroelectronics.X-CUBE-MEMS1.12.1.0
2026-08-01 11:14:31,054 [WARN] PackLoader:240 - Cannot read IP mode file for SEGGER.I-CUBE-embOS.1.3.1
2026-08-01 11:14:31,083 [WARN] PackLoader:240 - Cannot read IP mode file for STMicroelectronics.X-CUBE-ALGOBUILD.1.4.0
2026-08-01 11:14:31,089 [WARN] PackLoader:240 - Cannot read IP mode file for STMicroelectronics.X-CUBE-NFC13.1.0.0
2026-08-01 11:14:31,111 [WARN] PackLoader:240 - Cannot read IP mode file for STMicroelectronics.X-CUBE-AZRTOS-F4.1.1.0
2026-08-01 11:14:31,116 [ERROR] Engine:466 - C:\Users\Admin\.stm32cubemx\thirdparties\pdsc\STMicroelectronics.eDS-WB_DPC_TT-BIDIR.2.1.1.pdsc: PDSC version is not supported
2026-08-01 11:14:31,123 [WARN] PackLoader:240 - Cannot read IP mode file for STMicroelectronics.X-CUBE-ALGOBUILD.1.5.0
2026-08-01 11:14:31,171 [WARN] PackLoader:240 - Cannot read IP mode file for STMicroelectronics.X-CUBE-MEMS1.13.0.0
2026-08-01 11:14:31,254 [ERROR] Engine:466 - C:\Users\Admin\.stm32cubemx\thirdparties\pdsc\STMicroelectronics.eDS-WB_DPC_3PH2L-BIDIR.1.1.1.pdsc: PDSC version is not supported
2026-08-01 11:14:31,263 [WARN] PackLoader:240 - Cannot read IP mode file for STMicroelectronics.X-CUBE-TOUCHGFX.4.26.1
2026-08-01 11:14:31,278 [WARN] ConditionMgr:438 - getConditionDescription Invalid condition id : LAN8742 Phy interface Condition cause : null
2026-08-01 11:14:31,278 [WARN] PackLoader:240 - Cannot read IP mode file for STMicroelectronics.X-CUBE-AZRTOS-L4.2.0.0
2026-08-01 11:14:31,280 [WARN] ConditionMgr:1039 - genDependencies : Invalid condition id : LAN8742 Phy interface Condition cause : null
2026-08-01 11:14:31,280 [WARN] ConditionMgr:1039 - genDependencies : Invalid condition id : LAN8742 Phy interface Condition cause : null
2026-08-01 11:14:31,281 [WARN] ConditionMgr:1039 - genDependencies : Invalid condition id : LAN8742 Phy interface Condition cause : null
2026-08-01 11:14:31,288 [WARN] PackLoader:240 - Cannot read IP mode file for STMicroelectronics.X-CUBE-SFXS2LP1.4.0.0
2026-08-01 11:14:31,292 [ERROR] Engine:466 - C:\Users\Admin\.stm32cubemx\thirdparties\pdsc\quantropi.X-CUBE-qispace-sdk-base.2.1.0.pdsc: PDSC version is not supported
2026-08-01 11:14:31,320 [WARN] PackLoader:240 - Cannot read IP mode file for STMicroelectronics.X-CUBE-SUBG2.5.0.0
2026-08-01 11:14:31,336 [WARN] PackLoader:240 - Cannot read IP mode file for STMicroelectronics.X-CUBE-AZRTOS-G4.2.0.0
2026-08-01 11:14:31,341 [WARN] PackLoader:240 - Cannot read IP mode file for wolfSSL.I-CUBE-wolfSSH.1.4.20
2026-08-01 11:14:31,342 [INFO] ThirdParty:978 - Integrity check success = true
2026-08-01 11:14:31,343 [INFO] IntegrityCheckThread:100 - exiting critical section [integrity check]
2026-08-01 11:14:31,343 [INFO] IntegrityCheckThread:103 - End integrity checks thread
2026-08-01 11:14:50,205 [ERROR] LogOutputStream:75 - [STDERR_REDIRECT] SLF4J: Failed to load class "org.slf4j.impl.StaticLoggerBinder".
2026-08-01 11:14:50,206 [ERROR] LogOutputStream:75 - [STDERR_REDIRECT] SLF4J: Defaulting to no-operation (NOP) logger implementation
2026-08-01 11:14:50,207 [ERROR] LogOutputStream:75 - [STDERR_REDIRECT] SLF4J: See http://www.slf4j.org/codes.html#StaticLoggerBinder for further details.
2026-08-01 11:15:55,653 [INFO] McuFinderGlobals:63 - Set McuFinder mode to 2 (CubeIDE integrated)
2026-08-01 11:15:55,656 [INFO] MainUpdater:2868 - connection check result : 10
2026-08-01 11:15:55,656 [INFO] MainUpdater:2868 - connection check result : 10
2026-08-01 11:15:55,677 [INFO] MicroXplorer:468 - Change Database Path : 
2026-08-01 11:15:55,678 [INFO] MicroXplorer:498 - Change Database Version : DB.6.0.91
2026-08-01 11:15:55,681 [WARN] ThirdParty:871 - waiting for thirdparty lock release [close project]
2026-08-01 11:15:55,682 [INFO] ThirdParty:873 - entering critical section [close project]
2026-08-01 11:15:55,683 [INFO] ThirdParty:883 - exiting critical section [close project]
2026-08-01 11:15:55,684 [INFO] PinOutPanel:1499 - setPackage(No Configuration,No Configuration)
2026-08-01 11:15:55,688 [INFO] UtilMem:75 - Begin LoadConfig() Used Memory: 656184592 Bytes (907018240)
2026-08-01 11:15:55,689 [INFO] MicroXplorer:468 - Change Database Path : 
2026-08-01 11:15:55,689 [INFO] MicroXplorer:498 - Change Database Version : DB.6.0.91
2026-08-01 11:15:55,689 [INFO] OpenFileManager:308 - Change cursor
2026-08-01 11:15:55,709 [INFO] Mcu:1946 - Initializing MCU STM32F405RGTx STM32F405RGTx STM32F405RGT6
2026-08-01 11:15:56,880 [INFO] Context:659 - Trying to add GPIOservice into a context  which must be forbidden
2026-08-01 11:15:57,489 [INFO] RtosManager:555 - Registered RTOS mode: class=CMSIS, group=RTOS, mode=CMSIS_V1, owner=FREERTOS
2026-08-01 11:15:57,489 [INFO] RtosManager:555 - Registered RTOS mode: class=CMSIS, group=RTOS2, mode=CMSIS_V2, owner=FREERTOS
2026-08-01 11:15:57,489 [INFO] RtosManager:555 - Registered RTOS mode: class=RTOS, group=Core, mode=CMSIS_V1, owner=FREERTOS
2026-08-01 11:15:57,489 [INFO] RtosManager:555 - Registered RTOS mode: class=RTOS, group=Core, mode=CMSIS_V2, owner=FREERTOS
2026-08-01 11:15:57,490 [WARN] ModelIntegratedComponent:184 - Missing modes for component STMicroelectronics:FreeRTOS:0.0.1:STMicroelectronics:RTOS:FreeRTOS:Core:::10.2.0:
2026-08-01 11:15:57,568 [WARN] ModelIntegratedComponent:63 - No mode defined for component null
2026-08-01 11:15:57,568 [WARN] ModelIntegratedComponent:63 - No mode defined for component null
2026-08-01 11:15:57,568 [WARN] ModelIntegratedComponent:63 - No mode defined for component null
2026-08-01 11:15:57,568 [WARN] ModelIntegratedComponent:63 - No mode defined for component null
2026-08-01 11:15:57,568 [WARN] ModelIntegratedComponent:63 - No mode defined for component null
2026-08-01 11:15:57,568 [WARN] ModelIntegratedComponent:63 - No mode defined for component null
2026-08-01 11:15:57,569 [WARN] ModelIntegratedComponent:63 - No mode defined for component null
2026-08-01 11:15:57,569 [WARN] ModelIntegratedComponent:63 - No mode defined for component null
2026-08-01 11:15:57,569 [WARN] ModelIntegratedComponent:63 - No mode defined for component null
2026-08-01 11:15:57,569 [WARN] ModelIntegratedComponent:63 - No mode defined for component null
2026-08-01 11:15:57,569 [WARN] ModelIntegratedComponent:63 - No mode defined for component null
2026-08-01 11:15:57,569 [WARN] ModelIntegratedComponent:63 - No mode defined for component null
2026-08-01 11:15:57,569 [WARN] ModelIntegratedComponent:63 - No mode defined for component null
2026-08-01 11:15:57,569 [WARN] ModelIntegratedComponent:63 - No mode defined for component null
2026-08-01 11:15:57,569 [WARN] ModelIntegratedComponent:63 - No mode defined for component null
2026-08-01 11:15:57,569 [WARN] ModelIntegratedComponent:63 - No mode defined for component null
2026-08-01 11:15:57,569 [WARN] ModelIntegratedComponent:63 - No mode defined for component null
2026-08-01 11:15:57,569 [WARN] ModelIntegratedComponent:63 - No mode defined for component null
2026-08-01 11:15:57,569 [WARN] ModelIntegratedComponent:63 - No mode defined for component null
2026-08-01 11:15:57,569 [WARN] ModelIntegratedComponent:63 - No mode defined for component null
2026-08-01 11:15:57,569 [WARN] ModelIntegratedComponent:63 - No mode defined for component null
2026-08-01 11:15:57,569 [WARN] ModelIntegratedComponent:63 - No mode defined for component null
2026-08-01 11:15:57,569 [WARN] ModelIntegratedComponent:63 - No mode defined for component null
2026-08-01 11:15:57,569 [WARN] ModelIntegratedComponent:63 - No mode defined for component null
2026-08-01 11:15:57,569 [WARN] ModelIntegratedComponent:63 - No mode defined for component null
2026-08-01 11:15:57,569 [WARN] ModelIntegratedComponent:63 - No mode defined for component null
2026-08-01 11:15:57,569 [WARN] ModelIntegratedComponent:63 - No mode defined for component null
2026-08-01 11:15:57,569 [WARN] ModelIntegratedComponent:63 - No mode defined for component null
2026-08-01 11:15:57,569 [WARN] ModelIntegratedComponent:63 - No mode defined for component null
2026-08-01 11:15:57,569 [WARN] ModelIntegratedComponent:63 - No mode defined for component null
2026-08-01 11:15:57,569 [WARN] ModelIntegratedComponent:63 - No mode defined for component null
2026-08-01 11:15:57,569 [WARN] ModelIntegratedComponent:63 - No mode defined for component null
2026-08-01 11:15:57,569 [WARN] ModelIntegratedComponent:63 - No mode defined for component null
2026-08-01 11:15:57,628 [INFO] ThirdPartyModel:298 - Start build external matchings
2026-08-01 11:15:57,861 [INFO] ThirdPartyModel:316 - End build external matchings
2026-08-01 11:15:57,871 [INFO] RtosManager:919 - Current active RTOS is FREERTOS [Cortex-M4NS]
2026-08-01 11:15:57,880 [INFO] ImportTextPane:194 - (OptionalMessage_ERROR) IP (RCC) : Parameter (48MHZClocksFreq_Value) has invalid value (84000000)
2026-08-01 11:15:57,881 [INFO] ImportTextPane:194 - (OptionalMessage_ERROR) IP (RCC) : Parameter (RTCHSEDivFreq_Value) has invalid value (4000000)
2026-08-01 11:15:58,128 [INFO] UtilMem:75 - End LoadConfig() Used Memory: 892044208 Bytes (1053818880)
2026-08-01 11:15:58,186 [INFO] ApiDb:581 - Connected to CubeFinder SQLite database (C:\Users\Admin\.stmcufinder\plugins\mcufinder\mcu\cube-finder-db.db)
2026-08-01 11:15:58,245 [INFO] ApiDb:668 - CubeFinder database Data Model version=2.1
2026-08-01 11:15:58,245 [INFO] ApiDb:669 - CubeFinder database Configuration version=3.0.42
2026-08-01 11:15:58,246 [INFO] ApiDb:670 - CubeFinder database generation date=2026-06-23 (1782213372)
2026-08-01 11:15:58,246 [INFO] ApiDb:671 - CubeFinder database FW Pack versions=[FP-ATR-ASTRA1_V2.0.0, FP-SNS-FLIGHT1_V5.1.0, FP-SNS-MOTENV1_V5.1.0, FP-SNS-MOTENVWB1_V1.5.0, FP-SNS-SMARTAG2_V1.2.0, FP-SNS-STBOX1_V2.1.0, STM32Cube_FW_C0_V1.4.0, STM32Cube_FW_F4_V1.28.3, STM32Cube_FW_F7_V1.17.4, STM32Cube_FW_G0_V1.6.3, STM32Cube_FW_G4_V1.6.2, STM32Cube_FW_H5_V1.7.0, STM32Cube_FW_H7RS_V1.3.0, STM32Cube_FW_H7_V1.13.0, STM32Cube_FW_L0_V1.12.2, STM32Cube_FW_L4_V1.18.2, STM32Cube_FW_L5_V1.6.0, STM32Cube_FW_N6_V1.4.0, STM32Cube_FW_U0_V1.3.0, STM32Cube_FW_U3_V1.4.0, STM32Cube_FW_U5_V1.9.0, STM32Cube_FW_WB0_V1.5.0, STM32Cube_FW_WBA_V1.10.0, STM32Cube_FW_WB_V1.24.0, STM32Cube_FW_WL3_V1.5.0, STM32Cube_FW_WL_V1.6.0, X-CUBE-ALGOBUILD_V1.5.0, X-CUBE-ALS_V1.0.2, X-CUBE-AZRTOS-F4_V1.1.0, X-CUBE-AZRTOS-F7_V1.1.0, X-CUBE-AZRTOS-G0_V1.1.0, X-CUBE-AZRTOS-G4_V2.0.0, X-CUBE-AZRTOS-H7RS_V1.1.0, X-CUBE-AZRTOS-H7_V3.5.0, X-CUBE-AZRTOS-L4_V2.0.0, X-CUBE-AZRTOS-L5_V2.0.0, X-CUBE-AZRTOS-WB_V2.0.0, X-CUBE-AZRTOS-WL_V2.0.0, X-CUBE-BLE1_V7.1.0, X-CUBE-BLE2_V3.3.0, X-CUBE-BLEMGR_V4.1.0, X-CUBE-EEPRMA1_V5.2.0, X-CUBE-FREERTOS_V1.5.0, X-CUBE-GNSS1_V7.1.1, X-CUBE-MEMS1_V12.1.0, X-CUBE-NFC4_V3.0.0, X-CUBE-NFC7_V2.0.0, X-CUBE-SFXS2LP1_V4.0.0, X-CUBE-ST67W61_V1.3.0, X-CUBE-SUBG2_V5.0.0, X-CUBE-TOF1_V3.4.3]
2026-08-01 11:16:00,347 [INFO] ApiDb:240 - Found 323 in-development CPN: [B-G473E-ZEST1S, B-WB1M-WPAN1, B-WL5M-SUBG1, NUCLEO-C031C6, NUCLEO-H503RB, NUCLEO-H563ZI, NUCLEO-U545RE-Q, NUCLEO-U5A5ZJ-Q, NUCLEO-WBA52CG, STEVAL-PROTEUS1, STEVAL-SMARTAG2, STEVAL-STWINBX1, STM320518-EVAL, STM32C0116-DK, STM32C011D6Y3TR, STM32C011D6Y6TR, STM32C011F4P3, STM32C011F4P6, STM32C011F4U3, STM32C011F4U6TR, STM32C011F6P3, STM32C011F6P6, STM32C011F6U3, STM32C011F6U6TR, STM32C011J4M3, STM32C011J4M6, STM32C011J6M3, STM32C011J6M6, STM32C0316-DK, STM32C031C4T3, STM32C031C4T6, STM32C031C4U3, STM32C031C4U6, STM32C031C6T3, STM32C031C6T6, STM32C031C6U3, STM32C031C6U6, STM32C031F4P3, STM32C031F4P6, STM32C031F6P3, STM32C031F6P6, STM32C031G4U3, STM32C031G4U6, STM32C031G6U3, STM32C031G6U6, STM32C031K4T3, STM32C031K4T6, STM32C031K4U3, STM32C031K4U6, STM32C031K6T3, STM32C031K6T6, STM32C031K6U3, STM32C031K6U6, STM32G071K8TXN, STM32G071K8UXN, STM32G081GBU6N, STM32G081KBT6N, STM32G081KBUXN, STM32G0B1CCT6N, STM32G0B1KCT6, STM32G0B1NEY6TR, STM32G0B1RCT6N, STM32G0C1CCT6, STM32G0C1CCT6N, STM32G0C1CCU6N, STM32G0C1CET6N, STM32G0C1CEU6N, STM32G0C1KCT6, STM32G0C1NEY6TR, STM32G0C1RCI6N, STM32G0C1RCT6N, STM32G0C1REI6N, STM32G0C1RET6N, STM32G0C1VCI6, STM32G0C1VEI6, STM32G471CCT6, STM32G471CCU6, STM32G471CET3, STM32G471CET6, STM32G471CEU3, STM32G471CEU6, STM32G471MCT6, STM32G471MET3, STM32G471MET6, STM32G471MEY6TR, STM32G471QCT6, STM32G471QET3, STM32G471RCT6, STM32G471RET3, STM32G471RET6, STM32G471VCH6, STM32G471VCI6, STM32G471VCT6, STM32G471VEH3, STM32G471VEH6, STM32G471VEI3, STM32G471VEI6, STM32G471VET3, STM32G471VET6, STM32G474CCT6, STM32H503CBT6, STM32H503CBU6, STM32H503EBY6TR, STM32H503KBU6, STM32H503RBT6, STM32H562AGI6, STM32H562AII6, STM32H562IGK6, STM32H562IGT6, STM32H562IIK6, STM32H562IIT6, STM32H562RGT6, STM32H562RGV6, STM32H562RIT6, STM32H562RIV6, STM32H562VGT6, STM32H562VIT6, STM32H562ZGT6, STM32H562ZIT6, STM32H563AGI6, STM32H563AII3Q, STM32H563AII6, STM32H563IGK6, STM32H563IGT6, STM32H563IIK3Q, STM32H563IIK6, STM32H563IIT3Q, STM32H563IIT6, STM32H563MIY3QTR, STM32H563RGT6, STM32H563RGV6, STM32H563RIT6, STM32H563RIV6, STM32H563VGT6, STM32H563VIT3Q, STM32H563VIT6, STM32H563ZGT6, STM32H563ZIT3Q, STM32H563ZIT6, STM32H573AII3Q, STM32H573AII6, STM32H573I-DK, STM32H573IIK3Q, STM32H573IIK6, STM32H573IIT3Q, STM32H573IIT6, STM32H573MIY3QTR, STM32H573RIT6, STM32H573RIV6, STM32H573VIT3Q, STM32H573VIT6, STM32H573ZIT3Q, STM32H573ZIT6, STM32L4R5QGI6STR, STM32MP131AAE3, STM32MP131AAF3, STM32MP131AAG3, STM32MP131CAE3, STM32MP131CAF3, STM32MP131CAG3, STM32MP131DAE7, STM32MP131DAF7, STM32MP131DAG7, STM32MP131FAE7, STM32MP131FAF7, STM32MP131FAG7, STM32MP133AAE3, STM32MP133AAF3, STM32MP133AAG3, STM32MP133CAE3, STM32MP133CAF3, STM32MP133CAG3, STM32MP133DAE7, STM32MP133DAF7, STM32MP133DAG7, STM32MP133FAE7, STM32MP133FAF7, STM32MP133FAG7, STM32MP135AAE3, STM32MP135AAF3, STM32MP135AAG3, STM32MP135CAE3, STM32MP135CAF3, STM32MP135CAG3, STM32MP135DAE7, STM32MP135DAF7, STM32MP135DAG7, STM32MP135F-DK, STM32MP135FAE7, STM32MP135FAF7, STM32MP135FAF7T, STM32MP135FAF7U, STM32MP135FAG7, STM32U535CBT6, STM32U535CBT6Q, STM32U535CBU6, STM32U535CBU6Q, STM32U535CCT6, STM32U535CCT6Q, STM32U535CCU6, STM32U535CCU6Q, STM32U535CET6, STM32U535CET6Q, STM32U535CEU6, STM32U535CEU6Q, STM32U535JEY6QTR, STM32U535NCY6QTR, STM32U535NEY6QTR, STM32U535RBI6, STM32U535RBI6Q, STM32U535RBT6, STM32U535RBT6Q, STM32U535RCI6, STM32U535RCI6Q, STM32U535RCT6, STM32U535RCT6Q, STM32U535REI6, STM32U535REI6Q, STM32U535RET6, STM32U535RET6Q, STM32U535VCI6, STM32U535VCI6Q, STM32U535VCT6, STM32U535VCT6Q, STM32U535VEI6, STM32U535VEI6Q, STM32U535VET6, STM32U535VET6Q, STM32U545CET6, STM32U545CET6Q, STM32U545CEU6, STM32U545CEU6Q, STM32U545JEY6QTR, STM32U545NEY6QTR, STM32U545REI6, STM32U545REI6Q, STM32U545RET6, STM32U545RET6Q, STM32U545VEI6, STM32U545VEI6Q, STM32U545VET6, STM32U545VET6Q, STM32U595AIH6, STM32U595AIH6Q, STM32U595AJH6, STM32U595AJH6Q, STM32U595QII6, STM32U595QII6Q, STM32U595QJI6, STM32U595QJI6Q, STM32U595RIT6, STM32U595RIT6Q, STM32U595RJT6, STM32U595RJT6Q, STM32U595VIT6, STM32U595VIT6Q, STM32U595VJT6, STM32U595VJT6Q, STM32U595ZIT6, STM32U595ZIT6Q, STM32U595ZIY6QTR, STM32U595ZJT6, STM32U595ZJT6Q, STM32U595ZJY6QTR, STM32U599BJY6QTR, STM32U599NIH6Q, STM32U599NJH6Q, STM32U599VIT6Q, STM32U599VJT6, STM32U599VJT6Q, STM32U599ZIT6Q, STM32U599ZIY6QTR, STM32U599ZJT6Q, STM32U599ZJY6QTR, STM32U5A5AJH6, STM32U5A5AJH6Q, STM32U5A5QJI6, STM32U5A5QJI6Q, STM32U5A5RJT6, STM32U5A5RJT6Q, STM32U5A5VJT6, STM32U5A5VJT6Q, STM32U5A5ZJT6, STM32U5A5ZJT6Q, STM32U5A5ZJY6QTR, STM32U5A9BJY6QTR, STM32U5A9J-DK, STM32U5A9NJH6Q, STM32U5A9VJT6Q, STM32U5A9ZJT6Q, STM32U5A9ZJY6QTR, STM32U5F7VIT6, STM32U5F7VIT6Q, STM32U5F7VJT6, STM32U5F7VJT6Q, STM32U5F9BJY6QTR, STM32U5F9NJH6Q, STM32U5F9VIT6Q, STM32U5F9VJT6Q, STM32U5F9ZIJ6QTR, STM32U5F9ZIT6Q, STM32U5F9ZJJ6QTR, STM32U5F9ZJT6Q, STM32U5G7VJT6, STM32U5G7VJT6Q, STM32U5G9BJY6QTR, STM32U5G9J-DK1, STM32U5G9J-DK2, STM32U5G9NJH6Q, STM32U5G9VJT6Q, STM32U5G9ZJJ6QTR, STM32U5G9ZJT6Q, STM32WB1MMCH6, STM32WBA52CEU6, STM32WBA52CEU6T, STM32WBA52CGU6, STM32WBA52CGU6T, STM32WBA52KEU6, STM32WBA52KEU6T, STM32WBA52KGU6, STM32WBA52KGU6T, STM32WL5MOCH6, STM32WL5MOCH6TR]
2026-08-01 11:16:00,352 [INFO] DbMcus:217 - Found 5228 MCUs, 5075 are supported
2026-08-01 11:16:00,353 [INFO] ApiDb:423 - Load user favorites file C:\Users\Admin/.stm32cubeide/favorites.mcus.txt: 4 item(s)
2026-08-01 11:16:00,353 [INFO] ApiDb:427 - User favorites MCUs=[STM32F103C8T6, STM32F405RGT6, STM32F411CEU6, STM32H523CET6]
2026-08-01 11:16:00,353 [INFO] DbMcus:223 - Set 4 / 4 favorites MCUs
2026-08-01 11:16:00,854 [WARN] ThirdParty:833 - waiting for thirdparty lock release [change project]
2026-08-01 11:16:00,854 [INFO] ThirdParty:835 - entering critical section [change project]
2026-08-01 11:16:00,854 [INFO] ThirdParty:1030 - CMSIS Pack Vendor :STMicroelectronics USBPD 4.1
2026-08-01 11:16:00,854 [INFO] ThirdParty:1030 - CMSIS Pack Vendor :STMicroelectronics USB_HOST 2.0.0
2026-08-01 11:16:00,854 [INFO] ThirdParty:1030 - CMSIS Pack Vendor :STMicroelectronics FP-ATR-ASTRA1 2.0.3
2026-08-01 11:16:00,854 [INFO] ThirdParty:1030 - CMSIS Pack Vendor :STMicroelectronics X-CUBE-AZRTOS-F4 1.1.0
2026-08-01 11:16:00,854 [INFO] ThirdParty:1030 - CMSIS Pack Vendor :STMicroelectronics LIBJPEG 8.0.0
2026-08-01 11:16:00,854 [INFO] ThirdParty:1030 - CMSIS Pack Vendor :STMicroelectronics FP-ATR-ASTRA1 2.0.2
2026-08-01 11:16:00,854 [INFO] ThirdParty:1030 - CMSIS Pack Vendor :STMicroelectronics X-CUBE-SMBUS 2.1.0
2026-08-01 11:16:00,854 [INFO] ThirdParty:1030 - CMSIS Pack Vendor :wolfSSL I-CUBE-wolfMQTT 1.19.2
2026-08-01 11:16:00,854 [INFO] ThirdParty:1030 - CMSIS Pack Vendor :STMicroelectronics USB_DEVICE 3.0.0
2026-08-01 11:16:00,854 [INFO] ThirdParty:1030 - CMSIS Pack Vendor :STMicroelectronics X-CUBE-AZRTOS-F7 1.1.0
2026-08-01 11:16:00,855 [INFO] ThirdParty:1030 - CMSIS Pack Vendor :STMicroelectronics USB_DEVICE 2.0.0
2026-08-01 11:16:00,855 [INFO] ThirdParty:1030 - CMSIS Pack Vendor :STMicroelectronics X-CUBE-ALGOBUILD 1.5.0
2026-08-01 11:16:00,855 [INFO] ThirdParty:1030 - CMSIS Pack Vendor :STMicroelectronics FreeRTOS 0.0.1
2026-08-01 11:16:00,855 [INFO] ThirdParty:1030 - CMSIS Pack Vendor :STMicroelectronics X-CUBE-AZRTOS-H7RS 1.3.0
2026-08-01 11:16:00,855 [INFO] ThirdParty:1030 - CMSIS Pack Vendor :STMicroelectronics X-CUBE-AZRTOS-G0 1.1.0
2026-08-01 11:16:00,855 [INFO] ThirdParty:1030 - CMSIS Pack Vendor :STMicroelectronics X-CUBE-NFC4 3.0.0
2026-08-01 11:16:00,855 [INFO] ThirdParty:1030 - CMSIS Pack Vendor :STMicroelectronics X-CUBE-SUBG2 5.0.0
2026-08-01 11:16:00,855 [INFO] ThirdParty:1030 - CMSIS Pack Vendor :STMicroelectronics STM32_WPAN 1.0.0
2026-08-01 11:16:00,855 [INFO] ThirdParty:1030 - CMSIS Pack Vendor :STMicroelectronics lwIP 2.0.3
2026-08-01 11:16:00,855 [INFO] ThirdParty:1030 - CMSIS Pack Vendor :STMicroelectronics X-CUBE-MEMS1 13.0.0
2026-08-01 11:16:00,855 [INFO] ThirdParty:1030 - CMSIS Pack Vendor :STMicroelectronics USB_HOST 1.0.0
2026-08-01 11:16:00,855 [INFO] ThirdParty:1030 - CMSIS Pack Vendor :STMicroelectronics X-CUBE-AZRTOS-G4 2.0.0
2026-08-01 11:16:00,855 [INFO] ThirdParty:1030 - CMSIS Pack Vendor :STMicroelectronics PDM2PCM 3.1.0
2026-08-01 11:16:00,855 [INFO] ThirdParty:1030 - CMSIS Pack Vendor :STMicroelectronics PDM2PCM 3.3.0
2026-08-01 11:16:00,855 [INFO] ThirdParty:1030 - CMSIS Pack Vendor :wolfSSL I-CUBE-wolfTPM 3.8.0
2026-08-01 11:16:00,855 [INFO] ThirdParty:1030 - CMSIS Pack Vendor :STMicroelectronics X-CUBE-DISPLAY 3.0.0
2026-08-01 11:16:00,855 [INFO] ThirdParty:1030 - CMSIS Pack Vendor :wolfSSL I-CUBE-wolfSSH 1.4.20
2026-08-01 11:16:00,855 [INFO] ThirdParty:1030 - CMSIS Pack Vendor :wolfSSL I-CUBE-wolfSSL 5.9.1
2026-08-01 11:16:00,855 [INFO] ThirdParty:1030 - CMSIS Pack Vendor :STMicroelectronics FP-ATR-SIGFOX1 3.2.0
2026-08-01 11:16:00,855 [INFO] ThirdParty:1030 - CMSIS Pack Vendor :STMicroelectronics HAL Drivers 0.0.0
2026-08-01 11:16:00,855 [INFO] ThirdParty:1030 - CMSIS Pack Vendor :STMicroelectronics MBEDTLS 2.16.2
2026-08-01 11:16:00,855 [INFO] ThirdParty:1030 - CMSIS Pack Vendor :emotas I-CUBE-CANOPEN 1.3.0
2026-08-01 11:16:00,855 [INFO] ThirdParty:1030 - CMSIS Pack Vendor :STMicroelectronics MBEDTLS 2.14.1
2026-08-01 11:16:00,855 [INFO] ThirdParty:1030 - CMSIS Pack Vendor :ITTIA_DB I-CUBE-ITTIADB 8.9.0
2026-08-01 11:16:00,855 [INFO] ThirdParty:1030 - CMSIS Pack Vendor :STMicroelectronics X-CUBE-TOUCHGFX 4.26.1
2026-08-01 11:16:00,855 [INFO] ThirdParty:1030 - CMSIS Pack Vendor :STMicroelectronics X-CUBE-AI 10.2.1
2026-08-01 11:16:00,855 [INFO] ThirdParty:1030 - CMSIS Pack Vendor :STMicroelectronics ThreadX 1.0.0
2026-08-01 11:16:00,855 [INFO] ThirdParty:1030 - CMSIS Pack Vendor :STMicroelectronics X-CUBE-MEMS1 12.1.0
2026-08-01 11:16:00,855 [INFO] ThirdParty:1030 - CMSIS Pack Vendor :STMicroelectronics X-CUBE-AZRTOS-WL 2.0.0
2026-08-01 11:16:00,855 [INFO] ThirdParty:1030 - CMSIS Pack Vendor :SEGGER I-CUBE-embOS 1.3.1
2026-08-01 11:16:00,855 [INFO] ThirdParty:1030 - CMSIS Pack Vendor :STMicroelectronics X-CUBE-ALGOBUILD 1.4.0
2026-08-01 11:16:00,855 [INFO] ThirdParty:1030 - CMSIS Pack Vendor :STMicroelectronics USB_DEVICE 1.0.0
2026-08-01 11:16:00,855 [INFO] ThirdParty:1030 - CMSIS Pack Vendor :STMicroelectronics X-CUBE-AZRTOS-H7RS 1.2.0
2026-08-01 11:16:00,855 [INFO] ThirdParty:1030 - CMSIS Pack Vendor :STMicroelectronics X-CUBE-AZRTOS-L4 2.0.0
2026-08-01 11:16:00,855 [INFO] ThirdParty:1030 - CMSIS Pack Vendor :STMicroelectronics ThreadX 0.0.2
2026-08-01 11:16:00,855 [INFO] ThirdParty:1030 - CMSIS Pack Vendor :STMicroelectronics lwIP 2.1.2
2026-08-01 11:16:00,855 [INFO] ThirdParty:1030 - CMSIS Pack Vendor :STMicroelectronics X-CUBE-SFXS2LP1 4.0.0
2026-08-01 11:16:00,856 [INFO] ThirdParty:1030 - CMSIS Pack Vendor :STMicroelectronics X-CUBE-BLE2 3.3.0
2026-08-01 11:16:00,856 [INFO] ThirdParty:1030 - CMSIS Pack Vendor :STMicroelectronics X-CUBE-NFC13 1.0.0
2026-08-01 11:16:00,856 [INFO] ThirdParty:1030 - CMSIS Pack Vendor :STMicroelectronics PDM2PCM 3.2.0
2026-08-01 11:16:00,856 [INFO] ThirdParty:841 - exiting critical section [change project]
2026-08-01 11:16:01,127 [INFO] PinOutPanel:1499 - setPackage(No Configuration,No Configuration)
2026-08-01 11:16:01,129 [INFO] PinOutPanel:1499 - setPackage(STM32F405RGTx,LQFP64)
2026-08-01 11:16:01,549 [INFO] UtilMem:75 - Before build in PCC Used Memory: 784682928 Bytes (1073741824)
2026-08-01 11:16:02,365 [INFO] UtilMem:75 - After build in PCC Used Memory: 852925528 Bytes (1073741824)
2026-08-01 11:16:02,472 [INFO] ApiDbMcu:507 - Load IP Config File for FREERTOS
2026-08-01 11:16:02,504 [INFO] IPUIPlugin:80 - create IPUIPlugin
2026-08-01 11:16:02,504 [INFO] IPUIPlugin:80 - create IPUIPlugin
2026-08-01 11:16:02,505 [INFO] IPUIPlugin:80 - create IPUIPlugin
2026-08-01 11:16:02,505 [INFO] IPUIPlugin:80 - create IPUIPlugin
2026-08-01 11:16:02,505 [INFO] IPUIPlugin:80 - create IPUIPlugin
2026-08-01 11:16:02,505 [INFO] IPUIPlugin:80 - create IPUIPlugin
2026-08-01 11:16:02,506 [INFO] IPUIPlugin:80 - create IPUIPlugin
2026-08-01 11:16:02,506 [INFO] IPUIPlugin:80 - create IPUIPlugin
2026-08-01 11:16:02,506 [INFO] IPUIPlugin:80 - create IPUIPlugin
2026-08-01 11:16:02,506 [INFO] IPUIPlugin:80 - create IPUIPlugin
2026-08-01 11:16:02,507 [INFO] IPUIPlugin:80 - create IPUIPlugin
2026-08-01 11:16:02,507 [INFO] IPUIPlugin:80 - create IPUIPlugin
2026-08-01 11:16:02,507 [INFO] IPUIPlugin:80 - create IPUIPlugin
2026-08-01 11:16:02,507 [INFO] IPUIPlugin:80 - create IPUIPlugin
2026-08-01 11:16:02,507 [INFO] IPUIPlugin:80 - create IPUIPlugin
2026-08-01 11:16:02,507 [INFO] IPUIPlugin:80 - create IPUIPlugin
2026-08-01 11:16:02,508 [INFO] IPUIPlugin:80 - create IPUIPlugin
2026-08-01 11:16:02,508 [INFO] IPUIPlugin:80 - create IPUIPlugin
2026-08-01 11:16:02,508 [INFO] IPUIPlugin:80 - create IPUIPlugin
2026-08-01 11:16:02,508 [INFO] IPUIPlugin:80 - create IPUIPlugin
2026-08-01 11:16:02,509 [INFO] IPUIPlugin:80 - create IPUIPlugin
2026-08-01 11:16:02,509 [INFO] IPUIPlugin:80 - create IPUIPlugin
2026-08-01 11:16:02,509 [INFO] IPUIPlugin:80 - create IPUIPlugin
2026-08-01 11:16:02,509 [INFO] IPUIPlugin:80 - create IPUIPlugin
2026-08-01 11:16:02,509 [INFO] IPUIPlugin:80 - create IPUIPlugin
2026-08-01 11:16:02,509 [INFO] IPUIPlugin:80 - create IPUIPlugin
2026-08-01 11:16:02,510 [INFO] IPUIPlugin:80 - create IPUIPlugin
2026-08-01 11:16:02,510 [INFO] IPUIPlugin:80 - create IPUIPlugin
2026-08-01 11:16:02,510 [INFO] IPUIPlugin:80 - create IPUIPlugin
2026-08-01 11:16:02,510 [INFO] IPUIPlugin:80 - create IPUIPlugin
2026-08-01 11:16:02,511 [INFO] IPUIPlugin:80 - create IPUIPlugin
2026-08-01 11:16:02,511 [INFO] IPUIPlugin:80 - create IPUIPlugin
2026-08-01 11:16:02,511 [INFO] IPUIPlugin:80 - create IPUIPlugin
2026-08-01 11:16:02,511 [INFO] IPUIPlugin:80 - create IPUIPlugin
2026-08-01 11:16:02,511 [INFO] IPUIPlugin:80 - create IPUIPlugin
2026-08-01 11:16:02,511 [INFO] IPUIPlugin:80 - create IPUIPlugin
2026-08-01 11:16:02,512 [INFO] IPUIPlugin:80 - create IPUIPlugin
2026-08-01 11:16:02,512 [INFO] IPUIPlugin:80 - create IPUIPlugin
2026-08-01 11:16:02,512 [INFO] IPUIPlugin:80 - create IPUIPlugin
2026-08-01 11:16:02,512 [INFO] IPUIPlugin:80 - create IPUIPlugin
2026-08-01 11:16:02,512 [INFO] IPUIPlugin:80 - create IPUIPlugin
2026-08-01 11:16:02,512 [INFO] IPUIPlugin:80 - create IPUIPlugin
2026-08-01 11:16:02,513 [INFO] IPUIPlugin:80 - create IPUIPlugin
2026-08-01 11:16:02,513 [INFO] IPUIPlugin:80 - create IPUIPlugin
2026-08-01 11:16:02,513 [INFO] IPUIPlugin:80 - create IPUIPlugin
2026-08-01 11:16:02,513 [INFO] IPUIPlugin:80 - create IPUIPlugin
2026-08-01 11:16:02,513 [INFO] IPUIPlugin:80 - create IPUIPlugin
2026-08-01 11:16:02,514 [INFO] IPUIPlugin:80 - create IPUIPlugin
2026-08-01 11:16:02,514 [INFO] IPUIPlugin:80 - create IPUIPlugin
2026-08-01 11:16:02,514 [INFO] IPUIPlugin:80 - create IPUIPlugin
2026-08-01 11:16:02,514 [INFO] IPUIPlugin:80 - create IPUIPlugin
2026-08-01 11:16:02,515 [INFO] IPUIPlugin:80 - create IPUIPlugin
2026-08-01 11:16:02,515 [INFO] IPUIPlugin:80 - create IPUIPlugin
2026-08-01 11:16:02,516 [INFO] IPUIPlugin:80 - create IPUIPlugin
2026-08-01 11:16:02,529 [INFO] ApiDbMcu:507 - Load IP Config File for PDM2PCM
2026-08-01 11:16:02,541 [WARN] IP:2114 - I2C_Coeff_DF not found: check if there is a RefParameter without a condition.
2026-08-01 11:16:02,541 [WARN] IP:2114 - Analog_Filter not found: check if there is a RefParameter without a condition.
2026-08-01 11:16:02,575 [WARN] FreeRTOS:1023 - Null or empty value: should not occur! (nothing added to the table)
2026-08-01 11:16:02,825 [INFO] CADModel:165 - CPN selected for project levelSTM32F405RGT6
2026-08-01 11:16:02,825 [INFO] CADModel:114 - Register for checkConnection events
2026-08-01 11:16:02,828 [INFO] RtosManager:697 - Active RTOS found at IOC load: FREERTOS [Cortex-M4NS]
2026-08-01 11:16:02,865 [INFO] OpenFileManager:328 - Restore cursor
2026-08-01 11:16:03,008 [WARN] IP:2114 - I2C_Coeff_DF not found: check if there is a RefParameter without a condition.
2026-08-01 11:16:03,008 [WARN] IP:2114 - Analog_Filter not found: check if there is a RefParameter without a condition.
2026-08-01 11:16:03,009 [WARN] IP:2114 - I2C_Coeff_DF not found: check if there is a RefParameter without a condition.
2026-08-01 11:16:03,009 [WARN] IP:2114 - Analog_Filter not found: check if there is a RefParameter without a condition.
2026-08-01 11:16:03,083 [ERROR] LogOutputStream:75 - [STDERR_REDIRECT] Exception in thread "AWT-EventQueue-0" java.lang.NullPointerException: Cannot invoke "com.st.stm32cube.common.mx.oss.core.awtswtbridge.EmbeddedSwingComposite$AwtContext.setContentPane(java.awt.Container)" because "this.awtContext" is null
2026-08-01 11:16:03,086 [ERROR] LogOutputStream:75 - [STDERR_REDIRECT] 	at com.st.stm32cube.common.mx.oss.core.awtswtbridge.EmbeddedSwingComposite.doComponentCreation(EmbeddedSwingComposite.java:494)
2026-08-01 11:16:03,088 [ERROR] LogOutputStream:75 - [STDERR_REDIRECT] 	at com.st.stm32cube.common.mx.oss.core.awtswtbridge.EmbeddedSwingComposite$4.run(EmbeddedSwingComposite.java:291)
2026-08-01 11:16:03,089 [ERROR] LogOutputStream:75 - [STDERR_REDIRECT] 	at com.st.stm32cube.common.mx.oss.core.awtswtbridge.AwtEnvironment$2.run(AwtEnvironment.java:166)
2026-08-01 11:16:03,090 [ERROR] LogOutputStream:75 - [STDERR_REDIRECT] 	at java.desktop/java.awt.event.InvocationEvent.dispatch(InvocationEvent.java:318)
2026-08-01 11:16:03,091 [ERROR] LogOutputStream:75 - [STDERR_REDIRECT] 	at java.desktop/java.awt.EventQueue.dispatchEventImpl(EventQueue.java:771)
2026-08-01 11:16:03,092 [ERROR] LogOutputStream:75 - [STDERR_REDIRECT] 	at java.desktop/java.awt.EventQueue$4.run(EventQueue.java:722)
2026-08-01 11:16:03,093 [ERROR] LogOutputStream:75 - [STDERR_REDIRECT] 	at java.desktop/java.awt.EventQueue$4.run(EventQueue.java:716)
2026-08-01 11:16:03,094 [ERROR] LogOutputStream:75 - [STDERR_REDIRECT] 	at java.base/java.security.AccessController.doPrivileged(AccessController.java:399)
2026-08-01 11:16:03,096 [ERROR] LogOutputStream:75 - [STDERR_REDIRECT] 	at java.base/java.security.ProtectionDomain$JavaSecurityAccessImpl.doIntersectionPrivilege(ProtectionDomain.java:86)
2026-08-01 11:16:03,097 [ERROR] LogOutputStream:75 - [STDERR_REDIRECT] 	at java.desktop/java.awt.EventQueue.dispatchEvent(EventQueue.java:741)
2026-08-01 11:16:03,098 [ERROR] LogOutputStream:75 - [STDERR_REDIRECT] 	at java.desktop/java.awt.EventDispatchThread.pumpOneEventForFilters(EventDispatchThread.java:203)
2026-08-01 11:16:03,099 [ERROR] LogOutputStream:75 - [STDERR_REDIRECT] 	at java.desktop/java.awt.EventDispatchThread.pumpEventsForFilter(EventDispatchThread.java:124)
2026-08-01 11:16:03,100 [ERROR] LogOutputStream:75 - [STDERR_REDIRECT] 	at java.desktop/java.awt.EventDispatchThread.pumpEventsForHierarchy(EventDispatchThread.java:113)
2026-08-01 11:16:03,101 [ERROR] LogOutputStream:75 - [STDERR_REDIRECT] 	at java.desktop/java.awt.EventDispatchThread.pumpEvents(EventDispatchThread.java:109)
2026-08-01 11:16:03,102 [ERROR] LogOutputStream:75 - [STDERR_REDIRECT] 	at java.desktop/java.awt.EventDispatchThread.pumpEvents(EventDispatchThread.java:101)
2026-08-01 11:16:03,103 [ERROR] LogOutputStream:75 - [STDERR_REDIRECT] 	at java.desktop/java.awt.EventDispatchThread.run(EventDispatchThread.java:90)
2026-08-01 16:43:12,384 [INFO] MainUpdater:2868 - connection check result : 10
2026-08-01 16:43:12,384 [INFO] MainUpdater:2868 - connection check result : 10
2026-08-01 16:43:12,555 [INFO] MicroXplorer:468 - Change Database Path : 
2026-08-01 16:43:12,555 [INFO] MicroXplorer:498 - Change Database Version : DB.6.0.91
2026-08-01 16:43:12,589 [WARN] ThirdParty:871 - waiting for thirdparty lock release [close project]
2026-08-01 16:43:12,589 [INFO] ThirdParty:873 - entering critical section [close project]
2026-08-01 16:43:12,589 [INFO] ThirdParty:883 - exiting critical section [close project]
2026-08-01 16:43:12,592 [INFO] PinOutPanel:1499 - setPackage(No Configuration,No Configuration)
2026-08-01 16:43:12,633 [WARN] IpParametersView:151 - Warning: This peripheral hasn't parameters
2026-08-01 16:43:12,653 [WARN] MainPanel:272 - <html><b><center>Warning: This peripheral has no parameters to be configured<br></b></html>
2026-08-01 16:43:12,668 [INFO] UtilMem:75 - Begin LoadConfig() Used Memory: 847027648 Bytes (1073741824)
2026-08-01 16:43:12,669 [INFO] MicroXplorer:468 - Change Database Path : 
2026-08-01 16:43:12,669 [INFO] MicroXplorer:498 - Change Database Version : DB.6.0.91
2026-08-01 16:43:12,669 [INFO] OpenFileManager:308 - Change cursor
2026-08-01 16:43:12,680 [INFO] Mcu:1946 - Initializing MCU STM32F411C(C-E)Ux STM32F411CEUx STM32F411CEU6
2026-08-01 16:43:13,463 [INFO] Context:659 - Trying to add GPIOservice into a context  which must be forbidden
2026-08-01 16:43:13,722 [INFO] RtosManager:555 - Registered RTOS mode: class=CMSIS, group=RTOS, mode=CMSIS_V1, owner=FREERTOS
2026-08-01 16:43:13,722 [INFO] RtosManager:555 - Registered RTOS mode: class=CMSIS, group=RTOS2, mode=CMSIS_V2, owner=FREERTOS
2026-08-01 16:43:13,722 [INFO] RtosManager:555 - Registered RTOS mode: class=RTOS, group=Core, mode=CMSIS_V1, owner=FREERTOS
2026-08-01 16:43:13,722 [INFO] RtosManager:555 - Registered RTOS mode: class=RTOS, group=Core, mode=CMSIS_V2, owner=FREERTOS
2026-08-01 16:43:13,723 [WARN] ModelIntegratedComponent:184 - Missing modes for component STMicroelectronics:FreeRTOS:0.0.1:STMicroelectronics:RTOS:FreeRTOS:Core:::10.2.0:
2026-08-01 16:43:13,840 [WARN] ModelIntegratedComponent:182 - Modes not found for component STMicroelectronics:USB_HOST:1.0.0:STMicroelectronics:USB::USB Host:Audio HS::1.0:USB_HOST_1_0_RESTRICTED_HS
2026-08-01 16:43:13,840 [WARN] ModelIntegratedComponent:188 - Modes not found for component STMicroelectronics:USB_HOST:1.0.0:STMicroelectronics:USB::USB Host:Audio HS::1.0:USB_HOST_1_0_RESTRICTED_HS
2026-08-01 16:43:13,840 [WARN] ModelIntegratedComponent:182 - Modes not found for component STMicroelectronics:USB_HOST:1.0.0:STMicroelectronics:USB::USB Host:CDC HS::1.0:USB_HOST_1_0_RESTRICTED_HS
2026-08-01 16:43:13,840 [WARN] ModelIntegratedComponent:188 - Modes not found for component STMicroelectronics:USB_HOST:1.0.0:STMicroelectronics:USB::USB Host:CDC HS::1.0:USB_HOST_1_0_RESTRICTED_HS
2026-08-01 16:43:13,840 [WARN] ModelIntegratedComponent:182 - Modes not found for component STMicroelectronics:USB_HOST:1.0.0:STMicroelectronics:USB::USB Host:MSC HS::1.0:USB_HOST_1_0_RESTRICTED_HS
2026-08-01 16:43:13,840 [WARN] ModelIntegratedComponent:188 - Modes not found for component STMicroelectronics:USB_HOST:1.0.0:STMicroelectronics:USB::USB Host:MSC HS::1.0:USB_HOST_1_0_RESTRICTED_HS
2026-08-01 16:43:13,840 [WARN] ModelIntegratedComponent:182 - Modes not found for component STMicroelectronics:USB_HOST:1.0.0:STMicroelectronics:USB::USB Host:HID HS::1.0:USB_HOST_1_0_RESTRICTED_HS
2026-08-01 16:43:13,840 [WARN] ModelIntegratedComponent:188 - Modes not found for component STMicroelectronics:USB_HOST:1.0.0:STMicroelectronics:USB::USB Host:HID HS::1.0:USB_HOST_1_0_RESTRICTED_HS
2026-08-01 16:43:13,840 [WARN] ModelIntegratedComponent:182 - Modes not found for component STMicroelectronics:USB_HOST:1.0.0:STMicroelectronics:USB::USB Host:MTP HS::1.0:USB_HOST_1_0_RESTRICTED_HS
2026-08-01 16:43:13,840 [WARN] ModelIntegratedComponent:188 - Modes not found for component STMicroelectronics:USB_HOST:1.0.0:STMicroelectronics:USB::USB Host:MTP HS::1.0:USB_HOST_1_0_RESTRICTED_HS
2026-08-01 16:43:13,842 [WARN] ModelIntegratedComponent:63 - No mode defined for component null
2026-08-01 16:43:13,843 [WARN] ModelIntegratedComponent:63 - No mode defined for component null
2026-08-01 16:43:13,843 [WARN] ModelIntegratedComponent:63 - No mode defined for component null
2026-08-01 16:43:13,843 [WARN] ModelIntegratedComponent:63 - No mode defined for component null
2026-08-01 16:43:13,843 [WARN] ModelIntegratedComponent:63 - No mode defined for component null
2026-08-01 16:43:13,843 [WARN] ModelIntegratedComponent:63 - No mode defined for component null
2026-08-01 16:43:13,843 [WARN] ModelIntegratedComponent:63 - No mode defined for component null
2026-08-01 16:43:13,843 [WARN] ModelIntegratedComponent:63 - No mode defined for component null
2026-08-01 16:43:13,843 [WARN] ModelIntegratedComponent:63 - No mode defined for component null
2026-08-01 16:43:13,843 [WARN] ModelIntegratedComponent:63 - No mode defined for component null
2026-08-01 16:43:13,843 [WARN] ModelIntegratedComponent:63 - No mode defined for component null
2026-08-01 16:43:13,843 [WARN] ModelIntegratedComponent:63 - No mode defined for component null
2026-08-01 16:43:13,843 [WARN] ModelIntegratedComponent:63 - No mode defined for component null
2026-08-01 16:43:13,843 [WARN] ModelIntegratedComponent:63 - No mode defined for component null
2026-08-01 16:43:13,843 [WARN] ModelIntegratedComponent:63 - No mode defined for component null
2026-08-01 16:43:13,843 [WARN] ModelIntegratedComponent:63 - No mode defined for component null
2026-08-01 16:43:13,843 [WARN] ModelIntegratedComponent:63 - No mode defined for component null
2026-08-01 16:43:13,843 [WARN] ModelIntegratedComponent:63 - No mode defined for component null
2026-08-01 16:43:13,843 [WARN] ModelIntegratedComponent:63 - No mode defined for component null
2026-08-01 16:43:13,843 [WARN] ModelIntegratedComponent:63 - No mode defined for component null
2026-08-01 16:43:13,844 [WARN] ModelIntegratedComponent:63 - No mode defined for component null
2026-08-01 16:43:13,844 [WARN] ModelIntegratedComponent:63 - No mode defined for component null
2026-08-01 16:43:13,844 [WARN] ModelIntegratedComponent:63 - No mode defined for component null
2026-08-01 16:43:13,844 [WARN] ModelIntegratedComponent:63 - No mode defined for component null
2026-08-01 16:43:13,844 [WARN] ModelIntegratedComponent:63 - No mode defined for component null
2026-08-01 16:43:13,844 [WARN] ModelIntegratedComponent:63 - No mode defined for component null
2026-08-01 16:43:13,844 [WARN] ModelIntegratedComponent:63 - No mode defined for component null
2026-08-01 16:43:13,844 [WARN] ModelIntegratedComponent:63 - No mode defined for component null
2026-08-01 16:43:13,844 [WARN] ModelIntegratedComponent:63 - No mode defined for component null
2026-08-01 16:43:13,844 [WARN] ModelIntegratedComponent:63 - No mode defined for component null
2026-08-01 16:43:13,844 [WARN] ModelIntegratedComponent:63 - No mode defined for component null
2026-08-01 16:43:13,844 [WARN] ModelIntegratedComponent:63 - No mode defined for component null
2026-08-01 16:43:13,844 [WARN] ModelIntegratedComponent:63 - No mode defined for component null
2026-08-01 16:43:13,919 [WARN] ModelIntegratedComponent:182 - Modes not found for component STMicroelectronics:USB_DEVICE:1.0.0:STMicroelectronics:USB::USB Device:Audio HS::1.0:USB_DEVICE_1_0_RESTRICTED_HS
2026-08-01 16:43:13,919 [WARN] ModelIntegratedComponent:188 - Modes not found for component STMicroelectronics:USB_DEVICE:1.0.0:STMicroelectronics:USB::USB Device:Audio HS::1.0:USB_DEVICE_1_0_RESTRICTED_HS
2026-08-01 16:43:13,920 [WARN] ModelIntegratedComponent:182 - Modes not found for component STMicroelectronics:USB_DEVICE:1.0.0:STMicroelectronics:USB::USB Device:CDC HS::1.0:USB_DEVICE_1_0_RESTRICTED_HS
2026-08-01 16:43:13,920 [WARN] ModelIntegratedComponent:188 - Modes not found for component STMicroelectronics:USB_DEVICE:1.0.0:STMicroelectronics:USB::USB Device:CDC HS::1.0:USB_DEVICE_1_0_RESTRICTED_HS
2026-08-01 16:43:13,920 [WARN] ModelIntegratedComponent:182 - Modes not found for component STMicroelectronics:USB_DEVICE:1.0.0:STMicroelectronics:USB::USB Device:DFU HS::1.0:USB_DEVICE_1_0_RESTRICTED_HS
2026-08-01 16:43:13,920 [WARN] ModelIntegratedComponent:188 - Modes not found for component STMicroelectronics:USB_DEVICE:1.0.0:STMicroelectronics:USB::USB Device:DFU HS::1.0:USB_DEVICE_1_0_RESTRICTED_HS
2026-08-01 16:43:13,920 [WARN] ModelIntegratedComponent:182 - Modes not found for component STMicroelectronics:USB_DEVICE:1.0.0:STMicroelectronics:USB::USB Device:HID HS::1.0:USB_DEVICE_1_0_RESTRICTED_HS
2026-08-01 16:43:13,920 [WARN] ModelIntegratedComponent:188 - Modes not found for component STMicroelectronics:USB_DEVICE:1.0.0:STMicroelectronics:USB::USB Device:HID HS::1.0:USB_DEVICE_1_0_RESTRICTED_HS
2026-08-01 16:43:13,920 [WARN] ModelIntegratedComponent:182 - Modes not found for component STMicroelectronics:USB_DEVICE:1.0.0:STMicroelectronics:USB::USB Device:Custom HID HS::1.0:USB_DEVICE_1_0_RESTRICTED_HS
2026-08-01 16:43:13,920 [WARN] ModelIntegratedComponent:188 - Modes not found for component STMicroelectronics:USB_DEVICE:1.0.0:STMicroelectronics:USB::USB Device:Custom HID HS::1.0:USB_DEVICE_1_0_RESTRICTED_HS
2026-08-01 16:43:13,920 [WARN] ModelIntegratedComponent:182 - Modes not found for component STMicroelectronics:USB_DEVICE:1.0.0:STMicroelectronics:USB::USB Device:MSC HS::1.0:USB_DEVICE_1_0_RESTRICTED_HS
2026-08-01 16:43:13,920 [WARN] ModelIntegratedComponent:188 - Modes not found for component STMicroelectronics:USB_DEVICE:1.0.0:STMicroelectronics:USB::USB Device:MSC HS::1.0:USB_DEVICE_1_0_RESTRICTED_HS
2026-08-01 16:43:13,929 [INFO] ThirdPartyModel:298 - Start build external matchings
2026-08-01 16:43:14,311 [INFO] ThirdPartyModel:316 - End build external matchings
2026-08-01 16:43:14,528 [INFO] UtilMem:75 - End LoadConfig() Used Memory: 907486568 Bytes (1073741824)
2026-08-01 16:43:14,639 [WARN] ThirdParty:833 - waiting for thirdparty lock release [change project]
2026-08-01 16:43:14,639 [INFO] ThirdParty:835 - entering critical section [change project]
2026-08-01 16:43:14,639 [INFO] ThirdParty:1030 - CMSIS Pack Vendor :STMicroelectronics USBPD 4.1
2026-08-01 16:43:14,639 [INFO] ThirdParty:1030 - CMSIS Pack Vendor :STMicroelectronics USB_HOST 2.0.0
2026-08-01 16:43:14,639 [INFO] ThirdParty:1030 - CMSIS Pack Vendor :STMicroelectronics FP-ATR-ASTRA1 2.0.3
2026-08-01 16:43:14,639 [INFO] ThirdParty:1030 - CMSIS Pack Vendor :STMicroelectronics X-CUBE-AZRTOS-F4 1.1.0
2026-08-01 16:43:14,639 [INFO] ThirdParty:1030 - CMSIS Pack Vendor :STMicroelectronics LIBJPEG 8.0.0
2026-08-01 16:43:14,639 [INFO] ThirdParty:1030 - CMSIS Pack Vendor :STMicroelectronics FP-ATR-ASTRA1 2.0.2
2026-08-01 16:43:14,639 [INFO] ThirdParty:1030 - CMSIS Pack Vendor :STMicroelectronics X-CUBE-SMBUS 2.1.0
2026-08-01 16:43:14,639 [INFO] ThirdParty:1030 - CMSIS Pack Vendor :wolfSSL I-CUBE-wolfMQTT 1.19.2
2026-08-01 16:43:14,639 [INFO] ThirdParty:1030 - CMSIS Pack Vendor :STMicroelectronics USB_DEVICE 3.0.0
2026-08-01 16:43:14,640 [INFO] ThirdParty:1030 - CMSIS Pack Vendor :STMicroelectronics X-CUBE-AZRTOS-F7 1.1.0
2026-08-01 16:43:14,640 [INFO] ThirdParty:1030 - CMSIS Pack Vendor :STMicroelectronics USB_DEVICE 2.0.0
2026-08-01 16:43:14,640 [INFO] ThirdParty:1030 - CMSIS Pack Vendor :STMicroelectronics X-CUBE-ALGOBUILD 1.5.0
2026-08-01 16:43:14,640 [INFO] ThirdParty:1030 - CMSIS Pack Vendor :STMicroelectronics FreeRTOS 0.0.1
2026-08-01 16:43:14,640 [INFO] ThirdParty:1030 - CMSIS Pack Vendor :STMicroelectronics X-CUBE-AZRTOS-H7RS 1.3.0
2026-08-01 16:43:14,640 [INFO] ThirdParty:1030 - CMSIS Pack Vendor :STMicroelectronics X-CUBE-AZRTOS-G0 1.1.0
2026-08-01 16:43:14,640 [INFO] ThirdParty:1030 - CMSIS Pack Vendor :STMicroelectronics X-CUBE-NFC4 3.0.0
2026-08-01 16:43:14,640 [INFO] ThirdParty:1030 - CMSIS Pack Vendor :STMicroelectronics X-CUBE-SUBG2 5.0.0
2026-08-01 16:43:14,640 [INFO] ThirdParty:1030 - CMSIS Pack Vendor :STMicroelectronics STM32_WPAN 1.0.0
2026-08-01 16:43:14,640 [INFO] ThirdParty:1030 - CMSIS Pack Vendor :STMicroelectronics lwIP 2.0.3
2026-08-01 16:43:14,640 [INFO] ThirdParty:1030 - CMSIS Pack Vendor :STMicroelectronics X-CUBE-MEMS1 13.0.0
2026-08-01 16:43:14,640 [INFO] ThirdParty:1030 - CMSIS Pack Vendor :STMicroelectronics USB_HOST 1.0.0
2026-08-01 16:43:14,640 [INFO] ThirdParty:1030 - CMSIS Pack Vendor :STMicroelectronics X-CUBE-AZRTOS-G4 2.0.0
2026-08-01 16:43:14,640 [INFO] ThirdParty:1030 - CMSIS Pack Vendor :STMicroelectronics PDM2PCM 3.1.0
2026-08-01 16:43:14,640 [INFO] ThirdParty:1030 - CMSIS Pack Vendor :STMicroelectronics PDM2PCM 3.3.0
2026-08-01 16:43:14,640 [INFO] ThirdParty:1030 - CMSIS Pack Vendor :wolfSSL I-CUBE-wolfTPM 3.8.0
2026-08-01 16:43:14,640 [INFO] ThirdParty:1030 - CMSIS Pack Vendor :STMicroelectronics X-CUBE-DISPLAY 3.0.0
2026-08-01 16:43:14,640 [INFO] ThirdParty:1030 - CMSIS Pack Vendor :wolfSSL I-CUBE-wolfSSH 1.4.20
2026-08-01 16:43:14,640 [INFO] ThirdParty:1030 - CMSIS Pack Vendor :wolfSSL I-CUBE-wolfSSL 5.9.1
2026-08-01 16:43:14,640 [INFO] ThirdParty:1030 - CMSIS Pack Vendor :STMicroelectronics FP-ATR-SIGFOX1 3.2.0
2026-08-01 16:43:14,640 [INFO] ThirdParty:1030 - CMSIS Pack Vendor :STMicroelectronics HAL Drivers 0.0.0
2026-08-01 16:43:14,640 [INFO] ThirdParty:1030 - CMSIS Pack Vendor :STMicroelectronics MBEDTLS 2.16.2
2026-08-01 16:43:14,640 [INFO] ThirdParty:1030 - CMSIS Pack Vendor :emotas I-CUBE-CANOPEN 1.3.0
2026-08-01 16:43:14,640 [INFO] ThirdParty:1030 - CMSIS Pack Vendor :STMicroelectronics MBEDTLS 2.14.1
2026-08-01 16:43:14,640 [INFO] ThirdParty:1030 - CMSIS Pack Vendor :ITTIA_DB I-CUBE-ITTIADB 8.9.0
2026-08-01 16:43:14,640 [INFO] ThirdParty:1030 - CMSIS Pack Vendor :STMicroelectronics X-CUBE-TOUCHGFX 4.26.1
2026-08-01 16:43:14,640 [INFO] ThirdParty:1030 - CMSIS Pack Vendor :STMicroelectronics X-CUBE-AI 10.2.1
2026-08-01 16:43:14,640 [INFO] ThirdParty:1030 - CMSIS Pack Vendor :STMicroelectronics ThreadX 1.0.0
2026-08-01 16:43:14,640 [INFO] ThirdParty:1030 - CMSIS Pack Vendor :STMicroelectronics X-CUBE-MEMS1 12.1.0
2026-08-01 16:43:14,640 [INFO] ThirdParty:1030 - CMSIS Pack Vendor :STMicroelectronics X-CUBE-AZRTOS-WL 2.0.0
2026-08-01 16:43:14,640 [INFO] ThirdParty:1030 - CMSIS Pack Vendor :SEGGER I-CUBE-embOS 1.3.1
2026-08-01 16:43:14,640 [INFO] ThirdParty:1030 - CMSIS Pack Vendor :STMicroelectronics X-CUBE-ALGOBUILD 1.4.0
2026-08-01 16:43:14,640 [INFO] ThirdParty:1030 - CMSIS Pack Vendor :STMicroelectronics USB_DEVICE 1.0.0
2026-08-01 16:43:14,640 [INFO] ThirdParty:1030 - CMSIS Pack Vendor :STMicroelectronics X-CUBE-AZRTOS-H7RS 1.2.0
2026-08-01 16:43:14,640 [INFO] ThirdParty:1030 - CMSIS Pack Vendor :STMicroelectronics X-CUBE-AZRTOS-L4 2.0.0
2026-08-01 16:43:14,640 [INFO] ThirdParty:1030 - CMSIS Pack Vendor :STMicroelectronics ThreadX 0.0.2
2026-08-01 16:43:14,640 [INFO] ThirdParty:1030 - CMSIS Pack Vendor :STMicroelectronics lwIP 2.1.2
2026-08-01 16:43:14,640 [INFO] ThirdParty:1030 - CMSIS Pack Vendor :STMicroelectronics X-CUBE-SFXS2LP1 4.0.0
2026-08-01 16:43:14,640 [INFO] ThirdParty:1030 - CMSIS Pack Vendor :STMicroelectronics X-CUBE-BLE2 3.3.0
2026-08-01 16:43:14,640 [INFO] ThirdParty:1030 - CMSIS Pack Vendor :STMicroelectronics X-CUBE-NFC13 1.0.0
2026-08-01 16:43:14,640 [INFO] ThirdParty:1030 - CMSIS Pack Vendor :STMicroelectronics PDM2PCM 3.2.0
2026-08-01 16:43:14,641 [INFO] ThirdParty:841 - exiting critical section [change project]
2026-08-01 16:43:14,822 [INFO] PinOutPanel:1499 - setPackage(No Configuration,No Configuration)
2026-08-01 16:43:14,824 [INFO] PinOutPanel:1499 - setPackage(STM32F411CEUx,UFQFPN48)
2026-08-01 16:43:15,086 [INFO] UtilMem:75 - Before build in PCC Used Memory: 790920704 Bytes (1073741824)
2026-08-01 16:43:15,452 [INFO] UtilMem:75 - After build in PCC Used Memory: 836009472 Bytes (1073741824)
2026-08-01 16:43:15,487 [INFO] IPUIPlugin:80 - create IPUIPlugin
2026-08-01 16:43:15,488 [INFO] IPUIPlugin:80 - create IPUIPlugin
2026-08-01 16:43:15,488 [INFO] IPUIPlugin:80 - create IPUIPlugin
2026-08-01 16:43:15,488 [INFO] IPUIPlugin:80 - create IPUIPlugin
2026-08-01 16:43:15,488 [INFO] IPUIPlugin:80 - create IPUIPlugin
2026-08-01 16:43:15,488 [INFO] IPUIPlugin:80 - create IPUIPlugin
2026-08-01 16:43:15,488 [INFO] IPUIPlugin:80 - create IPUIPlugin
2026-08-01 16:43:15,488 [INFO] IPUIPlugin:80 - create IPUIPlugin
2026-08-01 16:43:15,489 [INFO] IPUIPlugin:80 - create IPUIPlugin
2026-08-01 16:43:15,489 [INFO] IPUIPlugin:80 - create IPUIPlugin
2026-08-01 16:43:15,489 [INFO] IPUIPlugin:80 - create IPUIPlugin
2026-08-01 16:43:15,489 [INFO] IPUIPlugin:80 - create IPUIPlugin
2026-08-01 16:43:15,489 [INFO] IPUIPlugin:80 - create IPUIPlugin
2026-08-01 16:43:15,490 [INFO] IPUIPlugin:80 - create IPUIPlugin
2026-08-01 16:43:15,490 [INFO] IPUIPlugin:80 - create IPUIPlugin
2026-08-01 16:43:15,490 [INFO] IPUIPlugin:80 - create IPUIPlugin
2026-08-01 16:43:15,491 [INFO] IPUIPlugin:80 - create IPUIPlugin
2026-08-01 16:43:15,491 [INFO] IPUIPlugin:80 - create IPUIPlugin
2026-08-01 16:43:15,491 [INFO] IPUIPlugin:80 - create IPUIPlugin
2026-08-01 16:43:15,491 [INFO] IPUIPlugin:80 - create IPUIPlugin
2026-08-01 16:43:15,492 [INFO] IPUIPlugin:80 - create IPUIPlugin
2026-08-01 16:43:15,492 [INFO] IPUIPlugin:80 - create IPUIPlugin
2026-08-01 16:43:15,493 [INFO] IPUIPlugin:80 - create IPUIPlugin
2026-08-01 16:43:15,493 [INFO] IPUIPlugin:80 - create IPUIPlugin
2026-08-01 16:43:15,493 [INFO] IPUIPlugin:80 - create IPUIPlugin
2026-08-01 16:43:15,494 [INFO] IPUIPlugin:80 - create IPUIPlugin
2026-08-01 16:43:15,494 [INFO] IPUIPlugin:80 - create IPUIPlugin
2026-08-01 16:43:15,495 [INFO] IPUIPlugin:80 - create IPUIPlugin
2026-08-01 16:43:15,495 [INFO] IPUIPlugin:80 - create IPUIPlugin
2026-08-01 16:43:15,495 [INFO] IPUIPlugin:80 - create IPUIPlugin
2026-08-01 16:43:15,496 [INFO] IPUIPlugin:80 - create IPUIPlugin
2026-08-01 16:43:15,496 [INFO] IPUIPlugin:80 - create IPUIPlugin
2026-08-01 16:43:15,496 [INFO] IPUIPlugin:80 - create IPUIPlugin
2026-08-01 16:43:15,497 [INFO] IPUIPlugin:80 - create IPUIPlugin
2026-08-01 16:43:15,497 [INFO] IPUIPlugin:80 - create IPUIPlugin
2026-08-01 16:43:15,498 [INFO] IPUIPlugin:80 - create IPUIPlugin
2026-08-01 16:43:15,498 [INFO] IPUIPlugin:80 - create IPUIPlugin
2026-08-01 16:43:15,499 [INFO] IPUIPlugin:80 - create IPUIPlugin
2026-08-01 16:43:15,499 [INFO] IPUIPlugin:80 - create IPUIPlugin
2026-08-01 16:43:15,500 [INFO] IPUIPlugin:80 - create IPUIPlugin
2026-08-01 16:43:15,500 [INFO] IPUIPlugin:80 - create IPUIPlugin
2026-08-01 16:43:15,501 [INFO] IPUIPlugin:80 - create IPUIPlugin
2026-08-01 16:43:15,502 [INFO] IPUIPlugin:80 - create IPUIPlugin
2026-08-01 16:43:15,510 [INFO] ApiDbMcu:507 - Load IP Config File for PDM2PCM
2026-08-01 16:43:15,605 [INFO] CADModel:165 - CPN selected for project levelSTM32F411CEU6
2026-08-01 16:43:15,605 [INFO] CADModel:114 - Register for checkConnection events
2026-08-01 16:43:15,674 [INFO] OpenFileManager:328 - Restore cursor
2026-08-01 16:43:44,642 [INFO] UtilMem:75 - End SaveConfig() Used Memory: 894370096 Bytes (1073741824)
2026-08-01 16:43:49,042 [INFO] UtilMem:75 - End SaveConfig() Used Memory: 965416848 Bytes (1073741824)
2026-08-01 16:43:49,508 [INFO] BlockDiagram:2759 - set Specific Code input for plugin: SYS
2026-08-01 16:43:49,508 [INFO] BlockDiagram:2759 - set Specific Code input for plugin: RCC
2026-08-01 16:43:49,508 [INFO] BlockDiagram:2759 - set Specific Code input for plugin: NVIC
2026-08-01 16:43:49,508 [INFO] BlockDiagram:2759 - set Specific Code input for plugin: USART
2026-08-01 16:43:49,509 [INFO] BlockDiagram:2759 - set Specific Code input for plugin: GPIO
2026-08-01 16:43:49,510 [INFO] CodeGenerator:799 - code generatio: config db path: C:\ST\STM32CubeIDE_1.13.1\STM32CubeIDE\plugins\com.st.stm32cube.common.mx_6.9.1.202307191849\\db\
2026-08-01 16:43:49,890 [INFO] CodeEngine:255 - oldGeneratedFile, C:\Users\Admin\Documents\GitHub\Drone-RTOS\Source\003SBUS_read_data_f411\MXTmpFiles\license.tmp_save
2026-08-01 16:43:50,263 [INFO] CodeEngine:279 - Generated code: C:\Users\Admin\Documents\GitHub\Drone-RTOS\Source\003SBUS_read_data_f411\MXTmpFiles\license.tmp
2026-08-01 16:43:50,337 [INFO] CodeEngine:255 - oldGeneratedFile, C:\Users\Admin\Documents\GitHub\Drone-RTOS\Source\003SBUS_read_data_f411\MXTmpFiles\gpio.tmp_save
2026-08-01 16:43:50,485 [INFO] CodeEngine:279 - Generated code: C:\Users\Admin\Documents\GitHub\Drone-RTOS\Source\003SBUS_read_data_f411\MXTmpFiles\gpio.tmp
2026-08-01 16:43:50,583 [INFO] CodeEngine:255 - oldGeneratedFile, C:\Users\Admin\Documents\GitHub\Drone-RTOS\Source\003SBUS_read_data_f411\Core\Src\stm32f4xx_it.c_save
2026-08-01 16:43:50,772 [INFO] CodeEngine:279 - Generated code: C:\Users\Admin\Documents\GitHub\Drone-RTOS\Source\003SBUS_read_data_f411\Core\Src\stm32f4xx_it.c
2026-08-01 16:43:50,781 [INFO] CodeEngine:255 - oldGeneratedFile, C:\Users\Admin\Documents\GitHub\Drone-RTOS\Source\003SBUS_read_data_f411\Core\Inc\stm32f4xx_it.h_save
2026-08-01 16:43:50,886 [INFO] CodeEngine:279 - Generated code: C:\Users\Admin\Documents\GitHub\Drone-RTOS\Source\003SBUS_read_data_f411\Core\Inc\stm32f4xx_it.h
2026-08-01 16:43:50,902 [INFO] CodeEngine:255 - oldGeneratedFile, C:\Users\Admin\Documents\GitHub\Drone-RTOS\Source\003SBUS_read_data_f411\Core\Src\stm32f4xx_hal_msp.c_save
2026-08-01 16:43:51,099 [INFO] CodeEngine:279 - Generated code: C:\Users\Admin\Documents\GitHub\Drone-RTOS\Source\003SBUS_read_data_f411\Core\Src\stm32f4xx_hal_msp.c
2026-08-01 16:43:51,108 [INFO] CodeEngine:255 - oldGeneratedFile, C:\Users\Admin\Documents\GitHub\Drone-RTOS\Source\003SBUS_read_data_f411\MXTmpFiles\system.tmp_save
2026-08-01 16:43:51,200 [INFO] CodeEngine:279 - Generated code: C:\Users\Admin\Documents\GitHub\Drone-RTOS\Source\003SBUS_read_data_f411\MXTmpFiles\system.tmp
2026-08-01 16:43:51,211 [INFO] CodeEngine:311 - oldGeneratedFile, C:\Users\Admin\Documents\GitHub\Drone-RTOS\Source\003SBUS_read_data_f411\Core\Inc\stm32f4xx_hal_conf.h_save
2026-08-01 16:43:51,300 [INFO] CodeEngine:335 - Generated code: C:\Users\Admin\Documents\GitHub\Drone-RTOS\Source\003SBUS_read_data_f411\Core\Inc\stm32f4xx_hal_conf.h
2026-08-01 16:43:51,350 [INFO] CodeEngine:255 - oldGeneratedFile, C:\Users\Admin\Documents\GitHub\Drone-RTOS\Source\003SBUS_read_data_f411\Core\Inc\main.h_save
2026-08-01 16:43:51,436 [INFO] CodeEngine:279 - Generated code: C:\Users\Admin\Documents\GitHub\Drone-RTOS\Source\003SBUS_read_data_f411\Core\Inc\main.h
2026-08-01 16:43:51,441 [INFO] CodeEngine:255 - oldGeneratedFile, C:\Users\Admin\Documents\GitHub\Drone-RTOS\Source\003SBUS_read_data_f411\Core\Src\main.c_save
2026-08-01 16:43:51,587 [INFO] CodeEngine:279 - Generated code: C:\Users\Admin\Documents\GitHub\Drone-RTOS\Source\003SBUS_read_data_f411\Core\Src\main.c
2026-08-01 16:43:52,201 [INFO] ProjectBuilder:3064 - Time for Copy HAL[1] : 174mS.
2026-08-01 16:43:52,208 [INFO] ProjectBuilder:4404 - Project Generator version: 4.1.0
2026-08-01 16:43:52,499 [INFO] ConfigFileManager:1457 - The Die is : DIE431
2026-08-01 16:43:52,518 [INFO] ApiDbMcu:507 - Load IP Config File for FATFS
2026-08-01 16:43:52,523 [INFO] ApiDbMcu:507 - Load IP Config File for FREERTOS
2026-08-01 16:43:52,526 [INFO] ApiDbMcu:507 - Load IP Config File for LIBJPEG
2026-08-01 16:43:52,533 [INFO] ApiDbMcu:507 - Load IP Config File for MBEDTLS
2026-08-01 16:43:52,541 [INFO] ApiDbMcu:507 - Load IP Config File for USB_DEVICE
2026-08-01 16:43:52,545 [INFO] ApiDbMcu:507 - Load IP Config File for USB_HOST
2026-08-01 16:43:53,680 [INFO] LogOutputStream:77 - [STDOUT_REDIRECT] 
2026-08-01 16:43:54,426 [INFO] ProjectBuilder:4626 - Time for Generating toolchain IDE Files: 2218mS.
2026-08-01 16:43:54,427 [INFO] ProjectBuilder:2935 - Time for Copy CMSIS : 0mS.
2026-08-01 16:43:54,431 [INFO] ProjectBuilder:2935 - Time for Copy CMSIS : 0mS.
