2026-08-06 02:14:06,082 [ERROR] LogOutputStream:75 - [STDERR_REDIRECT] Exception in thread "AWT-EventQueue-0" java.awt.IllegalComponentStateException: component must be showing on the screen to determine its location
2026-08-06 02:14:06,085 [ERROR] LogOutputStream:75 - [STDERR_REDIRECT] 	at java.desktop/java.awt.Component.getLocationOnScreen_NoTreeLock(Component.java:2113)
2026-08-06 02:14:06,086 [ERROR] LogOutputStream:75 - [STDERR_REDIRECT] 	at java.desktop/java.awt.Component.getLocationOnScreen(Component.java:2087)
2026-08-06 02:14:06,087 [ERROR] LogOutputStream:75 - [STDERR_REDIRECT] 	at java.desktop/javax.swing.JPopupMenu.show(JPopupMenu.java:963)
2026-08-06 02:14:06,087 [ERROR] LogOutputStream:75 - [STDERR_REDIRECT] 	at java.desktop/javax.swing.plaf.basic.BasicComboPopup.show(BasicComboPopup.java:235)
2026-08-06 02:14:06,088 [ERROR] LogOutputStream:75 - [STDERR_REDIRECT] 	at java.desktop/javax.swing.plaf.basic.BasicComboPopup.togglePopup(BasicComboPopup.java:1257)
2026-08-06 02:14:06,089 [ERROR] LogOutputStream:75 - [STDERR_REDIRECT] 	at java.desktop/javax.swing.plaf.basic.BasicComboPopup$Handler.mousePressed(BasicComboPopup.java:936)
2026-08-06 02:14:06,090 [ERROR] LogOutputStream:75 - [STDERR_REDIRECT] 	at java.desktop/java.awt.Component.processMouseEvent(Component.java:6623)
2026-08-06 02:14:06,090 [ERROR] LogOutputStream:75 - [STDERR_REDIRECT] 	at java.desktop/javax.swing.JComponent.processMouseEvent(JComponent.java:3389)
2026-08-06 02:14:06,091 [ERROR] LogOutputStream:75 - [STDERR_REDIRECT] 	at java.desktop/java.awt.Component.processEvent(Component.java:6391)
2026-08-06 02:14:06,091 [ERROR] LogOutputStream:75 - [STDERR_REDIRECT] 	at java.desktop/java.awt.Container.processEvent(Container.java:2266)
2026-08-06 02:14:06,092 [ERROR] LogOutputStream:75 - [STDERR_REDIRECT] 	at java.desktop/java.awt.Component.dispatchEventImpl(Component.java:5001)
2026-08-06 02:14:06,093 [ERROR] LogOutputStream:75 - [STDERR_REDIRECT] 	at java.desktop/java.awt.Container.dispatchEventImpl(Container.java:2324)
2026-08-06 02:14:06,093 [ERROR] LogOutputStream:75 - [STDERR_REDIRECT] 	at java.desktop/java.awt.Component.dispatchEvent(Component.java:4833)
2026-08-06 02:14:06,094 [ERROR] LogOutputStream:75 - [STDERR_REDIRECT] 	at java.desktop/javax.swing.plaf.basic.BasicTableUI$Handler.repostEvent(BasicTableUI.java:987)
2026-08-06 02:14:06,095 [ERROR] LogOutputStream:75 - [STDERR_REDIRECT] 	at java.desktop/javax.swing.plaf.basic.BasicTableUI$Handler.adjustSelection(BasicTableUI.java:1149)
2026-08-06 02:14:06,096 [ERROR] LogOutputStream:75 - [STDERR_REDIRECT] 	at java.desktop/javax.swing.plaf.basic.BasicTableUI$Handler.mousePressed(BasicTableUI.java:1077)
2026-08-06 02:14:06,097 [ERROR] LogOutputStream:75 - [STDERR_REDIRECT] 	at java.desktop/java.awt.AWTEventMulticaster.mousePressed(AWTEventMulticaster.java:288)
2026-08-06 02:14:06,097 [ERROR] LogOutputStream:75 - [STDERR_REDIRECT] 	at java.desktop/java.awt.AWTEventMulticaster.mousePressed(AWTEventMulticaster.java:287)
2026-08-06 02:14:06,098 [ERROR] LogOutputStream:75 - [STDERR_REDIRECT] 	at java.desktop/java.awt.AWTEventMulticaster.mousePressed(AWTEventMulticaster.java:287)
2026-08-06 02:14:06,099 [ERROR] LogOutputStream:75 - [STDERR_REDIRECT] 	at java.desktop/java.awt.AWTEventMulticaster.mousePressed(AWTEventMulticaster.java:287)
2026-08-06 02:14:06,100 [ERROR] LogOutputStream:75 - [STDERR_REDIRECT] 	at java.desktop/java.awt.Component.processMouseEvent(Component.java:6623)
2026-08-06 02:14:06,100 [ERROR] LogOutputStream:75 - [STDERR_REDIRECT] 	at java.desktop/javax.swing.JComponent.processMouseEvent(JComponent.java:3389)
2026-08-06 02:14:06,101 [ERROR] LogOutputStream:75 - [STDERR_REDIRECT] 	at java.desktop/java.awt.Component.processEvent(Component.java:6391)
2026-08-06 02:14:06,101 [ERROR] LogOutputStream:75 - [STDERR_REDIRECT] 	at java.desktop/java.awt.Container.processEvent(Container.java:2266)
2026-08-06 02:14:06,102 [ERROR] LogOutputStream:75 - [STDERR_REDIRECT] 	at java.desktop/java.awt.Component.dispatchEventImpl(Component.java:5001)
2026-08-06 02:14:06,103 [ERROR] LogOutputStream:75 - [STDERR_REDIRECT] 	at java.desktop/java.awt.Container.dispatchEventImpl(Container.java:2324)
2026-08-06 02:14:06,104 [ERROR] LogOutputStream:75 - [STDERR_REDIRECT] 	at java.desktop/java.awt.Component.dispatchEvent(Component.java:4833)
2026-08-06 02:14:06,105 [ERROR] LogOutputStream:75 - [STDERR_REDIRECT] 	at java.desktop/java.awt.LightweightDispatcher.retargetMouseEvent(Container.java:4948)
2026-08-06 02:14:06,105 [ERROR] LogOutputStream:75 - [STDERR_REDIRECT] 	at java.desktop/java.awt.LightweightDispatcher.processMouseEvent(Container.java:4572)
2026-08-06 02:14:06,106 [ERROR] LogOutputStream:75 - [STDERR_REDIRECT] 	at java.desktop/java.awt.LightweightDispatcher.dispatchEvent(Container.java:4516)
2026-08-06 02:14:06,107 [ERROR] LogOutputStream:75 - [STDERR_REDIRECT] 	at java.desktop/java.awt.Container.dispatchEventImpl(Container.java:2310)
2026-08-06 02:14:06,107 [ERROR] LogOutputStream:75 - [STDERR_REDIRECT] 	at java.desktop/java.awt.Component.dispatchEvent(Component.java:4833)
2026-08-06 02:14:06,108 [ERROR] LogOutputStream:75 - [STDERR_REDIRECT] 	at java.desktop/java.awt.EventQueue.dispatchEventImpl(EventQueue.java:773)
2026-08-06 02:14:06,109 [ERROR] LogOutputStream:75 - [STDERR_REDIRECT] 	at java.desktop/java.awt.EventQueue$4.run(EventQueue.java:722)
2026-08-06 02:14:06,109 [ERROR] LogOutputStream:75 - [STDERR_REDIRECT] 	at java.desktop/java.awt.EventQueue$4.run(EventQueue.java:716)
2026-08-06 02:14:06,110 [ERROR] LogOutputStream:75 - [STDERR_REDIRECT] 	at java.base/java.security.AccessController.doPrivileged(AccessController.java:399)
2026-08-06 02:14:06,111 [ERROR] LogOutputStream:75 - [STDERR_REDIRECT] 	at java.base/java.security.ProtectionDomain$JavaSecurityAccessImpl.doIntersectionPrivilege(ProtectionDomain.java:86)
2026-08-06 02:14:06,112 [ERROR] LogOutputStream:75 - [STDERR_REDIRECT] 	at java.base/java.security.ProtectionDomain$JavaSecurityAccessImpl.doIntersectionPrivilege(ProtectionDomain.java:97)
2026-08-06 02:14:06,112 [ERROR] LogOutputStream:75 - [STDERR_REDIRECT] 	at java.desktop/java.awt.EventQueue$5.run(EventQueue.java:746)
2026-08-06 02:14:06,113 [ERROR] LogOutputStream:75 - [STDERR_REDIRECT] 	at java.desktop/java.awt.EventQueue$5.run(EventQueue.java:744)
2026-08-06 02:14:06,114 [ERROR] LogOutputStream:75 - [STDERR_REDIRECT] 	at java.base/java.security.AccessController.doPrivileged(AccessController.java:399)
2026-08-06 02:14:06,114 [ERROR] LogOutputStream:75 - [STDERR_REDIRECT] 	at java.base/java.security.ProtectionDomain$JavaSecurityAccessImpl.doIntersectionPrivilege(ProtectionDomain.java:86)
2026-08-06 02:14:06,115 [ERROR] LogOutputStream:75 - [STDERR_REDIRECT] 	at java.desktop/java.awt.EventQueue.dispatchEvent(EventQueue.java:743)
2026-08-06 02:14:06,116 [ERROR] LogOutputStream:75 - [STDERR_REDIRECT] 	at java.desktop/java.awt.EventDispatchThread.pumpOneEventForFilters(EventDispatchThread.java:203)
2026-08-06 02:14:06,117 [ERROR] LogOutputStream:75 - [STDERR_REDIRECT] 	at java.desktop/java.awt.EventDispatchThread.pumpEventsForFilter(EventDispatchThread.java:124)
2026-08-06 02:14:06,118 [ERROR] LogOutputStream:75 - [STDERR_REDIRECT] 	at java.desktop/java.awt.EventDispatchThread.pumpEventsForHierarchy(EventDispatchThread.java:113)
2026-08-06 02:14:06,119 [ERROR] LogOutputStream:75 - [STDERR_REDIRECT] 	at java.desktop/java.awt.EventDispatchThread.pumpEvents(EventDispatchThread.java:109)
2026-08-06 02:14:06,120 [ERROR] LogOutputStream:75 - [STDERR_REDIRECT] 	at java.desktop/java.awt.EventDispatchThread.pumpEvents(EventDispatchThread.java:101)
2026-08-06 02:14:06,120 [ERROR] LogOutputStream:75 - [STDERR_REDIRECT] 	at java.desktop/java.awt.EventDispatchThread.run(EventDispatchThread.java:90)
2026-08-06 02:14:07,528 [INFO] NvicIntPanel:101 - NVIC parent = com.st.microxplorer.plugins.ip.nvic.MultiNvicIntPanel[,0,0,0x0,invalid,layout=javax.swing.BoxLayout,alignmentX=0.0,alignmentY=0.0,border=,flags=9,maximumSize=,minimumSize=,preferredSize=]
2026-08-06 02:14:09,195 [INFO] NvicIntPanel:101 - NVIC parent = com.st.microxplorer.plugins.ip.nvic.MultiNvicIntPanel[,0,0,0x0,invalid,layout=javax.swing.BoxLayout,alignmentX=0.0,alignmentY=0.0,border=,flags=9,maximumSize=,minimumSize=,preferredSize=]
2026-08-06 02:14:10,991 [INFO] NvicIntPanel:101 - NVIC parent = com.st.microxplorer.plugins.ip.nvic.MultiNvicIntPanel[,0,0,0x0,invalid,layout=javax.swing.BoxLayout,alignmentX=0.0,alignmentY=0.0,border=,flags=9,maximumSize=,minimumSize=,preferredSize=]
2026-08-06 02:14:14,720 [INFO] NvicIntPanel:101 - NVIC parent = com.st.microxplorer.plugins.ip.nvic.MultiNvicIntPanel[,0,0,0x0,invalid,layout=javax.swing.BoxLayout,alignmentX=0.0,alignmentY=0.0,border=,flags=9,maximumSize=,minimumSize=,preferredSize=]
2026-08-06 02:14:53,445 [WARN] IP:2114 - I2C_Coeff_DF not found: check if there is a RefParameter without a condition.
2026-08-06 02:14:53,445 [WARN] IP:2114 - Analog_Filter not found: check if there is a RefParameter without a condition.
2026-08-06 02:14:53,461 [WARN] IP:2114 - I2C_Coeff_DF not found: check if there is a RefParameter without a condition.
2026-08-06 02:14:53,461 [WARN] IP:2114 - Analog_Filter not found: check if there is a RefParameter without a condition.
2026-08-06 02:14:53,462 [WARN] IP:2114 - I2C_Coeff_DF not found: check if there is a RefParameter without a condition.
2026-08-06 02:14:53,462 [WARN] IP:2114 - Analog_Filter not found: check if there is a RefParameter without a condition.
2026-08-06 02:14:53,491 [WARN] IP:2114 - I2C_Coeff_DF not found: check if there is a RefParameter without a condition.
2026-08-06 02:14:53,491 [WARN] IP:2114 - Analog_Filter not found: check if there is a RefParameter without a condition.
2026-08-06 02:14:53,492 [WARN] IP:2114 - I2C_Coeff_DF not found: check if there is a RefParameter without a condition.
2026-08-06 02:14:53,492 [WARN] IP:2114 - Analog_Filter not found: check if there is a RefParameter without a condition.
2026-08-06 02:16:15,214 [WARN] IP:2114 - I2C_Coeff_DF not found: check if there is a RefParameter without a condition.
2026-08-06 02:16:15,214 [WARN] IP:2114 - Analog_Filter not found: check if there is a RefParameter without a condition.
2026-08-06 02:16:15,214 [WARN] IP:2114 - I2C_Coeff_DF not found: check if there is a RefParameter without a condition.
2026-08-06 02:16:15,214 [WARN] IP:2114 - Analog_Filter not found: check if there is a RefParameter without a condition.
2026-08-06 02:16:15,274 [WARN] IP:2114 - I2C_Coeff_DF not found: check if there is a RefParameter without a condition.
2026-08-06 02:16:15,274 [WARN] IP:2114 - Analog_Filter not found: check if there is a RefParameter without a condition.
2026-08-06 02:16:15,274 [WARN] IP:2114 - I2C_Coeff_DF not found: check if there is a RefParameter without a condition.
2026-08-06 02:16:15,274 [WARN] IP:2114 - Analog_Filter not found: check if there is a RefParameter without a condition.
2026-08-06 02:16:15,331 [WARN] IP:2114 - I2C_Coeff_DF not found: check if there is a RefParameter without a condition.
2026-08-06 02:16:15,331 [WARN] IP:2114 - Analog_Filter not found: check if there is a RefParameter without a condition.
2026-08-06 02:16:15,331 [WARN] IP:2114 - I2C_Coeff_DF not found: check if there is a RefParameter without a condition.
2026-08-06 02:16:15,331 [WARN] IP:2114 - Analog_Filter not found: check if there is a RefParameter without a condition.
2026-08-06 02:16:34,174 [INFO] Gpio:273 - dependency for GPIO [I2C2, RCC, SYS, TIM1, USART1, USART2, USART3]
2026-08-06 02:18:09,589 [INFO] Gpio:273 - dependency for GPIO [I2C2, RCC, SYS, TIM1, USART1, USART2, USART3]
2026-08-06 02:19:06,997 [WARN] IP:2114 - I2C_Coeff_DF not found: check if there is a RefParameter without a condition.
2026-08-06 02:19:06,998 [WARN] IP:2114 - Analog_Filter not found: check if there is a RefParameter without a condition.
2026-08-06 02:19:06,998 [WARN] IP:2114 - I2C_Coeff_DF not found: check if there is a RefParameter without a condition.
2026-08-06 02:19:06,998 [WARN] IP:2114 - Analog_Filter not found: check if there is a RefParameter without a condition.
2026-08-06 02:19:07,054 [WARN] IP:2114 - I2C_Coeff_DF not found: check if there is a RefParameter without a condition.
2026-08-06 02:19:07,054 [WARN] IP:2114 - Analog_Filter not found: check if there is a RefParameter without a condition.
2026-08-06 02:19:07,055 [WARN] IP:2114 - I2C_Coeff_DF not found: check if there is a RefParameter without a condition.
2026-08-06 02:19:07,055 [WARN] IP:2114 - Analog_Filter not found: check if there is a RefParameter without a condition.
2026-08-06 02:19:07,112 [WARN] IP:2114 - I2C_Coeff_DF not found: check if there is a RefParameter without a condition.
2026-08-06 02:19:07,112 [WARN] IP:2114 - Analog_Filter not found: check if there is a RefParameter without a condition.
2026-08-06 02:19:07,112 [WARN] IP:2114 - I2C_Coeff_DF not found: check if there is a RefParameter without a condition.
2026-08-06 02:19:07,112 [WARN] IP:2114 - Analog_Filter not found: check if there is a RefParameter without a condition.
2026-08-06 02:19:07,202 [WARN] IP:2114 - I2C_Coeff_DF not found: check if there is a RefParameter without a condition.
2026-08-06 02:19:07,202 [WARN] IP:2114 - Analog_Filter not found: check if there is a RefParameter without a condition.
2026-08-06 02:19:07,202 [WARN] IP:2114 - I2C_Coeff_DF not found: check if there is a RefParameter without a condition.
2026-08-06 02:19:07,202 [WARN] IP:2114 - Analog_Filter not found: check if there is a RefParameter without a condition.
2026-08-06 02:19:11,469 [WARN] IP:2114 - I2C_Coeff_DF not found: check if there is a RefParameter without a condition.
2026-08-06 02:19:11,469 [WARN] IP:2114 - Analog_Filter not found: check if there is a RefParameter without a condition.
2026-08-06 02:19:11,469 [WARN] IP:2114 - I2C_Coeff_DF not found: check if there is a RefParameter without a condition.
2026-08-06 02:19:11,469 [WARN] IP:2114 - Analog_Filter not found: check if there is a RefParameter without a condition.
2026-08-06 02:19:11,522 [WARN] IP:2114 - I2C_Coeff_DF not found: check if there is a RefParameter without a condition.
2026-08-06 02:19:11,522 [WARN] IP:2114 - Analog_Filter not found: check if there is a RefParameter without a condition.
2026-08-06 02:19:11,522 [WARN] IP:2114 - I2C_Coeff_DF not found: check if there is a RefParameter without a condition.
2026-08-06 02:19:11,522 [WARN] IP:2114 - Analog_Filter not found: check if there is a RefParameter without a condition.
2026-08-06 02:19:11,570 [WARN] IP:2114 - I2C_Coeff_DF not found: check if there is a RefParameter without a condition.
2026-08-06 02:19:11,570 [WARN] IP:2114 - Analog_Filter not found: check if there is a RefParameter without a condition.
2026-08-06 02:19:11,571 [WARN] IP:2114 - I2C_Coeff_DF not found: check if there is a RefParameter without a condition.
2026-08-06 02:19:11,571 [WARN] IP:2114 - Analog_Filter not found: check if there is a RefParameter without a condition.
2026-08-06 02:19:11,656 [WARN] IP:2114 - I2C_Coeff_DF not found: check if there is a RefParameter without a condition.
2026-08-06 02:19:11,656 [WARN] IP:2114 - Analog_Filter not found: check if there is a RefParameter without a condition.
2026-08-06 02:19:11,657 [WARN] IP:2114 - I2C_Coeff_DF not found: check if there is a RefParameter without a condition.
2026-08-06 02:19:11,657 [WARN] IP:2114 - Analog_Filter not found: check if there is a RefParameter without a condition.
2026-08-06 02:19:25,596 [WARN] IP:2114 - I2C_Coeff_DF not found: check if there is a RefParameter without a condition.
2026-08-06 02:19:25,596 [WARN] IP:2114 - Analog_Filter not found: check if there is a RefParameter without a condition.
2026-08-06 02:19:25,596 [WARN] IP:2114 - I2C_Coeff_DF not found: check if there is a RefParameter without a condition.
2026-08-06 02:19:25,596 [WARN] IP:2114 - Analog_Filter not found: check if there is a RefParameter without a condition.
2026-08-06 02:19:25,650 [WARN] IP:2114 - I2C_Coeff_DF not found: check if there is a RefParameter without a condition.
2026-08-06 02:19:25,651 [WARN] IP:2114 - Analog_Filter not found: check if there is a RefParameter without a condition.
2026-08-06 02:19:25,651 [WARN] IP:2114 - I2C_Coeff_DF not found: check if there is a RefParameter without a condition.
2026-08-06 02:19:25,651 [WARN] IP:2114 - Analog_Filter not found: check if there is a RefParameter without a condition.
2026-08-06 02:19:25,703 [WARN] IP:2114 - I2C_Coeff_DF not found: check if there is a RefParameter without a condition.
2026-08-06 02:19:25,704 [WARN] IP:2114 - Analog_Filter not found: check if there is a RefParameter without a condition.
2026-08-06 02:19:25,704 [WARN] IP:2114 - I2C_Coeff_DF not found: check if there is a RefParameter without a condition.
2026-08-06 02:19:25,704 [WARN] IP:2114 - Analog_Filter not found: check if there is a RefParameter without a condition.
2026-08-06 02:19:37,643 [INFO] NvicIntPanel:101 - NVIC parent = com.st.microxplorer.plugins.ip.nvic.MultiNvicIntPanel[,0,0,0x0,invalid,layout=javax.swing.BoxLayout,alignmentX=0.0,alignmentY=0.0,border=,flags=9,maximumSize=,minimumSize=,preferredSize=]
2026-08-06 02:20:01,332 [INFO] NvicIntPanel:101 - NVIC parent = com.st.microxplorer.plugins.ip.nvic.MultiNvicIntPanel[,0,0,0x0,invalid,layout=javax.swing.BoxLayout,alignmentX=0.0,alignmentY=0.0,border=,flags=9,maximumSize=,minimumSize=,preferredSize=]
2026-08-06 02:20:23,676 [INFO] NvicIntPanel:101 - NVIC parent = com.st.microxplorer.plugins.ip.nvic.MultiNvicIntPanel[,0,0,0x0,invalid,layout=javax.swing.BoxLayout,alignmentX=0.0,alignmentY=0.0,border=,flags=9,maximumSize=,minimumSize=,preferredSize=]
2026-08-06 02:22:02,076 [INFO] UtilMem:75 - End SaveConfig() Used Memory: 835393776 Bytes (1073741824)
2026-08-06 02:22:09,189 [INFO] UtilMem:75 - End SaveConfig() Used Memory: 918566928 Bytes (1073741824)
2026-08-06 02:22:09,313 [INFO] BlockDiagram:2759 - set Specific Code input for plugin: TIM1_8
2026-08-06 02:22:09,313 [INFO] BlockDiagram:2759 - set Specific Code input for plugin: SYS
2026-08-06 02:22:09,313 [INFO] BlockDiagram:2759 - set Specific Code input for plugin: RCC
2026-08-06 02:22:09,313 [INFO] BlockDiagram:2759 - set Specific Code input for plugin: I2C
2026-08-06 02:22:09,313 [INFO] BlockDiagram:2759 - set Specific Code input for plugin: NVIC
2026-08-06 02:22:09,313 [INFO] BlockDiagram:2759 - set Specific Code input for plugin: USART
2026-08-06 02:22:09,313 [INFO] BlockDiagram:2759 - set Specific Code input for plugin: USART
2026-08-06 02:22:09,313 [INFO] BlockDiagram:2759 - set Specific Code input for plugin: USART
2026-08-06 02:22:09,313 [INFO] BlockDiagram:2759 - set Specific Code input for plugin: DMA
2026-08-06 02:22:09,314 [INFO] BlockDiagram:2759 - set Specific Code input for plugin: GPIO
2026-08-06 02:22:09,315 [INFO] CodeGenerator:799 - code generatio: config db path: C:\ST\STM32CubeIDE_1.13.1\STM32CubeIDE\plugins\com.st.stm32cube.common.mx_6.9.1.202307191849\\db\
2026-08-06 02:22:09,316 [WARN] IP:2114 - I2C_Coeff_DF not found: check if there is a RefParameter without a condition.
2026-08-06 02:22:09,316 [WARN] IP:2114 - Analog_Filter not found: check if there is a RefParameter without a condition.
2026-08-06 02:22:09,440 [INFO] CodeEngine:255 - oldGeneratedFile, C:\Users\Admin\Documents\GitHub\Drone-RTOS\Source\010Final\MXTmpFiles\license.tmp_save
2026-08-06 02:22:09,517 [INFO] CodeEngine:279 - Generated code: C:\Users\Admin\Documents\GitHub\Drone-RTOS\Source\010Final\MXTmpFiles\license.tmp
2026-08-06 02:22:09,536 [INFO] CodeEngine:255 - oldGeneratedFile, C:\Users\Admin\Documents\GitHub\Drone-RTOS\Source\010Final\MXTmpFiles\gpio.tmp_save
2026-08-06 02:22:09,588 [INFO] CodeEngine:279 - Generated code: C:\Users\Admin\Documents\GitHub\Drone-RTOS\Source\010Final\MXTmpFiles\gpio.tmp
2026-08-06 02:22:09,758 [INFO] CodeEngine:255 - oldGeneratedFile, C:\Users\Admin\Documents\GitHub\Drone-RTOS\Source\010Final\MXTmpFiles\dma.tmp_save
2026-08-06 02:22:09,805 [INFO] CodeEngine:279 - Generated code: C:\Users\Admin\Documents\GitHub\Drone-RTOS\Source\010Final\MXTmpFiles\dma.tmp
2026-08-06 02:22:09,808 [INFO] CodeEngine:255 - oldGeneratedFile, C:\Users\Admin\Documents\GitHub\Drone-RTOS\Source\010Final\MXTmpFiles\dma_GV.tmp_save
2026-08-06 02:22:09,852 [INFO] CodeEngine:279 - Generated code: C:\Users\Admin\Documents\GitHub\Drone-RTOS\Source\010Final\MXTmpFiles\dma_GV.tmp
2026-08-06 02:22:09,863 [INFO] CodeEngine:255 - oldGeneratedFile, C:\Users\Admin\Documents\GitHub\Drone-RTOS\Source\010Final\Core\Src\stm32f4xx_it.c_save
2026-08-06 02:22:09,972 [INFO] CodeEngine:279 - Generated code: C:\Users\Admin\Documents\GitHub\Drone-RTOS\Source\010Final\Core\Src\stm32f4xx_it.c
2026-08-06 02:22:09,977 [INFO] CodeEngine:255 - oldGeneratedFile, C:\Users\Admin\Documents\GitHub\Drone-RTOS\Source\010Final\Core\Inc\stm32f4xx_it.h_save
2026-08-06 02:22:10,030 [INFO] CodeEngine:279 - Generated code: C:\Users\Admin\Documents\GitHub\Drone-RTOS\Source\010Final\Core\Inc\stm32f4xx_it.h
2026-08-06 02:22:10,038 [INFO] CodeEngine:255 - oldGeneratedFile, C:\Users\Admin\Documents\GitHub\Drone-RTOS\Source\010Final\Core\Src\stm32f4xx_hal_msp.c_save
2026-08-06 02:22:10,128 [INFO] CodeEngine:279 - Generated code: C:\Users\Admin\Documents\GitHub\Drone-RTOS\Source\010Final\Core\Src\stm32f4xx_hal_msp.c
2026-08-06 02:22:10,132 [INFO] CodeEngine:255 - oldGeneratedFile, C:\Users\Admin\Documents\GitHub\Drone-RTOS\Source\010Final\MXTmpFiles\system.tmp_save
2026-08-06 02:22:10,179 [INFO] CodeEngine:279 - Generated code: C:\Users\Admin\Documents\GitHub\Drone-RTOS\Source\010Final\MXTmpFiles\system.tmp
2026-08-06 02:22:10,186 [INFO] CodeEngine:311 - oldGeneratedFile, C:\Users\Admin\Documents\GitHub\Drone-RTOS\Source\010Final\Core\Inc\stm32f4xx_hal_conf.h_save
2026-08-06 02:22:10,242 [INFO] CodeEngine:335 - Generated code: C:\Users\Admin\Documents\GitHub\Drone-RTOS\Source\010Final\Core\Inc\stm32f4xx_hal_conf.h
2026-08-06 02:22:10,251 [WARN] IPConfigManager:3431 - IP not found : TIM
2026-08-06 02:22:10,252 [WARN] CodeGenerator:3760 - IP not found : null
2026-08-06 02:22:10,257 [INFO] CodeEngine:255 - oldGeneratedFile, C:\Users\Admin\Documents\GitHub\Drone-RTOS\Source\010Final\Core\Inc\main.h_save
2026-08-06 02:22:10,332 [INFO] CodeEngine:279 - Generated code: C:\Users\Admin\Documents\GitHub\Drone-RTOS\Source\010Final\Core\Inc\main.h
2026-08-06 02:22:10,336 [INFO] CodeEngine:255 - oldGeneratedFile, C:\Users\Admin\Documents\GitHub\Drone-RTOS\Source\010Final\Core\Src\main.c_save
2026-08-06 02:22:10,420 [INFO] CodeEngine:279 - Generated code: C:\Users\Admin\Documents\GitHub\Drone-RTOS\Source\010Final\Core\Src\main.c
2026-08-06 02:22:10,791 [INFO] ProjectBuilder:3064 - Time for Copy HAL[1] : 109mS.
2026-08-06 02:22:10,794 [INFO] ProjectBuilder:4404 - Project Generator version: 4.1.0
2026-08-06 02:22:11,291 [INFO] ConfigFileManager:1457 - The Die is : DIE413
2026-08-06 02:22:12,009 [INFO] ProjectBuilder:4626 - Time for Generating toolchain IDE Files: 1214mS.
2026-08-06 02:22:12,009 [INFO] ProjectBuilder:2935 - Time for Copy CMSIS : 0mS.
2026-08-06 02:22:12,011 [INFO] ProjectBuilder:2935 - Time for Copy CMSIS : 0mS.
2026-08-06 10:07:44,609 [INFO] MainUpdater:2868 - connection check result : 10
2026-08-06 10:07:44,609 [INFO] MainUpdater:2868 - connection check result : 10
2026-08-06 10:07:44,693 [INFO] MicroXplorer:468 - Change Database Path : 
2026-08-06 10:07:44,693 [INFO] MicroXplorer:498 - Change Database Version : DB.6.0.91
2026-08-06 10:07:44,706 [WARN] ThirdParty:871 - waiting for thirdparty lock release [close project]
2026-08-06 10:07:44,706 [INFO] ThirdParty:873 - entering critical section [close project]
2026-08-06 10:07:44,706 [INFO] ThirdParty:883 - exiting critical section [close project]
2026-08-06 10:07:44,707 [INFO] PinOutPanel:1499 - setPackage(No Configuration,No Configuration)
2026-08-06 10:07:44,711 [WARN] IpParametersView:151 - Warning: This peripheral hasn't parameters
2026-08-06 10:07:44,714 [WARN] MainPanel:272 - <html><b><center>Warning: This peripheral has no parameters to be configured<br></b></html>
2026-08-06 10:07:44,722 [INFO] UtilMem:75 - Begin LoadConfig() Used Memory: 863165272 Bytes (1073741824)
2026-08-06 10:07:44,723 [INFO] MicroXplorer:468 - Change Database Path : 
2026-08-06 10:07:44,723 [INFO] MicroXplorer:498 - Change Database Version : DB.6.0.91
2026-08-06 10:07:44,723 [INFO] OpenFileManager:308 - Change cursor
2026-08-06 10:07:44,730 [INFO] RulesReader:64 - Compatibility file has been processed (293 Rules)
2026-08-06 10:07:44,733 [INFO] Mcu:1946 - Initializing MCU STM32F405RGTx STM32F405RGTx STM32F405RGT6
2026-08-06 10:07:45,513 [INFO] Context:659 - Trying to add GPIOservice into a context  which must be forbidden
2026-08-06 10:07:45,701 [INFO] RtosManager:555 - Registered RTOS mode: class=CMSIS, group=RTOS, mode=CMSIS_V1, owner=FREERTOS
2026-08-06 10:07:45,701 [INFO] RtosManager:555 - Registered RTOS mode: class=CMSIS, group=RTOS2, mode=CMSIS_V2, owner=FREERTOS
2026-08-06 10:07:45,701 [INFO] RtosManager:555 - Registered RTOS mode: class=RTOS, group=Core, mode=CMSIS_V1, owner=FREERTOS
2026-08-06 10:07:45,701 [INFO] RtosManager:555 - Registered RTOS mode: class=RTOS, group=Core, mode=CMSIS_V2, owner=FREERTOS
2026-08-06 10:07:45,701 [WARN] ModelIntegratedComponent:184 - Missing modes for component STMicroelectronics:FreeRTOS:0.0.1:STMicroelectronics:RTOS:FreeRTOS:Core:::10.2.0:
2026-08-06 10:07:45,765 [WARN] ModelIntegratedComponent:63 - No mode defined for component null
2026-08-06 10:07:45,765 [WARN] ModelIntegratedComponent:63 - No mode defined for component null
2026-08-06 10:07:45,765 [WARN] ModelIntegratedComponent:63 - No mode defined for component null
2026-08-06 10:07:45,765 [WARN] ModelIntegratedComponent:63 - No mode defined for component null
2026-08-06 10:07:45,765 [WARN] ModelIntegratedComponent:63 - No mode defined for component null
2026-08-06 10:07:45,765 [WARN] ModelIntegratedComponent:63 - No mode defined for component null
2026-08-06 10:07:45,765 [WARN] ModelIntegratedComponent:63 - No mode defined for component null
2026-08-06 10:07:45,765 [WARN] ModelIntegratedComponent:63 - No mode defined for component null
2026-08-06 10:07:45,765 [WARN] ModelIntegratedComponent:63 - No mode defined for component null
2026-08-06 10:07:45,765 [WARN] ModelIntegratedComponent:63 - No mode defined for component null
2026-08-06 10:07:45,765 [WARN] ModelIntegratedComponent:63 - No mode defined for component null
2026-08-06 10:07:45,765 [WARN] ModelIntegratedComponent:63 - No mode defined for component null
2026-08-06 10:07:45,765 [WARN] ModelIntegratedComponent:63 - No mode defined for component null
2026-08-06 10:07:45,765 [WARN] ModelIntegratedComponent:63 - No mode defined for component null
2026-08-06 10:07:45,765 [WARN] ModelIntegratedComponent:63 - No mode defined for component null
2026-08-06 10:07:45,765 [WARN] ModelIntegratedComponent:63 - No mode defined for component null
2026-08-06 10:07:45,765 [WARN] ModelIntegratedComponent:63 - No mode defined for component null
2026-08-06 10:07:45,765 [WARN] ModelIntegratedComponent:63 - No mode defined for component null
2026-08-06 10:07:45,765 [WARN] ModelIntegratedComponent:63 - No mode defined for component null
2026-08-06 10:07:45,765 [WARN] ModelIntegratedComponent:63 - No mode defined for component null
2026-08-06 10:07:45,765 [WARN] ModelIntegratedComponent:63 - No mode defined for component null
2026-08-06 10:07:45,766 [WARN] ModelIntegratedComponent:63 - No mode defined for component null
2026-08-06 10:07:45,766 [WARN] ModelIntegratedComponent:63 - No mode defined for component null
2026-08-06 10:07:45,766 [WARN] ModelIntegratedComponent:63 - No mode defined for component null
2026-08-06 10:07:45,766 [WARN] ModelIntegratedComponent:63 - No mode defined for component null
2026-08-06 10:07:45,766 [WARN] ModelIntegratedComponent:63 - No mode defined for component null
2026-08-06 10:07:45,766 [WARN] ModelIntegratedComponent:63 - No mode defined for component null
2026-08-06 10:07:45,766 [WARN] ModelIntegratedComponent:63 - No mode defined for component null
2026-08-06 10:07:45,766 [WARN] ModelIntegratedComponent:63 - No mode defined for component null
2026-08-06 10:07:45,766 [WARN] ModelIntegratedComponent:63 - No mode defined for component null
2026-08-06 10:07:45,766 [WARN] ModelIntegratedComponent:63 - No mode defined for component null
2026-08-06 10:07:45,766 [WARN] ModelIntegratedComponent:63 - No mode defined for component null
2026-08-06 10:07:45,766 [WARN] ModelIntegratedComponent:63 - No mode defined for component null
2026-08-06 10:07:45,818 [INFO] ThirdPartyModel:298 - Start build external matchings
2026-08-06 10:07:46,033 [INFO] ThirdPartyModel:316 - End build external matchings
2026-08-06 10:07:46,042 [INFO] ImportTextPane:194 - (OptionalMessage_ERROR) IP (DMA) : Parameter (Instance) has Id (USART1_RX) currently not set
2026-08-06 10:07:46,042 [INFO] ImportTextPane:194 - (OptionalMessage_ERROR) IP (DMA) : Parameter (Channel) has Id (USART1_RX) currently not set
2026-08-06 10:07:46,042 [INFO] ImportTextPane:194 - (OptionalMessage_ERROR) IP (DMA) : Parameter (Direction) has Id (USART1_RX) currently not set
2026-08-06 10:07:46,042 [INFO] ImportTextPane:194 - (OptionalMessage_ERROR) IP (DMA) : Parameter (PeriphInc) has Id (USART1_RX) currently not set
2026-08-06 10:07:46,042 [INFO] ImportTextPane:194 - (OptionalMessage_ERROR) IP (DMA) : Parameter (MemInc) has Id (USART1_RX) currently not set
2026-08-06 10:07:46,042 [INFO] ImportTextPane:194 - (OptionalMessage_ERROR) IP (DMA) : Parameter (PeriphDataAlignment) has Id (USART1_RX) currently not set
2026-08-06 10:07:46,042 [INFO] ImportTextPane:194 - (OptionalMessage_ERROR) IP (DMA) : Parameter (MemDataAlignment) has Id (USART1_RX) currently not set
2026-08-06 10:07:46,042 [INFO] ImportTextPane:194 - (OptionalMessage_ERROR) IP (DMA) : Parameter (Mode) has Id (USART1_RX) currently not set
2026-08-06 10:07:46,042 [INFO] ImportTextPane:194 - (OptionalMessage_ERROR) IP (DMA) : Parameter (Priority) has Id (USART1_RX) currently not set
2026-08-06 10:07:46,042 [INFO] ImportTextPane:194 - (OptionalMessage_ERROR) IP (DMA) : Parameter (FIFOMode) has Id (USART1_RX) currently not set
2026-08-06 10:07:46,042 [INFO] ImportTextPane:194 - (OptionalMessage_ERROR) IP (DMA) : Parameter (FIFOThreshold) has Id (USART1_RX) currently not set
2026-08-06 10:07:46,042 [INFO] ImportTextPane:194 - (OptionalMessage_ERROR) IP (DMA) : Parameter (FIFOThreshold) has invalid value (null)
2026-08-06 10:07:46,042 [INFO] ImportTextPane:194 - (OptionalMessage_ERROR) IP (DMA) : Parameter (MemBurst) has Id (USART1_RX) currently not set
2026-08-06 10:07:46,042 [INFO] ImportTextPane:194 - (OptionalMessage_ERROR) IP (DMA) : Parameter (MemBurst) has invalid value (null)
2026-08-06 10:07:46,042 [INFO] ImportTextPane:194 - (OptionalMessage_ERROR) IP (DMA) : Parameter (PeriphBurst) has Id (USART1_RX) currently not set
2026-08-06 10:07:46,042 [INFO] ImportTextPane:194 - (OptionalMessage_ERROR) IP (DMA) : Parameter (PeriphBurst) has invalid value (null)
2026-08-06 10:07:46,042 [INFO] ImportTextPane:194 - (OptionalMessage_ERROR) IP (RCC) : Parameter (48MHZClocksFreq_Value) has invalid value (84000000)
2026-08-06 10:07:46,043 [INFO] ImportTextPane:194 - (OptionalMessage_ERROR) IP (RCC) : Parameter (RTCHSEDivFreq_Value) has invalid value (4000000)
2026-08-06 10:07:46,231 [INFO] UtilMem:75 - End LoadConfig() Used Memory: 881570448 Bytes (1073741824)
2026-08-06 10:07:46,254 [WARN] ThirdParty:833 - waiting for thirdparty lock release [change project]
2026-08-06 10:07:46,255 [INFO] ThirdParty:835 - entering critical section [change project]
2026-08-06 10:07:46,255 [INFO] ThirdParty:1030 - CMSIS Pack Vendor :STMicroelectronics USBPD 4.1
2026-08-06 10:07:46,255 [INFO] ThirdParty:1030 - CMSIS Pack Vendor :STMicroelectronics USB_HOST 2.0.0
2026-08-06 10:07:46,255 [INFO] ThirdParty:1030 - CMSIS Pack Vendor :STMicroelectronics FP-ATR-ASTRA1 2.0.3
2026-08-06 10:07:46,255 [INFO] ThirdParty:1030 - CMSIS Pack Vendor :STMicroelectronics X-CUBE-AZRTOS-F4 1.1.0
2026-08-06 10:07:46,255 [INFO] ThirdParty:1030 - CMSIS Pack Vendor :STMicroelectronics LIBJPEG 8.0.0
2026-08-06 10:07:46,255 [INFO] ThirdParty:1030 - CMSIS Pack Vendor :STMicroelectronics FP-ATR-ASTRA1 2.0.2
2026-08-06 10:07:46,255 [INFO] ThirdParty:1030 - CMSIS Pack Vendor :STMicroelectronics X-CUBE-SMBUS 2.1.0
2026-08-06 10:07:46,255 [INFO] ThirdParty:1030 - CMSIS Pack Vendor :wolfSSL I-CUBE-wolfMQTT 1.19.2
2026-08-06 10:07:46,255 [INFO] ThirdParty:1030 - CMSIS Pack Vendor :STMicroelectronics USB_DEVICE 3.0.0
2026-08-06 10:07:46,255 [INFO] ThirdParty:1030 - CMSIS Pack Vendor :STMicroelectronics X-CUBE-AZRTOS-F7 1.1.0
2026-08-06 10:07:46,255 [INFO] ThirdParty:1030 - CMSIS Pack Vendor :STMicroelectronics USB_DEVICE 2.0.0
2026-08-06 10:07:46,255 [INFO] ThirdParty:1030 - CMSIS Pack Vendor :STMicroelectronics X-CUBE-ALGOBUILD 1.5.0
2026-08-06 10:07:46,255 [INFO] ThirdParty:1030 - CMSIS Pack Vendor :STMicroelectronics FreeRTOS 0.0.1
2026-08-06 10:07:46,255 [INFO] ThirdParty:1030 - CMSIS Pack Vendor :STMicroelectronics X-CUBE-AZRTOS-H7RS 1.3.0
2026-08-06 10:07:46,255 [INFO] ThirdParty:1030 - CMSIS Pack Vendor :STMicroelectronics X-CUBE-AZRTOS-G0 1.1.0
2026-08-06 10:07:46,255 [INFO] ThirdParty:1030 - CMSIS Pack Vendor :STMicroelectronics X-CUBE-NFC4 3.0.0
2026-08-06 10:07:46,255 [INFO] ThirdParty:1030 - CMSIS Pack Vendor :STMicroelectronics X-CUBE-SUBG2 5.0.0
2026-08-06 10:07:46,255 [INFO] ThirdParty:1030 - CMSIS Pack Vendor :STMicroelectronics STM32_WPAN 1.0.0
2026-08-06 10:07:46,255 [INFO] ThirdParty:1030 - CMSIS Pack Vendor :STMicroelectronics lwIP 2.0.3
2026-08-06 10:07:46,255 [INFO] ThirdParty:1030 - CMSIS Pack Vendor :STMicroelectronics X-CUBE-MEMS1 13.0.0
2026-08-06 10:07:46,255 [INFO] ThirdParty:1030 - CMSIS Pack Vendor :STMicroelectronics USB_HOST 1.0.0
2026-08-06 10:07:46,255 [INFO] ThirdParty:1030 - CMSIS Pack Vendor :STMicroelectronics X-CUBE-AZRTOS-G4 2.0.0
2026-08-06 10:07:46,255 [INFO] ThirdParty:1030 - CMSIS Pack Vendor :STMicroelectronics PDM2PCM 3.1.0
2026-08-06 10:07:46,255 [INFO] ThirdParty:1030 - CMSIS Pack Vendor :STMicroelectronics PDM2PCM 3.3.0
2026-08-06 10:07:46,255 [INFO] ThirdParty:1030 - CMSIS Pack Vendor :wolfSSL I-CUBE-wolfTPM 3.8.0
2026-08-06 10:07:46,255 [INFO] ThirdParty:1030 - CMSIS Pack Vendor :STMicroelectronics X-CUBE-DISPLAY 3.0.0
2026-08-06 10:07:46,255 [INFO] ThirdParty:1030 - CMSIS Pack Vendor :wolfSSL I-CUBE-wolfSSH 1.4.20
2026-08-06 10:07:46,255 [INFO] ThirdParty:1030 - CMSIS Pack Vendor :wolfSSL I-CUBE-wolfSSL 5.9.1
2026-08-06 10:07:46,255 [INFO] ThirdParty:1030 - CMSIS Pack Vendor :STMicroelectronics FP-ATR-SIGFOX1 3.2.0
2026-08-06 10:07:46,255 [INFO] ThirdParty:1030 - CMSIS Pack Vendor :STMicroelectronics HAL Drivers 0.0.0
2026-08-06 10:07:46,255 [INFO] ThirdParty:1030 - CMSIS Pack Vendor :STMicroelectronics MBEDTLS 2.16.2
2026-08-06 10:07:46,255 [INFO] ThirdParty:1030 - CMSIS Pack Vendor :emotas I-CUBE-CANOPEN 1.3.0
2026-08-06 10:07:46,255 [INFO] ThirdParty:1030 - CMSIS Pack Vendor :STMicroelectronics MBEDTLS 2.14.1
2026-08-06 10:07:46,255 [INFO] ThirdParty:1030 - CMSIS Pack Vendor :ITTIA_DB I-CUBE-ITTIADB 8.9.0
2026-08-06 10:07:46,255 [INFO] ThirdParty:1030 - CMSIS Pack Vendor :STMicroelectronics X-CUBE-TOUCHGFX 4.26.1
2026-08-06 10:07:46,255 [INFO] ThirdParty:1030 - CMSIS Pack Vendor :STMicroelectronics X-CUBE-AI 10.2.1
2026-08-06 10:07:46,255 [INFO] ThirdParty:1030 - CMSIS Pack Vendor :STMicroelectronics ThreadX 1.0.0
2026-08-06 10:07:46,255 [INFO] ThirdParty:1030 - CMSIS Pack Vendor :STMicroelectronics X-CUBE-MEMS1 12.1.0
2026-08-06 10:07:46,255 [INFO] ThirdParty:1030 - CMSIS Pack Vendor :STMicroelectronics X-CUBE-AZRTOS-WL 2.0.0
2026-08-06 10:07:46,255 [INFO] ThirdParty:1030 - CMSIS Pack Vendor :SEGGER I-CUBE-embOS 1.3.1
2026-08-06 10:07:46,255 [INFO] ThirdParty:1030 - CMSIS Pack Vendor :STMicroelectronics X-CUBE-ALGOBUILD 1.4.0
2026-08-06 10:07:46,255 [INFO] ThirdParty:1030 - CMSIS Pack Vendor :STMicroelectronics USB_DEVICE 1.0.0
2026-08-06 10:07:46,255 [INFO] ThirdParty:1030 - CMSIS Pack Vendor :STMicroelectronics X-CUBE-AZRTOS-H7RS 1.2.0
2026-08-06 10:07:46,255 [INFO] ThirdParty:1030 - CMSIS Pack Vendor :STMicroelectronics X-CUBE-AZRTOS-L4 2.0.0
2026-08-06 10:07:46,255 [INFO] ThirdParty:1030 - CMSIS Pack Vendor :STMicroelectronics ThreadX 0.0.2
2026-08-06 10:07:46,255 [INFO] ThirdParty:1030 - CMSIS Pack Vendor :STMicroelectronics lwIP 2.1.2
2026-08-06 10:07:46,255 [INFO] ThirdParty:1030 - CMSIS Pack Vendor :STMicroelectronics X-CUBE-SFXS2LP1 4.0.0
2026-08-06 10:07:46,255 [INFO] ThirdParty:1030 - CMSIS Pack Vendor :STMicroelectronics X-CUBE-BLE2 3.3.0
2026-08-06 10:07:46,255 [INFO] ThirdParty:1030 - CMSIS Pack Vendor :STMicroelectronics X-CUBE-NFC13 1.0.0
2026-08-06 10:07:46,255 [INFO] ThirdParty:1030 - CMSIS Pack Vendor :STMicroelectronics PDM2PCM 3.2.0
2026-08-06 10:07:46,255 [INFO] ThirdParty:841 - exiting critical section [change project]
2026-08-06 10:07:46,339 [INFO] PinOutPanel:1499 - setPackage(No Configuration,No Configuration)
2026-08-06 10:07:46,340 [INFO] PinOutPanel:1499 - setPackage(STM32F405RGTx,LQFP64)
2026-08-06 10:07:46,494 [INFO] UtilMem:75 - Before build in PCC Used Memory: 894212888 Bytes (1073741824)
2026-08-06 10:07:46,592 [INFO] UtilMem:75 - After build in PCC Used Memory: 938253296 Bytes (1073741824)
2026-08-06 10:07:46,607 [INFO] IPUIPlugin:80 - create IPUIPlugin
2026-08-06 10:07:46,607 [INFO] IPUIPlugin:80 - create IPUIPlugin
2026-08-06 10:07:46,607 [INFO] IPUIPlugin:80 - create IPUIPlugin
2026-08-06 10:07:46,607 [INFO] IPUIPlugin:80 - create IPUIPlugin
2026-08-06 10:07:46,607 [INFO] IPUIPlugin:80 - create IPUIPlugin
2026-08-06 10:07:46,607 [INFO] IPUIPlugin:80 - create IPUIPlugin
2026-08-06 10:07:46,607 [INFO] IPUIPlugin:80 - create IPUIPlugin
2026-08-06 10:07:46,607 [INFO] IPUIPlugin:80 - create IPUIPlugin
2026-08-06 10:07:46,607 [INFO] IPUIPlugin:80 - create IPUIPlugin
2026-08-06 10:07:46,607 [INFO] IPUIPlugin:80 - create IPUIPlugin
2026-08-06 10:07:46,608 [INFO] IPUIPlugin:80 - create IPUIPlugin
2026-08-06 10:07:46,608 [INFO] IPUIPlugin:80 - create IPUIPlugin
2026-08-06 10:07:46,608 [INFO] IPUIPlugin:80 - create IPUIPlugin
2026-08-06 10:07:46,608 [INFO] IPUIPlugin:80 - create IPUIPlugin
2026-08-06 10:07:46,608 [INFO] IPUIPlugin:80 - create IPUIPlugin
2026-08-06 10:07:46,608 [INFO] IPUIPlugin:80 - create IPUIPlugin
2026-08-06 10:07:46,608 [INFO] IPUIPlugin:80 - create IPUIPlugin
2026-08-06 10:07:46,608 [INFO] IPUIPlugin:80 - create IPUIPlugin
2026-08-06 10:07:46,608 [INFO] IPUIPlugin:80 - create IPUIPlugin
2026-08-06 10:07:46,608 [INFO] IPUIPlugin:80 - create IPUIPlugin
2026-08-06 10:07:46,608 [INFO] IPUIPlugin:80 - create IPUIPlugin
2026-08-06 10:07:46,608 [INFO] IPUIPlugin:80 - create IPUIPlugin
2026-08-06 10:07:46,608 [INFO] IPUIPlugin:80 - create IPUIPlugin
2026-08-06 10:07:46,609 [INFO] IPUIPlugin:80 - create IPUIPlugin
2026-08-06 10:07:46,609 [INFO] IPUIPlugin:80 - create IPUIPlugin
2026-08-06 10:07:46,609 [INFO] IPUIPlugin:80 - create IPUIPlugin
2026-08-06 10:07:46,609 [INFO] IPUIPlugin:80 - create IPUIPlugin
2026-08-06 10:07:46,609 [INFO] IPUIPlugin:80 - create IPUIPlugin
2026-08-06 10:07:46,617 [INFO] IPUIPlugin:80 - create IPUIPlugin
2026-08-06 10:07:46,617 [INFO] IPUIPlugin:80 - create IPUIPlugin
2026-08-06 10:07:46,617 [INFO] IPUIPlugin:80 - create IPUIPlugin
2026-08-06 10:07:46,617 [INFO] IPUIPlugin:80 - create IPUIPlugin
2026-08-06 10:07:46,617 [INFO] IPUIPlugin:80 - create IPUIPlugin
2026-08-06 10:07:46,617 [INFO] IPUIPlugin:80 - create IPUIPlugin
2026-08-06 10:07:46,617 [INFO] IPUIPlugin:80 - create IPUIPlugin
2026-08-06 10:07:46,618 [INFO] IPUIPlugin:80 - create IPUIPlugin
2026-08-06 10:07:46,618 [INFO] IPUIPlugin:80 - create IPUIPlugin
2026-08-06 10:07:46,618 [INFO] IPUIPlugin:80 - create IPUIPlugin
2026-08-06 10:07:46,618 [INFO] IPUIPlugin:80 - create IPUIPlugin
2026-08-06 10:07:46,618 [INFO] IPUIPlugin:80 - create IPUIPlugin
2026-08-06 10:07:46,618 [INFO] IPUIPlugin:80 - create IPUIPlugin
2026-08-06 10:07:46,618 [INFO] IPUIPlugin:80 - create IPUIPlugin
2026-08-06 10:07:46,618 [INFO] IPUIPlugin:80 - create IPUIPlugin
2026-08-06 10:07:46,619 [INFO] IPUIPlugin:80 - create IPUIPlugin
2026-08-06 10:07:46,619 [INFO] IPUIPlugin:80 - create IPUIPlugin
2026-08-06 10:07:46,619 [INFO] IPUIPlugin:80 - create IPUIPlugin
2026-08-06 10:07:46,619 [INFO] IPUIPlugin:80 - create IPUIPlugin
2026-08-06 10:07:46,619 [INFO] IPUIPlugin:80 - create IPUIPlugin
2026-08-06 10:07:46,620 [INFO] IPUIPlugin:80 - create IPUIPlugin
2026-08-06 10:07:46,620 [INFO] IPUIPlugin:80 - create IPUIPlugin
2026-08-06 10:07:46,620 [INFO] IPUIPlugin:80 - create IPUIPlugin
2026-08-06 10:07:46,620 [INFO] IPUIPlugin:80 - create IPUIPlugin
2026-08-06 10:07:46,620 [INFO] IPUIPlugin:80 - create IPUIPlugin
2026-08-06 10:07:46,621 [INFO] IPUIPlugin:80 - create IPUIPlugin
2026-08-06 10:07:46,623 [INFO] ApiDbMcu:507 - Load IP Config File for PDM2PCM
2026-08-06 10:07:46,661 [INFO] CADModel:165 - CPN selected for project levelSTM32F405RGT6
2026-08-06 10:07:46,662 [INFO] CADModel:114 - Register for checkConnection events
2026-08-06 10:07:46,730 [INFO] OpenFileManager:328 - Restore cursor
2026-08-06 10:18:50,269 [ERROR] ConfigurationRetriever:142 - IOException on connection: Connect timed out
2026-08-06 10:18:52,347 [ERROR] ConfigurationRetriever:142 - IOException on connection: Read timed out
2026-08-06 11:06:46,534 [INFO] MainUpdater:2868 - connection check result : 10
2026-08-06 11:06:46,534 [INFO] MainUpdater:2868 - connection check result : 10
2026-08-06 11:06:46,588 [INFO] MicroXplorer:468 - Change Database Path : 
2026-08-06 11:06:46,588 [INFO] MicroXplorer:498 - Change Database Version : DB.6.0.91
2026-08-06 11:06:46,599 [WARN] ThirdParty:871 - waiting for thirdparty lock release [close project]
2026-08-06 11:06:46,599 [INFO] ThirdParty:873 - entering critical section [close project]
2026-08-06 11:06:46,599 [INFO] ThirdParty:883 - exiting critical section [close project]
2026-08-06 11:06:46,601 [INFO] PinOutPanel:1499 - setPackage(No Configuration,No Configuration)
2026-08-06 11:06:46,603 [WARN] IpParametersView:151 - Warning: This peripheral hasn't parameters
2026-08-06 11:06:46,606 [WARN] MainPanel:272 - <html><b><center>Warning: This peripheral has no parameters to be configured<br></b></html>
2026-08-06 11:06:46,608 [INFO] UtilMem:75 - Begin LoadConfig() Used Memory: 908733864 Bytes (1073741824)
2026-08-06 11:06:46,608 [INFO] MicroXplorer:468 - Change Database Path : 
2026-08-06 11:06:46,608 [INFO] MicroXplorer:498 - Change Database Version : DB.6.0.91
2026-08-06 11:06:46,608 [INFO] OpenFileManager:308 - Change cursor
2026-08-06 11:06:46,613 [INFO] Mcu:1946 - Initializing MCU STM32F405RGTx STM32F405RGTx STM32F405RGT6
2026-08-06 11:06:47,419 [INFO] Context:659 - Trying to add GPIOservice into a context  which must be forbidden
2026-08-06 11:06:47,579 [INFO] RtosManager:555 - Registered RTOS mode: class=CMSIS, group=RTOS, mode=CMSIS_V1, owner=FREERTOS
2026-08-06 11:06:47,579 [INFO] RtosManager:555 - Registered RTOS mode: class=CMSIS, group=RTOS2, mode=CMSIS_V2, owner=FREERTOS
2026-08-06 11:06:47,579 [INFO] RtosManager:555 - Registered RTOS mode: class=RTOS, group=Core, mode=CMSIS_V1, owner=FREERTOS
2026-08-06 11:06:47,579 [INFO] RtosManager:555 - Registered RTOS mode: class=RTOS, group=Core, mode=CMSIS_V2, owner=FREERTOS
2026-08-06 11:06:47,579 [WARN] ModelIntegratedComponent:184 - Missing modes for component STMicroelectronics:FreeRTOS:0.0.1:STMicroelectronics:RTOS:FreeRTOS:Core:::10.2.0:
2026-08-06 11:06:47,622 [WARN] ModelIntegratedComponent:63 - No mode defined for component null
2026-08-06 11:06:47,622 [WARN] ModelIntegratedComponent:63 - No mode defined for component null
2026-08-06 11:06:47,622 [WARN] ModelIntegratedComponent:63 - No mode defined for component null
2026-08-06 11:06:47,622 [WARN] ModelIntegratedComponent:63 - No mode defined for component null
2026-08-06 11:06:47,622 [WARN] ModelIntegratedComponent:63 - No mode defined for component null
2026-08-06 11:06:47,622 [WARN] ModelIntegratedComponent:63 - No mode defined for component null
2026-08-06 11:06:47,622 [WARN] ModelIntegratedComponent:63 - No mode defined for component null
2026-08-06 11:06:47,622 [WARN] ModelIntegratedComponent:63 - No mode defined for component null
2026-08-06 11:06:47,622 [WARN] ModelIntegratedComponent:63 - No mode defined for component null
2026-08-06 11:06:47,622 [WARN] ModelIntegratedComponent:63 - No mode defined for component null
2026-08-06 11:06:47,622 [WARN] ModelIntegratedComponent:63 - No mode defined for component null
2026-08-06 11:06:47,622 [WARN] ModelIntegratedComponent:63 - No mode defined for component null
2026-08-06 11:06:47,622 [WARN] ModelIntegratedComponent:63 - No mode defined for component null
2026-08-06 11:06:47,622 [WARN] ModelIntegratedComponent:63 - No mode defined for component null
2026-08-06 11:06:47,622 [WARN] ModelIntegratedComponent:63 - No mode defined for component null
2026-08-06 11:06:47,622 [WARN] ModelIntegratedComponent:63 - No mode defined for component null
2026-08-06 11:06:47,622 [WARN] ModelIntegratedComponent:63 - No mode defined for component null
2026-08-06 11:06:47,622 [WARN] ModelIntegratedComponent:63 - No mode defined for component null
2026-08-06 11:06:47,622 [WARN] ModelIntegratedComponent:63 - No mode defined for component null
2026-08-06 11:06:47,622 [WARN] ModelIntegratedComponent:63 - No mode defined for component null
2026-08-06 11:06:47,622 [WARN] ModelIntegratedComponent:63 - No mode defined for component null
2026-08-06 11:06:47,622 [WARN] ModelIntegratedComponent:63 - No mode defined for component null
2026-08-06 11:06:47,622 [WARN] ModelIntegratedComponent:63 - No mode defined for component null
2026-08-06 11:06:47,622 [WARN] ModelIntegratedComponent:63 - No mode defined for component null
2026-08-06 11:06:47,622 [WARN] ModelIntegratedComponent:63 - No mode defined for component null
2026-08-06 11:06:47,622 [WARN] ModelIntegratedComponent:63 - No mode defined for component null
2026-08-06 11:06:47,622 [WARN] ModelIntegratedComponent:63 - No mode defined for component null
2026-08-06 11:06:47,622 [WARN] ModelIntegratedComponent:63 - No mode defined for component null
2026-08-06 11:06:47,622 [WARN] ModelIntegratedComponent:63 - No mode defined for component null
2026-08-06 11:06:47,622 [WARN] ModelIntegratedComponent:63 - No mode defined for component null
2026-08-06 11:06:47,622 [WARN] ModelIntegratedComponent:63 - No mode defined for component null
2026-08-06 11:06:47,622 [WARN] ModelIntegratedComponent:63 - No mode defined for component null
2026-08-06 11:06:47,622 [WARN] ModelIntegratedComponent:63 - No mode defined for component null
2026-08-06 11:06:47,674 [INFO] ThirdPartyModel:298 - Start build external matchings
2026-08-06 11:06:47,940 [INFO] ThirdPartyModel:316 - End build external matchings
2026-08-06 11:06:47,945 [INFO] ImportTextPane:194 - (OptionalMessage_ERROR) IP (DMA) : Parameter (Instance) has Id (USART1_RX) currently not set
2026-08-06 11:06:47,945 [INFO] ImportTextPane:194 - (OptionalMessage_ERROR) IP (DMA) : Parameter (Channel) has Id (USART1_RX) currently not set
2026-08-06 11:06:47,945 [INFO] ImportTextPane:194 - (OptionalMessage_ERROR) IP (DMA) : Parameter (Direction) has Id (USART1_RX) currently not set
2026-08-06 11:06:47,945 [INFO] ImportTextPane:194 - (OptionalMessage_ERROR) IP (DMA) : Parameter (PeriphInc) has Id (USART1_RX) currently not set
2026-08-06 11:06:47,945 [INFO] ImportTextPane:194 - (OptionalMessage_ERROR) IP (DMA) : Parameter (MemInc) has Id (USART1_RX) currently not set
2026-08-06 11:06:47,945 [INFO] ImportTextPane:194 - (OptionalMessage_ERROR) IP (DMA) : Parameter (PeriphDataAlignment) has Id (USART1_RX) currently not set
2026-08-06 11:06:47,946 [INFO] ImportTextPane:194 - (OptionalMessage_ERROR) IP (DMA) : Parameter (MemDataAlignment) has Id (USART1_RX) currently not set
2026-08-06 11:06:47,946 [INFO] ImportTextPane:194 - (OptionalMessage_ERROR) IP (DMA) : Parameter (Mode) has Id (USART1_RX) currently not set
2026-08-06 11:06:47,946 [INFO] ImportTextPane:194 - (OptionalMessage_ERROR) IP (DMA) : Parameter (Priority) has Id (USART1_RX) currently not set
2026-08-06 11:06:47,946 [INFO] ImportTextPane:194 - (OptionalMessage_ERROR) IP (DMA) : Parameter (FIFOMode) has Id (USART1_RX) currently not set
2026-08-06 11:06:47,946 [INFO] ImportTextPane:194 - (OptionalMessage_ERROR) IP (DMA) : Parameter (FIFOThreshold) has Id (USART1_RX) currently not set
2026-08-06 11:06:47,946 [INFO] ImportTextPane:194 - (OptionalMessage_ERROR) IP (DMA) : Parameter (FIFOThreshold) has invalid value (null)
2026-08-06 11:06:47,946 [INFO] ImportTextPane:194 - (OptionalMessage_ERROR) IP (DMA) : Parameter (MemBurst) has Id (USART1_RX) currently not set
2026-08-06 11:06:47,946 [INFO] ImportTextPane:194 - (OptionalMessage_ERROR) IP (DMA) : Parameter (MemBurst) has invalid value (null)
2026-08-06 11:06:47,946 [INFO] ImportTextPane:194 - (OptionalMessage_ERROR) IP (DMA) : Parameter (PeriphBurst) has Id (USART1_RX) currently not set
2026-08-06 11:06:47,946 [INFO] ImportTextPane:194 - (OptionalMessage_ERROR) IP (DMA) : Parameter (PeriphBurst) has invalid value (null)
2026-08-06 11:06:47,946 [INFO] ImportTextPane:194 - (OptionalMessage_ERROR) IP (RCC) : Parameter (48MHZClocksFreq_Value) has invalid value (84000000)
2026-08-06 11:06:47,946 [INFO] ImportTextPane:194 - (OptionalMessage_ERROR) IP (RCC) : Parameter (RTCHSEDivFreq_Value) has invalid value (4000000)
2026-08-06 11:06:48,144 [INFO] UtilMem:75 - End LoadConfig() Used Memory: 928073968 Bytes (1073741824)
2026-08-06 11:06:48,168 [WARN] ThirdParty:833 - waiting for thirdparty lock release [change project]
2026-08-06 11:06:48,168 [INFO] ThirdParty:835 - entering critical section [change project]
2026-08-06 11:06:48,168 [INFO] ThirdParty:1030 - CMSIS Pack Vendor :STMicroelectronics USBPD 4.1
2026-08-06 11:06:48,168 [INFO] ThirdParty:1030 - CMSIS Pack Vendor :STMicroelectronics USB_HOST 2.0.0
2026-08-06 11:06:48,168 [INFO] ThirdParty:1030 - CMSIS Pack Vendor :STMicroelectronics FP-ATR-ASTRA1 2.0.3
2026-08-06 11:06:48,168 [INFO] ThirdParty:1030 - CMSIS Pack Vendor :STMicroelectronics X-CUBE-AZRTOS-F4 1.1.0
2026-08-06 11:06:48,168 [INFO] ThirdParty:1030 - CMSIS Pack Vendor :STMicroelectronics LIBJPEG 8.0.0
2026-08-06 11:06:48,168 [INFO] ThirdParty:1030 - CMSIS Pack Vendor :STMicroelectronics FP-ATR-ASTRA1 2.0.2
2026-08-06 11:06:48,168 [INFO] ThirdParty:1030 - CMSIS Pack Vendor :STMicroelectronics X-CUBE-SMBUS 2.1.0
2026-08-06 11:06:48,168 [INFO] ThirdParty:1030 - CMSIS Pack Vendor :wolfSSL I-CUBE-wolfMQTT 1.19.2
2026-08-06 11:06:48,168 [INFO] ThirdParty:1030 - CMSIS Pack Vendor :STMicroelectronics USB_DEVICE 3.0.0
2026-08-06 11:06:48,168 [INFO] ThirdParty:1030 - CMSIS Pack Vendor :STMicroelectronics X-CUBE-AZRTOS-F7 1.1.0
2026-08-06 11:06:48,168 [INFO] ThirdParty:1030 - CMSIS Pack Vendor :STMicroelectronics USB_DEVICE 2.0.0
2026-08-06 11:06:48,168 [INFO] ThirdParty:1030 - CMSIS Pack Vendor :STMicroelectronics X-CUBE-ALGOBUILD 1.5.0
2026-08-06 11:06:48,168 [INFO] ThirdParty:1030 - CMSIS Pack Vendor :STMicroelectronics FreeRTOS 0.0.1
2026-08-06 11:06:48,168 [INFO] ThirdParty:1030 - CMSIS Pack Vendor :STMicroelectronics X-CUBE-AZRTOS-H7RS 1.3.0
2026-08-06 11:06:48,168 [INFO] ThirdParty:1030 - CMSIS Pack Vendor :STMicroelectronics X-CUBE-AZRTOS-G0 1.1.0
2026-08-06 11:06:48,168 [INFO] ThirdParty:1030 - CMSIS Pack Vendor :STMicroelectronics X-CUBE-NFC4 3.0.0
2026-08-06 11:06:48,168 [INFO] ThirdParty:1030 - CMSIS Pack Vendor :STMicroelectronics X-CUBE-SUBG2 5.0.0
2026-08-06 11:06:48,168 [INFO] ThirdParty:1030 - CMSIS Pack Vendor :STMicroelectronics STM32_WPAN 1.0.0
2026-08-06 11:06:48,168 [INFO] ThirdParty:1030 - CMSIS Pack Vendor :STMicroelectronics lwIP 2.0.3
2026-08-06 11:06:48,168 [INFO] ThirdParty:1030 - CMSIS Pack Vendor :STMicroelectronics X-CUBE-MEMS1 13.0.0
2026-08-06 11:06:48,168 [INFO] ThirdParty:1030 - CMSIS Pack Vendor :STMicroelectronics USB_HOST 1.0.0
2026-08-06 11:06:48,168 [INFO] ThirdParty:1030 - CMSIS Pack Vendor :STMicroelectronics X-CUBE-AZRTOS-G4 2.0.0
2026-08-06 11:06:48,168 [INFO] ThirdParty:1030 - CMSIS Pack Vendor :STMicroelectronics PDM2PCM 3.1.0
2026-08-06 11:06:48,168 [INFO] ThirdParty:1030 - CMSIS Pack Vendor :STMicroelectronics PDM2PCM 3.3.0
2026-08-06 11:06:48,168 [INFO] ThirdParty:1030 - CMSIS Pack Vendor :wolfSSL I-CUBE-wolfTPM 3.8.0
2026-08-06 11:06:48,168 [INFO] ThirdParty:1030 - CMSIS Pack Vendor :STMicroelectronics X-CUBE-DISPLAY 3.0.0
2026-08-06 11:06:48,168 [INFO] ThirdParty:1030 - CMSIS Pack Vendor :wolfSSL I-CUBE-wolfSSH 1.4.20
2026-08-06 11:06:48,168 [INFO] ThirdParty:1030 - CMSIS Pack Vendor :wolfSSL I-CUBE-wolfSSL 5.9.1
2026-08-06 11:06:48,168 [INFO] ThirdParty:1030 - CMSIS Pack Vendor :STMicroelectronics FP-ATR-SIGFOX1 3.2.0
2026-08-06 11:06:48,168 [INFO] ThirdParty:1030 - CMSIS Pack Vendor :STMicroelectronics HAL Drivers 0.0.0
2026-08-06 11:06:48,169 [INFO] ThirdParty:1030 - CMSIS Pack Vendor :STMicroelectronics MBEDTLS 2.16.2
2026-08-06 11:06:48,169 [INFO] ThirdParty:1030 - CMSIS Pack Vendor :emotas I-CUBE-CANOPEN 1.3.0
2026-08-06 11:06:48,169 [INFO] ThirdParty:1030 - CMSIS Pack Vendor :STMicroelectronics MBEDTLS 2.14.1
2026-08-06 11:06:48,169 [INFO] ThirdParty:1030 - CMSIS Pack Vendor :ITTIA_DB I-CUBE-ITTIADB 8.9.0
2026-08-06 11:06:48,169 [INFO] ThirdParty:1030 - CMSIS Pack Vendor :STMicroelectronics X-CUBE-TOUCHGFX 4.26.1
2026-08-06 11:06:48,169 [INFO] ThirdParty:1030 - CMSIS Pack Vendor :STMicroelectronics X-CUBE-AI 10.2.1
2026-08-06 11:06:48,169 [INFO] ThirdParty:1030 - CMSIS Pack Vendor :STMicroelectronics ThreadX 1.0.0
2026-08-06 11:06:48,169 [INFO] ThirdParty:1030 - CMSIS Pack Vendor :STMicroelectronics X-CUBE-MEMS1 12.1.0
2026-08-06 11:06:48,169 [INFO] ThirdParty:1030 - CMSIS Pack Vendor :STMicroelectronics X-CUBE-AZRTOS-WL 2.0.0
2026-08-06 11:06:48,169 [INFO] ThirdParty:1030 - CMSIS Pack Vendor :SEGGER I-CUBE-embOS 1.3.1
2026-08-06 11:06:48,169 [INFO] ThirdParty:1030 - CMSIS Pack Vendor :STMicroelectronics X-CUBE-ALGOBUILD 1.4.0
2026-08-06 11:06:48,169 [INFO] ThirdParty:1030 - CMSIS Pack Vendor :STMicroelectronics USB_DEVICE 1.0.0
2026-08-06 11:06:48,169 [INFO] ThirdParty:1030 - CMSIS Pack Vendor :STMicroelectronics X-CUBE-AZRTOS-H7RS 1.2.0
2026-08-06 11:06:48,169 [INFO] ThirdParty:1030 - CMSIS Pack Vendor :STMicroelectronics X-CUBE-AZRTOS-L4 2.0.0
2026-08-06 11:06:48,169 [INFO] ThirdParty:1030 - CMSIS Pack Vendor :STMicroelectronics ThreadX 0.0.2
2026-08-06 11:06:48,169 [INFO] ThirdParty:1030 - CMSIS Pack Vendor :STMicroelectronics lwIP 2.1.2
2026-08-06 11:06:48,169 [INFO] ThirdParty:1030 - CMSIS Pack Vendor :STMicroelectronics X-CUBE-SFXS2LP1 4.0.0
2026-08-06 11:06:48,169 [INFO] ThirdParty:1030 - CMSIS Pack Vendor :STMicroelectronics X-CUBE-BLE2 3.3.0
2026-08-06 11:06:48,169 [INFO] ThirdParty:1030 - CMSIS Pack Vendor :STMicroelectronics X-CUBE-NFC13 1.0.0
2026-08-06 11:06:48,169 [INFO] ThirdParty:1030 - CMSIS Pack Vendor :STMicroelectronics PDM2PCM 3.2.0
2026-08-06 11:06:48,169 [INFO] ThirdParty:841 - exiting critical section [change project]
2026-08-06 11:06:48,259 [INFO] PinOutPanel:1499 - setPackage(No Configuration,No Configuration)
2026-08-06 11:06:48,260 [INFO] PinOutPanel:1499 - setPackage(STM32F405RGTx,LQFP64)
2026-08-06 11:06:48,387 [INFO] UtilMem:75 - Before build in PCC Used Memory: 933283456 Bytes (1073741824)
2026-08-06 11:06:48,498 [INFO] UtilMem:75 - After build in PCC Used Memory: 896970816 Bytes (1073741824)
2026-08-06 11:06:48,512 [INFO] IPUIPlugin:80 - create IPUIPlugin
2026-08-06 11:06:48,512 [INFO] IPUIPlugin:80 - create IPUIPlugin
2026-08-06 11:06:48,512 [INFO] IPUIPlugin:80 - create IPUIPlugin
2026-08-06 11:06:48,512 [INFO] IPUIPlugin:80 - create IPUIPlugin
2026-08-06 11:06:48,512 [INFO] IPUIPlugin:80 - create IPUIPlugin
2026-08-06 11:06:48,512 [INFO] IPUIPlugin:80 - create IPUIPlugin
2026-08-06 11:06:48,512 [INFO] IPUIPlugin:80 - create IPUIPlugin
2026-08-06 11:06:48,512 [INFO] IPUIPlugin:80 - create IPUIPlugin
2026-08-06 11:06:48,512 [INFO] IPUIPlugin:80 - create IPUIPlugin
2026-08-06 11:06:48,512 [INFO] IPUIPlugin:80 - create IPUIPlugin
2026-08-06 11:06:48,512 [INFO] IPUIPlugin:80 - create IPUIPlugin
2026-08-06 11:06:48,512 [INFO] IPUIPlugin:80 - create IPUIPlugin
2026-08-06 11:06:48,512 [INFO] IPUIPlugin:80 - create IPUIPlugin
2026-08-06 11:06:48,512 [INFO] IPUIPlugin:80 - create IPUIPlugin
2026-08-06 11:06:48,512 [INFO] IPUIPlugin:80 - create IPUIPlugin
2026-08-06 11:06:48,513 [INFO] IPUIPlugin:80 - create IPUIPlugin
2026-08-06 11:06:48,513 [INFO] IPUIPlugin:80 - create IPUIPlugin
2026-08-06 11:06:48,513 [INFO] IPUIPlugin:80 - create IPUIPlugin
2026-08-06 11:06:48,513 [INFO] IPUIPlugin:80 - create IPUIPlugin
2026-08-06 11:06:48,513 [INFO] IPUIPlugin:80 - create IPUIPlugin
2026-08-06 11:06:48,513 [INFO] IPUIPlugin:80 - create IPUIPlugin
2026-08-06 11:06:48,513 [INFO] IPUIPlugin:80 - create IPUIPlugin
2026-08-06 11:06:48,513 [INFO] IPUIPlugin:80 - create IPUIPlugin
2026-08-06 11:06:48,513 [INFO] IPUIPlugin:80 - create IPUIPlugin
2026-08-06 11:06:48,513 [INFO] IPUIPlugin:80 - create IPUIPlugin
2026-08-06 11:06:48,513 [INFO] IPUIPlugin:80 - create IPUIPlugin
2026-08-06 11:06:48,514 [INFO] IPUIPlugin:80 - create IPUIPlugin
2026-08-06 11:06:48,514 [INFO] IPUIPlugin:80 - create IPUIPlugin
2026-08-06 11:06:48,514 [INFO] IPUIPlugin:80 - create IPUIPlugin
2026-08-06 11:06:48,514 [INFO] IPUIPlugin:80 - create IPUIPlugin
2026-08-06 11:06:48,514 [INFO] IPUIPlugin:80 - create IPUIPlugin
2026-08-06 11:06:48,514 [INFO] IPUIPlugin:80 - create IPUIPlugin
2026-08-06 11:06:48,514 [INFO] IPUIPlugin:80 - create IPUIPlugin
2026-08-06 11:06:48,514 [INFO] IPUIPlugin:80 - create IPUIPlugin
2026-08-06 11:06:48,514 [INFO] IPUIPlugin:80 - create IPUIPlugin
2026-08-06 11:06:48,515 [INFO] IPUIPlugin:80 - create IPUIPlugin
2026-08-06 11:06:48,515 [INFO] IPUIPlugin:80 - create IPUIPlugin
2026-08-06 11:06:48,515 [INFO] IPUIPlugin:80 - create IPUIPlugin
2026-08-06 11:06:48,515 [INFO] IPUIPlugin:80 - create IPUIPlugin
2026-08-06 11:06:48,515 [INFO] IPUIPlugin:80 - create IPUIPlugin
2026-08-06 11:06:48,515 [INFO] IPUIPlugin:80 - create IPUIPlugin
2026-08-06 11:06:48,515 [INFO] IPUIPlugin:80 - create IPUIPlugin
2026-08-06 11:06:48,515 [INFO] IPUIPlugin:80 - create IPUIPlugin
2026-08-06 11:06:48,516 [INFO] IPUIPlugin:80 - create IPUIPlugin
2026-08-06 11:06:48,516 [INFO] IPUIPlugin:80 - create IPUIPlugin
2026-08-06 11:06:48,516 [INFO] IPUIPlugin:80 - create IPUIPlugin
2026-08-06 11:06:48,516 [INFO] IPUIPlugin:80 - create IPUIPlugin
2026-08-06 11:06:48,516 [INFO] IPUIPlugin:80 - create IPUIPlugin
2026-08-06 11:06:48,516 [INFO] IPUIPlugin:80 - create IPUIPlugin
2026-08-06 11:06:48,517 [INFO] IPUIPlugin:80 - create IPUIPlugin
2026-08-06 11:06:48,517 [INFO] IPUIPlugin:80 - create IPUIPlugin
2026-08-06 11:06:48,517 [INFO] IPUIPlugin:80 - create IPUIPlugin
2026-08-06 11:06:48,517 [INFO] IPUIPlugin:80 - create IPUIPlugin
2026-08-06 11:06:48,517 [INFO] IPUIPlugin:80 - create IPUIPlugin
2026-08-06 11:06:48,519 [INFO] ApiDbMcu:507 - Load IP Config File for PDM2PCM
2026-08-06 11:06:48,520 [WARN] IP:2114 - I2C_Coeff_DF not found: check if there is a RefParameter without a condition.
2026-08-06 11:06:48,520 [WARN] IP:2114 - Analog_Filter not found: check if there is a RefParameter without a condition.
2026-08-06 11:06:48,554 [INFO] CADModel:165 - CPN selected for project levelSTM32F405RGT6
2026-08-06 11:06:48,554 [INFO] CADModel:114 - Register for checkConnection events
2026-08-06 11:06:48,605 [INFO] OpenFileManager:328 - Restore cursor
2026-08-06 11:06:48,724 [WARN] IP:2114 - I2C_Coeff_DF not found: check if there is a RefParameter without a condition.
2026-08-06 11:06:48,724 [WARN] IP:2114 - Analog_Filter not found: check if there is a RefParameter without a condition.
2026-08-06 11:06:48,725 [WARN] IP:2114 - I2C_Coeff_DF not found: check if there is a RefParameter without a condition.
2026-08-06 11:06:48,725 [WARN] IP:2114 - Analog_Filter not found: check if there is a RefParameter without a condition.
2026-08-06 11:07:11,873 [INFO] UtilMem:75 - End SaveConfig() Used Memory: 891280400 Bytes (1073741824)
2026-08-06 11:07:22,778 [INFO] UtilMem:75 - End SaveConfig() Used Memory: 941439232 Bytes (1073741824)
2026-08-06 11:07:22,911 [INFO] BlockDiagram:2759 - set Specific Code input for plugin: TIM1_8
2026-08-06 11:07:22,911 [INFO] BlockDiagram:2759 - set Specific Code input for plugin: SYS
2026-08-06 11:07:22,911 [INFO] BlockDiagram:2759 - set Specific Code input for plugin: RCC
2026-08-06 11:07:22,911 [INFO] BlockDiagram:2759 - set Specific Code input for plugin: I2C
2026-08-06 11:07:22,911 [INFO] BlockDiagram:2759 - set Specific Code input for plugin: NVIC
2026-08-06 11:07:22,911 [INFO] BlockDiagram:2759 - set Specific Code input for plugin: USART
2026-08-06 11:07:22,911 [INFO] BlockDiagram:2759 - set Specific Code input for plugin: USART
2026-08-06 11:07:22,911 [INFO] BlockDiagram:2759 - set Specific Code input for plugin: USART
2026-08-06 11:07:22,911 [INFO] BlockDiagram:2759 - set Specific Code input for plugin: DMA
2026-08-06 11:07:22,911 [INFO] BlockDiagram:2759 - set Specific Code input for plugin: GPIO
2026-08-06 11:07:22,912 [INFO] CodeGenerator:799 - code generatio: config db path: C:\ST\STM32CubeIDE_1.13.1\STM32CubeIDE\plugins\com.st.stm32cube.common.mx_6.9.1.202307191849\\db\
2026-08-06 11:07:22,913 [WARN] IP:2114 - I2C_Coeff_DF not found: check if there is a RefParameter without a condition.
2026-08-06 11:07:22,913 [WARN] IP:2114 - Analog_Filter not found: check if there is a RefParameter without a condition.
2026-08-06 11:07:22,938 [INFO] Argument:319 - Argument : hdmavalue: null
2026-08-06 11:07:22,938 [INFO] Argument:321 - 	 sub Args: 
2026-08-06 11:07:22,938 [INFO] Argument:319 - Argument : Instancevalue: DMA2_Stream2
2026-08-06 11:07:22,938 [INFO] Argument:329 - Argument : Instancevalue: DMA2_Stream2
2026-08-06 11:07:22,938 [INFO] Argument:319 - Argument : Initvalue: null
2026-08-06 11:07:22,938 [INFO] Argument:321 - 	 sub Args: 
2026-08-06 11:07:22,938 [INFO] Argument:319 - Argument : Channelvalue: DMA_CHANNEL_4
2026-08-06 11:07:22,938 [INFO] Argument:329 - Argument : Channelvalue: DMA_CHANNEL_4
2026-08-06 11:07:22,939 [INFO] Argument:319 - Argument : Directionvalue: DMA_PERIPH_TO_MEMORY
2026-08-06 11:07:22,939 [INFO] Argument:329 - Argument : Directionvalue: DMA_PERIPH_TO_MEMORY
2026-08-06 11:07:22,939 [INFO] Argument:319 - Argument : PeriphIncvalue: DMA_PINC_DISABLE
2026-08-06 11:07:22,939 [INFO] Argument:329 - Argument : PeriphIncvalue: DMA_PINC_DISABLE
2026-08-06 11:07:22,939 [INFO] Argument:319 - Argument : MemIncvalue: DMA_MINC_ENABLE
2026-08-06 11:07:22,939 [INFO] Argument:329 - Argument : MemIncvalue: DMA_MINC_ENABLE
2026-08-06 11:07:22,939 [INFO] Argument:319 - Argument : PeriphDataAlignmentvalue: DMA_PDATAALIGN_BYTE
2026-08-06 11:07:22,939 [INFO] Argument:329 - Argument : PeriphDataAlignmentvalue: DMA_PDATAALIGN_BYTE
2026-08-06 11:07:22,939 [INFO] Argument:319 - Argument : MemDataAlignmentvalue: DMA_MDATAALIGN_BYTE
2026-08-06 11:07:22,939 [INFO] Argument:329 - Argument : MemDataAlignmentvalue: DMA_MDATAALIGN_BYTE
2026-08-06 11:07:22,939 [INFO] Argument:319 - Argument : Modevalue: DMA_CIRCULAR
2026-08-06 11:07:22,939 [INFO] Argument:329 - Argument : Modevalue: DMA_CIRCULAR
2026-08-06 11:07:22,939 [INFO] Argument:319 - Argument : Priorityvalue: DMA_PRIORITY_HIGH
2026-08-06 11:07:22,939 [INFO] Argument:329 - Argument : Priorityvalue: DMA_PRIORITY_HIGH
2026-08-06 11:07:22,939 [INFO] Argument:319 - Argument : FIFOModevalue: DMA_FIFOMODE_ENABLE
2026-08-06 11:07:22,939 [INFO] Argument:329 - Argument : FIFOModevalue: DMA_FIFOMODE_ENABLE
2026-08-06 11:07:22,939 [INFO] Argument:319 - Argument : FIFOThresholdvalue: DMA_FIFO_THRESHOLD_FULL
2026-08-06 11:07:22,939 [INFO] Argument:329 - Argument : FIFOThresholdvalue: DMA_FIFO_THRESHOLD_FULL
2026-08-06 11:07:22,939 [INFO] Argument:319 - Argument : MemBurstvalue: DMA_MBURST_SINGLE
2026-08-06 11:07:22,939 [INFO] Argument:329 - Argument : MemBurstvalue: DMA_MBURST_SINGLE
2026-08-06 11:07:22,939 [INFO] Argument:319 - Argument : PeriphBurstvalue: DMA_PBURST_SINGLE
2026-08-06 11:07:22,939 [INFO] Argument:329 - Argument : PeriphBurstvalue: DMA_PBURST_SINGLE
2026-08-06 11:07:22,939 [INFO] Argument:319 - Argument : Lockvalue: null
2026-08-06 11:07:22,939 [INFO] Argument:329 - Argument : Lockvalue: null
2026-08-06 11:07:22,939 [INFO] Argument:319 - Argument : Statevalue: null
2026-08-06 11:07:22,939 [INFO] Argument:329 - Argument : Statevalue: null
2026-08-06 11:07:22,939 [INFO] Argument:319 - Argument : Parentvalue: null
2026-08-06 11:07:22,939 [INFO] Argument:329 - Argument : Parentvalue: null
2026-08-06 11:07:22,939 [INFO] Argument:319 - Argument : XferCpltCallbackvalue: null
2026-08-06 11:07:22,939 [INFO] Argument:329 - Argument : XferCpltCallbackvalue: null
2026-08-06 11:07:22,939 [INFO] Argument:319 - Argument : XferHalfCpltCallbackvalue: null
2026-08-06 11:07:22,939 [INFO] Argument:329 - Argument : XferHalfCpltCallbackvalue: null
2026-08-06 11:07:22,939 [INFO] Argument:319 - Argument : XferM1CpltCallbackvalue: null
2026-08-06 11:07:22,939 [INFO] Argument:329 - Argument : XferM1CpltCallbackvalue: null
2026-08-06 11:07:22,939 [INFO] Argument:319 - Argument : XferErrorCallbackvalue: null
2026-08-06 11:07:22,939 [INFO] Argument:329 - Argument : XferErrorCallbackvalue: null
2026-08-06 11:07:22,939 [INFO] Argument:319 - Argument : ErrorCodevalue: null
2026-08-06 11:07:22,939 [INFO] Argument:329 - Argument : ErrorCodevalue: null
2026-08-06 11:07:23,058 [INFO] CodeEngine:255 - oldGeneratedFile, C:\Users\Admin\Documents\GitHub\Drone-RTOS\Source\010Final\MXTmpFiles\license.tmp_save
2026-08-06 11:07:23,131 [INFO] CodeEngine:279 - Generated code: C:\Users\Admin\Documents\GitHub\Drone-RTOS\Source\010Final\MXTmpFiles\license.tmp
2026-08-06 11:07:23,151 [INFO] CodeEngine:255 - oldGeneratedFile, C:\Users\Admin\Documents\GitHub\Drone-RTOS\Source\010Final\MXTmpFiles\gpio.tmp_save
2026-08-06 11:07:23,224 [INFO] CodeEngine:279 - Generated code: C:\Users\Admin\Documents\GitHub\Drone-RTOS\Source\010Final\MXTmpFiles\gpio.tmp
2026-08-06 11:07:23,352 [INFO] CodeEngine:255 - oldGeneratedFile, C:\Users\Admin\Documents\GitHub\Drone-RTOS\Source\010Final\MXTmpFiles\dma.tmp_save
2026-08-06 11:07:23,414 [INFO] CodeEngine:279 - Generated code: C:\Users\Admin\Documents\GitHub\Drone-RTOS\Source\010Final\MXTmpFiles\dma.tmp
2026-08-06 11:07:23,417 [INFO] CodeEngine:255 - oldGeneratedFile, C:\Users\Admin\Documents\GitHub\Drone-RTOS\Source\010Final\MXTmpFiles\dma_GV.tmp_save
2026-08-06 11:07:23,462 [INFO] CodeEngine:279 - Generated code: C:\Users\Admin\Documents\GitHub\Drone-RTOS\Source\010Final\MXTmpFiles\dma_GV.tmp
2026-08-06 11:07:23,473 [INFO] CodeEngine:255 - oldGeneratedFile, C:\Users\Admin\Documents\GitHub\Drone-RTOS\Source\010Final\Core\Src\stm32f4xx_it.c_save
2026-08-06 11:07:23,625 [INFO] CodeEngine:279 - Generated code: C:\Users\Admin\Documents\GitHub\Drone-RTOS\Source\010Final\Core\Src\stm32f4xx_it.c
2026-08-06 11:07:23,630 [INFO] CodeEngine:255 - oldGeneratedFile, C:\Users\Admin\Documents\GitHub\Drone-RTOS\Source\010Final\Core\Inc\stm32f4xx_it.h_save
2026-08-06 11:07:23,676 [INFO] CodeEngine:279 - Generated code: C:\Users\Admin\Documents\GitHub\Drone-RTOS\Source\010Final\Core\Inc\stm32f4xx_it.h
2026-08-06 11:07:23,685 [INFO] CodeEngine:255 - oldGeneratedFile, C:\Users\Admin\Documents\GitHub\Drone-RTOS\Source\010Final\Core\Src\stm32f4xx_hal_msp.c_save
2026-08-06 11:07:23,765 [INFO] CodeEngine:279 - Generated code: C:\Users\Admin\Documents\GitHub\Drone-RTOS\Source\010Final\Core\Src\stm32f4xx_hal_msp.c
2026-08-06 11:07:23,769 [INFO] CodeEngine:255 - oldGeneratedFile, C:\Users\Admin\Documents\GitHub\Drone-RTOS\Source\010Final\MXTmpFiles\system.tmp_save
2026-08-06 11:07:23,814 [INFO] CodeEngine:279 - Generated code: C:\Users\Admin\Documents\GitHub\Drone-RTOS\Source\010Final\MXTmpFiles\system.tmp
2026-08-06 11:07:23,824 [INFO] CodeEngine:311 - oldGeneratedFile, C:\Users\Admin\Documents\GitHub\Drone-RTOS\Source\010Final\Core\Inc\stm32f4xx_hal_conf.h_save
2026-08-06 11:07:23,876 [INFO] CodeEngine:335 - Generated code: C:\Users\Admin\Documents\GitHub\Drone-RTOS\Source\010Final\Core\Inc\stm32f4xx_hal_conf.h
2026-08-06 11:07:23,887 [WARN] IPConfigManager:3431 - IP not found : TIM
2026-08-06 11:07:23,888 [WARN] CodeGenerator:3760 - IP not found : null
2026-08-06 11:07:23,894 [INFO] CodeEngine:255 - oldGeneratedFile, C:\Users\Admin\Documents\GitHub\Drone-RTOS\Source\010Final\Core\Inc\main.h_save
2026-08-06 11:07:23,953 [INFO] CodeEngine:279 - Generated code: C:\Users\Admin\Documents\GitHub\Drone-RTOS\Source\010Final\Core\Inc\main.h
2026-08-06 11:07:23,958 [INFO] CodeEngine:255 - oldGeneratedFile, C:\Users\Admin\Documents\GitHub\Drone-RTOS\Source\010Final\Core\Src\main.c_save
2026-08-06 11:07:24,053 [INFO] CodeEngine:279 - Generated code: C:\Users\Admin\Documents\GitHub\Drone-RTOS\Source\010Final\Core\Src\main.c
2026-08-06 11:07:24,888 [INFO] ProjectBuilder:3064 - Time for Copy HAL[1] : 147mS.
2026-08-06 11:07:24,891 [INFO] ProjectBuilder:4404 - Project Generator version: 4.1.0
2026-08-06 11:07:25,076 [INFO] ConfigFileManager:1457 - The Die is : DIE413
2026-08-06 11:07:25,079 [INFO] ApiDbMcu:507 - Load IP Config File for FATFS
2026-08-06 11:07:25,082 [INFO] ApiDbMcu:507 - Load IP Config File for FREERTOS
2026-08-06 11:07:25,084 [INFO] ApiDbMcu:507 - Load IP Config File for LIBJPEG
2026-08-06 11:07:25,089 [INFO] ApiDbMcu:507 - Load IP Config File for MBEDTLS
2026-08-06 11:07:25,094 [INFO] ApiDbMcu:507 - Load IP Config File for USB_DEVICE
2026-08-06 11:07:25,097 [INFO] ApiDbMcu:507 - Load IP Config File for USB_HOST
2026-08-06 11:07:26,206 [INFO] ProjectBuilder:4626 - Time for Generating toolchain IDE Files: 1315mS.
2026-08-06 11:07:26,207 [INFO] ProjectBuilder:2935 - Time for Copy CMSIS : 1mS.
2026-08-06 11:07:26,210 [INFO] ProjectBuilder:2935 - Time for Copy CMSIS : 0mS.
2026-08-06 11:08:27,022 [WARN] IP:2114 - I2C_Coeff_DF not found: check if there is a RefParameter without a condition.
2026-08-06 11:08:27,022 [WARN] IP:2114 - Analog_Filter not found: check if there is a RefParameter without a condition.
2026-08-06 11:08:27,023 [WARN] IP:2114 - I2C_Coeff_DF not found: check if there is a RefParameter without a condition.
2026-08-06 11:08:27,023 [WARN] IP:2114 - Analog_Filter not found: check if there is a RefParameter without a condition.
2026-08-06 11:08:27,072 [WARN] IP:2114 - I2C_Coeff_DF not found: check if there is a RefParameter without a condition.
2026-08-06 11:08:27,072 [WARN] IP:2114 - Analog_Filter not found: check if there is a RefParameter without a condition.
2026-08-06 11:08:27,072 [WARN] IP:2114 - I2C_Coeff_DF not found: check if there is a RefParameter without a condition.
2026-08-06 11:08:27,072 [WARN] IP:2114 - Analog_Filter not found: check if there is a RefParameter without a condition.
2026-08-06 11:08:27,125 [WARN] IP:2114 - I2C_Coeff_DF not found: check if there is a RefParameter without a condition.
2026-08-06 11:08:27,125 [WARN] IP:2114 - Analog_Filter not found: check if there is a RefParameter without a condition.
2026-08-06 11:08:27,126 [WARN] IP:2114 - I2C_Coeff_DF not found: check if there is a RefParameter without a condition.
2026-08-06 11:08:27,126 [WARN] IP:2114 - Analog_Filter not found: check if there is a RefParameter without a condition.
2026-08-06 11:10:21,327 [WARN] IP:2114 - I2C_Coeff_DF not found: check if there is a RefParameter without a condition.
2026-08-06 11:10:21,327 [WARN] IP:2114 - Analog_Filter not found: check if there is a RefParameter without a condition.
2026-08-06 11:10:21,327 [WARN] IP:2114 - I2C_Coeff_DF not found: check if there is a RefParameter without a condition.
2026-08-06 11:10:21,327 [WARN] IP:2114 - Analog_Filter not found: check if there is a RefParameter without a condition.
2026-08-06 11:10:21,374 [WARN] IP:2114 - I2C_Coeff_DF not found: check if there is a RefParameter without a condition.
2026-08-06 11:10:21,374 [WARN] IP:2114 - Analog_Filter not found: check if there is a RefParameter without a condition.
2026-08-06 11:10:21,374 [WARN] IP:2114 - I2C_Coeff_DF not found: check if there is a RefParameter without a condition.
2026-08-06 11:10:21,374 [WARN] IP:2114 - Analog_Filter not found: check if there is a RefParameter without a condition.
2026-08-06 11:10:21,423 [WARN] IP:2114 - I2C_Coeff_DF not found: check if there is a RefParameter without a condition.
2026-08-06 11:10:21,423 [WARN] IP:2114 - Analog_Filter not found: check if there is a RefParameter without a condition.
2026-08-06 11:10:21,424 [WARN] IP:2114 - I2C_Coeff_DF not found: check if there is a RefParameter without a condition.
2026-08-06 11:10:21,424 [WARN] IP:2114 - Analog_Filter not found: check if there is a RefParameter without a condition.
2026-08-06 11:10:33,447 [INFO] NvicIntPanel:101 - NVIC parent = com.st.microxplorer.plugins.ip.nvic.MultiNvicIntPanel[,0,0,0x0,invalid,layout=javax.swing.BoxLayout,alignmentX=0.0,alignmentY=0.0,border=,flags=9,maximumSize=,minimumSize=,preferredSize=]
2026-08-06 11:10:36,052 [INFO] NvicIntPanel:101 - NVIC parent = com.st.microxplorer.plugins.ip.nvic.MultiNvicIntPanel[,0,0,0x0,invalid,layout=javax.swing.BoxLayout,alignmentX=0.0,alignmentY=0.0,border=,flags=9,maximumSize=,minimumSize=,preferredSize=]
2026-08-06 11:10:53,158 [WARN] IP:2114 - I2C_Coeff_DF not found: check if there is a RefParameter without a condition.
2026-08-06 11:10:53,158 [WARN] IP:2114 - Analog_Filter not found: check if there is a RefParameter without a condition.
2026-08-06 11:10:53,159 [WARN] IP:2114 - I2C_Coeff_DF not found: check if there is a RefParameter without a condition.
2026-08-06 11:10:53,159 [WARN] IP:2114 - Analog_Filter not found: check if there is a RefParameter without a condition.
2026-08-06 11:10:53,205 [WARN] IP:2114 - I2C_Coeff_DF not found: check if there is a RefParameter without a condition.
2026-08-06 11:10:53,205 [WARN] IP:2114 - Analog_Filter not found: check if there is a RefParameter without a condition.
2026-08-06 11:10:53,205 [WARN] IP:2114 - I2C_Coeff_DF not found: check if there is a RefParameter without a condition.
2026-08-06 11:10:53,205 [WARN] IP:2114 - Analog_Filter not found: check if there is a RefParameter without a condition.
2026-08-06 11:10:53,254 [WARN] IP:2114 - I2C_Coeff_DF not found: check if there is a RefParameter without a condition.
2026-08-06 11:10:53,254 [WARN] IP:2114 - Analog_Filter not found: check if there is a RefParameter without a condition.
2026-08-06 11:10:53,255 [WARN] IP:2114 - I2C_Coeff_DF not found: check if there is a RefParameter without a condition.
2026-08-06 11:10:53,255 [WARN] IP:2114 - Analog_Filter not found: check if there is a RefParameter without a condition.
2026-08-06 11:11:58,507 [WARN] IP:2114 - I2C_Coeff_DF not found: check if there is a RefParameter without a condition.
2026-08-06 11:11:58,508 [WARN] IP:2114 - Analog_Filter not found: check if there is a RefParameter without a condition.
2026-08-06 11:11:58,508 [WARN] IP:2114 - I2C_Coeff_DF not found: check if there is a RefParameter without a condition.
2026-08-06 11:11:58,508 [WARN] IP:2114 - Analog_Filter not found: check if there is a RefParameter without a condition.
2026-08-06 11:11:58,594 [WARN] IP:2114 - I2C_Coeff_DF not found: check if there is a RefParameter without a condition.
2026-08-06 11:11:58,595 [WARN] IP:2114 - Analog_Filter not found: check if there is a RefParameter without a condition.
2026-08-06 11:11:58,595 [WARN] IP:2114 - I2C_Coeff_DF not found: check if there is a RefParameter without a condition.
2026-08-06 11:11:58,595 [WARN] IP:2114 - Analog_Filter not found: check if there is a RefParameter without a condition.
2026-08-06 11:11:58,681 [WARN] IP:2114 - I2C_Coeff_DF not found: check if there is a RefParameter without a condition.
2026-08-06 11:11:58,681 [WARN] IP:2114 - Analog_Filter not found: check if there is a RefParameter without a condition.
2026-08-06 11:11:58,681 [WARN] IP:2114 - I2C_Coeff_DF not found: check if there is a RefParameter without a condition.
2026-08-06 11:11:58,681 [WARN] IP:2114 - Analog_Filter not found: check if there is a RefParameter without a condition.
2026-08-06 11:11:58,792 [WARN] IP:2114 - I2C_Coeff_DF not found: check if there is a RefParameter without a condition.
2026-08-06 11:11:58,792 [WARN] IP:2114 - Analog_Filter not found: check if there is a RefParameter without a condition.
2026-08-06 11:11:58,792 [WARN] IP:2114 - I2C_Coeff_DF not found: check if there is a RefParameter without a condition.
2026-08-06 11:11:58,792 [WARN] IP:2114 - Analog_Filter not found: check if there is a RefParameter without a condition.
2026-08-06 11:12:00,003 [WARN] IP:2114 - I2C_Coeff_DF not found: check if there is a RefParameter without a condition.
2026-08-06 11:12:00,003 [WARN] IP:2114 - Analog_Filter not found: check if there is a RefParameter without a condition.
2026-08-06 11:12:00,003 [WARN] IP:2114 - I2C_Coeff_DF not found: check if there is a RefParameter without a condition.
2026-08-06 11:12:00,003 [WARN] IP:2114 - Analog_Filter not found: check if there is a RefParameter without a condition.
2026-08-06 11:12:00,077 [WARN] IP:2114 - I2C_Coeff_DF not found: check if there is a RefParameter without a condition.
2026-08-06 11:12:00,077 [WARN] IP:2114 - Analog_Filter not found: check if there is a RefParameter without a condition.
2026-08-06 11:12:00,077 [WARN] IP:2114 - I2C_Coeff_DF not found: check if there is a RefParameter without a condition.
2026-08-06 11:12:00,077 [WARN] IP:2114 - Analog_Filter not found: check if there is a RefParameter without a condition.
2026-08-06 11:12:00,168 [WARN] IP:2114 - I2C_Coeff_DF not found: check if there is a RefParameter without a condition.
2026-08-06 11:12:00,168 [WARN] IP:2114 - Analog_Filter not found: check if there is a RefParameter without a condition.
2026-08-06 11:12:00,168 [WARN] IP:2114 - I2C_Coeff_DF not found: check if there is a RefParameter without a condition.
2026-08-06 11:12:00,168 [WARN] IP:2114 - Analog_Filter not found: check if there is a RefParameter without a condition.
2026-08-06 11:12:00,284 [WARN] IP:2114 - I2C_Coeff_DF not found: check if there is a RefParameter without a condition.
2026-08-06 11:12:00,284 [WARN] IP:2114 - Analog_Filter not found: check if there is a RefParameter without a condition.
2026-08-06 11:12:00,285 [WARN] IP:2114 - I2C_Coeff_DF not found: check if there is a RefParameter without a condition.
2026-08-06 11:12:00,285 [WARN] IP:2114 - Analog_Filter not found: check if there is a RefParameter without a condition.
2026-08-06 11:12:01,442 [WARN] IP:2114 - I2C_Coeff_DF not found: check if there is a RefParameter without a condition.
2026-08-06 11:12:01,442 [WARN] IP:2114 - Analog_Filter not found: check if there is a RefParameter without a condition.
2026-08-06 11:12:01,442 [WARN] IP:2114 - I2C_Coeff_DF not found: check if there is a RefParameter without a condition.
2026-08-06 11:12:01,442 [WARN] IP:2114 - Analog_Filter not found: check if there is a RefParameter without a condition.
2026-08-06 11:12:01,529 [WARN] IP:2114 - I2C_Coeff_DF not found: check if there is a RefParameter without a condition.
2026-08-06 11:12:01,529 [WARN] IP:2114 - Analog_Filter not found: check if there is a RefParameter without a condition.
2026-08-06 11:12:01,530 [WARN] IP:2114 - I2C_Coeff_DF not found: check if there is a RefParameter without a condition.
2026-08-06 11:12:01,530 [WARN] IP:2114 - Analog_Filter not found: check if there is a RefParameter without a condition.
2026-08-06 11:12:01,616 [WARN] IP:2114 - I2C_Coeff_DF not found: check if there is a RefParameter without a condition.
2026-08-06 11:12:01,616 [WARN] IP:2114 - Analog_Filter not found: check if there is a RefParameter without a condition.
2026-08-06 11:12:01,616 [WARN] IP:2114 - I2C_Coeff_DF not found: check if there is a RefParameter without a condition.
2026-08-06 11:12:01,617 [WARN] IP:2114 - Analog_Filter not found: check if there is a RefParameter without a condition.
2026-08-06 11:12:01,732 [WARN] IP:2114 - I2C_Coeff_DF not found: check if there is a RefParameter without a condition.
2026-08-06 11:12:01,732 [WARN] IP:2114 - Analog_Filter not found: check if there is a RefParameter without a condition.
2026-08-06 11:12:01,732 [WARN] IP:2114 - I2C_Coeff_DF not found: check if there is a RefParameter without a condition.
2026-08-06 11:12:01,732 [WARN] IP:2114 - Analog_Filter not found: check if there is a RefParameter without a condition.
2026-08-06 11:12:03,052 [WARN] IP:2114 - I2C_Coeff_DF not found: check if there is a RefParameter without a condition.
2026-08-06 11:12:03,052 [WARN] IP:2114 - Analog_Filter not found: check if there is a RefParameter without a condition.
2026-08-06 11:12:03,052 [WARN] IP:2114 - I2C_Coeff_DF not found: check if there is a RefParameter without a condition.
2026-08-06 11:12:03,052 [WARN] IP:2114 - Analog_Filter not found: check if there is a RefParameter without a condition.
2026-08-06 11:12:03,138 [WARN] IP:2114 - I2C_Coeff_DF not found: check if there is a RefParameter without a condition.
2026-08-06 11:12:03,138 [WARN] IP:2114 - Analog_Filter not found: check if there is a RefParameter without a condition.
2026-08-06 11:12:03,138 [WARN] IP:2114 - I2C_Coeff_DF not found: check if there is a RefParameter without a condition.
2026-08-06 11:12:03,138 [WARN] IP:2114 - Analog_Filter not found: check if there is a RefParameter without a condition.
2026-08-06 11:12:03,225 [WARN] IP:2114 - I2C_Coeff_DF not found: check if there is a RefParameter without a condition.
2026-08-06 11:12:03,226 [WARN] IP:2114 - Analog_Filter not found: check if there is a RefParameter without a condition.
2026-08-06 11:12:03,226 [WARN] IP:2114 - I2C_Coeff_DF not found: check if there is a RefParameter without a condition.
2026-08-06 11:12:03,226 [WARN] IP:2114 - Analog_Filter not found: check if there is a RefParameter without a condition.
2026-08-06 11:12:03,345 [WARN] IP:2114 - I2C_Coeff_DF not found: check if there is a RefParameter without a condition.
2026-08-06 11:12:03,345 [WARN] IP:2114 - Analog_Filter not found: check if there is a RefParameter without a condition.
2026-08-06 11:12:03,345 [WARN] IP:2114 - I2C_Coeff_DF not found: check if there is a RefParameter without a condition.
2026-08-06 11:12:03,345 [WARN] IP:2114 - Analog_Filter not found: check if there is a RefParameter without a condition.
2026-08-06 11:12:16,419 [WARN] IP:2114 - I2C_Coeff_DF not found: check if there is a RefParameter without a condition.
2026-08-06 11:12:16,420 [WARN] IP:2114 - Analog_Filter not found: check if there is a RefParameter without a condition.
2026-08-06 11:12:16,420 [WARN] IP:2114 - I2C_Coeff_DF not found: check if there is a RefParameter without a condition.
2026-08-06 11:12:16,420 [WARN] IP:2114 - Analog_Filter not found: check if there is a RefParameter without a condition.
2026-08-06 11:12:16,488 [WARN] IP:2114 - I2C_Coeff_DF not found: check if there is a RefParameter without a condition.
2026-08-06 11:12:16,488 [WARN] IP:2114 - Analog_Filter not found: check if there is a RefParameter without a condition.
2026-08-06 11:12:16,488 [WARN] IP:2114 - I2C_Coeff_DF not found: check if there is a RefParameter without a condition.
2026-08-06 11:12:16,489 [WARN] IP:2114 - Analog_Filter not found: check if there is a RefParameter without a condition.
2026-08-06 11:12:16,551 [WARN] IP:2114 - I2C_Coeff_DF not found: check if there is a RefParameter without a condition.
2026-08-06 11:12:16,551 [WARN] IP:2114 - Analog_Filter not found: check if there is a RefParameter without a condition.
2026-08-06 11:12:16,551 [WARN] IP:2114 - I2C_Coeff_DF not found: check if there is a RefParameter without a condition.
2026-08-06 11:12:16,551 [WARN] IP:2114 - Analog_Filter not found: check if there is a RefParameter without a condition.
2026-08-06 11:12:53,721 [WARN] IP:2114 - I2C_Coeff_DF not found: check if there is a RefParameter without a condition.
2026-08-06 11:12:53,721 [WARN] IP:2114 - Analog_Filter not found: check if there is a RefParameter without a condition.
2026-08-06 11:12:53,721 [WARN] IP:2114 - I2C_Coeff_DF not found: check if there is a RefParameter without a condition.
2026-08-06 11:12:53,721 [WARN] IP:2114 - Analog_Filter not found: check if there is a RefParameter without a condition.
2026-08-06 11:12:53,794 [WARN] IP:2114 - I2C_Coeff_DF not found: check if there is a RefParameter without a condition.
2026-08-06 11:12:53,794 [WARN] IP:2114 - Analog_Filter not found: check if there is a RefParameter without a condition.
2026-08-06 11:12:53,794 [WARN] IP:2114 - I2C_Coeff_DF not found: check if there is a RefParameter without a condition.
2026-08-06 11:12:53,794 [WARN] IP:2114 - Analog_Filter not found: check if there is a RefParameter without a condition.
2026-08-06 11:12:53,862 [WARN] IP:2114 - I2C_Coeff_DF not found: check if there is a RefParameter without a condition.
2026-08-06 11:12:53,863 [WARN] IP:2114 - Analog_Filter not found: check if there is a RefParameter without a condition.
2026-08-06 11:12:53,863 [WARN] IP:2114 - I2C_Coeff_DF not found: check if there is a RefParameter without a condition.
2026-08-06 11:12:53,863 [WARN] IP:2114 - Analog_Filter not found: check if there is a RefParameter without a condition.
2026-08-06 11:13:04,398 [INFO] NvicIntPanel:101 - NVIC parent = com.st.microxplorer.plugins.ip.nvic.MultiNvicIntPanel[,0,0,0x0,invalid,layout=javax.swing.BoxLayout,alignmentX=0.0,alignmentY=0.0,border=,flags=9,maximumSize=,minimumSize=,preferredSize=]
2026-08-06 11:13:10,060 [INFO] NvicIntPanel:101 - NVIC parent = com.st.microxplorer.plugins.ip.nvic.MultiNvicIntPanel[,0,0,0x0,invalid,layout=javax.swing.BoxLayout,alignmentX=0.0,alignmentY=0.0,border=,flags=9,maximumSize=,minimumSize=,preferredSize=]
2026-08-06 11:14:00,409 [INFO] UtilMem:75 - End SaveConfig() Used Memory: 885311328 Bytes (1073741824)
2026-08-06 11:14:07,345 [INFO] UtilMem:75 - End SaveConfig() Used Memory: 959400768 Bytes (1073741824)
2026-08-06 11:14:07,476 [INFO] BlockDiagram:2759 - set Specific Code input for plugin: TIM6_7
2026-08-06 11:14:07,476 [INFO] BlockDiagram:2759 - set Specific Code input for plugin: TIM1_8
2026-08-06 11:14:07,476 [INFO] BlockDiagram:2759 - set Specific Code input for plugin: TIM1_8
2026-08-06 11:14:07,476 [INFO] BlockDiagram:2759 - set Specific Code input for plugin: SYS
2026-08-06 11:14:07,476 [INFO] BlockDiagram:2759 - set Specific Code input for plugin: RCC
2026-08-06 11:14:07,476 [INFO] BlockDiagram:2759 - set Specific Code input for plugin: I2C
2026-08-06 11:14:07,476 [INFO] BlockDiagram:2759 - set Specific Code input for plugin: NVIC
2026-08-06 11:14:07,476 [INFO] BlockDiagram:2759 - set Specific Code input for plugin: USART
2026-08-06 11:14:07,476 [INFO] BlockDiagram:2759 - set Specific Code input for plugin: USART
2026-08-06 11:14:07,476 [INFO] BlockDiagram:2759 - set Specific Code input for plugin: USART
2026-08-06 11:14:07,476 [INFO] BlockDiagram:2759 - set Specific Code input for plugin: DMA
2026-08-06 11:14:07,476 [INFO] BlockDiagram:2759 - set Specific Code input for plugin: GPIO
2026-08-06 11:14:07,477 [INFO] CodeGenerator:799 - code generatio: config db path: C:\ST\STM32CubeIDE_1.13.1\STM32CubeIDE\plugins\com.st.stm32cube.common.mx_6.9.1.202307191849\\db\
2026-08-06 11:14:07,478 [WARN] IP:2114 - I2C_Coeff_DF not found: check if there is a RefParameter without a condition.
2026-08-06 11:14:07,478 [WARN] IP:2114 - Analog_Filter not found: check if there is a RefParameter without a condition.
2026-08-06 11:14:07,490 [INFO] Argument:319 - Argument : hdmavalue: null
2026-08-06 11:14:07,490 [INFO] Argument:321 - 	 sub Args: 
2026-08-06 11:14:07,490 [INFO] Argument:319 - Argument : Instancevalue: DMA2_Stream2
2026-08-06 11:14:07,490 [INFO] Argument:329 - Argument : Instancevalue: DMA2_Stream2
2026-08-06 11:14:07,490 [INFO] Argument:319 - Argument : Initvalue: null
2026-08-06 11:14:07,490 [INFO] Argument:321 - 	 sub Args: 
2026-08-06 11:14:07,490 [INFO] Argument:319 - Argument : Channelvalue: DMA_CHANNEL_4
2026-08-06 11:14:07,490 [INFO] Argument:329 - Argument : Channelvalue: DMA_CHANNEL_4
2026-08-06 11:14:07,490 [INFO] Argument:319 - Argument : Directionvalue: DMA_PERIPH_TO_MEMORY
2026-08-06 11:14:07,491 [INFO] Argument:329 - Argument : Directionvalue: DMA_PERIPH_TO_MEMORY
2026-08-06 11:14:07,491 [INFO] Argument:319 - Argument : PeriphIncvalue: DMA_PINC_DISABLE
2026-08-06 11:14:07,491 [INFO] Argument:329 - Argument : PeriphIncvalue: DMA_PINC_DISABLE
2026-08-06 11:14:07,491 [INFO] Argument:319 - Argument : MemIncvalue: DMA_MINC_ENABLE
2026-08-06 11:14:07,491 [INFO] Argument:329 - Argument : MemIncvalue: DMA_MINC_ENABLE
2026-08-06 11:14:07,491 [INFO] Argument:319 - Argument : PeriphDataAlignmentvalue: DMA_PDATAALIGN_BYTE
2026-08-06 11:14:07,491 [INFO] Argument:329 - Argument : PeriphDataAlignmentvalue: DMA_PDATAALIGN_BYTE
2026-08-06 11:14:07,491 [INFO] Argument:319 - Argument : MemDataAlignmentvalue: DMA_MDATAALIGN_BYTE
2026-08-06 11:14:07,491 [INFO] Argument:329 - Argument : MemDataAlignmentvalue: DMA_MDATAALIGN_BYTE
2026-08-06 11:14:07,491 [INFO] Argument:319 - Argument : Modevalue: DMA_CIRCULAR
2026-08-06 11:14:07,491 [INFO] Argument:329 - Argument : Modevalue: DMA_CIRCULAR
2026-08-06 11:14:07,491 [INFO] Argument:319 - Argument : Priorityvalue: DMA_PRIORITY_HIGH
2026-08-06 11:14:07,491 [INFO] Argument:329 - Argument : Priorityvalue: DMA_PRIORITY_HIGH
2026-08-06 11:14:07,491 [INFO] Argument:319 - Argument : FIFOModevalue: DMA_FIFOMODE_ENABLE
2026-08-06 11:14:07,491 [INFO] Argument:329 - Argument : FIFOModevalue: DMA_FIFOMODE_ENABLE
2026-08-06 11:14:07,491 [INFO] Argument:319 - Argument : FIFOThresholdvalue: DMA_FIFO_THRESHOLD_FULL
2026-08-06 11:14:07,491 [INFO] Argument:329 - Argument : FIFOThresholdvalue: DMA_FIFO_THRESHOLD_FULL
2026-08-06 11:14:07,491 [INFO] Argument:319 - Argument : MemBurstvalue: DMA_MBURST_SINGLE
2026-08-06 11:14:07,491 [INFO] Argument:329 - Argument : MemBurstvalue: DMA_MBURST_SINGLE
2026-08-06 11:14:07,491 [INFO] Argument:319 - Argument : PeriphBurstvalue: DMA_PBURST_SINGLE
2026-08-06 11:14:07,491 [INFO] Argument:329 - Argument : PeriphBurstvalue: DMA_PBURST_SINGLE
2026-08-06 11:14:07,491 [INFO] Argument:319 - Argument : Lockvalue: null
2026-08-06 11:14:07,491 [INFO] Argument:329 - Argument : Lockvalue: null
2026-08-06 11:14:07,491 [INFO] Argument:319 - Argument : Statevalue: null
2026-08-06 11:14:07,491 [INFO] Argument:329 - Argument : Statevalue: null
2026-08-06 11:14:07,491 [INFO] Argument:319 - Argument : Parentvalue: null
2026-08-06 11:14:07,491 [INFO] Argument:329 - Argument : Parentvalue: null
2026-08-06 11:14:07,491 [INFO] Argument:319 - Argument : XferCpltCallbackvalue: null
2026-08-06 11:14:07,491 [INFO] Argument:329 - Argument : XferCpltCallbackvalue: null
2026-08-06 11:14:07,491 [INFO] Argument:319 - Argument : XferHalfCpltCallbackvalue: null
2026-08-06 11:14:07,491 [INFO] Argument:329 - Argument : XferHalfCpltCallbackvalue: null
2026-08-06 11:14:07,491 [INFO] Argument:319 - Argument : XferM1CpltCallbackvalue: null
2026-08-06 11:14:07,491 [INFO] Argument:329 - Argument : XferM1CpltCallbackvalue: null
2026-08-06 11:14:07,491 [INFO] Argument:319 - Argument : XferErrorCallbackvalue: null
2026-08-06 11:14:07,491 [INFO] Argument:329 - Argument : XferErrorCallbackvalue: null
2026-08-06 11:14:07,491 [INFO] Argument:319 - Argument : ErrorCodevalue: null
2026-08-06 11:14:07,491 [INFO] Argument:329 - Argument : ErrorCodevalue: null
2026-08-06 11:14:07,593 [INFO] CodeEngine:255 - oldGeneratedFile, C:\Users\Admin\Documents\GitHub\Drone-RTOS\Source\010Final\MXTmpFiles\license.tmp_save
2026-08-06 11:14:07,675 [INFO] CodeEngine:279 - Generated code: C:\Users\Admin\Documents\GitHub\Drone-RTOS\Source\010Final\MXTmpFiles\license.tmp
2026-08-06 11:14:07,688 [INFO] CodeEngine:255 - oldGeneratedFile, C:\Users\Admin\Documents\GitHub\Drone-RTOS\Source\010Final\MXTmpFiles\gpio.tmp_save
2026-08-06 11:14:07,757 [INFO] CodeEngine:279 - Generated code: C:\Users\Admin\Documents\GitHub\Drone-RTOS\Source\010Final\MXTmpFiles\gpio.tmp
2026-08-06 11:14:07,898 [INFO] CodeEngine:255 - oldGeneratedFile, C:\Users\Admin\Documents\GitHub\Drone-RTOS\Source\010Final\MXTmpFiles\dma.tmp_save
2026-08-06 11:14:07,972 [INFO] CodeEngine:279 - Generated code: C:\Users\Admin\Documents\GitHub\Drone-RTOS\Source\010Final\MXTmpFiles\dma.tmp
2026-08-06 11:14:07,975 [INFO] CodeEngine:255 - oldGeneratedFile, C:\Users\Admin\Documents\GitHub\Drone-RTOS\Source\010Final\MXTmpFiles\dma_GV.tmp_save
2026-08-06 11:14:08,020 [INFO] CodeEngine:279 - Generated code: C:\Users\Admin\Documents\GitHub\Drone-RTOS\Source\010Final\MXTmpFiles\dma_GV.tmp
2026-08-06 11:14:08,032 [INFO] CodeEngine:255 - oldGeneratedFile, C:\Users\Admin\Documents\GitHub\Drone-RTOS\Source\010Final\Core\Src\stm32f4xx_it.c_save
2026-08-06 11:14:08,136 [INFO] CodeEngine:279 - Generated code: C:\Users\Admin\Documents\GitHub\Drone-RTOS\Source\010Final\Core\Src\stm32f4xx_it.c
2026-08-06 11:14:08,140 [INFO] CodeEngine:255 - oldGeneratedFile, C:\Users\Admin\Documents\GitHub\Drone-RTOS\Source\010Final\Core\Inc\stm32f4xx_it.h_save
2026-08-06 11:14:08,185 [INFO] CodeEngine:279 - Generated code: C:\Users\Admin\Documents\GitHub\Drone-RTOS\Source\010Final\Core\Inc\stm32f4xx_it.h
2026-08-06 11:14:08,192 [INFO] CodeEngine:255 - oldGeneratedFile, C:\Users\Admin\Documents\GitHub\Drone-RTOS\Source\010Final\Core\Src\stm32f4xx_hal_msp.c_save
2026-08-06 11:14:08,287 [INFO] CodeEngine:279 - Generated code: C:\Users\Admin\Documents\GitHub\Drone-RTOS\Source\010Final\Core\Src\stm32f4xx_hal_msp.c
2026-08-06 11:14:08,290 [INFO] CodeEngine:255 - oldGeneratedFile, C:\Users\Admin\Documents\GitHub\Drone-RTOS\Source\010Final\MXTmpFiles\system.tmp_save
2026-08-06 11:14:08,345 [INFO] CodeEngine:279 - Generated code: C:\Users\Admin\Documents\GitHub\Drone-RTOS\Source\010Final\MXTmpFiles\system.tmp
2026-08-06 11:14:08,352 [INFO] CodeEngine:311 - oldGeneratedFile, C:\Users\Admin\Documents\GitHub\Drone-RTOS\Source\010Final\Core\Inc\stm32f4xx_hal_conf.h_save
2026-08-06 11:14:08,409 [INFO] CodeEngine:335 - Generated code: C:\Users\Admin\Documents\GitHub\Drone-RTOS\Source\010Final\Core\Inc\stm32f4xx_hal_conf.h
2026-08-06 11:14:08,418 [WARN] IPConfigManager:3431 - IP not found : TIM
2026-08-06 11:14:08,418 [WARN] CodeGenerator:3760 - IP not found : null
2026-08-06 11:14:08,424 [INFO] CodeEngine:255 - oldGeneratedFile, C:\Users\Admin\Documents\GitHub\Drone-RTOS\Source\010Final\Core\Inc\main.h_save
2026-08-06 11:14:08,483 [INFO] CodeEngine:279 - Generated code: C:\Users\Admin\Documents\GitHub\Drone-RTOS\Source\010Final\Core\Inc\main.h
2026-08-06 11:14:08,487 [INFO] CodeEngine:255 - oldGeneratedFile, C:\Users\Admin\Documents\GitHub\Drone-RTOS\Source\010Final\Core\Src\main.c_save
2026-08-06 11:14:08,597 [INFO] CodeEngine:279 - Generated code: C:\Users\Admin\Documents\GitHub\Drone-RTOS\Source\010Final\Core\Src\main.c
2026-08-06 11:14:08,961 [INFO] ProjectBuilder:3064 - Time for Copy HAL[1] : 101mS.
2026-08-06 11:14:08,963 [INFO] ProjectBuilder:4404 - Project Generator version: 4.1.0
2026-08-06 11:14:09,422 [INFO] ConfigFileManager:1457 - The Die is : DIE413
2026-08-06 11:14:10,403 [INFO] ProjectBuilder:4626 - Time for Generating toolchain IDE Files: 1440mS.
2026-08-06 11:14:10,404 [INFO] ProjectBuilder:2935 - Time for Copy CMSIS : 1mS.
2026-08-06 11:14:10,406 [INFO] ProjectBuilder:2935 - Time for Copy CMSIS : 0mS.
2026-08-06 11:14:15,567 [INFO] NvicIntPanel:101 - NVIC parent = com.st.microxplorer.plugins.ip.nvic.MultiNvicIntPanel[,0,0,0x0,invalid,layout=javax.swing.BoxLayout,alignmentX=0.0,alignmentY=0.0,border=,flags=9,maximumSize=,minimumSize=,preferredSize=]
2026-08-06 11:14:20,435 [INFO] UtilMem:75 - End SaveConfig() Used Memory: 924510376 Bytes (1073741824)
2026-08-06 11:14:26,552 [INFO] UtilMem:75 - End SaveConfig() Used Memory: 942489560 Bytes (1073741824)
2026-08-06 11:14:26,687 [INFO] BlockDiagram:2759 - set Specific Code input for plugin: TIM1_8
2026-08-06 11:14:26,687 [INFO] BlockDiagram:2759 - set Specific Code input for plugin: TIM1_8
2026-08-06 11:14:26,687 [INFO] BlockDiagram:2759 - set Specific Code input for plugin: SYS
2026-08-06 11:14:26,687 [INFO] BlockDiagram:2759 - set Specific Code input for plugin: RCC
2026-08-06 11:14:26,687 [INFO] BlockDiagram:2759 - set Specific Code input for plugin: I2C
2026-08-06 11:14:26,687 [INFO] BlockDiagram:2759 - set Specific Code input for plugin: NVIC
2026-08-06 11:14:26,687 [INFO] BlockDiagram:2759 - set Specific Code input for plugin: USART
2026-08-06 11:14:26,687 [INFO] BlockDiagram:2759 - set Specific Code input for plugin: USART
2026-08-06 11:14:26,687 [INFO] BlockDiagram:2759 - set Specific Code input for plugin: USART
2026-08-06 11:14:26,687 [INFO] BlockDiagram:2759 - set Specific Code input for plugin: DMA
2026-08-06 11:14:26,687 [INFO] BlockDiagram:2759 - set Specific Code input for plugin: GPIO
2026-08-06 11:14:26,688 [INFO] CodeGenerator:799 - code generatio: config db path: C:\ST\STM32CubeIDE_1.13.1\STM32CubeIDE\plugins\com.st.stm32cube.common.mx_6.9.1.202307191849\\db\
2026-08-06 11:14:26,689 [WARN] IP:2114 - I2C_Coeff_DF not found: check if there is a RefParameter without a condition.
2026-08-06 11:14:26,689 [WARN] IP:2114 - Analog_Filter not found: check if there is a RefParameter without a condition.
2026-08-06 11:14:26,701 [INFO] Argument:319 - Argument : hdmavalue: null
2026-08-06 11:14:26,701 [INFO] Argument:321 - 	 sub Args: 
2026-08-06 11:14:26,701 [INFO] Argument:319 - Argument : Instancevalue: DMA2_Stream2
2026-08-06 11:14:26,701 [INFO] Argument:329 - Argument : Instancevalue: DMA2_Stream2
2026-08-06 11:14:26,701 [INFO] Argument:319 - Argument : Initvalue: null
2026-08-06 11:14:26,701 [INFO] Argument:321 - 	 sub Args: 
2026-08-06 11:14:26,701 [INFO] Argument:319 - Argument : Channelvalue: DMA_CHANNEL_4
2026-08-06 11:14:26,701 [INFO] Argument:329 - Argument : Channelvalue: DMA_CHANNEL_4
2026-08-06 11:14:26,701 [INFO] Argument:319 - Argument : Directionvalue: DMA_PERIPH_TO_MEMORY
2026-08-06 11:14:26,701 [INFO] Argument:329 - Argument : Directionvalue: DMA_PERIPH_TO_MEMORY
2026-08-06 11:14:26,701 [INFO] Argument:319 - Argument : PeriphIncvalue: DMA_PINC_DISABLE
2026-08-06 11:14:26,701 [INFO] Argument:329 - Argument : PeriphIncvalue: DMA_PINC_DISABLE
2026-08-06 11:14:26,701 [INFO] Argument:319 - Argument : MemIncvalue: DMA_MINC_ENABLE
2026-08-06 11:14:26,701 [INFO] Argument:329 - Argument : MemIncvalue: DMA_MINC_ENABLE
2026-08-06 11:14:26,701 [INFO] Argument:319 - Argument : PeriphDataAlignmentvalue: DMA_PDATAALIGN_BYTE
2026-08-06 11:14:26,701 [INFO] Argument:329 - Argument : PeriphDataAlignmentvalue: DMA_PDATAALIGN_BYTE
2026-08-06 11:14:26,701 [INFO] Argument:319 - Argument : MemDataAlignmentvalue: DMA_MDATAALIGN_BYTE
2026-08-06 11:14:26,701 [INFO] Argument:329 - Argument : MemDataAlignmentvalue: DMA_MDATAALIGN_BYTE
2026-08-06 11:14:26,701 [INFO] Argument:319 - Argument : Modevalue: DMA_CIRCULAR
2026-08-06 11:14:26,701 [INFO] Argument:329 - Argument : Modevalue: DMA_CIRCULAR
2026-08-06 11:14:26,701 [INFO] Argument:319 - Argument : Priorityvalue: DMA_PRIORITY_HIGH
2026-08-06 11:14:26,701 [INFO] Argument:329 - Argument : Priorityvalue: DMA_PRIORITY_HIGH
2026-08-06 11:14:26,701 [INFO] Argument:319 - Argument : FIFOModevalue: DMA_FIFOMODE_ENABLE
2026-08-06 11:14:26,701 [INFO] Argument:329 - Argument : FIFOModevalue: DMA_FIFOMODE_ENABLE
2026-08-06 11:14:26,701 [INFO] Argument:319 - Argument : FIFOThresholdvalue: DMA_FIFO_THRESHOLD_FULL
2026-08-06 11:14:26,701 [INFO] Argument:329 - Argument : FIFOThresholdvalue: DMA_FIFO_THRESHOLD_FULL
2026-08-06 11:14:26,701 [INFO] Argument:319 - Argument : MemBurstvalue: DMA_MBURST_SINGLE
2026-08-06 11:14:26,702 [INFO] Argument:329 - Argument : MemBurstvalue: DMA_MBURST_SINGLE
2026-08-06 11:14:26,702 [INFO] Argument:319 - Argument : PeriphBurstvalue: DMA_PBURST_SINGLE
2026-08-06 11:14:26,702 [INFO] Argument:329 - Argument : PeriphBurstvalue: DMA_PBURST_SINGLE
2026-08-06 11:14:26,702 [INFO] Argument:319 - Argument : Lockvalue: null
2026-08-06 11:14:26,702 [INFO] Argument:329 - Argument : Lockvalue: null
2026-08-06 11:14:26,702 [INFO] Argument:319 - Argument : Statevalue: null
2026-08-06 11:14:26,702 [INFO] Argument:329 - Argument : Statevalue: null
2026-08-06 11:14:26,702 [INFO] Argument:319 - Argument : Parentvalue: null
2026-08-06 11:14:26,702 [INFO] Argument:329 - Argument : Parentvalue: null
2026-08-06 11:14:26,702 [INFO] Argument:319 - Argument : XferCpltCallbackvalue: null
2026-08-06 11:14:26,702 [INFO] Argument:329 - Argument : XferCpltCallbackvalue: null
2026-08-06 11:14:26,702 [INFO] Argument:319 - Argument : XferHalfCpltCallbackvalue: null
2026-08-06 11:14:26,702 [INFO] Argument:329 - Argument : XferHalfCpltCallbackvalue: null
2026-08-06 11:14:26,702 [INFO] Argument:319 - Argument : XferM1CpltCallbackvalue: null
2026-08-06 11:14:26,702 [INFO] Argument:329 - Argument : XferM1CpltCallbackvalue: null
2026-08-06 11:14:26,702 [INFO] Argument:319 - Argument : XferErrorCallbackvalue: null
2026-08-06 11:14:26,702 [INFO] Argument:329 - Argument : XferErrorCallbackvalue: null
2026-08-06 11:14:26,702 [INFO] Argument:319 - Argument : ErrorCodevalue: null
2026-08-06 11:14:26,702 [INFO] Argument:329 - Argument : ErrorCodevalue: null
2026-08-06 11:14:26,801 [INFO] CodeEngine:255 - oldGeneratedFile, C:\Users\Admin\Documents\GitHub\Drone-RTOS\Source\010Final\MXTmpFiles\license.tmp_save
2026-08-06 11:14:26,859 [INFO] CodeEngine:279 - Generated code: C:\Users\Admin\Documents\GitHub\Drone-RTOS\Source\010Final\MXTmpFiles\license.tmp
2026-08-06 11:14:26,881 [INFO] CodeEngine:255 - oldGeneratedFile, C:\Users\Admin\Documents\GitHub\Drone-RTOS\Source\010Final\MXTmpFiles\gpio.tmp_save
2026-08-06 11:14:26,935 [INFO] CodeEngine:279 - Generated code: C:\Users\Admin\Documents\GitHub\Drone-RTOS\Source\010Final\MXTmpFiles\gpio.tmp
2026-08-06 11:14:27,025 [INFO] CodeEngine:255 - oldGeneratedFile, C:\Users\Admin\Documents\GitHub\Drone-RTOS\Source\010Final\MXTmpFiles\dma.tmp_save
2026-08-06 11:14:27,088 [INFO] CodeEngine:279 - Generated code: C:\Users\Admin\Documents\GitHub\Drone-RTOS\Source\010Final\MXTmpFiles\dma.tmp
2026-08-06 11:14:27,091 [INFO] CodeEngine:255 - oldGeneratedFile, C:\Users\Admin\Documents\GitHub\Drone-RTOS\Source\010Final\MXTmpFiles\dma_GV.tmp_save
2026-08-06 11:14:27,136 [INFO] CodeEngine:279 - Generated code: C:\Users\Admin\Documents\GitHub\Drone-RTOS\Source\010Final\MXTmpFiles\dma_GV.tmp
2026-08-06 11:14:27,147 [INFO] CodeEngine:255 - oldGeneratedFile, C:\Users\Admin\Documents\GitHub\Drone-RTOS\Source\010Final\Core\Src\stm32f4xx_it.c_save
2026-08-06 11:14:27,253 [INFO] CodeEngine:279 - Generated code: C:\Users\Admin\Documents\GitHub\Drone-RTOS\Source\010Final\Core\Src\stm32f4xx_it.c
2026-08-06 11:14:27,256 [INFO] CodeEngine:255 - oldGeneratedFile, C:\Users\Admin\Documents\GitHub\Drone-RTOS\Source\010Final\Core\Inc\stm32f4xx_it.h_save
2026-08-06 11:14:27,303 [INFO] CodeEngine:279 - Generated code: C:\Users\Admin\Documents\GitHub\Drone-RTOS\Source\010Final\Core\Inc\stm32f4xx_it.h
2026-08-06 11:14:27,309 [INFO] CodeEngine:255 - oldGeneratedFile, C:\Users\Admin\Documents\GitHub\Drone-RTOS\Source\010Final\Core\Src\stm32f4xx_hal_msp.c_save
2026-08-06 11:14:27,389 [INFO] CodeEngine:279 - Generated code: C:\Users\Admin\Documents\GitHub\Drone-RTOS\Source\010Final\Core\Src\stm32f4xx_hal_msp.c
2026-08-06 11:14:27,393 [INFO] CodeEngine:255 - oldGeneratedFile, C:\Users\Admin\Documents\GitHub\Drone-RTOS\Source\010Final\MXTmpFiles\system.tmp_save
2026-08-06 11:14:27,443 [INFO] CodeEngine:279 - Generated code: C:\Users\Admin\Documents\GitHub\Drone-RTOS\Source\010Final\MXTmpFiles\system.tmp
2026-08-06 11:14:27,451 [INFO] CodeEngine:311 - oldGeneratedFile, C:\Users\Admin\Documents\GitHub\Drone-RTOS\Source\010Final\Core\Inc\stm32f4xx_hal_conf.h_save
2026-08-06 11:14:27,520 [INFO] CodeEngine:335 - Generated code: C:\Users\Admin\Documents\GitHub\Drone-RTOS\Source\010Final\Core\Inc\stm32f4xx_hal_conf.h
2026-08-06 11:14:27,528 [WARN] IPConfigManager:3431 - IP not found : TIM
2026-08-06 11:14:27,528 [WARN] CodeGenerator:3760 - IP not found : null
2026-08-06 11:14:27,533 [INFO] CodeEngine:255 - oldGeneratedFile, C:\Users\Admin\Documents\GitHub\Drone-RTOS\Source\010Final\Core\Inc\main.h_save
2026-08-06 11:14:27,595 [INFO] CodeEngine:279 - Generated code: C:\Users\Admin\Documents\GitHub\Drone-RTOS\Source\010Final\Core\Inc\main.h
2026-08-06 11:14:27,599 [INFO] CodeEngine:255 - oldGeneratedFile, C:\Users\Admin\Documents\GitHub\Drone-RTOS\Source\010Final\Core\Src\main.c_save
2026-08-06 11:14:27,694 [INFO] CodeEngine:279 - Generated code: C:\Users\Admin\Documents\GitHub\Drone-RTOS\Source\010Final\Core\Src\main.c
2026-08-06 11:14:28,378 [INFO] ProjectBuilder:3064 - Time for Copy HAL[1] : 100mS.
2026-08-06 11:14:28,380 [INFO] ProjectBuilder:4404 - Project Generator version: 4.1.0
2026-08-06 11:14:28,556 [INFO] ConfigFileManager:1457 - The Die is : DIE413
2026-08-06 11:14:29,541 [INFO] ProjectBuilder:4626 - Time for Generating toolchain IDE Files: 1161mS.
2026-08-06 11:14:29,542 [INFO] ProjectBuilder:2935 - Time for Copy CMSIS : 0mS.
2026-08-06 11:14:29,544 [INFO] ProjectBuilder:2935 - Time for Copy CMSIS : 0mS.
2026-08-06 11:31:04,230 [WARN] IP:2114 - I2C_Coeff_DF not found: check if there is a RefParameter without a condition.
2026-08-06 11:31:04,230 [WARN] IP:2114 - Analog_Filter not found: check if there is a RefParameter without a condition.
2026-08-06 11:31:04,231 [WARN] IP:2114 - I2C_Coeff_DF not found: check if there is a RefParameter without a condition.
2026-08-06 11:31:04,231 [WARN] IP:2114 - Analog_Filter not found: check if there is a RefParameter without a condition.
2026-08-06 11:31:04,248 [WARN] IP:2114 - I2C_Coeff_DF not found: check if there is a RefParameter without a condition.
2026-08-06 11:31:04,248 [WARN] IP:2114 - Analog_Filter not found: check if there is a RefParameter without a condition.
2026-08-06 11:31:04,264 [WARN] IP:2114 - I2C_Coeff_DF not found: check if there is a RefParameter without a condition.
2026-08-06 11:31:04,264 [WARN] IP:2114 - Analog_Filter not found: check if there is a RefParameter without a condition.
2026-08-06 11:31:17,833 [WARN] IP:2114 - I2C_Coeff_DF not found: check if there is a RefParameter without a condition.
2026-08-06 11:31:17,833 [WARN] IP:2114 - Analog_Filter not found: check if there is a RefParameter without a condition.
2026-08-06 11:31:17,834 [WARN] IP:2114 - I2C_Coeff_DF not found: check if there is a RefParameter without a condition.
2026-08-06 11:31:17,834 [WARN] IP:2114 - Analog_Filter not found: check if there is a RefParameter without a condition.
2026-08-06 11:31:17,851 [WARN] IP:2114 - I2C_Coeff_DF not found: check if there is a RefParameter without a condition.
2026-08-06 11:31:17,851 [WARN] IP:2114 - Analog_Filter not found: check if there is a RefParameter without a condition.
2026-08-06 11:31:17,871 [WARN] IP:2114 - I2C_Coeff_DF not found: check if there is a RefParameter without a condition.
2026-08-06 11:31:17,871 [WARN] IP:2114 - Analog_Filter not found: check if there is a RefParameter without a condition.
2026-08-06 11:31:26,291 [INFO] Gpio:273 - dependency for GPIO [I2C2, RCC, SYS, TIM1, USART1, USART2, USART3]
2026-08-06 11:32:03,472 [INFO] UtilMem:75 - End SaveConfig() Used Memory: 919003160 Bytes (1073741824)
2026-08-06 11:32:09,092 [INFO] UtilMem:75 - End SaveConfig() Used Memory: 895818960 Bytes (1073741824)
2026-08-06 11:32:09,232 [INFO] BlockDiagram:2759 - set Specific Code input for plugin: TIM1_8
2026-08-06 11:32:09,232 [INFO] BlockDiagram:2759 - set Specific Code input for plugin: TIM1_8
2026-08-06 11:32:09,232 [INFO] BlockDiagram:2759 - set Specific Code input for plugin: SYS
2026-08-06 11:32:09,232 [INFO] BlockDiagram:2759 - set Specific Code input for plugin: RCC
2026-08-06 11:32:09,232 [INFO] BlockDiagram:2759 - set Specific Code input for plugin: I2C
2026-08-06 11:32:09,232 [INFO] BlockDiagram:2759 - set Specific Code input for plugin: NVIC
2026-08-06 11:32:09,232 [INFO] BlockDiagram:2759 - set Specific Code input for plugin: USART
2026-08-06 11:32:09,232 [INFO] BlockDiagram:2759 - set Specific Code input for plugin: USART
2026-08-06 11:32:09,232 [INFO] BlockDiagram:2759 - set Specific Code input for plugin: USART
2026-08-06 11:32:09,232 [INFO] BlockDiagram:2759 - set Specific Code input for plugin: DMA
2026-08-06 11:32:09,232 [INFO] BlockDiagram:2759 - set Specific Code input for plugin: GPIO
2026-08-06 11:32:09,233 [INFO] CodeGenerator:799 - code generatio: config db path: C:\ST\STM32CubeIDE_1.13.1\STM32CubeIDE\plugins\com.st.stm32cube.common.mx_6.9.1.202307191849\\db\
2026-08-06 11:32:09,234 [WARN] IP:2114 - I2C_Coeff_DF not found: check if there is a RefParameter without a condition.
2026-08-06 11:32:09,234 [WARN] IP:2114 - Analog_Filter not found: check if there is a RefParameter without a condition.
2026-08-06 11:32:09,247 [INFO] Argument:319 - Argument : hdmavalue: null
2026-08-06 11:32:09,247 [INFO] Argument:321 - 	 sub Args: 
2026-08-06 11:32:09,247 [INFO] Argument:319 - Argument : Instancevalue: DMA2_Stream2
2026-08-06 11:32:09,247 [INFO] Argument:329 - Argument : Instancevalue: DMA2_Stream2
2026-08-06 11:32:09,247 [INFO] Argument:319 - Argument : Initvalue: null
2026-08-06 11:32:09,247 [INFO] Argument:321 - 	 sub Args: 
2026-08-06 11:32:09,247 [INFO] Argument:319 - Argument : Channelvalue: DMA_CHANNEL_4
2026-08-06 11:32:09,247 [INFO] Argument:329 - Argument : Channelvalue: DMA_CHANNEL_4
2026-08-06 11:32:09,247 [INFO] Argument:319 - Argument : Directionvalue: DMA_PERIPH_TO_MEMORY
2026-08-06 11:32:09,247 [INFO] Argument:329 - Argument : Directionvalue: DMA_PERIPH_TO_MEMORY
2026-08-06 11:32:09,247 [INFO] Argument:319 - Argument : PeriphIncvalue: DMA_PINC_DISABLE
2026-08-06 11:32:09,247 [INFO] Argument:329 - Argument : PeriphIncvalue: DMA_PINC_DISABLE
2026-08-06 11:32:09,247 [INFO] Argument:319 - Argument : MemIncvalue: DMA_MINC_ENABLE
2026-08-06 11:32:09,247 [INFO] Argument:329 - Argument : MemIncvalue: DMA_MINC_ENABLE
2026-08-06 11:32:09,247 [INFO] Argument:319 - Argument : PeriphDataAlignmentvalue: DMA_PDATAALIGN_BYTE
2026-08-06 11:32:09,247 [INFO] Argument:329 - Argument : PeriphDataAlignmentvalue: DMA_PDATAALIGN_BYTE
2026-08-06 11:32:09,247 [INFO] Argument:319 - Argument : MemDataAlignmentvalue: DMA_MDATAALIGN_BYTE
2026-08-06 11:32:09,247 [INFO] Argument:329 - Argument : MemDataAlignmentvalue: DMA_MDATAALIGN_BYTE
2026-08-06 11:32:09,247 [INFO] Argument:319 - Argument : Modevalue: DMA_CIRCULAR
2026-08-06 11:32:09,247 [INFO] Argument:329 - Argument : Modevalue: DMA_CIRCULAR
2026-08-06 11:32:09,247 [INFO] Argument:319 - Argument : Priorityvalue: DMA_PRIORITY_HIGH
2026-08-06 11:32:09,247 [INFO] Argument:329 - Argument : Priorityvalue: DMA_PRIORITY_HIGH
2026-08-06 11:32:09,247 [INFO] Argument:319 - Argument : FIFOModevalue: DMA_FIFOMODE_ENABLE
2026-08-06 11:32:09,247 [INFO] Argument:329 - Argument : FIFOModevalue: DMA_FIFOMODE_ENABLE
2026-08-06 11:32:09,247 [INFO] Argument:319 - Argument : FIFOThresholdvalue: DMA_FIFO_THRESHOLD_FULL
2026-08-06 11:32:09,247 [INFO] Argument:329 - Argument : FIFOThresholdvalue: DMA_FIFO_THRESHOLD_FULL
2026-08-06 11:32:09,247 [INFO] Argument:319 - Argument : MemBurstvalue: DMA_MBURST_SINGLE
2026-08-06 11:32:09,247 [INFO] Argument:329 - Argument : MemBurstvalue: DMA_MBURST_SINGLE
2026-08-06 11:32:09,247 [INFO] Argument:319 - Argument : PeriphBurstvalue: DMA_PBURST_SINGLE
2026-08-06 11:32:09,247 [INFO] Argument:329 - Argument : PeriphBurstvalue: DMA_PBURST_SINGLE
2026-08-06 11:32:09,247 [INFO] Argument:319 - Argument : Lockvalue: null
2026-08-06 11:32:09,247 [INFO] Argument:329 - Argument : Lockvalue: null
2026-08-06 11:32:09,247 [INFO] Argument:319 - Argument : Statevalue: null
2026-08-06 11:32:09,247 [INFO] Argument:329 - Argument : Statevalue: null
2026-08-06 11:32:09,247 [INFO] Argument:319 - Argument : Parentvalue: null
2026-08-06 11:32:09,247 [INFO] Argument:329 - Argument : Parentvalue: null
2026-08-06 11:32:09,247 [INFO] Argument:319 - Argument : XferCpltCallbackvalue: null
2026-08-06 11:32:09,247 [INFO] Argument:329 - Argument : XferCpltCallbackvalue: null
2026-08-06 11:32:09,247 [INFO] Argument:319 - Argument : XferHalfCpltCallbackvalue: null
2026-08-06 11:32:09,247 [INFO] Argument:329 - Argument : XferHalfCpltCallbackvalue: null
2026-08-06 11:32:09,247 [INFO] Argument:319 - Argument : XferM1CpltCallbackvalue: null
2026-08-06 11:32:09,247 [INFO] Argument:329 - Argument : XferM1CpltCallbackvalue: null
2026-08-06 11:32:09,247 [INFO] Argument:319 - Argument : XferErrorCallbackvalue: null
2026-08-06 11:32:09,247 [INFO] Argument:329 - Argument : XferErrorCallbackvalue: null
2026-08-06 11:32:09,247 [INFO] Argument:319 - Argument : ErrorCodevalue: null
2026-08-06 11:32:09,247 [INFO] Argument:329 - Argument : ErrorCodevalue: null
2026-08-06 11:32:09,344 [INFO] CodeEngine:255 - oldGeneratedFile, C:\Users\Admin\Documents\GitHub\Drone-RTOS\Source\010Final\MXTmpFiles\license.tmp_save
2026-08-06 11:32:09,415 [INFO] CodeEngine:279 - Generated code: C:\Users\Admin\Documents\GitHub\Drone-RTOS\Source\010Final\MXTmpFiles\license.tmp
2026-08-06 11:32:09,427 [INFO] CodeEngine:255 - oldGeneratedFile, C:\Users\Admin\Documents\GitHub\Drone-RTOS\Source\010Final\MXTmpFiles\gpio.tmp_save
2026-08-06 11:32:09,492 [INFO] CodeEngine:279 - Generated code: C:\Users\Admin\Documents\GitHub\Drone-RTOS\Source\010Final\MXTmpFiles\gpio.tmp
2026-08-06 11:32:09,607 [INFO] CodeEngine:255 - oldGeneratedFile, C:\Users\Admin\Documents\GitHub\Drone-RTOS\Source\010Final\MXTmpFiles\dma.tmp_save
2026-08-06 11:32:09,699 [INFO] CodeEngine:279 - Generated code: C:\Users\Admin\Documents\GitHub\Drone-RTOS\Source\010Final\MXTmpFiles\dma.tmp
2026-08-06 11:32:09,702 [INFO] CodeEngine:255 - oldGeneratedFile, C:\Users\Admin\Documents\GitHub\Drone-RTOS\Source\010Final\MXTmpFiles\dma_GV.tmp_save
2026-08-06 11:32:09,772 [INFO] CodeEngine:279 - Generated code: C:\Users\Admin\Documents\GitHub\Drone-RTOS\Source\010Final\MXTmpFiles\dma_GV.tmp
2026-08-06 11:32:09,786 [INFO] CodeEngine:255 - oldGeneratedFile, C:\Users\Admin\Documents\GitHub\Drone-RTOS\Source\010Final\Core\Src\stm32f4xx_it.c_save
2026-08-06 11:32:09,887 [INFO] CodeEngine:279 - Generated code: C:\Users\Admin\Documents\GitHub\Drone-RTOS\Source\010Final\Core\Src\stm32f4xx_it.c
2026-08-06 11:32:09,891 [INFO] CodeEngine:255 - oldGeneratedFile, C:\Users\Admin\Documents\GitHub\Drone-RTOS\Source\010Final\Core\Inc\stm32f4xx_it.h_save
2026-08-06 11:32:09,935 [INFO] CodeEngine:279 - Generated code: C:\Users\Admin\Documents\GitHub\Drone-RTOS\Source\010Final\Core\Inc\stm32f4xx_it.h
2026-08-06 11:32:09,942 [INFO] CodeEngine:255 - oldGeneratedFile, C:\Users\Admin\Documents\GitHub\Drone-RTOS\Source\010Final\Core\Src\stm32f4xx_hal_msp.c_save
2026-08-06 11:32:10,016 [INFO] CodeEngine:279 - Generated code: C:\Users\Admin\Documents\GitHub\Drone-RTOS\Source\010Final\Core\Src\stm32f4xx_hal_msp.c
2026-08-06 11:32:10,019 [INFO] CodeEngine:255 - oldGeneratedFile, C:\Users\Admin\Documents\GitHub\Drone-RTOS\Source\010Final\MXTmpFiles\system.tmp_save
2026-08-06 11:32:10,063 [INFO] CodeEngine:279 - Generated code: C:\Users\Admin\Documents\GitHub\Drone-RTOS\Source\010Final\MXTmpFiles\system.tmp
2026-08-06 11:32:10,073 [INFO] CodeEngine:311 - oldGeneratedFile, C:\Users\Admin\Documents\GitHub\Drone-RTOS\Source\010Final\Core\Inc\stm32f4xx_hal_conf.h_save
2026-08-06 11:32:10,127 [INFO] CodeEngine:335 - Generated code: C:\Users\Admin\Documents\GitHub\Drone-RTOS\Source\010Final\Core\Inc\stm32f4xx_hal_conf.h
2026-08-06 11:32:10,135 [WARN] IPConfigManager:3431 - IP not found : TIM
2026-08-06 11:32:10,136 [WARN] CodeGenerator:3760 - IP not found : null
2026-08-06 11:32:10,142 [INFO] CodeEngine:255 - oldGeneratedFile, C:\Users\Admin\Documents\GitHub\Drone-RTOS\Source\010Final\Core\Inc\main.h_save
2026-08-06 11:32:10,203 [INFO] CodeEngine:279 - Generated code: C:\Users\Admin\Documents\GitHub\Drone-RTOS\Source\010Final\Core\Inc\main.h
2026-08-06 11:32:10,207 [INFO] CodeEngine:255 - oldGeneratedFile, C:\Users\Admin\Documents\GitHub\Drone-RTOS\Source\010Final\Core\Src\main.c_save
2026-08-06 11:32:10,305 [INFO] CodeEngine:279 - Generated code: C:\Users\Admin\Documents\GitHub\Drone-RTOS\Source\010Final\Core\Src\main.c
2026-08-06 11:32:10,993 [INFO] ProjectBuilder:3064 - Time for Copy HAL[1] : 100mS.
2026-08-06 11:32:10,995 [INFO] ProjectBuilder:4404 - Project Generator version: 4.1.0
2026-08-06 11:32:11,167 [INFO] ConfigFileManager:1457 - The Die is : DIE413
2026-08-06 11:32:12,325 [INFO] ProjectBuilder:4626 - Time for Generating toolchain IDE Files: 1330mS.
2026-08-06 11:32:12,326 [INFO] ProjectBuilder:2935 - Time for Copy CMSIS : 1mS.
2026-08-06 11:32:12,329 [INFO] ProjectBuilder:2935 - Time for Copy CMSIS : 0mS.
2026-08-06 12:16:44,720 [INFO] MainUpdater:2868 - connection check result : 10
2026-08-06 12:16:44,720 [INFO] MainUpdater:2868 - connection check result : 10
2026-08-06 12:16:44,778 [INFO] MicroXplorer:468 - Change Database Path : 
2026-08-06 12:16:44,778 [INFO] MicroXplorer:498 - Change Database Version : DB.6.0.91
2026-08-06 12:16:44,791 [WARN] ThirdParty:871 - waiting for thirdparty lock release [close project]
2026-08-06 12:16:44,791 [INFO] ThirdParty:873 - entering critical section [close project]
2026-08-06 12:16:44,791 [INFO] ThirdParty:883 - exiting critical section [close project]
2026-08-06 12:16:44,792 [INFO] PinOutPanel:1499 - setPackage(No Configuration,No Configuration)
2026-08-06 12:16:44,794 [WARN] IpParametersView:151 - Warning: This peripheral hasn't parameters
2026-08-06 12:16:44,797 [WARN] MainPanel:272 - <html><b><center>Warning: This peripheral has no parameters to be configured<br></b></html>
2026-08-06 12:16:44,799 [INFO] UtilMem:75 - Begin LoadConfig() Used Memory: 923197488 Bytes (1073741824)
2026-08-06 12:16:44,799 [INFO] MicroXplorer:468 - Change Database Path : 
2026-08-06 12:16:44,799 [INFO] MicroXplorer:498 - Change Database Version : DB.6.0.91
2026-08-06 12:16:44,799 [INFO] OpenFileManager:308 - Change cursor
2026-08-06 12:16:44,806 [INFO] RulesReader:64 - Compatibility file has been processed (293 Rules)
2026-08-06 12:16:44,807 [INFO] Mcu:1946 - Initializing MCU STM32F405RGTx STM32F405RGTx STM32F405RGT6
2026-08-06 12:16:45,555 [INFO] Context:659 - Trying to add GPIOservice into a context  which must be forbidden
2026-08-06 12:16:45,699 [INFO] RtosManager:555 - Registered RTOS mode: class=CMSIS, group=RTOS, mode=CMSIS_V1, owner=FREERTOS
2026-08-06 12:16:45,699 [INFO] RtosManager:555 - Registered RTOS mode: class=CMSIS, group=RTOS2, mode=CMSIS_V2, owner=FREERTOS
2026-08-06 12:16:45,699 [INFO] RtosManager:555 - Registered RTOS mode: class=RTOS, group=Core, mode=CMSIS_V1, owner=FREERTOS
2026-08-06 12:16:45,699 [INFO] RtosManager:555 - Registered RTOS mode: class=RTOS, group=Core, mode=CMSIS_V2, owner=FREERTOS
2026-08-06 12:16:45,699 [WARN] ModelIntegratedComponent:184 - Missing modes for component STMicroelectronics:FreeRTOS:0.0.1:STMicroelectronics:RTOS:FreeRTOS:Core:::10.2.0:
2026-08-06 12:16:45,744 [WARN] ModelIntegratedComponent:63 - No mode defined for component null
2026-08-06 12:16:45,744 [WARN] ModelIntegratedComponent:63 - No mode defined for component null
2026-08-06 12:16:45,744 [WARN] ModelIntegratedComponent:63 - No mode defined for component null
2026-08-06 12:16:45,744 [WARN] ModelIntegratedComponent:63 - No mode defined for component null
2026-08-06 12:16:45,744 [WARN] ModelIntegratedComponent:63 - No mode defined for component null
2026-08-06 12:16:45,744 [WARN] ModelIntegratedComponent:63 - No mode defined for component null
2026-08-06 12:16:45,744 [WARN] ModelIntegratedComponent:63 - No mode defined for component null
2026-08-06 12:16:45,744 [WARN] ModelIntegratedComponent:63 - No mode defined for component null
2026-08-06 12:16:45,744 [WARN] ModelIntegratedComponent:63 - No mode defined for component null
2026-08-06 12:16:45,744 [WARN] ModelIntegratedComponent:63 - No mode defined for component null
2026-08-06 12:16:45,744 [WARN] ModelIntegratedComponent:63 - No mode defined for component null
2026-08-06 12:16:45,744 [WARN] ModelIntegratedComponent:63 - No mode defined for component null
2026-08-06 12:16:45,744 [WARN] ModelIntegratedComponent:63 - No mode defined for component null
2026-08-06 12:16:45,744 [WARN] ModelIntegratedComponent:63 - No mode defined for component null
2026-08-06 12:16:45,744 [WARN] ModelIntegratedComponent:63 - No mode defined for component null
2026-08-06 12:16:45,744 [WARN] ModelIntegratedComponent:63 - No mode defined for component null
2026-08-06 12:16:45,744 [WARN] ModelIntegratedComponent:63 - No mode defined for component null
2026-08-06 12:16:45,744 [WARN] ModelIntegratedComponent:63 - No mode defined for component null
2026-08-06 12:16:45,745 [WARN] ModelIntegratedComponent:63 - No mode defined for component null
2026-08-06 12:16:45,745 [WARN] ModelIntegratedComponent:63 - No mode defined for component null
2026-08-06 12:16:45,745 [WARN] ModelIntegratedComponent:63 - No mode defined for component null
2026-08-06 12:16:45,745 [WARN] ModelIntegratedComponent:63 - No mode defined for component null
2026-08-06 12:16:45,745 [WARN] ModelIntegratedComponent:63 - No mode defined for component null
2026-08-06 12:16:45,745 [WARN] ModelIntegratedComponent:63 - No mode defined for component null
2026-08-06 12:16:45,745 [WARN] ModelIntegratedComponent:63 - No mode defined for component null
2026-08-06 12:16:45,745 [WARN] ModelIntegratedComponent:63 - No mode defined for component null
2026-08-06 12:16:45,745 [WARN] ModelIntegratedComponent:63 - No mode defined for component null
2026-08-06 12:16:45,745 [WARN] ModelIntegratedComponent:63 - No mode defined for component null
2026-08-06 12:16:45,745 [WARN] ModelIntegratedComponent:63 - No mode defined for component null
2026-08-06 12:16:45,745 [WARN] ModelIntegratedComponent:63 - No mode defined for component null
2026-08-06 12:16:45,745 [WARN] ModelIntegratedComponent:63 - No mode defined for component null
2026-08-06 12:16:45,745 [WARN] ModelIntegratedComponent:63 - No mode defined for component null
2026-08-06 12:16:45,745 [WARN] ModelIntegratedComponent:63 - No mode defined for component null
2026-08-06 12:16:45,806 [INFO] ThirdPartyModel:298 - Start build external matchings
2026-08-06 12:16:46,030 [INFO] ThirdPartyModel:316 - End build external matchings
2026-08-06 12:16:46,035 [INFO] ImportTextPane:194 - (OptionalMessage_ERROR) IP (DMA) : Parameter (Instance) has Id (USART1_RX) currently not set
2026-08-06 12:16:46,035 [INFO] ImportTextPane:194 - (OptionalMessage_ERROR) IP (DMA) : Parameter (Channel) has Id (USART1_RX) currently not set
2026-08-06 12:16:46,035 [INFO] ImportTextPane:194 - (OptionalMessage_ERROR) IP (DMA) : Parameter (Direction) has Id (USART1_RX) currently not set
2026-08-06 12:16:46,035 [INFO] ImportTextPane:194 - (OptionalMessage_ERROR) IP (DMA) : Parameter (PeriphInc) has Id (USART1_RX) currently not set
2026-08-06 12:16:46,035 [INFO] ImportTextPane:194 - (OptionalMessage_ERROR) IP (DMA) : Parameter (MemInc) has Id (USART1_RX) currently not set
2026-08-06 12:16:46,036 [INFO] ImportTextPane:194 - (OptionalMessage_ERROR) IP (DMA) : Parameter (PeriphDataAlignment) has Id (USART1_RX) currently not set
2026-08-06 12:16:46,036 [INFO] ImportTextPane:194 - (OptionalMessage_ERROR) IP (DMA) : Parameter (MemDataAlignment) has Id (USART1_RX) currently not set
2026-08-06 12:16:46,036 [INFO] ImportTextPane:194 - (OptionalMessage_ERROR) IP (DMA) : Parameter (Mode) has Id (USART1_RX) currently not set
2026-08-06 12:16:46,036 [INFO] ImportTextPane:194 - (OptionalMessage_ERROR) IP (DMA) : Parameter (Priority) has Id (USART1_RX) currently not set
2026-08-06 12:16:46,036 [INFO] ImportTextPane:194 - (OptionalMessage_ERROR) IP (DMA) : Parameter (FIFOMode) has Id (USART1_RX) currently not set
2026-08-06 12:16:46,036 [INFO] ImportTextPane:194 - (OptionalMessage_ERROR) IP (DMA) : Parameter (FIFOThreshold) has Id (USART1_RX) currently not set
2026-08-06 12:16:46,036 [INFO] ImportTextPane:194 - (OptionalMessage_ERROR) IP (DMA) : Parameter (FIFOThreshold) has invalid value (null)
2026-08-06 12:16:46,036 [INFO] ImportTextPane:194 - (OptionalMessage_ERROR) IP (DMA) : Parameter (MemBurst) has Id (USART1_RX) currently not set
2026-08-06 12:16:46,036 [INFO] ImportTextPane:194 - (OptionalMessage_ERROR) IP (DMA) : Parameter (MemBurst) has invalid value (null)
2026-08-06 12:16:46,036 [INFO] ImportTextPane:194 - (OptionalMessage_ERROR) IP (DMA) : Parameter (PeriphBurst) has Id (USART1_RX) currently not set
2026-08-06 12:16:46,036 [INFO] ImportTextPane:194 - (OptionalMessage_ERROR) IP (DMA) : Parameter (PeriphBurst) has invalid value (null)
2026-08-06 12:16:46,036 [INFO] ImportTextPane:194 - (OptionalMessage_ERROR) IP (RCC) : Parameter (48MHZClocksFreq_Value) has invalid value (84000000)
2026-08-06 12:16:46,036 [INFO] ImportTextPane:194 - (OptionalMessage_ERROR) IP (RCC) : Parameter (RTCHSEDivFreq_Value) has invalid value (4000000)
2026-08-06 12:16:46,227 [INFO] UtilMem:75 - End LoadConfig() Used Memory: 929900240 Bytes (1073741824)
2026-08-06 12:16:46,252 [WARN] ThirdParty:833 - waiting for thirdparty lock release [change project]
2026-08-06 12:16:46,252 [INFO] ThirdParty:835 - entering critical section [change project]
2026-08-06 12:16:46,252 [INFO] ThirdParty:1030 - CMSIS Pack Vendor :STMicroelectronics USBPD 4.1
2026-08-06 12:16:46,252 [INFO] ThirdParty:1030 - CMSIS Pack Vendor :STMicroelectronics USB_HOST 2.0.0
2026-08-06 12:16:46,252 [INFO] ThirdParty:1030 - CMSIS Pack Vendor :STMicroelectronics FP-ATR-ASTRA1 2.0.3
2026-08-06 12:16:46,252 [INFO] ThirdParty:1030 - CMSIS Pack Vendor :STMicroelectronics X-CUBE-AZRTOS-F4 1.1.0
2026-08-06 12:16:46,252 [INFO] ThirdParty:1030 - CMSIS Pack Vendor :STMicroelectronics LIBJPEG 8.0.0
2026-08-06 12:16:46,252 [INFO] ThirdParty:1030 - CMSIS Pack Vendor :STMicroelectronics FP-ATR-ASTRA1 2.0.2
2026-08-06 12:16:46,252 [INFO] ThirdParty:1030 - CMSIS Pack Vendor :STMicroelectronics X-CUBE-SMBUS 2.1.0
2026-08-06 12:16:46,252 [INFO] ThirdParty:1030 - CMSIS Pack Vendor :wolfSSL I-CUBE-wolfMQTT 1.19.2
2026-08-06 12:16:46,252 [INFO] ThirdParty:1030 - CMSIS Pack Vendor :STMicroelectronics USB_DEVICE 3.0.0
2026-08-06 12:16:46,252 [INFO] ThirdParty:1030 - CMSIS Pack Vendor :STMicroelectronics X-CUBE-AZRTOS-F7 1.1.0
2026-08-06 12:16:46,252 [INFO] ThirdParty:1030 - CMSIS Pack Vendor :STMicroelectronics USB_DEVICE 2.0.0
2026-08-06 12:16:46,252 [INFO] ThirdParty:1030 - CMSIS Pack Vendor :STMicroelectronics X-CUBE-ALGOBUILD 1.5.0
2026-08-06 12:16:46,252 [INFO] ThirdParty:1030 - CMSIS Pack Vendor :STMicroelectronics FreeRTOS 0.0.1
2026-08-06 12:16:46,252 [INFO] ThirdParty:1030 - CMSIS Pack Vendor :STMicroelectronics X-CUBE-AZRTOS-H7RS 1.3.0
2026-08-06 12:16:46,252 [INFO] ThirdParty:1030 - CMSIS Pack Vendor :STMicroelectronics X-CUBE-AZRTOS-G0 1.1.0
2026-08-06 12:16:46,252 [INFO] ThirdParty:1030 - CMSIS Pack Vendor :STMicroelectronics X-CUBE-NFC4 3.0.0
2026-08-06 12:16:46,252 [INFO] ThirdParty:1030 - CMSIS Pack Vendor :STMicroelectronics X-CUBE-SUBG2 5.0.0
2026-08-06 12:16:46,252 [INFO] ThirdParty:1030 - CMSIS Pack Vendor :STMicroelectronics STM32_WPAN 1.0.0
2026-08-06 12:16:46,252 [INFO] ThirdParty:1030 - CMSIS Pack Vendor :STMicroelectronics lwIP 2.0.3
2026-08-06 12:16:46,252 [INFO] ThirdParty:1030 - CMSIS Pack Vendor :STMicroelectronics X-CUBE-MEMS1 13.0.0
2026-08-06 12:16:46,252 [INFO] ThirdParty:1030 - CMSIS Pack Vendor :STMicroelectronics USB_HOST 1.0.0
2026-08-06 12:16:46,253 [INFO] ThirdParty:1030 - CMSIS Pack Vendor :STMicroelectronics X-CUBE-AZRTOS-G4 2.0.0
2026-08-06 12:16:46,253 [INFO] ThirdParty:1030 - CMSIS Pack Vendor :STMicroelectronics PDM2PCM 3.1.0
2026-08-06 12:16:46,253 [INFO] ThirdParty:1030 - CMSIS Pack Vendor :STMicroelectronics PDM2PCM 3.3.0
2026-08-06 12:16:46,253 [INFO] ThirdParty:1030 - CMSIS Pack Vendor :wolfSSL I-CUBE-wolfTPM 3.8.0
2026-08-06 12:16:46,253 [INFO] ThirdParty:1030 - CMSIS Pack Vendor :STMicroelectronics X-CUBE-DISPLAY 3.0.0
2026-08-06 12:16:46,253 [INFO] ThirdParty:1030 - CMSIS Pack Vendor :wolfSSL I-CUBE-wolfSSH 1.4.20
2026-08-06 12:16:46,253 [INFO] ThirdParty:1030 - CMSIS Pack Vendor :wolfSSL I-CUBE-wolfSSL 5.9.1
2026-08-06 12:16:46,253 [INFO] ThirdParty:1030 - CMSIS Pack Vendor :STMicroelectronics FP-ATR-SIGFOX1 3.2.0
2026-08-06 12:16:46,253 [INFO] ThirdParty:1030 - CMSIS Pack Vendor :STMicroelectronics HAL Drivers 0.0.0
2026-08-06 12:16:46,253 [INFO] ThirdParty:1030 - CMSIS Pack Vendor :STMicroelectronics MBEDTLS 2.16.2
2026-08-06 12:16:46,253 [INFO] ThirdParty:1030 - CMSIS Pack Vendor :emotas I-CUBE-CANOPEN 1.3.0
2026-08-06 12:16:46,253 [INFO] ThirdParty:1030 - CMSIS Pack Vendor :STMicroelectronics MBEDTLS 2.14.1
2026-08-06 12:16:46,253 [INFO] ThirdParty:1030 - CMSIS Pack Vendor :ITTIA_DB I-CUBE-ITTIADB 8.9.0
2026-08-06 12:16:46,253 [INFO] ThirdParty:1030 - CMSIS Pack Vendor :STMicroelectronics X-CUBE-TOUCHGFX 4.26.1
2026-08-06 12:16:46,253 [INFO] ThirdParty:1030 - CMSIS Pack Vendor :STMicroelectronics X-CUBE-AI 10.2.1
2026-08-06 12:16:46,253 [INFO] ThirdParty:1030 - CMSIS Pack Vendor :STMicroelectronics ThreadX 1.0.0
2026-08-06 12:16:46,253 [INFO] ThirdParty:1030 - CMSIS Pack Vendor :STMicroelectronics X-CUBE-MEMS1 12.1.0
2026-08-06 12:16:46,253 [INFO] ThirdParty:1030 - CMSIS Pack Vendor :STMicroelectronics X-CUBE-AZRTOS-WL 2.0.0
2026-08-06 12:16:46,253 [INFO] ThirdParty:1030 - CMSIS Pack Vendor :SEGGER I-CUBE-embOS 1.3.1
2026-08-06 12:16:46,253 [INFO] ThirdParty:1030 - CMSIS Pack Vendor :STMicroelectronics X-CUBE-ALGOBUILD 1.4.0
2026-08-06 12:16:46,253 [INFO] ThirdParty:1030 - CMSIS Pack Vendor :STMicroelectronics USB_DEVICE 1.0.0
2026-08-06 12:16:46,253 [INFO] ThirdParty:1030 - CMSIS Pack Vendor :STMicroelectronics X-CUBE-AZRTOS-H7RS 1.2.0
2026-08-06 12:16:46,253 [INFO] ThirdParty:1030 - CMSIS Pack Vendor :STMicroelectronics X-CUBE-AZRTOS-L4 2.0.0
2026-08-06 12:16:46,253 [INFO] ThirdParty:1030 - CMSIS Pack Vendor :STMicroelectronics ThreadX 0.0.2
2026-08-06 12:16:46,253 [INFO] ThirdParty:1030 - CMSIS Pack Vendor :STMicroelectronics lwIP 2.1.2
2026-08-06 12:16:46,253 [INFO] ThirdParty:1030 - CMSIS Pack Vendor :STMicroelectronics X-CUBE-SFXS2LP1 4.0.0
2026-08-06 12:16:46,253 [INFO] ThirdParty:1030 - CMSIS Pack Vendor :STMicroelectronics X-CUBE-BLE2 3.3.0
2026-08-06 12:16:46,253 [INFO] ThirdParty:1030 - CMSIS Pack Vendor :STMicroelectronics X-CUBE-NFC13 1.0.0
2026-08-06 12:16:46,253 [INFO] ThirdParty:1030 - CMSIS Pack Vendor :STMicroelectronics PDM2PCM 3.2.0
2026-08-06 12:16:46,253 [INFO] ThirdParty:841 - exiting critical section [change project]
2026-08-06 12:16:46,336 [INFO] PinOutPanel:1499 - setPackage(No Configuration,No Configuration)
2026-08-06 12:16:46,337 [INFO] PinOutPanel:1499 - setPackage(STM32F405RGTx,LQFP64)
2026-08-06 12:16:46,479 [INFO] UtilMem:75 - Before build in PCC Used Memory: 964818752 Bytes (1073741824)
2026-08-06 12:16:46,585 [INFO] UtilMem:75 - After build in PCC Used Memory: 959348392 Bytes (1073741824)
2026-08-06 12:16:46,602 [INFO] IPUIPlugin:80 - create IPUIPlugin
2026-08-06 12:16:46,602 [INFO] IPUIPlugin:80 - create IPUIPlugin
2026-08-06 12:16:46,602 [INFO] IPUIPlugin:80 - create IPUIPlugin
2026-08-06 12:16:46,602 [INFO] IPUIPlugin:80 - create IPUIPlugin
2026-08-06 12:16:46,602 [INFO] IPUIPlugin:80 - create IPUIPlugin
2026-08-06 12:16:46,602 [INFO] IPUIPlugin:80 - create IPUIPlugin
2026-08-06 12:16:46,602 [INFO] IPUIPlugin:80 - create IPUIPlugin
2026-08-06 12:16:46,602 [INFO] IPUIPlugin:80 - create IPUIPlugin
2026-08-06 12:16:46,603 [INFO] IPUIPlugin:80 - create IPUIPlugin
2026-08-06 12:16:46,603 [INFO] IPUIPlugin:80 - create IPUIPlugin
2026-08-06 12:16:46,603 [INFO] IPUIPlugin:80 - create IPUIPlugin
2026-08-06 12:16:46,603 [INFO] IPUIPlugin:80 - create IPUIPlugin
2026-08-06 12:16:46,603 [INFO] IPUIPlugin:80 - create IPUIPlugin
2026-08-06 12:16:46,603 [INFO] IPUIPlugin:80 - create IPUIPlugin
2026-08-06 12:16:46,603 [INFO] IPUIPlugin:80 - create IPUIPlugin
2026-08-06 12:16:46,603 [INFO] IPUIPlugin:80 - create IPUIPlugin
2026-08-06 12:16:46,603 [INFO] IPUIPlugin:80 - create IPUIPlugin
2026-08-06 12:16:46,603 [INFO] IPUIPlugin:80 - create IPUIPlugin
2026-08-06 12:16:46,603 [INFO] IPUIPlugin:80 - create IPUIPlugin
2026-08-06 12:16:46,603 [INFO] IPUIPlugin:80 - create IPUIPlugin
2026-08-06 12:16:46,603 [INFO] IPUIPlugin:80 - create IPUIPlugin
2026-08-06 12:16:46,603 [INFO] IPUIPlugin:80 - create IPUIPlugin
2026-08-06 12:16:46,603 [INFO] IPUIPlugin:80 - create IPUIPlugin
2026-08-06 12:16:46,604 [INFO] IPUIPlugin:80 - create IPUIPlugin
2026-08-06 12:16:46,604 [INFO] IPUIPlugin:80 - create IPUIPlugin
2026-08-06 12:16:46,604 [INFO] IPUIPlugin:80 - create IPUIPlugin
2026-08-06 12:16:46,604 [INFO] IPUIPlugin:80 - create IPUIPlugin
2026-08-06 12:16:46,604 [INFO] IPUIPlugin:80 - create IPUIPlugin
2026-08-06 12:16:46,604 [INFO] IPUIPlugin:80 - create IPUIPlugin
2026-08-06 12:16:46,604 [INFO] IPUIPlugin:80 - create IPUIPlugin
2026-08-06 12:16:46,605 [INFO] IPUIPlugin:80 - create IPUIPlugin
2026-08-06 12:16:46,605 [INFO] IPUIPlugin:80 - create IPUIPlugin
2026-08-06 12:16:46,605 [INFO] IPUIPlugin:80 - create IPUIPlugin
2026-08-06 12:16:46,605 [INFO] IPUIPlugin:80 - create IPUIPlugin
2026-08-06 12:16:46,605 [INFO] IPUIPlugin:80 - create IPUIPlugin
2026-08-06 12:16:46,605 [INFO] IPUIPlugin:80 - create IPUIPlugin
2026-08-06 12:16:46,605 [INFO] IPUIPlugin:80 - create IPUIPlugin
2026-08-06 12:16:46,605 [INFO] IPUIPlugin:80 - create IPUIPlugin
2026-08-06 12:16:46,605 [INFO] IPUIPlugin:80 - create IPUIPlugin
2026-08-06 12:16:46,606 [INFO] IPUIPlugin:80 - create IPUIPlugin
2026-08-06 12:16:46,606 [INFO] IPUIPlugin:80 - create IPUIPlugin
2026-08-06 12:16:46,606 [INFO] IPUIPlugin:80 - create IPUIPlugin
2026-08-06 12:16:46,606 [INFO] IPUIPlugin:80 - create IPUIPlugin
2026-08-06 12:16:46,606 [INFO] IPUIPlugin:80 - create IPUIPlugin
2026-08-06 12:16:46,606 [INFO] IPUIPlugin:80 - create IPUIPlugin
2026-08-06 12:16:46,606 [INFO] IPUIPlugin:80 - create IPUIPlugin
2026-08-06 12:16:46,607 [INFO] IPUIPlugin:80 - create IPUIPlugin
2026-08-06 12:16:46,607 [INFO] IPUIPlugin:80 - create IPUIPlugin
2026-08-06 12:16:46,607 [INFO] IPUIPlugin:80 - create IPUIPlugin
2026-08-06 12:16:46,607 [INFO] IPUIPlugin:80 - create IPUIPlugin
2026-08-06 12:16:46,607 [INFO] IPUIPlugin:80 - create IPUIPlugin
2026-08-06 12:16:46,607 [INFO] IPUIPlugin:80 - create IPUIPlugin
2026-08-06 12:16:46,608 [INFO] IPUIPlugin:80 - create IPUIPlugin
2026-08-06 12:16:46,608 [INFO] IPUIPlugin:80 - create IPUIPlugin
2026-08-06 12:16:46,609 [INFO] ApiDbMcu:507 - Load IP Config File for PDM2PCM
2026-08-06 12:16:46,610 [WARN] IP:2114 - I2C_Coeff_DF not found: check if there is a RefParameter without a condition.
2026-08-06 12:16:46,610 [WARN] IP:2114 - Analog_Filter not found: check if there is a RefParameter without a condition.
2026-08-06 12:16:46,640 [INFO] CADModel:165 - CPN selected for project levelSTM32F405RGT6
2026-08-06 12:16:46,640 [INFO] CADModel:114 - Register for checkConnection events
2026-08-06 12:16:46,691 [INFO] OpenFileManager:328 - Restore cursor
2026-08-06 12:16:46,808 [WARN] IP:2114 - I2C_Coeff_DF not found: check if there is a RefParameter without a condition.
2026-08-06 12:16:46,808 [WARN] IP:2114 - Analog_Filter not found: check if there is a RefParameter without a condition.
2026-08-06 12:16:46,808 [WARN] IP:2114 - I2C_Coeff_DF not found: check if there is a RefParameter without a condition.
2026-08-06 12:16:46,808 [WARN] IP:2114 - Analog_Filter not found: check if there is a RefParameter without a condition.
2026-08-06 17:44:14,377 [ERROR] LogOutputStream:75 - [STDERR_REDIRECT] 
2026-08-06 19:55:29,756 [INFO] Activator:176 - 


2026-08-06 19:55:29,759 [INFO] Activator:177 - !SESSION log4j initialized
2026-08-06 19:55:38,342 [INFO] LogOutputStream:77 - [STDOUT_REDIRECT] 
2026-08-06 19:55:40,749 [INFO] ApplicationProperties:184 - Using Application install path: C:\ST\STM32CubeIDE_1.13.1\STM32CubeIDE\plugins\com.st.stm32cube.common.mx_6.9.1.202307191849
2026-08-06 19:55:40,777 [INFO] DbMcusXml:78 - Set database path to: C:\ST\STM32CubeIDE_1.13.1\STM32CubeIDE\plugins\com.st.stm32cube.common.mx_6.9.1.202307191849\\db\/mcu/
2026-08-06 19:55:40,778 [INFO] ApiDb:274 - Set plugin database path to: C:\ST\STM32CubeIDE_1.13.1\STM32CubeIDE\plugins\com.st.stm32cube.common.mx_6.9.1.202307191849\\db\/plugins/boardmanager/
2026-08-06 19:55:40,778 [WARN] ApiDb:259 - Overriding images path with different value:  => C:\ST\STM32CubeIDE_1.13.1\STM32CubeIDE\plugins\com.st.stm32cube.common.mx_6.9.1.202307191849\\db\/plugins/mcufinder/images/
2026-08-06 19:55:40,798 [INFO] ApiDb:250 - Set database path to: C:\Users\Admin\.stmcufinder\plugins\mcufinder//mcu/
2026-08-06 19:55:40,800 [INFO] DbMcusAds:125 - Set database path to: C:\Users\Admin\.stmcufinder\plugins\mcufinder//mcu/
2026-08-06 19:55:40,803 [INFO] CrossReferenceDbSqlite:203 - Set database path to: C:\Users\Admin\.stmcufinder\plugins\mcufinder//mcu/cs/
2026-08-06 19:55:40,990 [INFO] RulesReader:64 - Compatibility file has been processed (293 Rules)
2026-08-06 19:55:41,132 [INFO] DbMcusXml:78 - Set database path to: C:\ST\STM32CubeIDE_1.13.1\STM32CubeIDE\plugins\com.st.stm32cube.common.mx_6.9.1.202307191849\\db\/mcu/
2026-08-06 19:55:41,132 [INFO] ApiDb:274 - Set plugin database path to: C:\ST\STM32CubeIDE_1.13.1\STM32CubeIDE\plugins\com.st.stm32cube.common.mx_6.9.1.202307191849\\db\/plugins/boardmanager/
2026-08-06 19:55:41,132 [INFO] ApiDb:261 - Set plugin images path to: C:\ST\STM32CubeIDE_1.13.1\STM32CubeIDE\plugins\com.st.stm32cube.common.mx_6.9.1.202307191849\\db\/plugins/mcufinder/images/
2026-08-06 19:55:41,133 [WARN] DbFile:41 - Overriding database path with different value: C:\Users\Admin\.stmcufinder\plugins\mcufinder/ => C:\Users\Admin\.stmcufinder\plugins\mcufinder
2026-08-06 19:55:41,133 [INFO] ApiDb:250 - Set database path to: C:\Users\Admin\.stmcufinder\plugins\mcufinder//mcu/
2026-08-06 19:55:41,133 [WARN] DbFile:41 - Overriding database path with different value: C:\Users\Admin\.stmcufinder\plugins\mcufinder/ => C:\Users\Admin\.stmcufinder\plugins\mcufinder
2026-08-06 19:55:41,133 [INFO] DbMcusAds:125 - Set database path to: C:\Users\Admin\.stmcufinder\plugins\mcufinder//mcu/
2026-08-06 19:55:41,133 [WARN] DbFile:41 - Overriding database path with different value: C:\Users\Admin\.stmcufinder\plugins\mcufinder/ => C:\Users\Admin\.stmcufinder\plugins\mcufinder
2026-08-06 19:55:41,134 [WARN] DbFile:41 - Overriding database path with different value: C:\Users\Admin\.stmcufinder\plugins\mcufinder/ => C:\Users\Admin\.stmcufinder\plugins\mcufinder
2026-08-06 19:55:41,134 [INFO] CrossReferenceDbSqlite:203 - Set database path to: C:\Users\Admin\.stmcufinder\plugins\mcufinder//mcu/cs/
2026-08-06 19:55:41,265 [INFO] MainPanel:262 - HeapMemory: 268435456
2026-08-06 19:55:41,409 [INFO] DbMcusXml:78 - Set database path to: C:\ST\STM32CubeIDE_1.13.1\STM32CubeIDE\plugins\com.st.stm32cube.common.mx_6.9.1.202307191849\\db\/mcu/
2026-08-06 19:55:41,410 [INFO] ApiDb:274 - Set plugin database path to: C:\ST\STM32CubeIDE_1.13.1\STM32CubeIDE\plugins\com.st.stm32cube.common.mx_6.9.1.202307191849\\db\/plugins/boardmanager/
2026-08-06 19:55:41,410 [INFO] ApiDb:261 - Set plugin images path to: C:\ST\STM32CubeIDE_1.13.1\STM32CubeIDE\plugins\com.st.stm32cube.common.mx_6.9.1.202307191849\\db\/plugins/mcufinder/images/
2026-08-06 19:55:41,410 [WARN] DbFile:41 - Overriding database path with different value: C:\Users\Admin\.stmcufinder\plugins\mcufinder/ => C:\Users\Admin\.stmcufinder\plugins\mcufinder
2026-08-06 19:55:41,411 [INFO] ApiDb:250 - Set database path to: C:\Users\Admin\.stmcufinder\plugins\mcufinder//mcu/
2026-08-06 19:55:41,411 [WARN] DbFile:41 - Overriding database path with different value: C:\Users\Admin\.stmcufinder\plugins\mcufinder/ => C:\Users\Admin\.stmcufinder\plugins\mcufinder
2026-08-06 19:55:41,411 [INFO] DbMcusAds:125 - Set database path to: C:\Users\Admin\.stmcufinder\plugins\mcufinder//mcu/
2026-08-06 19:55:41,411 [WARN] DbFile:41 - Overriding database path with different value: C:\Users\Admin\.stmcufinder\plugins\mcufinder/ => C:\Users\Admin\.stmcufinder\plugins\mcufinder
2026-08-06 19:55:41,411 [WARN] DbFile:41 - Overriding database path with different value: C:\Users\Admin\.stmcufinder\plugins\mcufinder/ => C:\Users\Admin\.stmcufinder\plugins\mcufinder
2026-08-06 19:55:41,411 [INFO] CrossReferenceDbSqlite:203 - Set database path to: C:\Users\Admin\.stmcufinder\plugins\mcufinder//mcu/cs/
2026-08-06 19:55:41,442 [INFO] ApplicationProperties:184 - Using Application install path: C:\ST\STM32CubeIDE_1.13.1\STM32CubeIDE\plugins\com.st.stm32cube.common.mx_6.9.1.202307191849
2026-08-06 19:55:41,444 [INFO] PluginManage:196 - Search for loadable plugins [exclusion list=, ]
2026-08-06 19:55:41,447 [INFO] PluginManage:310 - Check plugin analytics
2026-08-06 19:55:41,729 [INFO] AnalyticsPlugin:253 - Accepted Software Licenses: STM32CubeMX.6.18.0
2026-08-06 19:55:41,729 [INFO] AnalyticsPlugin:255 - Accepted CMSIS Pack Licenses: 
2026-08-06 19:55:41,730 [INFO] AnalyticsPlugin:257 - Accepted Firmware Licenses: FW.F4.1.27.0,FW.F4.1.28.0,FW.F4.1.28.3
2026-08-06 19:55:41,737 [INFO] PluginManage:359 - Loaded plugin analytics (category:tool,tabindex:-1)
2026-08-06 19:55:41,739 [INFO] PluginManage:310 - Check plugin cadmodel
2026-08-06 19:55:41,749 [INFO] CADModel:105 - Init CAD model plugin
2026-08-06 19:55:41,750 [INFO] PluginManage:359 - Loaded plugin cadmodel (category:power,tabindex:5)
2026-08-06 19:55:41,750 [INFO] PluginManage:310 - Check plugin clock
2026-08-06 19:55:41,770 [INFO] PluginManage:359 - Loaded plugin clock (category:base,tabindex:2)
2026-08-06 19:55:41,770 [INFO] PluginManage:310 - Check plugin ddr
2026-08-06 19:55:41,775 [INFO] PluginManage:359 - Loaded plugin ddr (category:tool,tabindex:6)
2026-08-06 19:55:41,775 [INFO] PluginManage:310 - Check plugin filemanager
2026-08-06 19:55:42,020 [INFO] PluginManage:359 - Loaded plugin filemanager (category:base,tabindex:10)
2026-08-06 19:55:42,020 [INFO] PluginManage:310 - Check plugin ipmanager
2026-08-06 19:55:42,032 [INFO] PluginManage:359 - Loaded plugin ipmanager (category:base,tabindex:5)
2026-08-06 19:55:42,032 [INFO] PluginManage:310 - Check plugin lpbam
2026-08-06 19:55:42,046 [INFO] PluginManage:359 - Loaded plugin lpbam (category:base,tabindex:0)
2026-08-06 19:55:42,046 [INFO] PluginManage:310 - Check plugin memorymap
2026-08-06 19:55:42,071 [INFO] PluginManage:359 - Loaded plugin memorymap (category:base,tabindex:4)
2026-08-06 19:55:42,071 [INFO] PluginManage:310 - Check plugin pinoutandconfiguration
2026-08-06 19:55:42,084 [INFO] PluginManage:359 - Loaded plugin pinoutandconfiguration (category:base,tabindex:1)
2026-08-06 19:55:42,084 [INFO] PluginManage:310 - Check plugin pinoutconfig
2026-08-06 19:55:42,232 [WARN] SupportedApi:132 - Cannot load RTOS API schema: s4s-elt-must-match.1: The content of 'definitions' must match (annotation?, (simpleType | complexType)?, (unique | key | keyref)*)). A problem was found starting at: attribute.
2026-08-06 19:55:42,456 [INFO] PluginManage:359 - Loaded plugin pinoutconfig (category:base,tabindex:0)
2026-08-06 19:55:42,457 [INFO] PluginManage:310 - Check plugin power
2026-08-06 19:55:42,473 [INFO] PluginManage:359 - Loaded plugin power (category:power,tabindex:4)
2026-08-06 19:55:42,473 [INFO] PluginManage:310 - Check plugin projectmanager
2026-08-06 19:55:42,495 [INFO] PluginManage:359 - Loaded plugin projectmanager (category:projectmanager,tabindex:3)
2026-08-06 19:55:42,495 [INFO] PluginManage:310 - Check plugin thirdparty
2026-08-06 19:55:42,741 [INFO] PluginManage:359 - Loaded plugin thirdparty (category:base,tabindex:-1)
2026-08-06 19:55:42,741 [INFO] PluginManage:310 - Check plugin tools
2026-08-06 19:55:42,741 [WARN] IntegrityCheckThread:84 - waiting for thirdparty lock release [integrity check]
2026-08-06 19:55:42,742 [INFO] IntegrityCheckThread:86 - entering critical section [integrity check]
2026-08-06 19:55:42,742 [INFO] ThirdPartyUpdaterWithRetryManager:70 - Updater plugin not ready yet. [1/15]
2026-08-06 19:55:42,746 [INFO] PluginManage:359 - Loaded plugin tools (category:base,tabindex:7)
2026-08-06 19:55:42,746 [INFO] PluginManage:310 - Check plugin tutovideos
2026-08-06 19:55:43,083 [INFO] PluginManage:359 - Loaded plugin tutovideos (category:base,tabindex:-1)
2026-08-06 19:55:43,084 [INFO] PluginManage:310 - Check plugin updater
2026-08-06 19:55:43,101 [INFO] PluginManage:359 - Loaded plugin updater (category:base,tabindex:12)
2026-08-06 19:55:43,102 [INFO] PluginManage:310 - Check plugin userauth
2026-08-06 19:55:43,109 [INFO] UserAuth:113 - Init User Auth plugin
2026-08-06 19:55:43,110 [INFO] PluginManage:359 - Loaded plugin userauth (category:base,tabindex:14)
2026-08-06 19:55:43,110 [INFO] PluginManage:283 - PluginManage : Loaded plugins [17]
2026-08-06 19:55:43,459 [INFO] PinOutPanel:1499 - setPackage(No Configuration,No Configuration)
2026-08-06 19:55:43,620 [INFO] CADModel:165 - CPN selected for project level
2026-08-06 19:55:43,621 [INFO] CADModel:114 - Register for checkConnection events
2026-08-06 19:55:43,648 [INFO] IPUIPlugin:80 - create IPUIPlugin
2026-08-06 19:55:43,648 [INFO] PluginManager:220 - loadIPPluginJar : add adc
2026-08-06 19:55:43,652 [INFO] IPUIPlugin:80 - create IPUIPlugin
2026-08-06 19:55:43,652 [INFO] PluginManager:220 - loadIPPluginJar : add aes
2026-08-06 19:55:43,656 [INFO] IPUIPlugin:80 - create IPUIPlugin
2026-08-06 19:55:43,656 [INFO] PluginManager:220 - loadIPPluginJar : add can
2026-08-06 19:55:43,658 [INFO] IPUIPlugin:80 - create IPUIPlugin
2026-08-06 19:55:43,659 [INFO] PluginManager:220 - loadIPPluginJar : add comp
2026-08-06 19:55:43,663 [INFO] IPUIPlugin:80 - create IPUIPlugin
2026-08-06 19:55:43,663 [INFO] PluginManager:220 - loadIPPluginJar : add cryp
2026-08-06 19:55:43,666 [INFO] IPUIPlugin:80 - create IPUIPlugin
2026-08-06 19:55:43,666 [INFO] PluginManager:220 - loadIPPluginJar : add dfsdm
2026-08-06 19:55:43,674 [INFO] IPUIPlugin:80 - create IPUIPlugin
2026-08-06 19:55:43,675 [INFO] PluginManager:220 - loadIPPluginJar : add dma
2026-08-06 19:55:43,680 [INFO] IPUIPlugin:80 - create IPUIPlugin
2026-08-06 19:55:43,680 [INFO] PluginManager:220 - loadIPPluginJar : add dma3
2026-08-06 19:55:43,682 [INFO] IPUIPlugin:80 - create IPUIPlugin
2026-08-06 19:55:43,682 [INFO] PluginManager:220 - loadIPPluginJar : add fatfs
2026-08-06 19:55:43,688 [INFO] IPUIPlugin:80 - create IPUIPlugin
2026-08-06 19:55:43,688 [INFO] PluginManager:220 - loadIPPluginJar : add fmc
2026-08-06 19:55:43,697 [INFO] IPUIPlugin:80 - create IPUIPlugin
2026-08-06 19:55:43,697 [INFO] PluginManager:220 - loadIPPluginJar : add freertos
2026-08-06 19:55:43,700 [INFO] IPUIPlugin:80 - create IPUIPlugin
2026-08-06 19:55:43,700 [INFO] PluginManager:220 - loadIPPluginJar : add genericplugin
2026-08-06 19:55:43,703 [INFO] IPUIPlugin:80 - create IPUIPlugin
2026-08-06 19:55:43,703 [INFO] PluginManager:220 - loadIPPluginJar : add gfxmmu
2026-08-06 19:55:43,709 [INFO] IPUIPlugin:80 - create IPUIPlugin
2026-08-06 19:55:43,710 [INFO] PluginManager:220 - loadIPPluginJar : add gic
2026-08-06 19:55:43,715 [INFO] IPUIPlugin:80 - create IPUIPlugin
2026-08-06 19:55:43,716 [INFO] PluginManager:220 - loadIPPluginJar : add gpio
2026-08-06 19:55:43,720 [INFO] IPUIPlugin:80 - create IPUIPlugin
2026-08-06 19:55:43,720 [INFO] PluginManager:220 - loadIPPluginJar : add gtzc
2026-08-06 19:55:43,723 [INFO] IPUIPlugin:80 - create IPUIPlugin
2026-08-06 19:55:43,723 [INFO] PluginManager:220 - loadIPPluginJar : add hash
2026-08-06 19:55:43,727 [INFO] IPUIPlugin:80 - create IPUIPlugin
2026-08-06 19:55:43,727 [INFO] PluginManager:220 - loadIPPluginJar : add i2c
2026-08-06 19:55:43,731 [INFO] IPUIPlugin:80 - create IPUIPlugin
2026-08-06 19:55:43,731 [INFO] PluginManager:220 - loadIPPluginJar : add i2s
2026-08-06 19:55:43,734 [INFO] IPUIPlugin:80 - create IPUIPlugin
2026-08-06 19:55:43,734 [INFO] PluginManager:220 - loadIPPluginJar : add i3c
2026-08-06 19:55:43,739 [INFO] IPUIPlugin:80 - create IPUIPlugin
2026-08-06 19:55:43,739 [INFO] PluginManager:220 - loadIPPluginJar : add ipddr
2026-08-06 19:55:43,751 [INFO] IPUIPlugin:80 - create IPUIPlugin
2026-08-06 19:55:43,751 [INFO] PluginManager:220 - loadIPPluginJar : add linkedlist
2026-08-06 19:55:43,755 [INFO] IPUIPlugin:80 - create IPUIPlugin
2026-08-06 19:55:43,756 [INFO] PluginManager:220 - loadIPPluginJar : add lorawan
2026-08-06 19:55:43,758 [INFO] IPUIPlugin:80 - create IPUIPlugin
2026-08-06 19:55:43,759 [INFO] PluginManager:220 - loadIPPluginJar : add ltdc
2026-08-06 19:55:43,766 [INFO] IPUIPlugin:80 - create IPUIPlugin
2026-08-06 19:55:43,767 [INFO] PluginManager:220 - loadIPPluginJar : add mdma
2026-08-06 19:55:43,772 [INFO] IPUIPlugin:80 - create IPUIPlugin
2026-08-06 19:55:43,772 [INFO] PluginManager:220 - loadIPPluginJar : add nvic
2026-08-06 19:55:43,776 [INFO] IPUIPlugin:80 - create IPUIPlugin
2026-08-06 19:55:43,776 [INFO] PluginManager:220 - loadIPPluginJar : add opamp
2026-08-06 19:55:43,780 [INFO] IPUIPlugin:80 - create IPUIPlugin
2026-08-06 19:55:43,781 [INFO] PluginManager:220 - loadIPPluginJar : add openamp
2026-08-06 19:55:43,785 [INFO] IPUIPlugin:80 - create IPUIPlugin
2026-08-06 19:55:43,785 [INFO] PluginManager:220 - loadIPPluginJar : add pdm2pcm
2026-08-06 19:55:43,794 [INFO] IPUIPlugin:80 - create IPUIPlugin
2026-08-06 19:55:43,798 [INFO] PluginManager:220 - loadIPPluginJar : add plateformsettings
2026-08-06 19:55:43,800 [INFO] IPUIPlugin:80 - create IPUIPlugin
2026-08-06 19:55:43,800 [INFO] PluginManager:220 - loadIPPluginJar : add quadspi
2026-08-06 19:55:43,807 [INFO] IPUIPlugin:80 - create IPUIPlugin
2026-08-06 19:55:43,807 [INFO] PluginManager:220 - loadIPPluginJar : add resmgrutility
2026-08-06 19:55:43,811 [INFO] IPUIPlugin:80 - create IPUIPlugin
2026-08-06 19:55:43,811 [INFO] PluginManager:220 - loadIPPluginJar : add sai
2026-08-06 19:55:43,814 [INFO] IPUIPlugin:80 - create IPUIPlugin
2026-08-06 19:55:43,815 [INFO] PluginManager:220 - loadIPPluginJar : add spi
2026-08-06 19:55:43,821 [INFO] IPUIPlugin:80 - create IPUIPlugin
2026-08-06 19:55:43,821 [INFO] PluginManager:220 - loadIPPluginJar : add stm32_wpan
2026-08-06 19:55:43,823 [INFO] IPUIPlugin:80 - create IPUIPlugin
2026-08-06 19:55:43,823 [INFO] PluginManager:220 - loadIPPluginJar : add tim
2026-08-06 19:55:43,828 [INFO] IPUIPlugin:80 - create IPUIPlugin
2026-08-06 19:55:43,828 [INFO] PluginManager:220 - loadIPPluginJar : add touchsensing
2026-08-06 19:55:43,831 [INFO] IPUIPlugin:80 - create IPUIPlugin
2026-08-06 19:55:43,831 [INFO] PluginManager:220 - loadIPPluginJar : add tracer_emb
2026-08-06 19:55:43,834 [INFO] IPUIPlugin:80 - create IPUIPlugin
2026-08-06 19:55:43,834 [INFO] PluginManager:220 - loadIPPluginJar : add ts
2026-08-06 19:55:43,836 [INFO] IPUIPlugin:80 - create IPUIPlugin
2026-08-06 19:55:43,836 [INFO] PluginManager:220 - loadIPPluginJar : add tsc
2026-08-06 19:55:43,839 [INFO] IPUIPlugin:80 - create IPUIPlugin
2026-08-06 19:55:43,839 [INFO] PluginManager:220 - loadIPPluginJar : add ucpd
2026-08-06 19:55:43,843 [INFO] IPUIPlugin:80 - create IPUIPlugin
2026-08-06 19:55:43,843 [INFO] PluginManager:220 - loadIPPluginJar : add usart
2026-08-06 19:55:43,847 [INFO] IPUIPlugin:80 - create IPUIPlugin
2026-08-06 19:55:43,847 [INFO] PluginManager:220 - loadIPPluginJar : add usbx
2026-08-06 19:55:44,012 [INFO] CADModel:165 - CPN selected for project level
2026-08-06 19:55:44,012 [INFO] CADModel:114 - Register for checkConnection events
2026-08-06 19:55:44,012 [FATAL] Updater:308 - Updater called before beeing initialized
2026-08-06 19:55:44,012 [ERROR] CADModel:125 - Updater not yet initialized, retry later 
2026-08-06 19:55:44,308 [INFO] CADModel:165 - CPN selected for project level
2026-08-06 19:55:44,308 [INFO] CADModel:114 - Register for checkConnection events
2026-08-06 19:55:44,309 [FATAL] Updater:308 - Updater called before beeing initialized
2026-08-06 19:55:44,309 [ERROR] CADModel:125 - Updater not yet initialized, retry later 
2026-08-06 19:55:44,315 [FATAL] Updater:308 - Updater called before beeing initialized
2026-08-06 19:55:44,484 [FATAL] Updater:308 - Updater called before beeing initialized
2026-08-06 19:55:44,493 [INFO] DbMcusAds:53 - JSON generation date=Wed Jul 15 16:44:54 GMT+07:00 2026 (1784108694001)
2026-08-06 19:55:44,493 [FATAL] Updater:308 - Updater called before beeing initialized
2026-08-06 19:55:44,561 [WARN] DetailPanel:346 - Failed to get advertising image, set to default
2026-08-06 19:55:44,742 [FATAL] Updater:308 - Updater called before beeing initialized
2026-08-06 19:55:44,745 [FATAL] Updater:308 - Updater called before beeing initialized
2026-08-06 19:55:44,745 [FATAL] Updater:308 - Updater called before beeing initialized
2026-08-06 19:55:44,745 [WARN] DetailPanel:346 - Failed to get advertising image, set to default
2026-08-06 19:55:44,747 [FATAL] Updater:308 - Updater called before beeing initialized
2026-08-06 19:55:44,821 [ERROR] Updater:1120 - MainUpdater not yet initialized. External WinMGr cannot be set.
2026-08-06 19:55:44,824 [INFO] Updater:1056 - Updater Version found : 6.9.1
2026-08-06 19:55:44,851 [INFO] ApplicationProperties:184 - Using Application install path: C:\ST\STM32CubeIDE_1.13.1\STM32CubeIDE\plugins\com.st.stm32cube.common.mx_6.9.1.202307191849
2026-08-06 19:55:45,115 [INFO] MainUpdater:2868 - connection check result : 10
2026-08-06 19:55:45,116 [INFO] MainUpdater:285 - Updater Check For Update Now.
2026-08-06 19:55:45,117 [INFO] MicroXplorer:498 - Change Database Version : DB.6.0.91
2026-08-06 19:55:45,134 [INFO] McuFinderGlobals:63 - Set McuFinder mode to 2 (CubeIDE integrated)
2026-08-06 19:55:45,405 [INFO] CheckServerUpdateThread:120 - End of CheckServer Thread
2026-08-06 19:55:46,039 [WARN] PackLoader:240 - Cannot read IP mode file for STMicroelectronics.FP-ATR-ASTRA1.2.0.3
2026-08-06 19:55:46,047 [WARN] PackLoader:240 - Cannot read IP mode file for STMicroelectronics.FP-ATR-ASTRA1.2.0.2
2026-08-06 19:55:46,057 [ERROR] Engine:466 - C:\Users\Admin\.stm32cubemx\thirdparties\pdsc\STMicroelectronics.X-CUBE-SMBUS.2.1.1.pdsc: PDSC version is not supported
2026-08-06 19:55:46,064 [WARN] PackLoader:240 - Cannot read IP mode file for STMicroelectronics.X-CUBE-SMBUS.2.1.0
2026-08-06 19:55:46,125 [WARN] PackLoader:240 - Cannot read IP mode file for STMicroelectronics.X-CUBE-AZRTOS-F7.1.1.0
2026-08-06 19:55:46,146 [ERROR] Engine:466 - C:\Users\Admin\.stm32cubemx\thirdparties\pdsc\STMicroelectronics.X-CUBE-FREERTOS.1.6.0.pdsc: PDSC version is not supported
2026-08-06 19:55:46,200 [WARN] PackLoader:240 - Cannot read IP mode file for STMicroelectronics.X-CUBE-AZRTOS-H7RS.1.3.0
2026-08-06 19:55:46,227 [ERROR] Engine:466 - C:\Users\Admin\.stm32cubemx\thirdparties\pdsc\WES.I-CUBE-Cesium.1.4.0.pdsc: PDSC version is not supported
2026-08-06 19:55:46,243 [WARN] PackLoader:240 - Cannot read IP mode file for STMicroelectronics.X-CUBE-DISPLAY.3.0.0
2026-08-06 19:55:46,264 [WARN] PackLoader:240 - Cannot read IP mode file for wolfSSL.I-CUBE-wolfSSL.5.9.1
2026-08-06 19:55:46,274 [WARN] PackLoader:240 - Cannot read IP mode file for emotas.I-CUBE-CANOPEN.1.3.0
2026-08-06 19:55:46,279 [ERROR] Engine:466 - C:\Users\Admin\.stm32cubemx\thirdparties\pdsc\STMicroelectronics.X-CUBE-WBA.1.1.0.pdsc: PDSC version is not supported
2026-08-06 19:55:46,296 [INFO] LogOutputStream:77 - [STDOUT_REDIRECT] 1 : Invalid condition id : UX_CORESTACK_Condition cause : null
2026-08-06 19:55:46,297 [INFO] LogOutputStream:77 - [STDOUT_REDIRECT] 1 : Invalid condition id : UX_CORESTACK_Condition cause : null
2026-08-06 19:55:46,300 [INFO] LogOutputStream:77 - [STDOUT_REDIRECT] 1 : Invalid condition id : UX_CORESTACK_Condition cause : null
2026-08-06 19:55:46,303 [INFO] LogOutputStream:77 - [STDOUT_REDIRECT] 1 : Invalid condition id : UX_CORESTACK_Condition cause : null
2026-08-06 19:55:46,306 [INFO] LogOutputStream:77 - [STDOUT_REDIRECT] 1 : Invalid condition id : UX_CORESTACK_Condition cause : null
2026-08-06 19:55:46,312 [WARN] PackLoader:240 - Cannot read IP mode file for STMicroelectronics.X-CUBE-AZRTOS-WL.2.0.0
2026-08-06 19:55:46,345 [WARN] PackLoader:240 - Cannot read IP mode file for STMicroelectronics.X-CUBE-AZRTOS-H7RS.1.2.0
2026-08-06 19:55:46,364 [WARN] PackLoader:240 - Cannot read IP mode file for STMicroelectronics.X-CUBE-BLE2.3.3.0
2026-08-06 19:55:46,368 [ERROR] Engine:466 - C:\Users\Admin\.stm32cubemx\thirdparties\pdsc\Avnet-IOTCONNECT.X-CUBE-iotc-st67-sdk.1.0.0.pdsc: PDSC version is not supported
2026-08-06 19:55:46,378 [ERROR] Engine:466 - C:\Users\Admin\.stm32cubemx\thirdparties\pdsc\Infineon.AIROC-Wi-Fi-Bluetooth-STM32.1.8.0.pdsc: PDSC version is not supported
2026-08-06 19:55:46,384 [WARN] PackLoader:240 - Cannot read IP mode file for wolfSSL.I-CUBE-wolfMQTT.1.19.2
2026-08-06 19:55:46,410 [WARN] PackLoader:240 - Cannot read IP mode file for STMicroelectronics.X-CUBE-AZRTOS-G0.1.1.0
2026-08-06 19:55:46,421 [WARN] PackLoader:240 - Cannot read IP mode file for STMicroelectronics.X-CUBE-NFC4.3.0.0
2026-08-06 19:55:46,427 [ERROR] Engine:466 - C:\Users\Admin\.stm32cubemx\thirdparties\pdsc\EmbeddedOffice.I-CUBE-FS-RTOS.1.0.1.pdsc: PDSC version is not supported
2026-08-06 19:55:46,432 [WARN] PackLoader:240 - Cannot read IP mode file for wolfSSL.I-CUBE-wolfTPM.3.8.0
2026-08-06 19:55:46,435 [ERROR] Engine:466 - C:\Users\Admin\.stm32cubemx\thirdparties\pdsc\RealThread.X-CUBE-RT-Thread_Nano.4.1.1.pdsc: PDSC version is not supported
2026-08-06 19:55:46,440 [WARN] PackLoader:240 - Cannot read IP mode file for STMicroelectronics.FP-ATR-SIGFOX1.3.2.0
2026-08-06 19:55:46,444 [ERROR] Engine:466 - C:\Users\Admin\.stm32cubemx\thirdparties\pdsc\STMicroelectronics.X-CUBE-FREERTOS.1.5.0.pdsc: PDSC version is not supported
2026-08-06 19:55:46,452 [WARN] PackLoader:240 - Cannot read IP mode file for ITTIA_DB.I-CUBE-ITTIADB.8.9.0
2026-08-06 19:55:46,455 [ERROR] Engine:466 - C:\Users\Admin\.stm32cubemx\thirdparties\pdsc\Cesanta.I-CUBE-Mongoose.7.21.7.pdsc: PDSC version is not supported
2026-08-06 19:55:46,460 [WARN] PackLoader:240 - Cannot read IP mode file for STMicroelectronics.X-CUBE-AI.10.2.1
2026-08-06 19:55:46,533 [WARN] PackLoader:240 - Cannot read IP mode file for STMicroelectronics.X-CUBE-MEMS1.12.1.0
2026-08-06 19:55:46,761 [WARN] PackLoader:240 - Cannot read IP mode file for SEGGER.I-CUBE-embOS.1.3.1
2026-08-06 19:55:46,831 [WARN] PackLoader:240 - Cannot read IP mode file for STMicroelectronics.X-CUBE-ALGOBUILD.1.4.0
2026-08-06 19:55:46,841 [WARN] PackLoader:240 - Cannot read IP mode file for STMicroelectronics.X-CUBE-NFC13.1.0.0
2026-08-06 19:55:46,873 [WARN] PackLoader:240 - Cannot read IP mode file for STMicroelectronics.X-CUBE-AZRTOS-F4.1.1.0
2026-08-06 19:55:46,882 [ERROR] Engine:466 - C:\Users\Admin\.stm32cubemx\thirdparties\pdsc\STMicroelectronics.eDS-WB_DPC_TT-BIDIR.2.1.1.pdsc: PDSC version is not supported
2026-08-06 19:55:46,892 [WARN] PackLoader:240 - Cannot read IP mode file for STMicroelectronics.X-CUBE-ALGOBUILD.1.5.0
2026-08-06 19:55:46,973 [WARN] PackLoader:240 - Cannot read IP mode file for STMicroelectronics.X-CUBE-MEMS1.13.0.0
2026-08-06 19:55:47,199 [ERROR] Engine:466 - C:\Users\Admin\.stm32cubemx\thirdparties\pdsc\STMicroelectronics.eDS-WB_DPC_3PH2L-BIDIR.1.1.1.pdsc: PDSC version is not supported
2026-08-06 19:55:47,206 [WARN] PackLoader:240 - Cannot read IP mode file for STMicroelectronics.X-CUBE-TOUCHGFX.4.26.1
2026-08-06 19:55:47,233 [WARN] ConditionMgr:438 - getConditionDescription Invalid condition id : LAN8742 Phy interface Condition cause : null
2026-08-06 19:55:47,234 [WARN] PackLoader:240 - Cannot read IP mode file for STMicroelectronics.X-CUBE-AZRTOS-L4.2.0.0
2026-08-06 19:55:47,237 [WARN] ConditionMgr:1039 - genDependencies : Invalid condition id : LAN8742 Phy interface Condition cause : null
2026-08-06 19:55:47,237 [WARN] ConditionMgr:1039 - genDependencies : Invalid condition id : LAN8742 Phy interface Condition cause : null
2026-08-06 19:55:47,238 [WARN] ConditionMgr:1039 - genDependencies : Invalid condition id : LAN8742 Phy interface Condition cause : null
2026-08-06 19:55:47,250 [WARN] PackLoader:240 - Cannot read IP mode file for STMicroelectronics.X-CUBE-SFXS2LP1.4.0.0
2026-08-06 19:55:47,255 [ERROR] Engine:466 - C:\Users\Admin\.stm32cubemx\thirdparties\pdsc\quantropi.X-CUBE-qispace-sdk-base.2.1.0.pdsc: PDSC version is not supported
2026-08-06 19:55:47,275 [WARN] PackLoader:240 - Cannot read IP mode file for STMicroelectronics.X-CUBE-SUBG2.5.0.0
2026-08-06 19:55:47,305 [WARN] PackLoader:240 - Cannot read IP mode file for STMicroelectronics.X-CUBE-AZRTOS-G4.2.0.0
2026-08-06 19:55:47,313 [WARN] PackLoader:240 - Cannot read IP mode file for wolfSSL.I-CUBE-wolfSSH.1.4.20
2026-08-06 19:55:47,315 [INFO] ThirdParty:978 - Integrity check success = true
2026-08-06 19:55:47,315 [INFO] IntegrityCheckThread:100 - exiting critical section [integrity check]
2026-08-06 19:55:47,316 [INFO] IntegrityCheckThread:103 - End integrity checks thread
2026-08-06 19:55:47,455 [INFO] McuFinderGlobals:63 - Set McuFinder mode to 2 (CubeIDE integrated)
2026-08-06 19:55:47,461 [INFO] MainUpdater:2868 - connection check result : 10
2026-08-06 19:55:47,467 [INFO] McuFinderGlobals:76 - Set McuFinderConnectedMode to true
2026-08-06 19:55:47,791 [INFO] ServerAccessManage:473 - Download File mcusAds.json._tmp_
2026-08-06 19:55:47,954 [INFO] LoadUrlFilesThread:156 - End of LoadUrlFiles Thread
2026-08-06 19:55:48,119 [INFO] ServerAccessManage:473 - Download File cube-finder-db.zip
2026-08-06 19:56:03,385 [INFO] FileExtend:240 - Unzip File : cube-finder-db.zip
2026-08-06 19:56:03,386 [INFO] FileExtend:255 - Standard Zip Deflate
2026-08-06 19:56:04,599 [INFO] LoadUrlFilesThread:156 - End of LoadUrlFiles Thread
2026-08-06 19:56:07,216 [ERROR] LogOutputStream:75 - [STDERR_REDIRECT] SLF4J: Failed to load class "org.slf4j.impl.StaticLoggerBinder".
2026-08-06 19:56:07,217 [ERROR] LogOutputStream:75 - [STDERR_REDIRECT] SLF4J: Defaulting to no-operation (NOP) logger implementation
2026-08-06 19:56:07,219 [ERROR] LogOutputStream:75 - [STDERR_REDIRECT] SLF4J: See http://www.slf4j.org/codes.html#StaticLoggerBinder for further details.
2026-08-06 19:56:25,987 [ERROR] ServerAccessManage:1172 - Problem during Server Connection :  IO error Connection timed out: no further information
2026-08-06 19:56:25,988 [ERROR] ServerAccessManage:651 - Problem during Server Connection :  : crdb.zip.
2026-08-06 19:56:29,348 [INFO] LoadUrlFilesThread:156 - End of LoadUrlFiles Thread
2026-08-06 19:56:30,970 [INFO] DbMcusAds:53 - JSON generation date=Wed Jul 15 16:44:54 GMT+07:00 2026 (1784108694001)
2026-08-06 19:56:31,018 [ERROR] TargetSelectorAdapter:267 - Unable to refresh data
2026-08-06 19:56:31,415 [INFO] ApiDb:581 - Connected to CubeFinder SQLite database (C:\Users\Admin\.stmcufinder\plugins\mcufinder\mcu\cube-finder-db.db)
2026-08-06 19:56:31,567 [INFO] ApiDb:668 - CubeFinder database Data Model version=2.1
2026-08-06 19:56:31,567 [INFO] ApiDb:669 - CubeFinder database Configuration version=3.0.42
2026-08-06 19:56:31,568 [INFO] ApiDb:670 - CubeFinder database generation date=2026-06-23 (1782213372)
2026-08-06 19:56:31,568 [INFO] ApiDb:671 - CubeFinder database FW Pack versions=[FP-ATR-ASTRA1_V2.0.0, FP-SNS-FLIGHT1_V5.1.0, FP-SNS-MOTENV1_V5.1.0, FP-SNS-MOTENVWB1_V1.5.0, FP-SNS-SMARTAG2_V1.2.0, FP-SNS-STBOX1_V2.1.0, STM32Cube_FW_C0_V1.4.0, STM32Cube_FW_F4_V1.28.3, STM32Cube_FW_F7_V1.17.4, STM32Cube_FW_G0_V1.6.3, STM32Cube_FW_G4_V1.6.2, STM32Cube_FW_H5_V1.7.0, STM32Cube_FW_H7RS_V1.3.0, STM32Cube_FW_H7_V1.13.0, STM32Cube_FW_L0_V1.12.2, STM32Cube_FW_L4_V1.18.2, STM32Cube_FW_L5_V1.6.0, STM32Cube_FW_N6_V1.4.0, STM32Cube_FW_U0_V1.3.0, STM32Cube_FW_U3_V1.4.0, STM32Cube_FW_U5_V1.9.0, STM32Cube_FW_WB0_V1.5.0, STM32Cube_FW_WBA_V1.10.0, STM32Cube_FW_WB_V1.24.0, STM32Cube_FW_WL3_V1.5.0, STM32Cube_FW_WL_V1.6.0, X-CUBE-ALGOBUILD_V1.5.0, X-CUBE-ALS_V1.0.2, X-CUBE-AZRTOS-F4_V1.1.0, X-CUBE-AZRTOS-F7_V1.1.0, X-CUBE-AZRTOS-G0_V1.1.0, X-CUBE-AZRTOS-G4_V2.0.0, X-CUBE-AZRTOS-H7RS_V1.1.0, X-CUBE-AZRTOS-H7_V3.5.0, X-CUBE-AZRTOS-L4_V2.0.0, X-CUBE-AZRTOS-L5_V2.0.0, X-CUBE-AZRTOS-WB_V2.0.0, X-CUBE-AZRTOS-WL_V2.0.0, X-CUBE-BLE1_V7.1.0, X-CUBE-BLE2_V3.3.0, X-CUBE-BLEMGR_V4.1.0, X-CUBE-EEPRMA1_V5.2.0, X-CUBE-FREERTOS_V1.5.0, X-CUBE-GNSS1_V7.1.1, X-CUBE-MEMS1_V12.1.0, X-CUBE-NFC4_V3.0.0, X-CUBE-NFC7_V2.0.0, X-CUBE-SFXS2LP1_V4.0.0, X-CUBE-ST67W61_V1.3.0, X-CUBE-SUBG2_V5.0.0, X-CUBE-TOF1_V3.4.3]
2026-08-06 19:56:31,690 [INFO] DbBoardsSqlite:226 - include board P-NUCLEO-WB55-NUCLEO as a kit item of type 'Nucleo-64'
2026-08-06 19:56:31,690 [INFO] DbBoardsSqlite:226 - include board P-NUCLEO-WB55-USBDONGLE as a kit item of type 'Nucleo USB Dongle'
2026-08-06 19:56:31,691 [INFO] DbBoardsSqlite:226 - include board STEVAL-IDP005V1 as a kit item of type 'Evaluation Board'
2026-08-06 19:56:31,691 [INFO] DbBoardsSqlite:226 - include board STEVAL-IDP005V2 as a kit item of type 'Evaluation Board'
2026-08-06 19:56:31,832 [INFO] ApiDb:240 - Found 323 in-development CPN: [B-G473E-ZEST1S, B-WB1M-WPAN1, B-WL5M-SUBG1, NUCLEO-C031C6, NUCLEO-H503RB, NUCLEO-H563ZI, NUCLEO-U545RE-Q, NUCLEO-U5A5ZJ-Q, NUCLEO-WBA52CG, STEVAL-PROTEUS1, STEVAL-SMARTAG2, STEVAL-STWINBX1, STM320518-EVAL, STM32C0116-DK, STM32C011D6Y3TR, STM32C011D6Y6TR, STM32C011F4P3, STM32C011F4P6, STM32C011F4U3, STM32C011F4U6TR, STM32C011F6P3, STM32C011F6P6, STM32C011F6U3, STM32C011F6U6TR, STM32C011J4M3, STM32C011J4M6, STM32C011J6M3, STM32C011J6M6, STM32C0316-DK, STM32C031C4T3, STM32C031C4T6, STM32C031C4U3, STM32C031C4U6, STM32C031C6T3, STM32C031C6T6, STM32C031C6U3, STM32C031C6U6, STM32C031F4P3, STM32C031F4P6, STM32C031F6P3, STM32C031F6P6, STM32C031G4U3, STM32C031G4U6, STM32C031G6U3, STM32C031G6U6, STM32C031K4T3, STM32C031K4T6, STM32C031K4U3, STM32C031K4U6, STM32C031K6T3, STM32C031K6T6, STM32C031K6U3, STM32C031K6U6, STM32G071K8TXN, STM32G071K8UXN, STM32G081GBU6N, STM32G081KBT6N, STM32G081KBUXN, STM32G0B1CCT6N, STM32G0B1KCT6, STM32G0B1NEY6TR, STM32G0B1RCT6N, STM32G0C1CCT6, STM32G0C1CCT6N, STM32G0C1CCU6N, STM32G0C1CET6N, STM32G0C1CEU6N, STM32G0C1KCT6, STM32G0C1NEY6TR, STM32G0C1RCI6N, STM32G0C1RCT6N, STM32G0C1REI6N, STM32G0C1RET6N, STM32G0C1VCI6, STM32G0C1VEI6, STM32G471CCT6, STM32G471CCU6, STM32G471CET3, STM32G471CET6, STM32G471CEU3, STM32G471CEU6, STM32G471MCT6, STM32G471MET3, STM32G471MET6, STM32G471MEY6TR, STM32G471QCT6, STM32G471QET3, STM32G471RCT6, STM32G471RET3, STM32G471RET6, STM32G471VCH6, STM32G471VCI6, STM32G471VCT6, STM32G471VEH3, STM32G471VEH6, STM32G471VEI3, STM32G471VEI6, STM32G471VET3, STM32G471VET6, STM32G474CCT6, STM32H503CBT6, STM32H503CBU6, STM32H503EBY6TR, STM32H503KBU6, STM32H503RBT6, STM32H562AGI6, STM32H562AII6, STM32H562IGK6, STM32H562IGT6, STM32H562IIK6, STM32H562IIT6, STM32H562RGT6, STM32H562RGV6, STM32H562RIT6, STM32H562RIV6, STM32H562VGT6, STM32H562VIT6, STM32H562ZGT6, STM32H562ZIT6, STM32H563AGI6, STM32H563AII3Q, STM32H563AII6, STM32H563IGK6, STM32H563IGT6, STM32H563IIK3Q, STM32H563IIK6, STM32H563IIT3Q, STM32H563IIT6, STM32H563MIY3QTR, STM32H563RGT6, STM32H563RGV6, STM32H563RIT6, STM32H563RIV6, STM32H563VGT6, STM32H563VIT3Q, STM32H563VIT6, STM32H563ZGT6, STM32H563ZIT3Q, STM32H563ZIT6, STM32H573AII3Q, STM32H573AII6, STM32H573I-DK, STM32H573IIK3Q, STM32H573IIK6, STM32H573IIT3Q, STM32H573IIT6, STM32H573MIY3QTR, STM32H573RIT6, STM32H573RIV6, STM32H573VIT3Q, STM32H573VIT6, STM32H573ZIT3Q, STM32H573ZIT6, STM32L4R5QGI6STR, STM32MP131AAE3, STM32MP131AAF3, STM32MP131AAG3, STM32MP131CAE3, STM32MP131CAF3, STM32MP131CAG3, STM32MP131DAE7, STM32MP131DAF7, STM32MP131DAG7, STM32MP131FAE7, STM32MP131FAF7, STM32MP131FAG7, STM32MP133AAE3, STM32MP133AAF3, STM32MP133AAG3, STM32MP133CAE3, STM32MP133CAF3, STM32MP133CAG3, STM32MP133DAE7, STM32MP133DAF7, STM32MP133DAG7, STM32MP133FAE7, STM32MP133FAF7, STM32MP133FAG7, STM32MP135AAE3, STM32MP135AAF3, STM32MP135AAG3, STM32MP135CAE3, STM32MP135CAF3, STM32MP135CAG3, STM32MP135DAE7, STM32MP135DAF7, STM32MP135DAG7, STM32MP135F-DK, STM32MP135FAE7, STM32MP135FAF7, STM32MP135FAF7T, STM32MP135FAF7U, STM32MP135FAG7, STM32U535CBT6, STM32U535CBT6Q, STM32U535CBU6, STM32U535CBU6Q, STM32U535CCT6, STM32U535CCT6Q, STM32U535CCU6, STM32U535CCU6Q, STM32U535CET6, STM32U535CET6Q, STM32U535CEU6, STM32U535CEU6Q, STM32U535JEY6QTR, STM32U535NCY6QTR, STM32U535NEY6QTR, STM32U535RBI6, STM32U535RBI6Q, STM32U535RBT6, STM32U535RBT6Q, STM32U535RCI6, STM32U535RCI6Q, STM32U535RCT6, STM32U535RCT6Q, STM32U535REI6, STM32U535REI6Q, STM32U535RET6, STM32U535RET6Q, STM32U535VCI6, STM32U535VCI6Q, STM32U535VCT6, STM32U535VCT6Q, STM32U535VEI6, STM32U535VEI6Q, STM32U535VET6, STM32U535VET6Q, STM32U545CET6, STM32U545CET6Q, STM32U545CEU6, STM32U545CEU6Q, STM32U545JEY6QTR, STM32U545NEY6QTR, STM32U545REI6, STM32U545REI6Q, STM32U545RET6, STM32U545RET6Q, STM32U545VEI6, STM32U545VEI6Q, STM32U545VET6, STM32U545VET6Q, STM32U595AIH6, STM32U595AIH6Q, STM32U595AJH6, STM32U595AJH6Q, STM32U595QII6, STM32U595QII6Q, STM32U595QJI6, STM32U595QJI6Q, STM32U595RIT6, STM32U595RIT6Q, STM32U595RJT6, STM32U595RJT6Q, STM32U595VIT6, STM32U595VIT6Q, STM32U595VJT6, STM32U595VJT6Q, STM32U595ZIT6, STM32U595ZIT6Q, STM32U595ZIY6QTR, STM32U595ZJT6, STM32U595ZJT6Q, STM32U595ZJY6QTR, STM32U599BJY6QTR, STM32U599NIH6Q, STM32U599NJH6Q, STM32U599VIT6Q, STM32U599VJT6, STM32U599VJT6Q, STM32U599ZIT6Q, STM32U599ZIY6QTR, STM32U599ZJT6Q, STM32U599ZJY6QTR, STM32U5A5AJH6, STM32U5A5AJH6Q, STM32U5A5QJI6, STM32U5A5QJI6Q, STM32U5A5RJT6, STM32U5A5RJT6Q, STM32U5A5VJT6, STM32U5A5VJT6Q, STM32U5A5ZJT6, STM32U5A5ZJT6Q, STM32U5A5ZJY6QTR, STM32U5A9BJY6QTR, STM32U5A9J-DK, STM32U5A9NJH6Q, STM32U5A9VJT6Q, STM32U5A9ZJT6Q, STM32U5A9ZJY6QTR, STM32U5F7VIT6, STM32U5F7VIT6Q, STM32U5F7VJT6, STM32U5F7VJT6Q, STM32U5F9BJY6QTR, STM32U5F9NJH6Q, STM32U5F9VIT6Q, STM32U5F9VJT6Q, STM32U5F9ZIJ6QTR, STM32U5F9ZIT6Q, STM32U5F9ZJJ6QTR, STM32U5F9ZJT6Q, STM32U5G7VJT6, STM32U5G7VJT6Q, STM32U5G9BJY6QTR, STM32U5G9J-DK1, STM32U5G9J-DK2, STM32U5G9NJH6Q, STM32U5G9VJT6Q, STM32U5G9ZJJ6QTR, STM32U5G9ZJT6Q, STM32WB1MMCH6, STM32WBA52CEU6, STM32WBA52CEU6T, STM32WBA52CGU6, STM32WBA52CGU6T, STM32WBA52KEU6, STM32WBA52KEU6T, STM32WBA52KGU6, STM32WBA52KGU6T, STM32WL5MOCH6, STM32WL5MOCH6TR]
2026-08-06 19:56:31,837 [INFO] ApiDb:668 - CubeFinder database Data Model version=2.1
2026-08-06 19:56:31,838 [INFO] ApiDb:669 - CubeFinder database Configuration version=3.0.42
2026-08-06 19:56:31,838 [INFO] ApiDb:670 - CubeFinder database generation date=2026-06-23 (1782213372)
2026-08-06 19:56:31,838 [INFO] ApiDb:671 - CubeFinder database FW Pack versions=[FP-ATR-ASTRA1_V2.0.0, FP-SNS-FLIGHT1_V5.1.0, FP-SNS-MOTENV1_V5.1.0, FP-SNS-MOTENVWB1_V1.5.0, FP-SNS-SMARTAG2_V1.2.0, FP-SNS-STBOX1_V2.1.0, STM32Cube_FW_C0_V1.4.0, STM32Cube_FW_F4_V1.28.3, STM32Cube_FW_F7_V1.17.4, STM32Cube_FW_G0_V1.6.3, STM32Cube_FW_G4_V1.6.2, STM32Cube_FW_H5_V1.7.0, STM32Cube_FW_H7RS_V1.3.0, STM32Cube_FW_H7_V1.13.0, STM32Cube_FW_L0_V1.12.2, STM32Cube_FW_L4_V1.18.2, STM32Cube_FW_L5_V1.6.0, STM32Cube_FW_N6_V1.4.0, STM32Cube_FW_U0_V1.3.0, STM32Cube_FW_U3_V1.4.0, STM32Cube_FW_U5_V1.9.0, STM32Cube_FW_WB0_V1.5.0, STM32Cube_FW_WBA_V1.10.0, STM32Cube_FW_WB_V1.24.0, STM32Cube_FW_WL3_V1.5.0, STM32Cube_FW_WL_V1.6.0, X-CUBE-ALGOBUILD_V1.5.0, X-CUBE-ALS_V1.0.2, X-CUBE-AZRTOS-F4_V1.1.0, X-CUBE-AZRTOS-F7_V1.1.0, X-CUBE-AZRTOS-G0_V1.1.0, X-CUBE-AZRTOS-G4_V2.0.0, X-CUBE-AZRTOS-H7RS_V1.1.0, X-CUBE-AZRTOS-H7_V3.5.0, X-CUBE-AZRTOS-L4_V2.0.0, X-CUBE-AZRTOS-L5_V2.0.0, X-CUBE-AZRTOS-WB_V2.0.0, X-CUBE-AZRTOS-WL_V2.0.0, X-CUBE-BLE1_V7.1.0, X-CUBE-BLE2_V3.3.0, X-CUBE-BLEMGR_V4.1.0, X-CUBE-EEPRMA1_V5.2.0, X-CUBE-FREERTOS_V1.5.0, X-CUBE-GNSS1_V7.1.1, X-CUBE-MEMS1_V12.1.0, X-CUBE-NFC4_V3.0.0, X-CUBE-NFC7_V2.0.0, X-CUBE-SFXS2LP1_V4.0.0, X-CUBE-ST67W61_V1.3.0, X-CUBE-SUBG2_V5.0.0, X-CUBE-TOF1_V3.4.3]
2026-08-06 19:56:37,199 [INFO] ApiDb:240 - Found 323 in-development CPN: [B-G473E-ZEST1S, B-WB1M-WPAN1, B-WL5M-SUBG1, NUCLEO-C031C6, NUCLEO-H503RB, NUCLEO-H563ZI, NUCLEO-U545RE-Q, NUCLEO-U5A5ZJ-Q, NUCLEO-WBA52CG, STEVAL-PROTEUS1, STEVAL-SMARTAG2, STEVAL-STWINBX1, STM320518-EVAL, STM32C0116-DK, STM32C011D6Y3TR, STM32C011D6Y6TR, STM32C011F4P3, STM32C011F4P6, STM32C011F4U3, STM32C011F4U6TR, STM32C011F6P3, STM32C011F6P6, STM32C011F6U3, STM32C011F6U6TR, STM32C011J4M3, STM32C011J4M6, STM32C011J6M3, STM32C011J6M6, STM32C0316-DK, STM32C031C4T3, STM32C031C4T6, STM32C031C4U3, STM32C031C4U6, STM32C031C6T3, STM32C031C6T6, STM32C031C6U3, STM32C031C6U6, STM32C031F4P3, STM32C031F4P6, STM32C031F6P3, STM32C031F6P6, STM32C031G4U3, STM32C031G4U6, STM32C031G6U3, STM32C031G6U6, STM32C031K4T3, STM32C031K4T6, STM32C031K4U3, STM32C031K4U6, STM32C031K6T3, STM32C031K6T6, STM32C031K6U3, STM32C031K6U6, STM32G071K8TXN, STM32G071K8UXN, STM32G081GBU6N, STM32G081KBT6N, STM32G081KBUXN, STM32G0B1CCT6N, STM32G0B1KCT6, STM32G0B1NEY6TR, STM32G0B1RCT6N, STM32G0C1CCT6, STM32G0C1CCT6N, STM32G0C1CCU6N, STM32G0C1CET6N, STM32G0C1CEU6N, STM32G0C1KCT6, STM32G0C1NEY6TR, STM32G0C1RCI6N, STM32G0C1RCT6N, STM32G0C1REI6N, STM32G0C1RET6N, STM32G0C1VCI6, STM32G0C1VEI6, STM32G471CCT6, STM32G471CCU6, STM32G471CET3, STM32G471CET6, STM32G471CEU3, STM32G471CEU6, STM32G471MCT6, STM32G471MET3, STM32G471MET6, STM32G471MEY6TR, STM32G471QCT6, STM32G471QET3, STM32G471RCT6, STM32G471RET3, STM32G471RET6, STM32G471VCH6, STM32G471VCI6, STM32G471VCT6, STM32G471VEH3, STM32G471VEH6, STM32G471VEI3, STM32G471VEI6, STM32G471VET3, STM32G471VET6, STM32G474CCT6, STM32H503CBT6, STM32H503CBU6, STM32H503EBY6TR, STM32H503KBU6, STM32H503RBT6, STM32H562AGI6, STM32H562AII6, STM32H562IGK6, STM32H562IGT6, STM32H562IIK6, STM32H562IIT6, STM32H562RGT6, STM32H562RGV6, STM32H562RIT6, STM32H562RIV6, STM32H562VGT6, STM32H562VIT6, STM32H562ZGT6, STM32H562ZIT6, STM32H563AGI6, STM32H563AII3Q, STM32H563AII6, STM32H563IGK6, STM32H563IGT6, STM32H563IIK3Q, STM32H563IIK6, STM32H563IIT3Q, STM32H563IIT6, STM32H563MIY3QTR, STM32H563RGT6, STM32H563RGV6, STM32H563RIT6, STM32H563RIV6, STM32H563VGT6, STM32H563VIT3Q, STM32H563VIT6, STM32H563ZGT6, STM32H563ZIT3Q, STM32H563ZIT6, STM32H573AII3Q, STM32H573AII6, STM32H573I-DK, STM32H573IIK3Q, STM32H573IIK6, STM32H573IIT3Q, STM32H573IIT6, STM32H573MIY3QTR, STM32H573RIT6, STM32H573RIV6, STM32H573VIT3Q, STM32H573VIT6, STM32H573ZIT3Q, STM32H573ZIT6, STM32L4R5QGI6STR, STM32MP131AAE3, STM32MP131AAF3, STM32MP131AAG3, STM32MP131CAE3, STM32MP131CAF3, STM32MP131CAG3, STM32MP131DAE7, STM32MP131DAF7, STM32MP131DAG7, STM32MP131FAE7, STM32MP131FAF7, STM32MP131FAG7, STM32MP133AAE3, STM32MP133AAF3, STM32MP133AAG3, STM32MP133CAE3, STM32MP133CAF3, STM32MP133CAG3, STM32MP133DAE7, STM32MP133DAF7, STM32MP133DAG7, STM32MP133FAE7, STM32MP133FAF7, STM32MP133FAG7, STM32MP135AAE3, STM32MP135AAF3, STM32MP135AAG3, STM32MP135CAE3, STM32MP135CAF3, STM32MP135CAG3, STM32MP135DAE7, STM32MP135DAF7, STM32MP135DAG7, STM32MP135F-DK, STM32MP135FAE7, STM32MP135FAF7, STM32MP135FAF7T, STM32MP135FAF7U, STM32MP135FAG7, STM32U535CBT6, STM32U535CBT6Q, STM32U535CBU6, STM32U535CBU6Q, STM32U535CCT6, STM32U535CCT6Q, STM32U535CCU6, STM32U535CCU6Q, STM32U535CET6, STM32U535CET6Q, STM32U535CEU6, STM32U535CEU6Q, STM32U535JEY6QTR, STM32U535NCY6QTR, STM32U535NEY6QTR, STM32U535RBI6, STM32U535RBI6Q, STM32U535RBT6, STM32U535RBT6Q, STM32U535RCI6, STM32U535RCI6Q, STM32U535RCT6, STM32U535RCT6Q, STM32U535REI6, STM32U535REI6Q, STM32U535RET6, STM32U535RET6Q, STM32U535VCI6, STM32U535VCI6Q, STM32U535VCT6, STM32U535VCT6Q, STM32U535VEI6, STM32U535VEI6Q, STM32U535VET6, STM32U535VET6Q, STM32U545CET6, STM32U545CET6Q, STM32U545CEU6, STM32U545CEU6Q, STM32U545JEY6QTR, STM32U545NEY6QTR, STM32U545REI6, STM32U545REI6Q, STM32U545RET6, STM32U545RET6Q, STM32U545VEI6, STM32U545VEI6Q, STM32U545VET6, STM32U545VET6Q, STM32U595AIH6, STM32U595AIH6Q, STM32U595AJH6, STM32U595AJH6Q, STM32U595QII6, STM32U595QII6Q, STM32U595QJI6, STM32U595QJI6Q, STM32U595RIT6, STM32U595RIT6Q, STM32U595RJT6, STM32U595RJT6Q, STM32U595VIT6, STM32U595VIT6Q, STM32U595VJT6, STM32U595VJT6Q, STM32U595ZIT6, STM32U595ZIT6Q, STM32U595ZIY6QTR, STM32U595ZJT6, STM32U595ZJT6Q, STM32U595ZJY6QTR, STM32U599BJY6QTR, STM32U599NIH6Q, STM32U599NJH6Q, STM32U599VIT6Q, STM32U599VJT6, STM32U599VJT6Q, STM32U599ZIT6Q, STM32U599ZIY6QTR, STM32U599ZJT6Q, STM32U599ZJY6QTR, STM32U5A5AJH6, STM32U5A5AJH6Q, STM32U5A5QJI6, STM32U5A5QJI6Q, STM32U5A5RJT6, STM32U5A5RJT6Q, STM32U5A5VJT6, STM32U5A5VJT6Q, STM32U5A5ZJT6, STM32U5A5ZJT6Q, STM32U5A5ZJY6QTR, STM32U5A9BJY6QTR, STM32U5A9J-DK, STM32U5A9NJH6Q, STM32U5A9VJT6Q, STM32U5A9ZJT6Q, STM32U5A9ZJY6QTR, STM32U5F7VIT6, STM32U5F7VIT6Q, STM32U5F7VJT6, STM32U5F7VJT6Q, STM32U5F9BJY6QTR, STM32U5F9NJH6Q, STM32U5F9VIT6Q, STM32U5F9VJT6Q, STM32U5F9ZIJ6QTR, STM32U5F9ZIT6Q, STM32U5F9ZJJ6QTR, STM32U5F9ZJT6Q, STM32U5G7VJT6, STM32U5G7VJT6Q, STM32U5G9BJY6QTR, STM32U5G9J-DK1, STM32U5G9J-DK2, STM32U5G9NJH6Q, STM32U5G9VJT6Q, STM32U5G9ZJJ6QTR, STM32U5G9ZJT6Q, STM32WB1MMCH6, STM32WBA52CEU6, STM32WBA52CEU6T, STM32WBA52CGU6, STM32WBA52CGU6T, STM32WBA52KEU6, STM32WBA52KEU6T, STM32WBA52KGU6, STM32WBA52KGU6T, STM32WL5MOCH6, STM32WL5MOCH6TR]
2026-08-06 19:56:37,209 [INFO] DbMcus:217 - Found 5228 MCUs, 5075 are supported
2026-08-06 19:56:37,210 [INFO] ApiDb:423 - Load user favorites file C:\Users\Admin/.stm32cubeide/favorites.mcus.txt: 4 item(s)
2026-08-06 19:56:37,210 [INFO] ApiDb:427 - User favorites MCUs=[STM32F103C8T6, STM32F405RGT6, STM32F411CEU6, STM32H523CET6]
2026-08-06 19:56:37,210 [INFO] DbMcus:223 - Set 4 / 4 favorites MCUs
2026-08-06 19:56:38,194 [INFO] BoardInfo:880 - No configuration file found for board B-WBA5M-WPAN
2026-08-06 19:56:38,194 [INFO] DbBoards:157 - Board is not supported: B-WBA5M-WPAN
2026-08-06 19:56:38,200 [INFO] BoardInfo:880 - No configuration file found for board NUCLEO-C051C8
2026-08-06 19:56:38,200 [INFO] DbBoards:157 - Board is not supported: NUCLEO-C051C8
2026-08-06 19:56:38,202 [INFO] BoardInfo:880 - No configuration file found for board NUCLEO-C071RB
2026-08-06 19:56:38,202 [INFO] DbBoards:157 - Board is not supported: NUCLEO-C071RB
2026-08-06 19:56:38,204 [INFO] BoardInfo:880 - No configuration file found for board NUCLEO-C092RC
2026-08-06 19:56:38,204 [INFO] DbBoards:157 - Board is not supported: NUCLEO-C092RC
2026-08-06 19:56:38,265 [INFO] BoardInfo:880 - No configuration file found for board NUCLEO-H533RE
2026-08-06 19:56:38,265 [INFO] DbBoards:157 - Board is not supported: NUCLEO-H533RE
2026-08-06 19:56:38,269 [INFO] BoardInfo:880 - No configuration file found for board NUCLEO-H5E5ZJ
2026-08-06 19:56:38,269 [INFO] DbBoards:157 - Board is not supported: NUCLEO-H5E5ZJ
2026-08-06 19:56:38,282 [INFO] BoardInfo:880 - No configuration file found for board NUCLEO-H7S3L8
2026-08-06 19:56:38,282 [INFO] DbBoards:157 - Board is not supported: NUCLEO-H7S3L8
2026-08-06 19:56:38,315 [INFO] BoardInfo:880 - No configuration file found for board NUCLEO-N657X0-Q
2026-08-06 19:56:38,315 [INFO] DbBoards:157 - Board is not supported: NUCLEO-N657X0-Q
2026-08-06 19:56:38,317 [INFO] BoardInfo:880 - No configuration file found for board NUCLEO-U031R8
2026-08-06 19:56:38,317 [INFO] DbBoards:157 - Board is not supported: NUCLEO-U031R8
2026-08-06 19:56:38,319 [INFO] BoardInfo:880 - No configuration file found for board NUCLEO-U083RC
2026-08-06 19:56:38,319 [INFO] DbBoards:157 - Board is not supported: NUCLEO-U083RC
2026-08-06 19:56:38,321 [INFO] BoardInfo:880 - No configuration file found for board NUCLEO-U385RG-Q
2026-08-06 19:56:38,321 [INFO] DbBoards:157 - Board is not supported: NUCLEO-U385RG-Q
2026-08-06 19:56:38,323 [INFO] BoardInfo:880 - No configuration file found for board NUCLEO-U3C5ZI-Q
2026-08-06 19:56:38,323 [INFO] DbBoards:157 - Board is not supported: NUCLEO-U3C5ZI-Q
2026-08-06 19:56:38,329 [INFO] BoardInfo:880 - No configuration file found for board NUCLEO-WB05KZ
2026-08-06 19:56:38,329 [INFO] DbBoards:157 - Board is not supported: NUCLEO-WB05KZ
2026-08-06 19:56:38,331 [INFO] BoardInfo:880 - No configuration file found for board NUCLEO-WB07CC
2026-08-06 19:56:38,331 [INFO] DbBoards:157 - Board is not supported: NUCLEO-WB07CC
2026-08-06 19:56:38,333 [INFO] BoardInfo:880 - No configuration file found for board NUCLEO-WB09KE
2026-08-06 19:56:38,333 [INFO] DbBoards:157 - Board is not supported: NUCLEO-WB09KE
2026-08-06 19:56:38,338 [INFO] BoardInfo:880 - No configuration file found for board NUCLEO-WBA25CE1
2026-08-06 19:56:38,338 [INFO] DbBoards:157 - Board is not supported: NUCLEO-WBA25CE1
2026-08-06 19:56:38,341 [INFO] BoardInfo:880 - No configuration file found for board NUCLEO-WBA55CG
2026-08-06 19:56:38,341 [INFO] DbBoards:157 - Board is not supported: NUCLEO-WBA55CG
2026-08-06 19:56:38,343 [INFO] BoardInfo:880 - No configuration file found for board NUCLEO-WBA65RI
2026-08-06 19:56:38,343 [INFO] DbBoards:157 - Board is not supported: NUCLEO-WBA65RI
2026-08-06 19:56:38,344 [INFO] BoardInfo:880 - No configuration file found for board NUCLEO-WL33CC1
2026-08-06 19:56:38,345 [INFO] DbBoards:157 - Board is not supported: NUCLEO-WL33CC1
2026-08-06 19:56:38,346 [INFO] BoardInfo:880 - No configuration file found for board NUCLEO-WL33CC2
2026-08-06 19:56:38,346 [INFO] DbBoards:157 - Board is not supported: NUCLEO-WL33CC2
2026-08-06 19:56:38,348 [INFO] BoardInfo:880 - No configuration file found for board NUCLEO-WL3RKB1
2026-08-06 19:56:38,348 [INFO] DbBoards:157 - Board is not supported: NUCLEO-WL3RKB1
2026-08-06 19:56:38,350 [INFO] BoardInfo:880 - No configuration file found for board NUCLEO-WL3RKB2
2026-08-06 19:56:38,350 [INFO] DbBoards:157 - Board is not supported: NUCLEO-WL3RKB2
2026-08-06 19:56:38,358 [INFO] BoardInfo:880 - No configuration file found for board P-NUCLEO-WB55
2026-08-06 19:56:38,358 [INFO] DbBoards:157 - Kit is not supported: P-NUCLEO-WB55
2026-08-06 19:56:38,365 [INFO] BoardInfo:880 - No configuration file found for board STEVAL-BFA001V1B
2026-08-06 19:56:38,365 [INFO] DbBoards:157 - Kit is not supported: STEVAL-BFA001V1B
2026-08-06 19:56:38,366 [INFO] BoardInfo:880 - No configuration file found for board STEVAL-BFA001V2B
2026-08-06 19:56:38,367 [INFO] DbBoards:157 - Kit is not supported: STEVAL-BFA001V2B
2026-08-06 19:56:38,371 [INFO] BoardInfo:880 - No configuration file found for board STEVAL-MKBOXPRO
2026-08-06 19:56:38,372 [INFO] DbBoards:157 - Board is not supported: STEVAL-MKBOXPRO
2026-08-06 19:56:38,466 [INFO] BoardInfo:880 - No configuration file found for board STM32H5F5J-DK
2026-08-06 19:56:38,466 [INFO] DbBoards:157 - Board is not supported: STM32H5F5J-DK
2026-08-06 19:56:38,491 [INFO] BoardInfo:880 - No configuration file found for board STM32H7S78-DK
2026-08-06 19:56:38,491 [INFO] DbBoards:157 - Board is not supported: STM32H7S78-DK
2026-08-06 19:56:38,525 [INFO] BoardInfo:880 - No configuration file found for board STM32MP215F-DK
2026-08-06 19:56:38,525 [INFO] DbBoards:157 - Board is not supported: STM32MP215F-DK
2026-08-06 19:56:38,527 [INFO] BoardInfo:880 - No configuration file found for board STM32MP257F-DK
2026-08-06 19:56:38,527 [INFO] DbBoards:157 - Board is not supported: STM32MP257F-DK
2026-08-06 19:56:38,529 [INFO] BoardInfo:880 - No configuration file found for board STM32MP257F-EV1
2026-08-06 19:56:38,529 [INFO] DbBoards:157 - Board is not supported: STM32MP257F-EV1
2026-08-06 19:56:38,531 [INFO] BoardInfo:880 - No configuration file found for board STM32N6570-DK
2026-08-06 19:56:38,531 [INFO] DbBoards:157 - Board is not supported: STM32N6570-DK
2026-08-06 19:56:38,533 [INFO] BoardInfo:880 - No configuration file found for board STM32U083C-DK
2026-08-06 19:56:38,533 [INFO] DbBoards:157 - Board is not supported: STM32U083C-DK
2026-08-06 19:56:38,545 [INFO] BoardInfo:880 - No configuration file found for board STM32WBA55G-DK1
2026-08-06 19:56:38,545 [INFO] DbBoards:157 - Board is not supported: STM32WBA55G-DK1
2026-08-06 19:56:38,546 [INFO] BoardInfo:880 - No configuration file found for board STM32WBA65I-DK1
2026-08-06 19:56:38,546 [INFO] DbBoards:157 - Board is not supported: STM32WBA65I-DK1
2026-08-06 19:56:38,547 [INFO] DbBoards:161 - Found 218 boards, 183 are supported
2026-08-06 19:56:38,551 [INFO] ApiDb:423 - Load user favorites file C:\Users\Admin/.stm32cubeide/favorites.boards.txt: 0 item(s)
2026-08-06 19:56:38,552 [INFO] ApiDb:427 - User favorites Boards=[]
2026-08-06 19:56:38,552 [INFO] DbBoards:190 - Set 0 / 0 favorites Boards
2026-08-06 19:56:38,552 [INFO] McuFinderGlobals:76 - Set McuFinderConnectedMode to true
2026-08-06 19:56:38,562 [INFO] MultiScanPanel:200 - Auto-refresh data requested => check proxy status ongoing
2026-08-06 19:56:38,566 [INFO] FinderPluginLoader:95 - Searching for filters in installed packs
2026-08-06 19:56:41,196 [INFO] LoadUrlFilesThread:185 - End of LoadServerUrlFiles without Thread
2026-08-06 19:56:41,217 [INFO] DetailPanel:341 - Set advertising image to C:/Users/Admin/STM32Cube/Repository/\en.stm32h5cubemxbanner.png
2026-08-06 20:09:20,450 [ERROR] LogOutputStream:75 - [STDERR_REDIRECT] Exception in thread "AWT-EventQueue-0" org.eclipse.swt.SWTException: Device is disposed
2026-08-06 20:09:20,453 [ERROR] LogOutputStream:75 - [STDERR_REDIRECT] 	at org.eclipse.swt.SWT.error(SWT.java:4918)
2026-08-06 20:09:20,455 [ERROR] LogOutputStream:75 - [STDERR_REDIRECT] 	at org.eclipse.swt.SWT.error(SWT.java:4833)
2026-08-06 20:09:20,457 [ERROR] LogOutputStream:75 - [STDERR_REDIRECT] 	at org.eclipse.swt.SWT.error(SWT.java:4804)
2026-08-06 20:09:20,459 [ERROR] LogOutputStream:75 - [STDERR_REDIRECT] 	at org.eclipse.swt.widgets.Display.error(Display.java:1278)
2026-08-06 20:09:20,461 [ERROR] LogOutputStream:75 - [STDERR_REDIRECT] 	at org.eclipse.swt.widgets.Display.asyncExec(Display.java:774)
2026-08-06 20:09:20,465 [ERROR] LogOutputStream:75 - [STDERR_REDIRECT] 	at com.st.stm32cube.common.mx.oss.core.awtswtbridge.AwtEnvironment$2.run(AwtEnvironment.java:168)
2026-08-06 20:09:20,467 [ERROR] LogOutputStream:75 - [STDERR_REDIRECT] 	at java.desktop/java.awt.event.InvocationEvent.dispatch(InvocationEvent.java:318)
2026-08-06 20:09:20,470 [ERROR] LogOutputStream:75 - [STDERR_REDIRECT] 	at java.desktop/java.awt.EventQueue.dispatchEventImpl(EventQueue.java:771)
2026-08-06 20:09:20,472 [ERROR] LogOutputStream:75 - [STDERR_REDIRECT] 	at java.desktop/java.awt.EventQueue$4.run(EventQueue.java:722)
2026-08-06 20:09:20,474 [ERROR] LogOutputStream:75 - [STDERR_REDIRECT] 	at java.desktop/java.awt.EventQueue$4.run(EventQueue.java:716)
2026-08-06 20:09:20,476 [ERROR] LogOutputStream:75 - [STDERR_REDIRECT] 	at java.base/java.security.AccessController.doPrivileged(AccessController.java:399)
2026-08-06 20:09:20,478 [ERROR] LogOutputStream:75 - [STDERR_REDIRECT] 	at java.base/java.security.ProtectionDomain$JavaSecurityAccessImpl.doIntersectionPrivilege(ProtectionDomain.java:86)
2026-08-06 20:09:20,481 [ERROR] LogOutputStream:75 - [STDERR_REDIRECT] 	at java.desktop/java.awt.EventQueue.dispatchEvent(EventQueue.java:741)
2026-08-06 20:09:20,485 [ERROR] LogOutputStream:75 - [STDERR_REDIRECT] 	at java.desktop/java.awt.EventDispatchThread.pumpOneEventForFilters(EventDispatchThread.java:203)
2026-08-06 20:09:20,488 [ERROR] LogOutputStream:75 - [STDERR_REDIRECT] 	at java.desktop/java.awt.EventDispatchThread.pumpEventsForFilter(EventDispatchThread.java:124)
2026-08-06 20:09:20,492 [ERROR] LogOutputStream:75 - [STDERR_REDIRECT] 	at java.desktop/java.awt.EventDispatchThread.pumpEventsForHierarchy(EventDispatchThread.java:113)
2026-08-06 20:09:20,495 [ERROR] LogOutputStream:75 - [STDERR_REDIRECT] 	at java.desktop/java.awt.EventDispatchThread.pumpEvents(EventDispatchThread.java:109)
2026-08-06 20:09:20,498 [ERROR] LogOutputStream:75 - [STDERR_REDIRECT] 	at java.desktop/java.awt.EventDispatchThread.pumpEvents(EventDispatchThread.java:101)
2026-08-06 20:09:20,501 [ERROR] LogOutputStream:75 - [STDERR_REDIRECT] 	at java.desktop/java.awt.EventDispatchThread.run(EventDispatchThread.java:90)
